sku_id,week,pattern,realized_demand,supplier_lead_time_weeks,forecast_4_week_demand,sigma_weekly_demand,available_inventory_start,ending_physical_inventory,outstanding_orders,order_quantity,required_stock,inventory_position,weekly_predicted_demand,protection_period_weeks,safety_stock
FM-001,75,fast_moving,153,4,600.206387605551,62.06200373571826,1237.0368459673598,1084.0368459673598,0.0,0.0,979.2365021422434,1084.0368459673598,150.05159690138774,5.0,228.97851763530466
FM-001,76,fast_moving,130,4,580.4804462699952,60.09693025139492,1084.0368459673598,954.0368459673598,0.0,0.0,947.3289129514453,954.0368459673598,145.1201115674988,5.0,221.72835511395127
FM-001,77,fast_moving,156,4,578.2220253389825,58.247482613150176,954.0368459673598,798.0368459673598,0.0,140.0,937.6823272317755,798.0368459673598,144.55550633474562,5.0,214.90479555804745
FM-001,78,fast_moving,169,4,565.8167333079558,52.42674987603281,798.0368459673598,629.0368459673598,140.0,132.0,900.7000479625551,769.0368459673598,141.45418332698895,5.0,193.42913132761026
FM-001,79,fast_moving,163,4,584.1492860743249,51.784563584537715,629.0368459673598,466.0368459673598,272.0,184.0,921.2463847872137,738.0368459673598,146.03732151858122,5.0,191.0597771943077
FM-001,80,fast_moving,134,4,592.967924536359,50.42625994764728,466.0368459673598,332.0368459673598,456.0,140.0,927.2582050755723,788.0368459673598,148.24198113408974,5.0,186.0482994051236
FM-001,81,fast_moving,229,4,549.1341214016988,52.29502108967197,332.0368459673598,103.0368459673598,596.0,181.0,879.3607681202548,699.0368459673598,137.2835303504247,5.0,192.94311636813123
FM-001,82,fast_moving,138,4,589.43296726094,53.26193137066416,243.0368459673598,105.0368459673598,637.0,192.0,933.3017526864355,742.0368459673598,147.358241815235,5.0,196.51054361026047
FM-001,83,fast_moving,154,4,586.3980763166975,48.396201376681525,237.0368459673598,83.0368459673598,697.0,132.0,911.5559690120693,780.0368459673598,146.59951907917437,5.0,178.5583736161975
FM-001,84,fast_moving,193,4,779.7348161859016,47.580835400777715,267.0368459673598,74.0368459673598,645.0,432.0,1150.2185911632832,719.0368459673598,194.9337040464754,5.0,175.55007093090626
FM-001,85,fast_moving,213,4,724.1133083184671,48.25187654116258,214.0368459673598,1.0368459673597954,937.0,146.0,1083.1675207782296,938.0368459673598,181.0283270796168,5.0,178.0258853801455
FM-001,86,fast_moving,187,4,725.8283989413067,47.72772671556758,182.0368459673598,0.0,902.0,182.0,1083.3775269000773,902.0,181.45709973532666,5.0,176.0920282234441
FM-001,87,fast_moving,124,4,730.4132912519209,32.44186121316655,192.0,68.0,892.0,73.0,1032.7112555971705,960.0,182.60332281298022,5.0,119.69464153226943
FM-001,88,fast_moving,369,4,778.9405173544899,64.92253766940956,200.0,0.0,833.0,381.0,1213.2081390690869,833.0,194.73512933862247,5.0,239.5324923759744
FM-001,89,fast_moving,137,4,784.0260633411891,64.48772493014987,432.0,295.0,782.0,141.0,1217.9608246623893,1077.0,196.00651583529728,5.0,237.9282454859029
FM-001,90,fast_moving,164,4,964.4750210134775,64.25669674767825,441.0,277.0,777.0,389.0,1442.6696404635538,1054.0,241.1187552533694,5.0,237.07586419670704
FM-001,91,fast_moving,149,4,980.4599147499155,64.8465644662609,459.0,310.0,984.0,171.0,1464.8270817562993,1294.0,245.11497868747887,5.0,239.25218831890487
FM-001,92,fast_moving,169,4,704.1741293191085,64.72842675957169,383.0,214.0,1082.0,0.0,1119.0339794620666,1296.0,176.04353232977712,5.0,238.81631781318092
FM-001,93,fast_moving,143,4,723.5278789265424,64.22376746728827,595.0,452.0,701.0,0.0,1141.3642198743714,1153.0,180.8819697316356,5.0,236.95437121619352
FM-001,94,fast_moving,266,4,560.5769440582511,67.21912121123174,593.0,327.0,560.0,62.0,948.726945359399,887.0,140.14423601456278,5.0,248.00576528658507
FM-001,95,fast_moving,221,4,574.880946024965,66.31065196559732,716.0,495.0,233.0,236.0,963.2551394864256,728.0,143.72023650624126,5.0,244.65395695521931
FM-001,96,fast_moving,118,4,548.9836683351808,68.71363840289722,666.0,548.0,298.0,94.0,939.7493900618363,846.0,137.2459170837952,5.0,253.51980464286015
FM-001,97,fast_moving,245,4,538.169392755559,70.47621893871327,548.0,303.0,392.0,238.0,932.7346079122483,695.0,134.54234818888975,5.0,260.0228669677996
FM-001,98,fast_moving,104,4,526.6882583093824,74.2421540359481,303.0,199.0,630.0,104.0,932.277653200372,829.0,131.6720645773456,5.0,273.9173303136441
FM-001,99,fast_moving,161,4,546.540765428213,74.51329256737202,261.0,100.0,672.0,187.0,958.0936560084228,772.0,136.63519135705326,5.0,274.91769922315655
FM-002,75,fast_moving,109,4,408.0068596108147,15.94783161854095,452.79002022276615,343.79002022276615,0.0,226.0,568.8482932416022,343.79002022276615,102.00171490270367,5.0,58.839718728083795
FM-002,76,fast_moving,127,4,345.2325579165162,19.38212234680887,343.79002022276615,216.79002022276615,226.0,61.0,503.0512735365212,442.79002022276615,86.30813947912905,5.0,71.51057614087594
FM-002,77,fast_moving,82,4,419.34697281109794,18.930371743813577,216.79002022276615,134.79002022276615,287.0,173.0,594.0275528104113,421.79002022276615,104.83674320277449,5.0,69.84383679653885
FM-002,78,fast_moving,65,4,415.8070691278464,19.627623130261874,134.79002022276615,69.79002022276615,460.0,63.0,592.175190677229,529.7900202227661,103.9517672819616,5.0,72.41635426742106
FM-002,79,fast_moving,102,4,413.90078803407243,19.561867668161643,69.79002022276615,0.0,523.0,67.0,589.5497337328173,523.0,103.47519700851811,5.0,72.1737486902268
FM-002,80,fast_moving,69,4,412.246923520923,19.885247720938203,226.0,157.0,364.0,68.0,588.6755177293307,521.0,103.06173088023075,5.0,73.36686332817698
FM-002,81,fast_moving,107,4,345.99835936989933,19.37980709596781,218.0,111.0,371.0,22.0,503.99998320711194,482.0,86.49958984247483,5.0,71.50203399473774
FM-002,82,fast_moving,110,4,420.33251215789073,20.138940465598587,284.0,174.0,220.0,206.0,599.718505992598,394.0,105.08312803947268,5.0,74.30286579523451
FM-002,83,fast_moving,79,4,407.3158916555747,20.24687376944645,237.0,158.0,363.0,63.0,583.8459516020289,521.0,101.82897291389368,5.0,74.70108703256045
FM-002,84,fast_moving,118,4,422.41306798725435,20.93426831163657,225.0,107.0,359.0,140.0,605.2535725407325,466.0,105.60326699681359,5.0,77.23723755666455
FM-002,85,fast_moving,92,4,416.82838122245465,19.310884402591654,175.0,83.0,431.0,79.0,592.2832194072967,514.0,104.20709530561366,5.0,71.24774287922834
FM-002,86,fast_moving,154,4,338.35575167157094,25.32633169101041,105.0,0.0,488.0,29.0,516.3864984044444,488.0,84.58893791789274,5.0,93.44180881498067
FM-002,87,fast_moving,116,4,338.86002779901145,24.840774999264895,206.0,90.0,311.0,115.0,515.2253762437847,401.0,84.71500694975286,5.0,91.65034149502043
FM-002,88,fast_moving,105,4,343.4389464779359,24.775660098841655,153.0,48.0,363.0,110.0,520.7087823753443,411.0,85.85973661948397,5.0,91.4100992779245
FM-002,89,fast_moving,72,4,331.71612294770995,24.84670952780218,188.0,116.0,333.0,58.0,506.3173906948771,449.0,82.92903073692749,5.0,91.67223701023967
FM-002,90,fast_moving,127,4,403.1555960009577,25.59021247193887,195.0,68.0,312.0,219.0,598.3598951669622,380.0,100.78889900023943,5.0,94.4154001657651
FM-002,91,fast_moving,72,4,394.8084487784397,24.82657798326172,97.0,25.0,502.0,59.0,585.1085224048499,527.0,98.70211219460992,5.0,91.59796143180019
FM-002,92,fast_moving,65,4,394.76554063187916,26.837354373029974,140.0,75.0,446.0,72.0,592.4736711685202,521.0,98.69138515796979,5.0,99.01674537867135
FM-002,93,fast_moving,64,4,398.5807270830292,27.333176985168876,185.0,121.0,408.0,71.0,599.0719977905726,529.0,99.6451817707573,5.0,100.8460889367861
FM-002,94,fast_moving,205,4,329.6208706213535,40.29983775497023,179.0,0.0,421.0,140.0,560.7128298355296,421.0,82.40521765533838,5.0,148.6867415588378
FM-002,95,fast_moving,142,4,348.91021579847177,41.51829995037407,219.0,77.0,342.0,171.0,589.3200423968729,419.0,87.22755394961794,5.0,153.18227264878323
FM-002,96,fast_moving,92,4,347.31321729446563,40.8995015956091,136.0,44.0,454.0,88.0,585.0407302105931,498.0,86.82830432361641,5.0,150.89920859251106
FM-002,97,fast_moving,125,4,379.0649481122702,41.06592573424173,116.0,0.0,470.0,156.0,625.3444176165299,470.0,94.76623702806755,5.0,151.5132324761921
FM-002,98,fast_moving,130,4,379.58326590535677,41.02438299353204,71.0,0.0,555.0,71.0,625.8390424107605,555.0,94.89581647633919,5.0,151.35996002906455
FM-002,99,fast_moving,66,4,376.7393730632083,40.955573178249814,140.0,74.0,486.0,63.0,622.030301707666,560.0,94.18484326580207,5.0,151.1060853786556
FM-003,75,fast_moving,171,4,639.8150121018165,19.106986237419154,791.1705301419042,620.1705301419042,0.0,251.0,870.2642232461072,620.1705301419042,159.95375302545412,5.0,70.49545811883657
FM-003,76,fast_moving,193,4,554.2771141209583,19.106986237419154,620.1705301419042,427.17053014190424,251.0,86.0,763.3418507700345,678.1705301419042,138.5692785302396,5.0,70.49545811883657
FM-003,77,fast_moving,123,4,553.6880569473356,20.357068954303283,427.17053014190424,304.17053014190424,337.0,127.0,767.2177246915494,641.1705301419042,138.4220142368339,5.0,75.10765350737995
FM-003,78,fast_moving,118,4,534.2784619584161,19.964070290502004,304.17053014190424,186.17053014190424,464.0,92.0,741.5057576053118,650.1705301419042,133.56961548960402,5.0,73.65768015729165
FM-003,79,fast_moving,124,4,528.2386154757072,21.033550732348036,186.17053014190424,62.17053014190424,556.0,120.0,737.9018106000732,618.1705301419042,132.0596538689268,5.0,77.60354125543914
FM-003,80,fast_moving,103,4,521.8331436760707,24.32209083455008,313.17053014190424,210.17053014190424,425.0,107.0,742.028079555703,635.1705301419042,130.45828591901767,5.0,89.73664996061464
FM-003,81,fast_moving,110,4,527.4079433356975,25.579940057266285,296.17053014190424,186.17053014190424,446.0,122.0,753.6374291365104,632.1705301419042,131.85198583392437,5.0,94.37749996688851
FM-003,82,fast_moving,86,4,512.0965023983141,29.641879590218785,313.17053014190424,227.17053014190424,441.0,82.0,749.4847032764708,668.1705301419042,128.02412559957853,5.0,109.36407527857814
FM-003,83,fast_moving,195,4,505.9900148876304,33.425385715895835,319.17053014190424,124.17053014190424,431.0,201.0,755.8108857571124,555.1705301419042,126.4975037219076,5.0,123.32336714757439
FM-003,84,fast_moving,134,4,631.0839602531336,33.29568386596929,244.17053014190424,110.17053014190424,512.0,290.0,911.69978091114,622.1705301419042,157.7709900632834,5.0,122.84483059472304
FM-003,85,fast_moving,128,4,639.8622923641624,33.12698953870453,217.17053014190424,89.17053014190424,695.0,138.0,922.0502962776748,784.1705301419042,159.9655730910406,5.0,122.22243082247174
FM-003,86,fast_moving,137,4,642.732828217648,33.066560690483655,211.17053014190424,74.17053014190424,711.0,141.0,925.4155131240324,785.1705301419042,160.683207054412,5.0,121.99947785197233
FM-003,87,fast_moving,153,4,770.0215005071753,33.18035408846477,156.17053014190424,3.170530141904237,770.0,312.0,1084.9461956118478,773.1705301419042,192.50537512679384,5.0,122.41931997787847
FM-003,88,fast_moving,122,4,688.375033683203,31.688993478687696,204.17053014190424,82.17053014190424,881.0,15.0,977.3857189728776,963.1705301419042,172.09375842080075,5.0,116.91692686887382
FM-003,89,fast_moving,106,4,672.1812354303494,26.703500202724868,372.17053014190424,266.17053014190424,606.0,67.0,938.7494330772158,872.1705301419042,168.04530885758734,5.0,98.52288878927916
FM-003,90,fast_moving,126,4,661.1039004884024,26.687651999206924,404.17053014190424,278.17053014190424,535.0,112.0,924.844292260143,813.1705301419042,165.2759751221006,5.0,98.46441664964
FM-003,91,fast_moving,282,4,519.2067598557674,50.53787612352666,419.17053014190424,137.17053014190424,506.0,193.0,835.4685584633133,643.1705301419042,129.80168996394184,5.0,186.46010864360412
FM-003,92,fast_moving,133,4,522.4044324922401,50.37780341502674,449.17053014190424,316.17053014190424,387.0,136.0,838.8750590539495,703.1705301419042,130.60110812306002,5.0,185.86951843864938
FM-003,93,fast_moving,137,4,531.4205413085032,49.18697972389621,331.17053014190424,194.17053014190424,508.0,144.0,845.751636582013,702.1705301419042,132.8551353271258,5.0,181.475959946384
FM-003,94,fast_moving,146,4,531.1739574770234,48.225166320777674,261.17053014190424,115.17053014190424,585.0,142.0,841.8947845434416,700.1705301419042,132.79348936925584,5.0,177.9273376971623
FM-003,95,fast_moving,157,4,541.742721122654,44.891750141526366,227.17053014190424,70.17053014190424,615.0,158.0,842.8070595632089,685.1705301419042,135.4356802806635,5.0,165.62865815989147
FM-003,96,fast_moving,125,4,576.2207955975675,43.273281861639816,263.17053014190424,138.17053014190424,580.0,162.0,879.9332942529826,718.1705301419042,144.05519889939188,5.0,159.6572997560232
FM-003,97,fast_moving,125,4,585.4428537171116,43.53645687148966,274.17053014190424,149.17053014190424,606.0,138.0,892.4318543022183,755.1705301419042,146.3607134292779,5.0,160.62828715582884
FM-003,98,fast_moving,75,4,544.9310423786687,47.49979757041889,293.17053014190424,218.17053014190424,600.0,39.0,856.4148838434803,818.1705301419042,136.23276059466718,5.0,175.2510808701444
FM-003,99,fast_moving,99,4,517.0553003488371,48.86979036435918,360.17053014190424,261.17053014190424,497.0,69.0,826.6248113824842,758.1705301419042,129.26382508720928,5.0,180.30568594643773
FM-004,75,fast_moving,67,5,294.3062217346559,28.505510038659228,616.5021463854727,549.5021463854727,0.0,8.0,556.6688574486067,549.5021463854727,73.57655543366397,6.0,115.20952484662283
FM-004,76,fast_moving,68,5,303.1414693090268,27.706798203088464,549.5021463854727,481.50214638547266,8.0,78.0,566.6936086698573,489.50214638547266,75.7853673272567,6.0,111.98140470631715
FM-004,77,fast_moving,54,5,321.9436581017292,19.573988495986836,481.50214638547266,427.50214638547266,86.0,49.0,562.0268558289488,513.5021463854727,80.4859145254323,6.0,79.11136867635487
FM-004,78,fast_moving,128,5,308.42757361004936,25.460628227590714,427.50214638547266,299.50214638547266,135.0,132.0,565.5445141007679,434.50214638547266,77.10689340251234,6.0,102.90315368569382
FM-004,79,fast_moving,42,5,258.0294813005909,26.66097695711265,299.50214638547266,257.50214638547266,267.0,0.0,494.7987747727793,524.5021463854727,64.50737032514772,6.0,107.75455282189304
FM-004,80,fast_moving,63,5,268.1360217009801,26.548214484362067,257.50214638547266,194.50214638547266,267.0,49.0,509.50283801474706,461.50214638547266,67.03400542524503,6.0,107.2988054632769
FM-004,81,fast_moving,73,5,245.48115119133897,26.527924329482858,202.50214638547266,129.50214638547266,308.0,38.0,475.4385263819628,437.50214638547266,61.37028779783474,6.0,107.21679959495434
FM-004,82,fast_moving,45,5,256.94534884621794,26.175688465953787,207.50214638547266,162.50214638547266,268.0,61.0,491.21120594193576,430.50214638547266,64.23633721155448,6.0,105.79318267260886
FM-004,83,fast_moving,80,5,263.36372146279007,26.2197322445207,211.50214638547266,131.50214638547266,280.0,90.0,501.01677476011855,411.50214638547266,65.84093036569752,6.0,105.97119256593342
FM-004,84,fast_moving,63,5,263.36372146279007,25.816164683669772,263.50214638547266,200.50214638547266,238.0,61.0,499.38569266875834,438.50214638547266,65.84093036569752,6.0,104.34011047457321
FM-004,85,fast_moving,69,5,263.36372146279007,25.244192020526825,200.50214638547266,131.50214638547266,299.0,67.0,497.0739747357486,430.50214638547266,65.84093036569752,6.0,102.0283925415635
FM-004,86,fast_moving,53,5,268.9326868072748,21.403330677783856,180.50214638547266,127.50214638547266,317.0,46.0,489.9039744893485,444.50214638547266,67.2331717018187,6.0,86.50494427843633
FM-004,87,fast_moving,54,5,264.8812981034282,21.59267444629287,165.50214638547266,111.50214638547266,325.0,49.0,484.5921542046362,436.50214638547266,66.22032452585705,6.0,87.27020704949386
FM-004,88,fast_moving,55,5,262.8487115152807,21.80537454331749,172.50214638547266,117.50214638547266,313.0,52.0,482.4029353872337,430.50214638547266,65.71217787882017,6.0,88.12986811431266
FM-004,89,fast_moving,39,5,240.94166002628782,22.94363215382987,207.50214638547266,168.50214638547266,275.0,11.0,454.1428062173761,443.50214638547266,60.235415006571955,6.0,92.73031617794436
FM-004,90,fast_moving,75,5,256.21258750951387,23.002229546341017,229.50214638547266,154.50214638547266,225.0,98.0,477.28602806686644,379.50214638547266,64.05314687737847,6.0,92.96714680259568
FM-004,91,fast_moving,68,5,257.385048346124,13.092373979162677,221.50214638547266,153.50214638547266,256.0,30.0,438.9924715407426,409.50214638547266,64.346262086531,6.0,52.914899021556586
FM-004,92,fast_moving,58,5,257.3029229135402,11.971119091701153,199.50214638547266,141.50214638547266,240.0,53.0,434.33755452116077,381.50214638547266,64.32573072838505,6.0,48.38317015085045
FM-004,93,fast_moving,95,5,252.7766153628786,15.2290208786736,190.50214638547266,95.50214638547266,244.0,102.0,440.71541826197193,339.50214638547266,63.19415384071965,6.0,61.55049521765404
FM-004,94,fast_moving,67,5,252.7766153628786,15.010252906186885,147.50214638547266,80.50214638547266,294.0,66.0,439.8312329192901,374.50214638547266,63.19415384071965,6.0,60.666309874972164
FM-004,95,fast_moving,77,5,254.52198440460944,14.396402684574008,91.50214638547266,14.502146385472656,349.0,77.0,439.96831377650057,363.50214638547266,63.63049610115236,6.0,58.1853371695864
FM-004,96,fast_moving,49,5,260.3155403711351,14.382592755097177,112.50214638547266,63.502146385472656,328.0,58.0,448.6028327132957,391.50214638547266,65.07888509278378,6.0,58.129522156593
FM-004,97,fast_moving,81,5,305.5657501522017,15.20163621422849,93.50214638547266,12.502146385472656,356.0,152.0,519.7884409957546,368.50214638547266,76.39143753805043,6.0,61.43981576745207
FM-004,98,fast_moving,61,5,379.00749994496493,15.17124473030035,65.50214638547266,4.502146385472656,455.0,171.0,629.8282336984521,459.50214638547266,94.75187498624123,6.0,61.31698378100467
FM-004,99,fast_moving,60,5,379.00749994496493,14.869517951250591,106.50214638547266,46.502146385472656,524.0,59.0,628.6087572252833,570.5021463854727,94.75187498624123,6.0,60.09750730783578
FM-005,75,fast_moving,79,4,343.1636922168454,16.132067125560496,487.9466807336544,408.9466807336544,0.0,80.0,488.47407314312255,408.9466807336544,85.79092305421135,5.0,59.51945787206579
FM-005,76,fast_moving,85,4,358.6639703507785,15.14841110395275,408.9466807336544,323.9466807336544,80.0,101.0,504.2202099547323,403.9466807336544,89.66599258769463,5.0,55.890247016259124
FM-005,77,fast_moving,82,4,345.76787941900216,13.87443692551161,323.9466807336544,241.94668073365438,181.0,61.0,483.39975306346497,422.9466807336544,86.44196985475054,5.0,51.1899037897123
FM-005,78,fast_moving,70,4,349.9600515795825,10.478916561729669,241.94668073365438,171.94668073365438,242.0,63.0,476.1121545827284,413.9466807336544,87.49001289489563,5.0,38.662090108250254
FM-005,79,fast_moving,77,4,349.1079935251917,10.391071117760625,171.94668073365438,94.94668073365438,305.0,75.0,474.722975180763,399.9466807336544,87.27699838129793,5.0,38.33798327427334
FM-005,80,fast_moving,102,4,356.98895858878745,11.691548558352215,174.94668073365438,72.94668073365438,300.0,117.0,489.37230884486445,372.9466807336544,89.24723964719686,5.0,43.13611060888011
FM-005,81,fast_moving,81,4,347.0383449025173,10.939226054281297,173.94668073365438,92.94668073365438,316.0,66.0,474.15833870785275,408.9466807336544,86.75958622562932,5.0,40.36040757970614
FM-005,82,fast_moving,106,4,354.30903978455433,12.813754629003464,153.94668073365438,47.946680733654375,321.0,122.0,490.1628032864926,368.9466807336544,88.57725994613858,5.0,47.276503555799664
FM-005,83,fast_moving,95,4,453.51160484345206,12.093121588059457,110.94668073365438,15.946680733654375,380.0,216.0,611.5072252405826,395.9466807336544,113.37790121086302,5.0,44.6177191862674
FM-005,84,fast_moving,109,4,455.5205564738198,12.991121228332476,90.94668073365438,0.0,521.0,97.0,617.3315953735864,521.0,113.88013911845495,5.0,47.93089978131177
FM-005,85,fast_moving,83,4,450.3454760355005,12.893051199416263,117.0,34.0,501.0,76.0,610.5009142611876,535.0,112.58636900887512,5.0,47.56906921681193
FM-005,86,fast_moving,115,4,449.4193032901038,15.107308470762394,100.0,0.0,511.0,107.0,617.5127274638069,511.0,112.35482582252595,5.0,55.738598351177124
FM-005,87,fast_moving,162,4,352.56674022944657,24.255054984635517,122.0,0.0,496.0,35.0,530.1977456638144,496.0,88.14168505736164,5.0,89.48932037700622
FM-005,88,fast_moving,75,4,442.96985088961037,24.51059425573421,216.0,141.0,315.0,189.0,644.1444492378299,456.0,110.74246272240259,5.0,90.43213562581697
FM-005,89,fast_moving,108,4,456.0064237456039,24.516608708467462,238.0,130.0,407.0,124.0,660.4623557043343,537.0,114.00160593640098,5.0,90.45432602232934
FM-005,90,fast_moving,77,4,448.17865041475534,24.81418122251044,206.0,129.0,455.0,68.0,651.7755364506722,584.0,112.04466260368883,5.0,91.5522234322281
FM-005,91,fast_moving,103,4,436.82976076194353,23.482672280553967,236.0,133.0,416.0,84.0,632.6768059483328,549.0,109.20744019048588,5.0,86.63960499590333
FM-005,92,fast_moving,192,4,351.4610940594692,33.737675812521076,168.0,0.0,465.0,99.0,563.8019328317549,465.0,87.8652735148673,5.0,124.4755652574185
FM-005,93,fast_moving,85,4,351.66457260848233,34.326860231214475,189.0,104.0,375.0,88.0,566.230084096967,479.0,87.91614315212058,5.0,126.64936833636403
FM-005,94,fast_moving,105,4,354.73921162512266,33.446091335775336,228.0,123.0,339.0,105.0,566.8237753153629,462.0,88.68480290628067,5.0,123.39976078395965
FM-005,95,fast_moving,79,4,365.0977252831298,34.460493917319894,191.0,112.0,376.0,96.0,583.514568050532,488.0,91.27443132078245,5.0,127.14241144661975
FM-005,96,fast_moving,88,4,364.55584627690325,34.713479241148406,196.0,108.0,388.0,88.0,583.7706117220429,496.0,91.13896156922581,5.0,128.0758038759138
FM-005,97,fast_moving,65,4,362.19957820038525,36.51905017440933,207.0,142.0,377.0,69.0,587.4869525455945,519.0,90.54989455009631,5.0,134.73747979511293
FM-005,98,fast_moving,113,4,372.3642040943285,36.10596939068422,230.0,117.0,358.0,124.0,598.66866833722,475.0,93.09105102358212,5.0,133.21341321930936
FM-005,99,fast_moving,110,4,361.1719843205725,36.01886969852018,222.0,112.0,377.0,96.0,584.3570382464031,489.0,90.29299608014313,5.0,132.89205784568748
FM-006,75,fast_moving,118,4,554.2966547551405,49.013603553843474,1080.8555940155943,962.8555940155943,0.0,0.0,873.7071049021474,962.8555940155943,138.57416368878512,5.0,180.83628645822182
FM-006,76,fast_moving,130,4,557.1897050728934,49.59476812770708,962.8555940155943,832.8555940155943,0.0,47.0,879.4676315632402,832.8555940155943,139.29742626822335,5.0,182.98050022212342
FM-006,77,fast_moving,197,4,536.0451544426111,47.95724591651861,832.8555940155943,635.8555940155943,47.0,165.0,846.99528516023,682.8555940155943,134.01128861065277,5.0,176.9388421069662
FM-006,78,fast_moving,83,4,585.9926973123671,49.1748580746978,635.8555940155943,552.8555940155943,212.0,150.0,913.9221086146913,764.8555940155943,146.49817432809178,5.0,181.43123697423238
FM-006,79,fast_moving,196,4,560.6165931367809,49.48504047456399,552.8555940155943,356.8555940155943,362.0,165.0,883.3464001322245,718.8555940155943,140.15414828419523,5.0,182.5756587112483
FM-006,80,fast_moving,166,4,562.0401854380773,49.06432198968715,356.8555940155943,190.8555940155943,527.0,166.0,883.5736445417456,717.8555940155943,140.51004635951932,5.0,181.02341274414903
FM-006,81,fast_moving,101,4,546.7877405735585,51.06883238361384,237.8555940155943,136.8555940155943,646.0,90.0,871.9037539400983,782.8555940155943,136.69693514338962,5.0,188.41907822315022
FM-006,82,fast_moving,173,4,544.6017944887222,50.45701394662847,301.8555940155943,128.8555940155943,571.0,168.0,866.9140097693245,699.8555940155943,136.15044862218056,5.0,186.16176665842173
FM-006,83,fast_moving,163,4,567.5058332909915,50.18772451812988,278.8555940155943,115.8555940155943,589.0,190.0,894.5505116503821,704.8555940155943,141.87645832274788,5.0,185.16822003664265
FM-006,84,fast_moving,130,4,594.4515345307627,38.601680579862645,280.8555940155943,150.8555940155943,614.0,121.0,885.485788170259,764.8555940155943,148.61288363269068,5.0,142.42137000680552
FM-006,85,fast_moving,97,4,615.8400934224828,37.0386146387655,316.8555940155943,219.8555940155943,569.0,118.0,906.454535983856,788.8555940155943,153.9600233556207,5.0,136.65441920575248
FM-006,86,fast_moving,188,4,583.8561802455771,39.41966839548828,309.8555940155943,121.8555940155943,597.0,157.0,875.2595713086109,718.8555940155943,145.96404506139427,5.0,145.43934600163956
FM-006,87,fast_moving,212,4,604.913700057822,42.903738406236485,289.8555940155943,77.8555940155943,586.0,251.0,914.4359897548794,663.8555940155943,151.2284250144555,5.0,158.29386468260188
FM-006,88,fast_moving,140,4,626.0720152959778,41.94639436232872,267.8555940155943,127.8555940155943,647.0,163.0,937.351751308521,774.8555940155943,156.51800382399446,5.0,154.7617321885486
FM-006,89,fast_moving,129,4,603.5869768973458,41.99099415045555,248.8555940155943,119.8555940155943,689.0,101.0,909.4100047709865,808.8555940155943,150.89674422433646,5.0,154.92628364930417
FM-006,90,fast_moving,129,4,625.4547061729943,40.10067458988818,237.8555940155943,108.8555940155943,672.0,149.0,929.7703093551139,780.8555940155943,156.36367654324857,5.0,147.95192663887096
FM-006,91,fast_moving,145,4,637.7892248479845,35.29309513350404,265.8555940155943,120.8555940155943,664.0,143.0,927.4508348205361,784.8555940155943,159.44730621199614,5.0,130.21430376055537
FM-006,92,fast_moving,168,4,602.7974939080925,33.13705029968878,371.8555940155943,203.8555940155943,556.0,116.0,875.7564175076066,759.8555940155943,150.69937347702313,5.0,122.25955012249092
FM-006,93,fast_moving,80,4,616.3944642386605,37.78532478662542,366.8555940155943,286.8555940155943,509.0,115.0,909.9024956767491,795.8555940155943,154.09861605966512,5.0,139.40941537842357
FM-006,94,fast_moving,175,4,590.2374787492225,36.5343182536148,387.8555940155943,212.8555940155943,523.0,137.0,872.5906599955734,735.8555940155943,147.55936968730563,5.0,134.79381155904525
FM-006,95,fast_moving,146,4,592.2539513403104,35.77798348934863,361.8555940155943,215.8555940155943,511.0,146.0,872.3207444224684,726.8555940155943,148.0634878350776,5.0,132.00330524708028
FM-006,96,fast_moving,112,4,602.6172559100866,36.58218706223576,358.8555940155943,246.8555940155943,514.0,128.0,888.2419939982827,760.8555940155943,150.65431397752164,5.0,134.9704241106746
FM-006,97,fast_moving,136,4,593.3046074860239,36.450528468611054,362.8555940155943,226.8555940155943,526.0,124.0,876.1154274856792,752.8555940155943,148.32615187150597,5.0,134.48466812814928
FM-006,98,fast_moving,224,4,675.8149532670955,39.98653619561314,341.8555940155943,117.8555940155943,535.0,340.0,992.2995032288115,652.8555940155943,168.95373831677387,5.0,147.53081164494225
FM-006,99,fast_moving,170,4,673.5487501663572,38.957570608192576,254.8555940155943,84.8555940155943,738.0,163.0,985.6703683029211,822.8555940155943,168.3871875415893,5.0,143.7344305949746
FM-007,75,fast_moving,169,5,657.0404898549742,46.51784879387972,1343.5006366729726,1174.5006366729726,0.0,0.0,1173.5699740194243,1174.5006366729726,164.26012246374356,6.0,188.00923923696286
FM-007,76,fast_moving,173,5,670.1475392152448,46.128443864207405,1174.5006366729726,1001.5006366729726,0.0,191.0,1191.6567064811447,1001.5006366729726,167.5368848038112,6.0,186.43539765827734
FM-007,77,fast_moving,174,5,720.6738272365835,43.092922852830505,1001.5006366729726,827.5006366729726,191.0,237.0,1255.1776005038912,1018.5006366729726,180.16845680914588,6.0,174.16685964901595
FM-007,78,fast_moving,164,5,721.498393960447,41.360516288996074,827.5006366729726,663.5006366729726,428.0,158.0,1249.4126556107558,1091.5006366729726,180.37459849011174,6.0,167.16506467008548
FM-007,79,fast_moving,226,5,580.4708287210509,43.58928355715018,663.5006366729726,437.50063667297263,586.0,24.0,1046.8792229796125,1023.5006366729726,145.11770718026273,6.0,176.17297989803623
FM-007,80,fast_moving,150,5,592.721700799345,37.70091476819863,437.50063667297263,287.50063667297263,610.0,144.0,1041.4567578291224,897.5006366729726,148.18042519983624,6.0,152.37420663010485
FM-007,81,fast_moving,180,5,555.9266812491686,35.832587946928456,287.50063667297263,107.50063667297263,754.0,118.0,978.7130903188255,861.5006366729726,138.98167031229215,6.0,144.82306844507266
FM-007,82,fast_moving,86,5,592.8080947312394,43.576487426251546,298.50063667297263,212.50063667297263,681.0,172.0,1065.3334044091125,893.5006366729726,148.20202368280985,6.0,176.1212623122534
FM-007,83,fast_moving,105,5,547.6416532587237,42.57707942435335,449.50063667297263,344.50063667297263,616.0,34.0,993.5444767786557,960.5006366729726,136.91041331468094,6.0,172.08199689057005
FM-007,84,fast_moving,139,5,544.1042685053696,43.36783636255366,502.50063667297263,363.50063667297263,492.0,136.0,991.4343688137324,855.5006366729726,136.0260671263424,6.0,175.27796605567792
FM-007,85,fast_moving,169,5,540.6306396597392,43.37167928617204,387.50063667297263,218.50063667297263,604.0,164.0,986.2394573285629,822.5006366729726,135.1576599149348,6.0,175.29349783895407
FM-007,86,fast_moving,122,5,665.1183480993425,36.461430271396324,362.50063667297263,240.50063667297263,624.0,281.0,1145.0421562530462,864.5006366729726,166.27958702483562,6.0,147.36463410403243
FM-007,87,fast_moving,160,5,661.9101304932757,35.9162130377683,358.50063667297263,198.50063667297263,787.0,153.0,1138.0262482087012,985.5006366729726,165.47753262331892,6.0,145.16105246878766
FM-007,88,fast_moving,130,5,671.5805404855057,36.29014134685007,370.50063667297263,240.50063667297263,768.0,146.0,1154.0431535671391,1008.5006366729726,167.89513512137643,6.0,146.67234283888055
FM-007,89,fast_moving,140,5,674.3669987048776,35.86209340779957,274.50063667297263,134.50063667297263,880.0,142.0,1156.492817486593,1014.5006366729726,168.5917496762194,6.0,144.9423194292765
FM-007,90,fast_moving,265,5,552.8809710475404,47.88447636680468,270.50063667297263,5.500636672972632,886.0,132.0,1022.8541371747126,891.5006366729726,138.2202427618851,6.0,193.53268060340204
FM-007,91,fast_moving,98,5,545.5465185824685,50.46552517084538,169.50063667297263,71.50063667297263,854.0,97.0,1022.2841752194536,925.5006366729726,136.38662964561712,6.0,203.96439734575085
FM-007,92,fast_moving,104,5,529.3792937196112,46.665201442199105,352.50063667297263,248.50063667297263,670.0,65.0,982.6737288374195,918.5006366729726,132.3448234299028,6.0,188.60478825800283
FM-007,93,fast_moving,178,5,544.4881737694486,47.69239040522187,401.50063667297263,223.50063667297263,582.0,204.0,1009.488595479736,805.5006366729726,136.12204344236216,6.0,192.756334825563
FM-007,94,fast_moving,151,5,550.1387283845185,46.54829309162244,369.50063667297263,218.50063667297263,640.0,155.0,1013.3403772555682,858.5006366729726,137.53468209612961,6.0,188.13228467879046
FM-007,95,fast_moving,145,5,529.6049156219372,43.39458196122807,360.50063667297263,215.50063667297263,653.0,102.0,969.7934360534526,868.5006366729726,132.4012289054843,6.0,175.3860626205469
FM-007,96,fast_moving,122,5,583.5555358426385,42.277774969956184,347.50063667297263,225.50063667297263,623.0,198.0,1046.2056143893528,848.5006366729726,145.88888396065963,6.0,170.87231062539502
FM-007,97,fast_moving,156,5,585.7318456730758,42.24167343227505,322.50063667297263,166.50063667297263,724.0,159.0,1049.3241690636985,890.5006366729726,146.43296141826895,6.0,170.7264005540848
FM-007,98,fast_moving,118,5,669.6198009984819,42.61921439793831,231.50063667297263,113.50063667297263,818.0,246.0,1176.6819935445474,931.5006366729726,167.40495024962047,6.0,172.25229204682455
FM-007,99,fast_moving,115,5,640.3163200684053,42.98091407077065,317.50063667297263,202.50063667297263,860.0,72.0,1134.1886385530743,1062.5006366729726,160.07908001710132,6.0,173.71415845046647
FM-008,75,fast_moving,115,4,587.4184873055909,62.01995129774254,1359.8752952007358,1244.8752952007358,0.0,0.0,963.0964737859034,1244.8752952007358,146.85462182639773,5.0,228.82336465391472
FM-008,76,fast_moving,120,4,573.5750390676715,61.985833782757055,1244.8752952007358,1124.8752952007358,0.0,0.0,945.666286501998,1124.8752952007358,143.39375976691787,5.0,228.69748766740872
FM-008,77,fast_moving,134,4,555.4585245088535,61.910709069077,1124.8752952007358,990.8752952007358,0.0,0.0,922.7434697586207,990.8752952007358,138.86463112721339,5.0,228.4203141225537
FM-008,78,fast_moving,100,4,557.4920890185508,63.288513155515766,990.8752952007358,890.8752952007358,0.0,40.0,930.3688503307164,890.8752952007358,139.3730222546377,5.0,233.50373905752792
FM-008,79,fast_moving,129,4,708.8526684904946,63.41509567109675,890.8752952007358,761.8752952007358,40.0,319.0,1120.0366024014895,801.8752952007358,177.21316712262364,5.0,233.9707667883712
FM-008,80,fast_moving,52,4,689.3457874559402,64.43581580902313,761.8752952007358,709.8752952007358,359.0,31.0,1099.418960472067,1068.8752952007358,172.33644686398506,5.0,237.73672615214164
FM-008,81,fast_moving,141,4,625.3237680551327,64.18672680107541,709.8752952007358,568.8752952007358,390.0,60.0,1018.4724192965962,958.8752952007358,156.3309420137832,5.0,236.81770922768018
FM-008,82,fast_moving,159,4,663.9140961958092,64.35787362425745,568.8752952007358,409.87529520073576,450.0,208.0,1067.3417777582092,859.8752952007358,165.9785240489523,5.0,237.4491575134477
FM-008,83,fast_moving,184,4,533.6842248635237,64.86860486734622,449.87529520073576,265.87529520073576,618.0,23.0,906.4387877261885,883.8752952007358,133.42105621588092,5.0,239.3335066467838
FM-008,84,fast_moving,59,4,534.3117814436638,68.35549984437502,584.8752952007358,525.8752952007358,322.0,73.0,920.0881748797779,847.8752952007358,133.57794536091595,5.0,252.1984480751981
FM-008,85,fast_moving,110,4,472.6417460958843,64.72872385817354,556.8752952007358,446.87529520073576,364.0,19.0,829.6195965819413,810.8752952007358,118.16043652397107,5.0,238.817413962086
FM-008,86,fast_moving,75,4,481.84098604297253,38.627245598982206,506.87529520073576,431.87529520073576,323.0,0.0,744.8169250095069,754.8752952007358,120.46024651074313,5.0,142.51569245579125
FM-008,87,fast_moving,123,4,459.95194232402264,37.60677107608707,639.8752952007358,516.8752952007358,115.0,82.0,713.6905671966942,631.8752952007358,114.98798558100566,5.0,138.75063929166595
FM-008,88,fast_moving,125,4,675.4044426011499,37.698704323786735,539.8752952007358,414.87529520073576,174.0,395.0,983.3453813786637,588.8752952007358,168.85111065028747,5.0,139.0898281272264
FM-008,89,fast_moving,103,4,658.0882101186565,37.851599566512085,487.87529520073576,384.87529520073576,496.0,82.0,962.264199633228,880.8752952007358,164.52205252966414,5.0,139.6539369849073
FM-008,90,fast_moving,88,4,630.944820808528,38.0691004655534,403.87529520073576,315.87529520073576,559.0,55.0,929.1374352080163,874.8752952007358,157.736205202132,5.0,140.45640919735638
FM-008,91,fast_moving,119,4,635.0035460586133,37.9601680577727,315.87529520073576,196.87529520073576,614.0,123.0,933.8089343271849,810.8752952007358,158.75088651465333,5.0,140.05450175391826
FM-008,92,fast_moving,302,4,747.0561490213901,64.87660871974082,278.87529520073576,0.0,655.0,519.0,1173.183223234281,655.0,186.76403725534752,5.0,239.3630369575435
FM-008,93,fast_moving,206,4,770.2335540980896,64.26507605223846,395.0,189.0,779.0,232.0,1199.8987223654103,968.0,192.5583885245224,5.0,237.10677974279835
FM-008,94,fast_moving,76,4,781.6950649263114,66.50187967268288,271.0,195.0,929.0,99.0,1222.4783250642793,1124.0,195.42376623157784,5.0,245.3594939063901
FM-008,95,fast_moving,159,4,933.3541865884296,66.50187967268288,250.0,91.0,973.0,349.0,1412.052227141927,1064.0,233.3385466471074,5.0,245.3594939063901
FM-008,96,fast_moving,161,4,772.8327880290983,65.32757693112687,214.0,53.0,1199.0,0.0,1207.067874694895,1252.0,193.20819700727458,5.0,241.02688965852218
FM-008,97,fast_moving,121,4,801.5682547871904,61.781874364573895,572.0,451.0,680.0,99.0,1229.905295397277,1131.0,200.3920636967976,5.0,227.9449769132891
FM-008,98,fast_moving,124,4,788.9403293197299,61.41180877005862,683.0,559.0,547.0,107.0,1212.755027050926,1106.0,197.23508232993248,5.0,226.57961540126354
FM-008,99,fast_moving,293,4,689.3654043030914,71.91412257436659,658.0,365.0,555.0,208.0,1127.0347852994485,920.0,172.34135107577285,5.0,265.3280299205842
FM-009,75,fast_moving,244,4,592.7981371599465,39.91690086115123,899.2152420228036,655.2152420228036,0.0,234.0,888.2715626814122,655.2152420228036,148.19953428998662,5.0,147.27389123147915
FM-009,76,fast_moving,134,4,607.5760626931373,40.45034943274001,655.2152420228036,521.2152420228036,234.0,154.0,908.7121345910457,755.2152420228036,151.89401567328431,5.0,149.2420562246241
FM-009,77,fast_moving,270,4,622.6475188056953,50.055225911243696,521.2152420228036,251.21524202280364,388.0,324.0,962.9887633220912,639.2152420228036,155.66187970142383,5.0,184.6793648149721
FM-009,78,fast_moving,170,4,636.2223598270574,48.98914060723967,251.21524202280364,81.21524202280364,712.0,183.0,976.0239799030091,793.2152420228036,159.05558995676435,5.0,180.74603011918734
FM-009,79,fast_moving,173,4,636.6406875498601,48.63377005480442,81.21524202280364,0.0,895.0,81.0,975.2357455809752,895.0,159.16017188746503,5.0,179.43488614365
FM-009,80,fast_moving,98,4,558.4824329590117,48.40308847954824,234.0,136.0,742.0,0.0,876.6868248647559,878.0,139.62060823975293,5.0,178.58378366599123
FM-009,81,fast_moving,188,4,600.0187826693715,45.666432715103525,290.0,102.0,588.0,229.0,918.5103372741858,690.0,150.00469566734287,5.0,168.48685893747142
FM-009,82,fast_moving,236,4,632.5963070845431,49.12164387961683,426.0,190.0,493.0,289.0,971.9802864099225,683.0,158.14907677113578,5.0,181.23490255424358
FM-009,83,fast_moving,106,4,596.6117614488959,51.1910699343708,373.0,267.0,599.0,69.0,934.6347769645479,866.0,149.15294036222397,5.0,188.87007515342805
FM-009,84,fast_moving,135,4,608.8647508657509,52.03586041597438,348.0,213.0,587.0,154.0,953.0678784925739,800.0,152.21618771643773,5.0,191.9869399103852
FM-009,85,fast_moving,134,4,578.0618911438232,53.03373382175655,213.0,79.0,741.0,99.0,918.2459699078067,820.0,144.5154727859558,5.0,195.66860597802764
FM-009,86,fast_moving,151,4,578.6660050883095,53.22051368526123,308.0,157.0,611.0,152.0,919.690238916595,768.0,144.66650127207737,5.0,196.35773255620825
FM-009,87,fast_moving,65,4,538.7588267106859,60.403981869087296,446.0,381.0,474.0,42.0,896.3097591804149,855.0,134.68970667767147,5.0,222.86122579205758
FM-009,88,fast_moving,100,4,546.6160529971667,57.20162271322067,450.0,350.0,447.0,98.0,894.316148983053,797.0,136.65401324929167,5.0,211.04608273659468
FM-009,89,fast_moving,196,4,585.7645799133951,58.261787626504386,504.0,308.0,391.0,249.0,947.1632989705518,699.0,146.44114497834877,5.0,214.9575740788079
FM-009,90,fast_moving,135,4,571.8921757566903,47.127214632039966,407.0,272.0,541.0,76.0,888.7416512831787,813.0,142.97304393917258,5.0,173.87643158731575
FM-009,91,fast_moving,153,4,553.5703912681547,46.61338533412581,424.0,271.0,465.0,128.0,863.9436412282136,736.0,138.39259781703868,5.0,171.98065214302014
FM-009,92,fast_moving,152,4,554.5279402596381,45.876925656503076,313.0,161.0,551.0,151.0,862.4234005295118,712.0,138.63198506490951,5.0,169.2634752049643
FM-009,93,fast_moving,143,4,564.7915026439863,43.91731741842586,259.0,116.0,604.0,149.0,868.022855081092,720.0,141.19787566099657,5.0,162.03347677610907
FM-009,94,fast_moving,153,4,566.0936468122012,42.14459237751231,365.0,212.0,504.0,148.0,863.1100446914776,716.0,141.5234117030503,5.0,155.49298617622608
FM-009,95,fast_moving,147,4,558.7128890072925,31.717098842333638,288.0,141.0,576.0,99.0,815.4117332090032,717.0,139.67822225182312,5.0,117.02062194988753
FM-009,96,fast_moving,82,4,574.0913862524504,34.21837862753638,269.0,187.0,547.0,110.0,843.8633569557086,734.0,143.5228465631126,5.0,126.24912414014555
FM-009,97,fast_moving,101,4,524.7119945335027,35.43864325700744,338.0,237.0,506.0,44.0,786.6412984993831,743.0,131.17799863337567,5.0,130.75130533250476
FM-009,98,fast_moving,95,4,550.0534955706679,36.84965991562798,386.0,291.0,401.0,132.0,823.524137919839,692.0,137.51337389266698,5.0,135.95726845650398
FM-009,99,fast_moving,118,4,561.0948440601999,36.317686586212545,439.0,321.0,385.0,130.0,835.3631014625506,706.0,140.27371101504997,5.0,133.99454638730083
FM-010,75,fast_moving,106,5,563.583725189448,40.326869581662436,1145.0273925400427,1039.0273925400427,0.0,0.0,1008.3630058922531,1039.0273925400427,140.895931297362,6.0,162.98741810808116
FM-010,76,fast_moving,142,5,570.2526584386741,32.74004056824395,1039.0273925400427,897.0273925400427,0.0,91.0,987.7030370158718,897.0273925400427,142.56316460966852,6.0,132.32404935786082
FM-010,77,fast_moving,137,5,584.6349257130111,32.75413459905995,897.0273925400427,760.0273925400427,91.0,159.0,1009.3334011808427,851.0273925400427,146.15873142825276,6.0,132.38101261132596
FM-010,78,fast_moving,112,5,545.587638942219,33.86606349149928,760.0273925400427,648.0273925400427,250.0,58.0,955.2565074122662,898.0273925400427,136.39690973555474,6.0,136.87504899893773
FM-010,79,fast_moving,86,5,536.6372961590134,36.84235299704648,648.0273925400427,562.0273925400427,308.0,84.0,953.8601377528531,870.0273925400427,134.15932403975336,6.0,148.904193514333
FM-010,80,fast_moving,191,5,578.5581952244021,38.84254870298283,562.0273925400427,371.0273925400427,392.0,262.0,1024.8255934785989,763.0273925400427,144.63954880610052,6.0,156.98830064199558
FM-010,81,fast_moving,161,5,561.5567258698853,38.80688545830961,371.0273925400427,210.02739254004268,654.0,136.0,999.1792508059882,864.0273925400427,140.38918146747133,6.0,156.8441620011602
FM-010,82,fast_moving,124,5,556.9505898479523,38.608820567857656,301.0273925400427,177.02739254004268,699.0,116.0,991.4695362091022,876.0273925400427,139.23764746198808,6.0,156.0436514371738
FM-010,83,fast_moving,191,5,564.8922589197466,40.19089066327959,336.0273925400427,145.02739254004268,656.0,209.0,1009.7762261941087,801.0273925400427,141.22306472993665,6.0,162.43783781448886
FM-010,84,fast_moving,151,5,568.307058043794,40.13343129726524,203.02739254004268,52.02739254004268,807.0,156.0,1014.6661937695096,859.0273925400427,142.0767645109485,6.0,162.20560670381855
FM-010,85,fast_moving,150,5,558.0879763115291,40.09891615646336,136.02739254004268,0.0,879.0,121.0,999.1980727735602,879.0,139.52199407788228,6.0,162.06610830626641
FM-010,86,fast_moving,195,5,575.1136817680856,33.74204559634231,262.0,67.0,738.0,195.0,999.044333723587,805.0,143.7784204420214,6.0,136.37381107145856
FM-010,87,fast_moving,149,5,557.7130597103887,33.74204559634231,203.0,54.0,797.0,122.0,972.9434006370417,851.0,139.42826492759718,6.0,136.37381107145856
FM-010,88,fast_moving,162,5,565.9950799139976,31.758100117559366,170.0,8.0,803.0,167.0,977.3480016765973,811.0,141.4987699784994,6.0,128.35538180560079
FM-010,89,fast_moving,250,5,555.0337752497026,41.9573959740482,217.0,0.0,761.0,242.0,1002.1281111438872,761.0,138.75844381242564,6.0,169.57744826933336
FM-010,90,fast_moving,221,5,557.7258718753361,44.763910601149334,156.0,0.0,847.0,171.0,1017.5092285892287,847.0,139.43146796883403,6.0,180.92042077622443
FM-010,91,fast_moving,218,5,584.7693923712059,43.98295124249844,121.0,0.0,897.0,158.0,1054.9181386344326,897.0,146.19234809280147,6.0,177.7640500776237
FM-010,92,fast_moving,163,5,733.7580359619998,35.6942141400664,195.0,32.0,860.0,353.0,1244.900862774118,892.0,183.43950899049995,6.0,144.2638088311182
FM-010,93,fast_moving,139,5,917.2366097817523,37.11347809637694,154.0,15.0,1091.0,420.0,1525.8549031341663,1106.0,229.3091524454381,6.0,149.9999884615377
FM-010,94,fast_moving,204,5,885.4206562153962,37.68101610040483,182.0,0.0,1344.0,137.0,1480.4247673418167,1344.0,221.35516405384905,6.0,152.29378301872254
FM-010,95,fast_moving,161,5,873.0261158027392,34.50715273307235,242.0,81.0,1239.0,130.0,1449.0052862134257,1320.0,218.2565289506848,6.0,139.46611250931682
FM-010,96,fast_moving,334,5,746.8063653429292,54.774479365335644,252.0,0.0,1198.0,144.0,1341.5892648776635,1198.0,186.7015913357323,6.0,221.3797168632695
FM-010,97,fast_moving,325,5,633.7498916559751,64.32678988909585,158.0,0.0,1184.0,27.0,1210.6117273161524,1184.0,158.4374729139938,6.0,259.98688983218966
FM-010,98,fast_moving,228,5,604.2633068546227,62.32925394576678,353.0,125.0,858.0,176.0,1158.308492837482,983.0,151.06582671365567,6.0,251.91353255554802
FM-010,99,fast_moving,184,5,622.8171623587308,62.64521591409087,545.0,361.0,614.0,213.0,1187.4162863345011,975.0,155.7042905896827,6.0,253.19054279640508
FM-011,75,fast_moving,73,5,419.8795005344397,27.394085081197705,571.674203943596,498.674203943596,0.0,242.0,740.5367759935433,498.674203943596,104.96987513360993,6.0,110.7175251918837
FM-011,76,fast_moving,72,5,455.83395323432677,27.569957636938167,498.674203943596,426.674203943596,242.0,127.0,795.1792717785573,668.674203943596,113.95848830858169,6.0,111.4283419270672
FM-011,77,fast_moving,165,5,388.9591536482075,34.4588197187637,426.674203943596,261.674203943596,369.0,93.0,722.7094974640298,630.674203943596,97.23978841205188,6.0,139.27076699171855
FM-011,78,fast_moving,66,5,396.7520766316448,35.14767381149108,261.674203943596,195.674203943596,462.0,80.0,737.1829946459621,657.674203943596,99.1880191579112,6.0,142.05487969849494
FM-011,79,fast_moving,98,5,409.3847489985609,35.108257484383145,195.674203943596,97.67420394359601,542.0,117.0,755.9726958795702,639.674203943596,102.34618724964022,6.0,141.89557238172895
FM-011,80,fast_moving,157,5,318.6895564062735,39.14928692411484,97.67420394359601,0.0,659.0,0.0,636.2623662599368,659.0,79.67238910156837,6.0,158.22803165052656
FM-011,81,fast_moving,68,5,326.81302651635707,39.882198329452024,242.0,174.0,417.0,61.0,651.4097487251369,591.0,81.70325662908927,6.0,161.19020895060126
FM-011,82,fast_moving,92,5,327.7434517395003,39.59279913809765,301.0,209.0,351.0,92.0,651.6357339810445,560.0,81.93586293487508,6.0,160.020556371794
FM-011,83,fast_moving,81,5,332.69722365806894,34.82962193453391,302.0,221.0,350.0,69.0,639.8152582486372,571.0,83.17430591451723,6.0,140.76942276153372
FM-011,84,fast_moving,114,5,351.7605182121852,33.32512719501765,301.0,187.0,339.0,137.0,662.3295467661596,526.0,87.9401295530463,6.0,134.68876944788175
FM-011,85,fast_moving,64,5,342.0613421529358,34.02299373312267,304.0,240.0,359.0,52.0,650.6013206067032,599.0,85.51533553823396,6.0,137.5093073772995
FM-011,86,fast_moving,56,5,327.45476354375376,34.871559199806974,240.0,184.0,411.0,38.0,632.1210641640234,595.0,81.86369088593844,6.0,140.93891884839286
FM-011,87,fast_moving,72,5,320.927797580733,34.956016319413145,245.0,173.0,388.0,62.0,622.6719620189899,561.0,80.23194939518325,6.0,141.2802656478904
FM-011,88,fast_moving,106,5,318.849852224158,34.767911819775634,265.0,159.0,358.0,102.0,618.7947899141121,517.0,79.7124630560395,6.0,140.52001157787518
FM-011,89,fast_moving,114,5,336.5197260741578,34.589349183282984,228.0,114.0,391.0,140.0,644.5779115673323,505.0,84.12993151853945,6.0,139.79832245609563
FM-011,90,fast_moving,102,5,337.00643195063356,27.951193727088516,251.0,149.0,394.0,76.0,618.4788157754809,543.0,84.25160798765839,6.0,112.96916784953056
FM-011,91,fast_moving,91,5,339.015698158559,26.88746729306982,201.0,110.0,418.0,90.0,617.1934965550965,528.0,84.75392453963975,6.0,108.66994931725796
FM-011,92,fast_moving,113,5,413.3631646728053,27.415137125131178,148.0,35.0,470.0,226.0,730.847357364463,505.0,103.34079116820132,6.0,110.80261035525514
FM-011,93,fast_moving,89,5,405.1924184691754,20.00640922945473,97.0,8.0,634.0,47.0,688.647693129592,642.0,101.29810461729384,6.0,80.8590654258289
FM-011,94,fast_moving,103,5,398.69449723829285,19.22871783930461,110.0,7.0,579.0,90.0,675.7576485959494,586.0,99.67362430957321,6.0,77.71590273851011
FM-011,95,fast_moving,87,5,398.69449723829285,19.2803207761378,147.0,60.0,529.0,87.0,675.9662100223255,589.0,99.67362430957321,6.0,77.92446416488625
FM-011,96,fast_moving,201,5,339.82513841562456,35.574947970122544,136.0,0.0,540.0,114.0,653.5194833756565,540.0,84.95628460390614,6.0,143.78177575221966
FM-011,97,fast_moving,112,5,339.05404369719645,35.5179622307593,90.0,0.0,564.0,89.0,652.1325244243233,564.0,84.76351092429911,6.0,143.55145887852862
FM-011,98,fast_moving,84,5,339.05404369719645,34.20132700979266,226.0,142.0,427.0,78.0,646.8111350508943,569.0,84.76351092429911,6.0,138.2300695050996
FM-011,99,fast_moving,75,5,334.3988878424584,32.41695504452844,189.0,114.0,458.0,61.0,632.6165799055167,572.0,83.5997219606146,6.0,131.01824814182908
FM-012,75,fast_moving,138,5,620.7802042530712,110.02994930285912,1642.67016798753,1504.67016798753,0.0,0.0,1375.8737395365126,1504.67016798753,155.1950510632678,6.0,444.7034331569057
FM-012,76,fast_moving,164,5,650.6853461380415,107.97809606938452,1504.67016798753,1340.67016798753,0.0,72.0,1412.4385631729651,1340.67016798753,162.67133653451037,6.0,436.410543965903
FM-012,77,fast_moving,151,5,627.662786798237,109.18855721018127,1340.67016798753,1189.67016798753,72.0,122.0,1382.7969942081504,1261.67016798753,156.91569669955925,6.0,441.3028140107948
FM-012,78,fast_moving,353,5,608.5091511668622,111.04324636871243,1189.67016798753,836.67016798753,194.0,331.0,1361.562560176379,1030.67016798753,152.12728779171556,6.0,448.7988334260856
FM-012,79,fast_moving,175,5,621.9984806428541,110.9912793987172,836.67016798753,661.67016798753,525.0,195.0,1381.5865216664215,1186.67016798753,155.49962016071353,6.0,448.58880070214036
FM-012,80,fast_moving,176,5,644.1384548455218,68.674165634837,661.67016798753,485.67016798753,720.0,39.0,1243.765178390881,1205.67016798753,161.03461371138044,6.0,277.55749612259825
FM-012,81,fast_moving,144,5,627.5640136038313,69.48482586609127,485.67016798753,341.67016798753,759.0,122.0,1222.1799279985555,1100.67016798753,156.89100340095783,6.0,280.83390759280854
FM-012,82,fast_moving,176,5,617.2731247775723,67.06043963547037,413.67016798753,237.67016798753002,809.0,151.0,1196.9450545718234,1046.67016798753,154.31828119439308,6.0,271.035367405465
FM-012,83,fast_moving,192,5,607.9654372529775,64.95580351482391,359.67016798753,167.67016798753002,838.0,169.0,1174.4773037117372,1005.67016798753,151.99135931324437,6.0,262.52914783227106
FM-012,84,fast_moving,176,5,607.9654372529775,65.01341084532937,498.67016798753,322.67016798753,676.0,177.0,1174.710132844288,998.67016798753,151.99135931324437,6.0,262.76197696482177
FM-012,85,fast_moving,135,5,598.1971868476327,64.57116924321487,517.67016798753,382.67016798753,658.0,118.0,1158.2703678937219,1040.67016798753,149.54929671190817,6.0,260.97458762227285
FM-012,86,fast_moving,227,5,544.4962750822148,65.33503399147098,421.67016798753,194.67016798753002,737.0,150.0,1080.8062803740445,931.67016798753,136.1240687705537,6.0,264.0618677507224
FM-012,87,fast_moving,183,5,547.3186677712442,56.53442336878503,316.67016798753,133.67016798753002,765.0,151.0,1049.4708104142671,898.67016798753,136.82966694281106,6.0,228.49280875740087
FM-012,88,fast_moving,223,5,577.0997242633792,55.69939925100699,284.67016798753,61.67016798753002,765.0,265.0,1090.7675131835376,826.67016798753,144.2749310658448,6.0,225.1179267884689
FM-012,89,fast_moving,122,5,571.3911215746217,58.5047664067441,230.67016798753002,108.67016798753002,861.0,124.0,1093.5429439703878,969.67016798753,142.84778039365543,6.0,236.4562616084551
FM-012,90,fast_moving,158,5,565.7360229033999,58.175574220607714,285.67016798753,127.67016798753002,808.0,149.0,1083.729813706035,935.67016798753,141.43400572584997,6.0,235.1257793509351
FM-012,91,fast_moving,121,5,567.0902971519658,33.65720862323098,245.67016798753002,124.67016798753002,839.0,23.0,986.6663747619232,963.67016798753,141.77257428799146,6.0,136.03092903397436
FM-012,92,fast_moving,186,5,578.6039233890571,33.93470351372035,274.67016798753,88.67016798753002,712.0,205.0,1005.058353582642,800.67016798753,144.65098084726426,6.0,137.1524684990563
FM-012,93,fast_moving,167,5,565.8950048532324,33.909192460648995,239.67016798753002,72.67016798753002,766.0,148.0,985.8918688252422,838.67016798753,141.4737512133081,6.0,137.04936154539362
FM-012,94,fast_moving,149,5,571.6958913444728,33.61680745683244,337.67016798753,188.67016798753002,649.0,156.0,993.4114783502455,837.67016798753,142.9239728361182,6.0,135.86764133353637
FM-012,95,fast_moving,180,5,570.7656171939522,33.690712408082206,312.67016798753,132.67016798753002,681.0,179.0,992.3147656675095,813.67016798753,142.69140429848804,6.0,136.16633987658125
FM-012,96,fast_moving,164,5,705.4327958905396,33.10492255595683,281.67016798753,117.67016798753002,711.0,364.0,1191.9479714259483,828.67016798753,176.3581989726349,6.0,133.79877759013874
FM-012,97,fast_moving,84,5,670.2002276414977,40.40547690725313,140.67016798753002,56.67016798753002,1052.0,60.0,1168.605463502602,1108.67016798753,167.55005691037442,6.0,163.30512204035554
FM-012,98,fast_moving,100,5,684.6639250384786,43.37271386127815,261.67016798753,161.67016798753002,907.0,134.0,1202.2935667955044,1068.67016798753,171.16598125961966,6.0,175.29767923778647
FM-012,99,fast_moving,189,5,693.4671921968576,39.49862055364754,309.67016798753,120.67016798753002,893.0,187.0,1199.8407070306898,1013.67016798753,173.3667980492144,6.0,159.63991873540334
FM-013,75,fast_moving,154,4,683.1307527582685,62.26308944866378,1122.0071451154367,968.0071451154367,0.0,116.0,1083.633866766833,968.0071451154367,170.78268818956712,5.0,229.72042581899746
FM-013,76,fast_moving,108,4,654.8342334333747,62.26308944866378,968.0071451154367,860.0071451154367,116.0,73.0,1048.2632176107159,976.0071451154367,163.70855835834368,5.0,229.72042581899746
FM-013,77,fast_moving,95,4,674.5689935639334,62.437969217456136,860.0071451154367,765.0071451154367,189.0,120.0,1073.5768888079144,954.0071451154367,168.64224839098335,5.0,230.3656468529976
FM-013,78,fast_moving,147,4,607.9408232694052,61.70494307589952,765.0071451154367,618.0071451154367,309.0,61.0,987.5871670747758,927.0071451154367,151.9852058173513,5.0,227.6611379880194
FM-013,79,fast_moving,169,4,560.527246965522,61.714915289829,618.0071451154367,449.00714511543674,370.0,110.0,928.3569892995054,819.0071451154367,140.1318117413805,5.0,227.69793059260297
FM-013,80,fast_moving,74,4,512.3376136014359,64.73129865560419,565.0071451154367,491.00714511543674,364.0,25.0,879.2489307103183,855.0071451154367,128.08440340035898,5.0,238.82691370852336
FM-013,81,fast_moving,117,4,511.61266265142007,65.11213207682377,564.0071451154367,447.00714511543674,316.0,117.0,879.7478315624172,763.0071451154367,127.90316566285502,5.0,240.23200324814215
FM-013,82,fast_moving,111,4,494.358602595345,64.33486114832579,567.0071451154367,456.00714511543674,313.0,87.0,855.3125059477812,769.0071451154367,123.58965064883625,5.0,237.36425270359993
FM-013,83,fast_moving,126,4,486.5546641889072,62.15788416687431,517.0071451154367,391.00714511543674,339.0,108.0,837.5255998883706,730.0071451154367,121.6386660472268,5.0,229.3322696522366
FM-013,84,fast_moving,85,4,492.2302408439888,63.442079378732814,501.00714511543674,416.00714511543674,337.0,97.0,849.3581245608799,753.0071451154367,123.0575602109972,5.0,234.07032350589392
FM-013,85,fast_moving,110,4,488.1586518258729,63.28506932918695,441.00714511543674,331.00714511543674,409.0,104.0,843.689347800742,740.0071451154367,122.03966295646822,5.0,233.4910330184009
FM-013,86,fast_moving,156,4,581.269454575417,62.46937711329509,448.00714511543674,292.00714511543674,396.0,270.0,957.0683448859769,688.0071451154367,145.31736364385424,5.0,230.4815266667057
FM-013,87,fast_moving,111,4,671.0262647186023,28.86507072037597,379.00714511543674,268.00714511543674,579.0,99.0,945.2808604033171,847.0071451154367,167.75656617965058,5.0,106.49802950506417
FM-013,88,fast_moving,109,4,712.8211123639938,27.123648495221026,376.00714511543674,267.00714511543674,570.0,155.0,991.099421479647,837.0071451154367,178.20527809099846,5.0,100.07303102465475
FM-013,89,fast_moving,141,4,710.5613461203827,27.771041918350267,364.00714511543674,223.00714511543674,628.0,140.0,990.6632795839336,851.0071451154367,177.64033653009568,5.0,102.46159693345514
FM-013,90,fast_moving,208,4,649.3613748115646,35.99537007264498,327.00714511543674,119.00714511543674,664.0,162.0,944.5070742046537,783.0071451154367,162.34034370289115,5.0,132.80535569019793
FM-013,91,fast_moving,209,4,551.7732646069619,42.281110530499404,389.00714511543674,180.00714511543674,556.0,110.0,845.7132523208275,736.0071451154367,137.94331615174048,5.0,155.99667156212513
FM-013,92,fast_moving,137,4,668.2854470864505,40.90514355470188,279.00714511543674,142.00714511543674,567.0,278.0,986.2768335272694,709.0071451154367,167.07136177161263,5.0,150.9200246692063
FM-013,93,fast_moving,111,4,694.8664888092056,37.83262735137083,297.00714511543674,186.00714511543674,690.0,133.0,1008.167049777894,876.0071451154367,173.7166222023014,5.0,139.58393876638695
FM-013,94,fast_moving,179,4,697.3062160769867,39.49780909211198,326.00714511543674,147.00714511543674,683.0,188.0,1017.3604171484817,830.0071451154367,174.3265540192467,5.0,145.7276470522482
FM-013,95,fast_moving,113,4,648.7185586135158,39.38794557234811,309.00714511543674,196.00714511543674,709.0,52.0,956.220502526718,905.0071451154367,162.17963965337896,5.0,145.3223042598232
FM-013,96,fast_moving,251,4,553.8004651553617,50.01730469778205,306.00714511543674,55.00714511543674,651.0,171.0,876.7900354808767,706.0071451154367,138.45011628884043,5.0,184.5394540366744
FM-013,97,fast_moving,105,4,679.8127555866872,48.20296299010718,333.00714511543674,228.00714511543674,544.0,256.0,1027.611362721956,772.0071451154367,169.9531888966718,5.0,177.84541823859718
FM-013,98,fast_moving,139,4,678.0071794258489,46.88925851517131,361.00714511543674,222.00714511543674,667.0,132.0,1020.5074638822095,889.0071451154367,169.50179485646223,5.0,172.99848959989845
FM-013,99,fast_moving,203,4,659.9356035822108,49.03138712168895,410.00714511543674,207.00714511543674,611.0,188.0,1005.8214036258505,818.0071451154367,164.9839008955527,5.0,180.901899148087
FM-014,75,fast_moving,139,4,574.0079273792627,23.677859397357363,930.0940809715711,791.0940809715711,0.0,14.0,804.8696594614643,791.0940809715711,143.50198184481567,5.0,87.35975023738588
FM-014,76,fast_moving,165,4,595.9377156084888,23.1605322998038,791.0940809715711,626.0940809715711,14.0,191.0,830.3732101293884,640.0940809715711,148.9844289021222,5.0,85.45106561877738
FM-014,77,fast_moving,109,4,552.075370727082,27.93995393054585,626.0940809715711,517.0940809715711,205.0,72.0,793.1790132657588,722.0940809715711,138.0188426817705,5.0,103.08479985690639
FM-014,78,fast_moving,100,4,633.4154667676245,32.9650164218419,517.0940809715711,417.0940809715711,277.0,220.0,913.3941624972789,694.0940809715711,158.35386669190612,5.0,121.62482903774837
FM-014,79,fast_moving,98,4,647.5482630472545,34.541316768510185,417.0940809715711,319.0940809715711,497.0,121.0,936.8759371481926,816.0940809715711,161.88706576181363,5.0,127.44060833912452
FM-014,80,fast_moving,163,4,657.1202290842459,31.654788595497518,333.0940809715711,170.0940809715711,604.0,165.0,938.1910138916213,774.0940809715711,164.28005727106148,5.0,116.79072753631394
FM-014,81,fast_moving,124,4,652.6224375074794,32.02122693400384,361.0940809715711,237.0940809715711,578.0,119.0,933.9207531275258,815.0940809715711,163.15560937686985,5.0,118.1427062431766
FM-014,82,fast_moving,215,4,562.3924803880138,37.08237538376638,309.0940809715711,94.09408097157109,625.0,121.0,839.8064754917069,719.0940809715711,140.59812009700346,5.0,136.81587500668968
FM-014,83,fast_moving,151,4,570.5739564886766,36.21817789807225,314.0940809715711,163.0940809715711,526.0,158.0,846.8448534829413,689.0940809715711,142.64348912216914,5.0,133.6274078720955
FM-014,84,fast_moving,92,4,574.7492648584483,39.13684079856608,284.0940809715711,192.0940809715711,563.0,108.0,862.832431215859,755.0940809715711,143.68731621461208,5.0,144.39585014279848
FM-014,85,fast_moving,157,4,563.4850215218584,34.915282085025765,357.0940809715711,200.0940809715711,506.0,128.0,833.1766348252249,706.0940809715711,140.8712553804646,5.0,128.82035792290202
FM-014,86,fast_moving,142,4,581.7999887057941,34.889936834389516,319.0940809715711,177.0940809715711,515.0,164.0,855.9768321946511,692.0940809715711,145.44999717644853,5.0,128.7268463124085
FM-014,87,fast_moving,149,4,575.7374755720874,34.32723371259287,298.0940809715711,149.0940809715711,558.0,140.0,846.3225907655615,707.0940809715711,143.93436889302185,5.0,126.65074630045223
FM-014,88,fast_moving,85,4,566.5214393626972,37.42445381818874,307.0940809715711,222.0940809715711,540.0,85.0,846.2297767545195,762.0940809715711,141.6303598406743,5.0,138.0779775511481
FM-014,89,fast_moving,86,4,525.8150936060151,38.4785987803943,330.0940809715711,244.0940809715711,517.0,39.0,799.2361252181574,761.0940809715711,131.45377340150378,5.0,141.96725821063856
FM-014,90,fast_moving,139,4,532.8206154092919,38.10696820321742,372.0940809715711,233.0940809715711,428.0,146.0,806.6218919376632,661.0940809715711,133.20515385232298,5.0,140.59612267604834
FM-014,91,fast_moving,86,4,499.6609154877517,39.23254143810092,397.0940809715711,311.0940809715711,410.0,49.0,769.3250831760467,721.0940809715711,124.91522887193793,5.0,144.74893881635717
FM-014,92,fast_moving,93,4,503.7737351349098,39.59279913809759,451.0940809715711,358.0940809715711,319.0,99.0,775.7952829009014,677.0940809715711,125.94343378372746,5.0,146.07811398226414
FM-014,93,fast_moving,168,4,506.14249748668396,39.96905854565052,443.0940809715711,275.0940809715711,333.0,173.0,780.1444495011817,608.0940809715711,126.53562437167099,5.0,147.46632764282668
FM-014,94,fast_moving,169,4,533.1494765088936,41.35245628769395,314.0940809715711,145.0940809715711,467.0,207.0,819.0072360743063,612.0940809715711,133.2873691272234,5.0,152.57039043818924
FM-014,95,fast_moving,147,4,524.1723624040173,33.74907406137238,291.0940809715711,144.0940809715711,528.0,108.0,779.7330722402126,672.0940809715711,131.04309060100434,5.0,124.51761923519086
FM-014,96,fast_moving,145,4,549.6840200541457,33.448007874449395,193.0940809715711,48.09408097157109,587.0,176.0,810.5118569443903,635.0940809715711,137.42100501353642,5.0,123.40683187670821
FM-014,97,fast_moving,162,4,584.339418816717,32.879734230630895,147.0940809715711,0.0,664.0,188.0,851.7344528768949,664.0,146.08485470417924,5.0,121.31017935599876
FM-014,98,fast_moving,184,4,586.6699554890847,35.291642070042556,173.0,0.0,679.0,185.0,863.5463870265967,679.0,146.66748887227118,5.0,130.2089426652408
FM-014,99,fast_moving,146,4,599.9521338190534,35.375096266970544,207.0,61.0,657.0,163.0,880.4570152136663,718.0,149.98803345476335,5.0,130.51684793984955
FM-015,75,fast_moving,192,4,540.1172026992567,44.865468418487005,1038.167883469726,846.1678834697259,0.0,0.0,840.6781947971473,846.1678834697259,135.02930067481418,5.0,165.5316914230764
FM-015,76,fast_moving,106,4,576.0189056684939,45.976164393168894,846.1678834697259,740.1678834697259,0.0,150.0,889.6532498165385,740.1678834697259,144.00472641712346,5.0,169.62961773092115
FM-015,77,fast_moving,208,4,577.4890369404346,43.689023441028844,740.1678834697259,532.1678834697259,150.0,201.0,883.052479545335,682.1678834697259,144.37225923510866,5.0,161.19118336979173
FM-015,78,fast_moving,189,4,583.2274827004048,43.375374083955464,532.1678834697259,343.1678834697259,351.0,195.0,889.0683236274978,694.1678834697259,145.8068706751012,5.0,160.0339702519917
FM-015,79,fast_moving,177,4,578.6215661960275,38.409233665477224,343.1678834697259,166.1678834697259,546.0,153.0,864.9882925205072,712.1678834697259,144.65539154900688,5.0,141.7113347754728
FM-015,80,fast_moving,143,4,567.9600721159651,32.80654249946541,166.1678834697259,23.167883469725894,699.0,109.0,830.9902277185981,722.1678834697259,141.99001802899127,5.0,121.04013757364183
FM-015,81,fast_moving,119,4,582.3706021965064,34.819866124427826,173.1678834697259,54.16788346972589,658.0,145.0,856.4315723213765,712.1678834697259,145.5926505491266,5.0,128.46831957574355
FM-015,82,fast_moving,181,4,557.9919871731133,34.468491743575356,255.1678834697259,74.1678834697259,602.0,149.0,824.6619034902576,676.1678834697259,139.49799679327833,5.0,127.17191952386582
FM-015,83,fast_moving,156,4,554.2404139339541,34.07965781698925,269.1678834697259,113.1678834697259,556.0,150.0,818.5378294398307,669.1678834697259,138.56010348348852,5.0,125.73731202238807
FM-015,84,fast_moving,165,4,557.4608126071671,33.39564688352706,266.1678834697259,101.1678834697259,553.0,166.0,820.039661122799,654.1678834697259,139.36520315179177,5.0,123.21364536384007
FM-015,85,fast_moving,148,4,562.2166735349498,32.6231394989696,210.1678834697259,62.16788346972589,610.0,151.0,823.1343118912921,672.1678834697259,140.55416838373745,5.0,120.36346997260485
FM-015,86,fast_moving,141,4,579.9852478392635,33.14207953489695,207.1678834697259,66.1678834697259,616.0,166.0,847.2596653460408,682.1678834697259,144.99631195981587,5.0,122.27810554696143
FM-015,87,fast_moving,178,4,536.7483846020735,29.74097579141681,215.1678834697259,37.16788346972589,633.0,111.0,780.6651726707848,670.1678834697259,134.18709615051839,5.0,109.72969191819291
FM-015,88,fast_moving,128,4,561.5572840725641,29.61656674297386,187.1678834697259,59.16788346972589,594.0,159.0,811.2172883114961,653.1678834697259,140.38932101814103,5.0,109.270683220791
FM-015,89,fast_moving,132,4,542.0190023801822,26.62344253299509,225.1678834697259,93.1678834697259,587.0,96.0,775.7512680183075,680.1678834697259,135.50475059504555,5.0,98.22751504307973
FM-015,90,fast_moving,157,4,561.8925370410918,22.16025548311487,244.1678834697259,87.1678834697259,532.0,165.0,784.1262034387267,619.1678834697259,140.47313426027296,5.0,81.76053213736202
FM-015,91,fast_moving,126,4,674.8792354727757,20.94222822616836,253.1678834697259,127.1678834697259,531.0,263.0,920.8656500991146,658.1678834697259,168.71980886819392,5.0,77.26660575814503
FM-015,92,fast_moving,214,4,654.833168977217,26.64414112727705,238.1678834697259,24.167883469725894,683.0,210.0,916.8453439799588,707.1678834697259,163.70829224430426,5.0,98.30388275843744
FM-015,93,fast_moving,92,4,696.8578962637451,31.53305144341938,183.1678834697259,91.1678834697259,734.0,163.0,987.4139471627294,825.1678834697259,174.2144740659363,5.0,116.34157683304795
FM-015,94,fast_moving,189,4,697.2754376686835,31.95710265741264,187.1678834697259,0.0,801.0,189.0,989.5004160306122,801.0,174.31885941717087,5.0,117.90611894475784
FM-015,95,fast_moving,95,4,524.0308269874482,34.766252425194,165.0,70.0,825.0,0.0,783.3090449146339,895.0,131.00770674686206,5.0,128.27051118032367
FM-015,96,fast_moving,134,4,577.1887284711408,34.86751482029641,333.0,199.0,562.0,90.0,850.130030607622,761.0,144.2971821177852,5.0,128.64412001869582
FM-015,97,fast_moving,96,4,557.8605665921874,36.93723019338314,409.0,313.0,442.0,79.0,833.6060683016221,755.0,139.46514164804685,5.0,136.28036006138794
FM-015,98,fast_moving,233,4,559.0198385984986,44.97292632867137,476.0,243.0,358.0,264.0,864.702956937822,601.0,139.75495964962465,5.0,165.92815868969873
FM-015,99,fast_moving,194,4,628.3645292202291,46.72176234821495,432.0,238.0,433.0,287.0,957.8361719799644,671.0,157.09113230505727,5.0,172.3805104546781
FM-016,75,fast_moving,141,4,529.800969790816,56.161169174768,1048.1568387072934,907.1568387072934,0.0,0.0,869.4585289900875,907.1568387072934,132.450242447704,5.0,207.20731675156756
FM-016,76,fast_moving,130,4,514.7077341509398,55.44146832702394,907.1568387072934,777.1568387072934,0.0,71.0,847.9366394088595,777.1568387072934,128.67693353773495,5.0,204.5519717201847
FM-016,77,fast_moving,135,4,549.8959273460205,51.820449383992845,777.1568387072934,642.1568387072934,71.0,166.0,878.5620874703975,713.1568387072934,137.47398183650512,5.0,191.1921782878719
FM-016,78,fast_moving,141,4,546.8510491483739,51.86422115386893,642.1568387072934,501.15683870729345,237.0,137.0,874.9174862006877,738.1568387072934,136.71276228709348,5.0,191.3536747652203
FM-016,79,fast_moving,102,4,542.119562616133,51.46382847229334,501.15683870729345,399.15683870729345,374.0,95.0,867.5258743667873,773.1568387072934,135.52989065403324,5.0,189.87642109662116
FM-016,80,fast_moving,114,4,563.4609364218938,50.88738194312644,399.15683870729345,285.15683870729345,469.0,138.0,892.0757851433804,754.1568387072934,140.86523410547346,5.0,187.74961461601302
FM-016,81,fast_moving,146,4,558.9662579283179,50.22972865769465,356.15683870729345,210.15683870729345,536.0,138.0,884.0310172308552,746.1568387072934,139.74156448207947,5.0,185.32319482045793
FM-016,82,fast_moving,124,4,553.7130957246815,49.51016471651454,376.15683870729345,252.15683870729345,508.0,115.0,874.8097245633596,760.1568387072934,138.42827393117037,5.0,182.66835490750788
FM-016,83,fast_moving,128,4,559.8133206223804,48.80652541491675,389.15683870729345,261.15683870729345,486.0,133.0,879.8389199239616,747.1568387072934,139.9533301555951,5.0,180.0722691459862
FM-016,84,fast_moving,173,4,687.2504483961962,48.71028954638126,356.15683870729345,183.15683870729345,524.0,332.0,1038.780266233765,707.1568387072934,171.81261209904906,5.0,179.7172057385197
FM-016,85,fast_moving,99,4,836.2633291501269,50.36864103785203,321.15683870729345,222.15683870729345,718.0,292.0,1231.164875174281,940.1568387072934,209.06583228753172,5.0,185.83571373662244
FM-016,86,fast_moving,104,4,845.5592421016471,20.503908320372577,360.15683870729345,256.15683870729345,872.0,5.0,1132.5984717615402,1128.1568387072934,211.38981052541178,5.0,75.64941913448142
FM-016,87,fast_moving,155,4,850.8316414817974,21.82065593975153,371.15683870729345,216.15683870729345,762.0,166.0,1144.0471273438632,978.1568387072934,212.70791037044935,5.0,80.50757549161631
FM-016,88,fast_moving,356,4,767.957780500152,66.48732287108645,349.15683870729345,0.0,795.0,411.0,1205.2530120350375,795.0,191.989445125038,5.0,245.30578640984754
FM-016,89,fast_moving,312,4,547.6270377762203,80.38800140089792,332.0,20.0,874.0,88.0,981.1263061380729,894.0,136.90675944405507,5.0,296.59250891779755
FM-016,90,fast_moving,103,4,580.3539489252094,81.71918771638418,312.0,209.0,670.0,148.0,1026.946373176348,879.0,145.08848723130234,5.0,301.50393701983637
FM-016,91,fast_moving,204,4,581.2150009953834,82.47672554369659,214.0,10.0,813.0,208.0,1030.8176332917724,823.0,145.30375024884586,5.0,304.29888204754315
FM-016,92,fast_moving,140,4,789.444733872371,80.78778785600373,176.0,36.0,855.0,394.0,1284.8734432469269,891.0,197.36118346809275,5.0,298.06752590646295
FM-016,93,fast_moving,135,4,880.54342310201,79.86607379601017,447.0,312.0,838.0,246.0,1395.3461295489367,1150.0,220.1358557755025,5.0,294.66685067142413
FM-016,94,fast_moving,152,4,899.1312621549949,79.74800053759084,400.0,248.0,996.0,175.0,1418.1452956421194,1244.0,224.78281553874874,5.0,294.2312179483758
FM-016,95,fast_moving,121,4,852.4573751112601,79.89038965341425,396.0,275.0,1023.0,63.0,1360.3282832121422,1298.0,213.11434377781504,5.0,294.75656432306715
FM-016,96,fast_moving,321,4,767.7262568082709,89.25281005416079,483.0,162.0,878.0,249.0,1288.957149275906,1040.0,191.93156420206773,5.0,329.29932826556734
FM-016,97,fast_moving,329,4,554.560323211542,97.90844755466256,556.0,227.0,733.0,95.0,1054.4348121155301,960.0,138.6400808028855,5.0,361.2344081011026
FM-016,98,fast_moving,113,4,570.5564289420931,96.83934620989024,473.0,360.0,582.0,129.0,1070.485481863836,942.0,142.63910723552328,5.0,357.2899456862194
FM-016,99,fast_moving,137,4,559.260828921481,94.64088670282756,535.0,398.0,536.0,115.0,1048.2547387471755,934.0,139.81520723037025,5.0,349.1787025953243
FM-017,75,fast_moving,126,5,523.4982608917854,23.152227560769276,910.5496990637298,784.5496990637298,0.0,95.0,878.8207788266106,784.5496990637298,130.87456522294636,6.0,93.57338748893244
FM-017,76,fast_moving,135,5,511.4930453533786,21.658775683370646,784.5496990637298,649.5496990637298,95.0,111.0,854.7769336782037,744.5496990637298,127.87326133834465,6.0,87.53736564813589
FM-017,77,fast_moving,112,5,526.5774566315373,19.08684605448726,649.5496990637298,537.5496990637298,206.0,124.0,867.0086904410103,743.5496990637298,131.64436415788433,6.0,77.14250549370438
FM-017,78,fast_moving,152,5,537.5946770944545,18.13906395119783,537.5496990637298,385.5496990637298,330.0,165.0,879.7039099437245,715.5496990637298,134.39866927361362,6.0,73.31189430204284
FM-017,79,fast_moving,180,5,507.6324654674896,21.719659061403185,385.5496990637298,205.5496990637298,495.0,149.0,849.2321336458649,700.5496990637298,126.9081163668724,6.0,87.78343544463043
FM-017,80,fast_moving,125,5,525.2230084213008,20.28388270119656,205.5496990637298,80.5496990637298,644.0,146.0,869.8150309556081,724.5496990637298,131.3057521053252,6.0,81.98051832365688
FM-017,81,fast_moving,111,5,508.09427765697774,20.937024009132195,175.5496990637298,64.5496990637298,695.0,88.0,846.7617086508444,759.5496990637298,127.02356941424443,6.0,84.62029216537782
FM-017,82,fast_moving,85,5,495.5420563763573,23.79937512646624,175.5496990637298,90.5496990637298,672.0,77.0,839.5020212384675,762.5496990637298,123.88551409408933,6.0,96.18893667393145
FM-017,83,fast_moving,148,5,503.77068812713634,24.215909159275025,214.5496990637298,66.5496990637298,625.0,162.0,853.5284570020966,691.5496990637298,125.94267203178408,6.0,97.87242481139207
FM-017,84,fast_moving,147,5,503.5220293039567,23.757589880353617,231.5496990637298,84.5496990637298,622.0,145.0,851.3030989524748,706.5496990637298,125.88050732598917,6.0,96.02005499653976
FM-017,85,fast_moving,155,5,530.362102135711,24.63190551359705,233.5496990637298,78.5496990637298,618.0,199.0,895.0968930398211,696.5496990637298,132.59052553392775,6.0,99.55373983625462
FM-017,86,fast_moving,142,5,677.6248306154758,24.60065665164878,224.5496990637298,82.5496990637298,671.0,363.0,1115.8646885442222,753.5496990637298,169.40620765386896,6.0,99.42744262100832
FM-017,87,fast_moving,133,5,666.4252171622197,23.917861580085003,170.5496990637298,37.549699063729804,946.0,113.0,1096.3056441493777,983.5496990637298,166.60630429055493,6.0,96.66781840604801
FM-017,88,fast_moving,122,5,674.546315097845,24.0642835669327,114.5496990637298,0.0,982.0,128.0,1109.0790786584028,982.0,168.63657877446124,6.0,97.25960601163527
FM-017,89,fast_moving,127,5,704.5279370100374,24.149374892371675,162.0,35.0,948.0,172.0,1154.3954215693145,983.0,176.13198425250934,6.0,97.60351605425855
FM-017,90,fast_moving,268,5,479.3450297385178,43.464839901836875,180.0,0.0,975.0,0.0,894.6875658013596,975.0,119.83625743462945,6.0,175.67002119358295
FM-017,91,fast_moving,131,5,510.1517216099163,43.60398711480059,199.0,68.0,776.0,98.0,941.4599890654283,844.0,127.53793040247908,6.0,176.23240665055394
FM-017,92,fast_moving,158,5,525.1124052709561,42.51002898261265,431.0,273.0,511.0,176.0,959.4796098376709,784.0,131.27810131773902,6.0,171.81100193123675
FM-017,93,fast_moving,135,5,511.795404753095,42.25745268816273,386.0,251.0,574.0,114.0,938.4832820407125,825.0,127.94885118827375,6.0,170.79017491107007
FM-017,94,fast_moving,140,5,519.080930353282,41.16555069597111,379.0,239.0,560.0,146.0,944.9984759364967,799.0,129.7702325883205,6.0,166.37708040657353
FM-017,95,fast_moving,134,5,524.7281022971507,37.22264957019643,411.0,277.0,534.0,127.0,937.5333756760507,811.0,131.18202557428768,6.0,150.44122223032454
FM-017,96,fast_moving,141,5,559.5954467385749,37.29250285554421,277.0,136.0,661.0,194.0,990.1167154330193,797.0,139.89886168464372,6.0,150.72354532515703
FM-017,97,fast_moving,178,5,542.6193628054796,38.156392078002604,234.0,56.0,757.0,156.0,968.1441343857425,813.0,135.6548407013699,6.0,154.2150901775231
FM-017,98,fast_moving,127,5,537.5528626288019,38.70284558543803,232.0,105.0,737.0,121.0,962.7529623519881,842.0,134.38821565720048,6.0,156.4236684087852
FM-017,99,fast_moving,108,5,523.5050029292601,40.324485149399074,219.0,111.0,744.0,94.0,948.2352854420583,855.0,130.87625073231501,6.0,162.97778104816825
FM-018,75,fast_moving,162,4,570.3996015849818,40.65205706467683,901.8078752970025,739.8078752970025,0.0,124.0,862.9857609672268,739.8078752970025,142.59990039624546,5.0,149.98625898599963
FM-018,76,fast_moving,139,4,539.5971189196109,38.27531841800924,739.8078752970025,600.8078752970025,124.0,91.0,815.7136514906589,724.8078752970025,134.89927972990273,5.0,141.21725284114532
FM-018,77,fast_moving,242,4,547.216320837547,43.93293256888914,600.8078752970025,358.8078752970025,215.0,273.0,846.1114901106022,573.8078752970025,136.80408020938674,5.0,162.09108906366848
FM-018,78,fast_moving,112,4,536.5525366810555,45.97198143351094,358.8078752970025,246.8078752970025,488.0,106.0,840.3048555017056,734.8078752970025,134.13813417026387,5.0,169.61418465038633
FM-018,79,fast_moving,189,4,559.2367010078021,45.70557952810573,246.8078752970025,57.80787529700251,594.0,216.0,867.6771678399336,651.8078752970025,139.80917525195053,5.0,168.63129158018086
FM-018,80,fast_moving,117,4,560.7355620968397,44.83645494804079,181.8078752970025,64.80787529700251,686.0,116.0,866.3440984920275,750.8078752970025,140.18389052420991,5.0,165.4246458709779
FM-018,81,fast_moving,104,4,557.7610667174048,46.84754324073256,155.8078752970025,51.80787529700251,711.0,108.0,870.0459139842351,762.8078752970025,139.4402666793512,5.0,172.84458058747902
FM-018,82,fast_moving,107,4,543.1122501215519,46.59688005402541,324.8078752970025,217.8078752970025,546.0,88.0,850.810068363278,763.8078752970025,135.77806253038798,5.0,171.9197557113381
FM-018,83,fast_moving,140,4,554.1334333609883,46.401121781311524,323.8078752970025,183.8078752970025,528.0,153.0,863.8642948844123,711.8078752970025,138.53335834024708,5.0,171.19750318317685
FM-018,84,fast_moving,114,4,558.199316591667,46.08576174804358,399.8078752970025,285.8078752970025,465.0,117.0,867.783124244334,750.8078752970025,139.54982914791674,5.0,170.03397850475022
FM-018,85,fast_moving,118,4,540.0361640653621,43.81692683111264,401.8078752970025,283.8078752970025,466.0,87.0,836.7082895648814,749.8078752970025,135.00904101634052,5.0,161.6630844831788
FM-018,86,fast_moving,93,4,532.1311932459171,41.203995325322914,391.8078752970025,298.8078752970025,445.0,74.0,817.1866334692056,743.8078752970025,133.03279831147927,5.0,152.02264191180925
FM-018,87,fast_moving,108,4,529.3640366499968,41.781482832617485,386.8078752970025,278.8078752970025,431.0,107.0,815.8583349063767,709.8078752970025,132.3410091624992,5.0,154.15328909388072
FM-018,88,fast_moving,194,4,534.1300719999882,44.41355764363067,431.8078752970025,237.8078752970025,385.0,209.0,831.5269511226951,622.8078752970025,133.53251799999705,5.0,163.86436112270988
FM-018,89,fast_moving,65,4,531.164594672452,48.63469269290529,354.8078752970025,289.8078752970025,477.0,77.0,843.3940335687101,766.8078752970025,132.791148668113,5.0,179.4382902281451
FM-018,90,fast_moving,157,4,559.7164116015986,36.72332452410276,376.8078752970025,219.8078752970025,467.0,149.0,835.1366669948683,686.8078752970025,139.92910290039964,5.0,135.49115249287016
FM-018,91,fast_moving,124,4,550.3343803834204,36.53431825361482,293.8078752970025,169.8078752970025,542.0,111.0,822.7117870383208,711.8078752970025,137.5835950958551,5.0,134.7938115590453
FM-018,92,fast_moving,120,4,518.771177695595,31.13535380255474,276.8078752970025,156.8078752970025,546.0,61.0,763.338238669425,702.8078752970025,129.69279442389876,5.0,114.87426654993129
FM-018,93,fast_moving,175,4,528.2720193371066,34.6184329142135,365.8078752970025,190.8078752970025,398.0,200.0,788.0651534680342,588.8078752970025,132.06800483427665,5.0,127.72512929665092
FM-018,94,fast_moving,101,4,525.9885432677606,34.77639193328484,267.8078752970025,166.8078752970025,521.0,98.0,785.7936001034511,687.8078752970025,131.49713581694016,5.0,128.3079210187504
FM-018,95,fast_moving,142,4,536.7310562944726,34.67948480970658,315.8078752970025,173.8078752970025,470.0,156.0,798.86420137573,643.8078752970025,134.18276407361816,5.0,127.9503810076392
FM-018,96,fast_moving,108,4,563.4135534020116,34.81526337833116,284.8078752970025,176.8078752970025,515.0,141.0,832.7182794405518,691.8078752970025,140.8533883505029,5.0,128.45133768803728
FM-018,97,fast_moving,138,4,550.4571641949606,34.8461821474952,237.8078752970025,99.80787529700251,595.0,122.0,816.6368681066299,694.8078752970025,137.61429104874014,5.0,128.56541286292912
FM-018,98,fast_moving,159,4,565.1695337834879,35.86459578427217,299.8078752970025,140.8078752970025,517.0,181.0,838.7847795920151,657.8078752970025,141.29238344587196,5.0,132.32286236265517
FM-018,99,fast_moving,117,4,692.0602348132221,34.41544823074485,238.8078752970025,121.80787529700251,600.0,271.0,992.0515083546437,721.8078752970025,173.01505870330553,5.0,126.97621483811608
FM-019,75,fast_moving,89,5,553.8999747062464,17.66098118481123,756.167317026227,667.167317026227,0.0,236.0,902.2296092878446,667.167317026227,138.4749936765616,6.0,71.37964722847498
FM-019,76,fast_moving,92,5,565.6245980055293,17.926488065401276,667.167317026227,575.167317026227,236.0,110.0,920.889632264831,811.167317026227,141.40614950138232,6.0,72.45273525653704
FM-019,77,fast_moving,196,5,526.6262822189505,31.561092568264545,575.167317026227,379.167317026227,346.0,193.0,917.4985679814663,725.167317026227,131.6565705547376,6.0,127.55914465304072
FM-019,78,fast_moving,186,5,428.3027906238815,37.94108117892319,379.167317026227,193.167317026227,539.0,64.0,795.7990630793181,732.167317026227,107.07569765597037,6.0,153.3448771434958
FM-019,79,fast_moving,96,5,427.10830951710875,37.16888000768438,193.167317026227,97.16731702622701,603.0,91.0,790.8863683194397,700.167317026227,106.77707737927719,6.0,150.22390404377666
FM-019,80,fast_moving,80,5,423.2230478594972,36.99878722891137,97.16731702622701,17.16731702622701,694.0,74.0,784.3710189800946,711.167317026227,105.8057619648743,6.0,149.53644719084878
FM-019,81,fast_moving,167,5,409.56822919594197,39.185129309144266,253.167317026227,86.16731702622701,532.0,155.0,772.7252381093422,618.167317026227,102.39205729898549,6.0,158.37289431542922
FM-019,82,fast_moving,142,5,406.36651064342504,39.552464346705804,196.167317026227,54.16731702622701,577.0,139.0,769.4073029015753,631.167317026227,101.59162766085626,6.0,159.8575369364378
FM-019,83,fast_moving,66,5,408.73437280057226,42.5178695464534,247.167317026227,181.167317026227,523.0,81.0,784.9442500102593,704.167317026227,102.18359320014306,6.0,171.84269080940086
FM-019,84,fast_moving,75,5,410.9021517641164,43.29771711871546,245.167317026227,170.167317026227,540.0,82.0,791.3477956937395,710.167317026227,102.7255379410291,6.0,174.99456804756488
FM-019,85,fast_moving,100,5,356.4705912022332,43.63984300425353,261.167317026227,161.167317026227,531.0,19.0,711.0832106990688,692.167317026227,89.1176478005583,6.0,176.37732389571894
FM-019,86,fast_moving,78,5,494.0500194999648,44.2069724167626,235.167317026227,157.167317026227,476.0,287.0,919.7444963156393,633.167317026227,123.5125048749912,6.0,178.66946706569212
FM-019,87,fast_moving,97,5,490.08823768099745,44.41384630483767,312.167317026227,215.167317026227,608.0,92.0,914.637937107556,823.167317026227,122.52205942024936,6.0,179.50558058605986
FM-019,88,fast_moving,87,5,489.8376691148137,44.50583367120798,354.167317026227,267.167317026227,561.0,87.0,914.6338657404235,828.167317026227,122.45941727870343,6.0,179.8773620682029
FM-019,89,fast_moving,102,5,598.2167348335122,44.20813244595358,348.167317026227,246.167317026227,567.0,263.0,1075.999257757308,813.167317026227,149.55418370837805,6.0,178.67415550703976
FM-019,90,fast_moving,211,5,463.96832228969276,46.67536548962143,328.167317026227,117.16731702622701,748.0,20.0,884.598351296887,865.167317026227,115.99208057242319,6.0,188.64586786234796
FM-019,91,fast_moving,81,5,454.95421388616194,42.11172563428666,136.167317026227,55.16731702622701,749.0,49.0,852.6325168161824,804.167317026227,113.73855347154048,6.0,170.20119598693955
FM-019,92,fast_moving,99,5,460.3087586148417,42.058719636193125,342.167317026227,243.167317026227,511.0,107.0,860.4501017889525,754.167317026227,115.07718965371042,6.0,169.98696386669
FM-019,93,fast_moving,175,5,363.8893378563095,45.19927387662724,335.167317026227,160.167317026227,526.0,43.0,728.5140170588402,686.167317026227,90.97233446407738,6.0,182.680010274376
FM-019,94,fast_moving,115,5,394.3697359554817,42.31202774989272,247.167317026227,132.167317026227,482.0,149.0,762.5653525832595,614.167317026227,98.59243398887043,6.0,171.010748650037
FM-019,95,fast_moving,78,5,372.8796866393572,41.98107021516074,395.167317026227,317.167317026227,368.0,44.0,728.9926614161452,685.167317026227,93.2199216598393,6.0,169.6731314571094
FM-019,96,fast_moving,65,5,361.02428795157033,42.059176869909834,337.167317026227,272.167317026227,392.0,48.0,711.5252437763891,664.167317026227,90.25607198789258,6.0,169.98881184903357
FM-019,97,fast_moving,71,5,372.6755138619267,42.30960368642755,321.167317026227,250.167317026227,391.0,89.0,730.0142222072473,641.167317026227,93.16887846548167,6.0,171.00095141435725
FM-019,98,fast_moving,82,5,352.82805186068737,42.762612474462145,357.167317026227,275.167317026227,373.0,54.0,702.0739358318626,648.167317026227,88.20701296517184,6.0,172.83185804083152
FM-019,99,fast_moving,99,5,346.56237272206687,42.12511888440958,318.167317026227,219.167317026227,384.0,87.0,690.0988860075577,603.167317026227,86.64059318051672,6.0,170.2553269244573
FM-020,75,fast_moving,134,5,518.9598498514193,55.812185049503285,1033.3513616570676,899.3513616570676,0.0,105.0,1004.0135431989027,899.3513616570676,129.73996246285483,6.0,225.57376842177362
FM-020,76,fast_moving,159,5,535.7155079662211,53.430400450564576,899.3513616570676,740.3513616570676,105.0,175.0,1019.5206714124835,845.3513616570676,133.92887699155528,6.0,215.94740946315176
FM-020,77,fast_moving,131,5,533.029371301969,51.05615309863021,740.3513616570676,609.3513616570676,280.0,117.0,1005.8955704327062,889.3513616570676,133.25734282549226,6.0,206.35151347975273
FM-020,78,fast_moving,281,5,610.8832638806318,63.82317318887735,609.3513616570676,328.3513616570676,397.0,449.0,1174.2763391496962,725.3513616570676,152.72081597015796,6.0,257.9514433287485
FM-020,79,fast_moving,157,5,660.4424193303263,63.56553250840363,328.3513616570676,171.35136165706763,846.0,231.0,1247.5737767874002,1017.3513616570676,165.11060483258157,6.0,256.9101477919108
FM-020,80,fast_moving,195,5,635.784356322798,63.048719460755265,171.35136165706763,0.0,1077.0,132.0,1208.4979006485082,1077.0,158.9460890806995,6.0,254.82136616431134
FM-020,81,fast_moving,160,5,850.8458808481031,60.86439319482576,105.0,0.0,1104.0,419.0,1522.2618875440437,1104.0,212.71147021202577,6.0,245.9930662718891
FM-020,82,fast_moving,353,5,723.5371147435945,73.8947623139549,175.0,0.0,1348.0,36.0,1383.9630349655572,1348.0,180.88427868589864,6.0,298.6573628501652
FM-020,83,fast_moving,123,5,716.327051762114,72.45900697848187,117.0,0.0,1267.0,101.0,1367.345108347147,1267.0,179.0817629405285,6.0,292.85453070397597
FM-020,84,fast_moving,183,5,742.236204615317,69.87901632877293,449.0,266.0,919.0,211.0,1395.7813975826027,1185.0,185.55905115382924,6.0,282.42709065962737
FM-020,85,fast_moving,267,5,611.3047258180544,74.26011111332983,497.0,230.0,899.0,89.0,1217.0910665026483,1129.0,152.8261814545136,6.0,300.1339777755668
FM-020,86,fast_moving,160,5,610.4166553444473,69.06258774214164,362.0,202.0,856.0,137.0,1194.7523484859958,1058.0,152.60416383611184,6.0,279.1273654693247
FM-020,87,fast_moving,46,5,594.1136962652868,79.27734503562431,621.0,575.0,574.0,63.0,1211.5824661726738,1149.0,148.5284240663217,6.0,320.4119217747436
FM-020,88,fast_moving,143,5,562.1143712785076,78.87388505449528,611.0,468.0,601.0,93.0,1161.9528314015965,1069.0,140.5285928196269,6.0,318.78127448383515
FM-020,89,fast_moving,73,5,573.6316395904712,84.3259092708698,569.0,496.0,593.0,113.0,1201.2639515719766,1089.0,143.4079098976178,6.0,340.8164921862697
FM-020,90,fast_moving,108,5,558.8371728375413,85.55310241793296,707.0,599.0,495.0,91.0,1184.032146535721,1094.0,139.70929320938532,6.0,345.77638727940905
FM-020,91,fast_moving,96,5,522.8262875104117,81.3758295873267,688.0,592.0,497.0,25.0,1113.1327100752546,1089.0,130.70657187760293,6.0,328.8932788096372
FM-020,92,fast_moving,50,5,515.9562595040468,86.80016837984375,729.0,679.0,385.0,61.0,1124.7509907512322,1064.0,128.9890648760117,6.0,350.816601495162
FM-020,93,fast_moving,131,5,518.7452827720236,85.87834269237933,742.0,611.0,383.0,132.0,1125.2088214191685,994.0,129.6863206930059,6.0,347.090897261133
FM-020,94,fast_moving,99,5,576.7580666043851,86.68954333180515,704.0,605.0,422.0,189.0,1215.506592782972,1027.0,144.18951665109628,6.0,350.369492876394
FM-020,95,fast_moving,127,5,581.4809709184817,58.785791061864906,718.0,591.0,498.0,21.0,1109.8135235529871,1089.0,145.37024272962043,6.0,237.59206717526462
FM-020,96,fast_moving,175,5,599.076782429828,60.490516315390856,682.0,507.0,428.0,209.0,1143.0971574075857,935.0,149.769195607457,6.0,244.48198376284378
FM-020,97,fast_moving,135,5,613.2548777851589,58.24638208198884,532.0,397.0,612.0,147.0,1155.29427719344,1009.0,153.31371944628972,6.0,235.41196051570154
FM-020,98,fast_moving,192,5,556.7109034906088,45.12106222608531,458.0,266.0,698.0,54.0,1017.4302607612708,964.0,139.1777258726522,6.0,182.36390552535778
FM-020,99,fast_moving,97,5,577.3930171387748,43.600752757557395,398.0,301.0,620.0,122.0,1042.308860192645,921.0,144.3482542846937,6.0,176.21933448448263
FM-021,75,fast_moving,100,5,478.4157221472226,24.36816965444234,825.509761264839,725.509761264839,0.0,91.0,816.1113928921126,725.509761264839,119.60393053680565,6.0,98.48780967127873
FM-021,76,fast_moving,107,5,487.4653698939588,22.892446408457406,725.509761264839,618.509761264839,91.0,115.0,823.7214957377428,709.509761264839,121.8663424734897,6.0,92.52344089680452
FM-021,77,fast_moving,71,5,463.80746002446125,22.14520843004751,618.509761264839,547.509761264839,206.0,32.0,785.2145505236668,753.509761264839,115.95186500611531,6.0,89.50336048697496
FM-021,78,fast_moving,119,5,465.0183500749733,22.30097157823678,547.509761264839,428.50976126483897,238.0,122.0,787.6604269851937,666.509761264839,116.25458751874332,6.0,90.13290187273378
FM-021,79,fast_moving,119,5,465.94877529811646,20.064000163578886,428.50976126483897,309.50976126483897,360.0,111.0,780.0149912369874,669.509761264839,116.48719382452911,6.0,81.0918282898127
FM-021,80,fast_moving,117,5,479.17736531302523,19.497205585442675,309.50976126483897,192.50976126483897,471.0,135.0,797.5670863754244,663.509761264839,119.79434132825631,6.0,78.80103840588659
FM-021,81,fast_moving,71,5,556.9413964726584,20.8126564058185,283.50976126483897,212.50976126483897,515.0,193.0,919.5297355460906,727.509761264839,139.2353491181646,6.0,84.11764083710297
FM-021,82,fast_moving,161,5,702.6679313240478,25.96916317283689,327.50976126483897,166.50976126483897,593.0,400.0,1158.9603750399406,759.509761264839,175.66698283101195,6.0,104.9584780538689
FM-021,83,fast_moving,172,5,721.5768551327799,30.899132839877616,198.50976126483897,26.50976126483897,961.0,220.0,1207.2490124702585,987.509761264839,180.39421378319497,6.0,124.88372977108885
FM-021,84,fast_moving,141,5,760.8954326093859,31.03533965807851,148.50976126483897,7.509761264838971,1059.0,201.0,1266.7773800719,1066.509761264839,190.22385815234648,6.0,125.43423115782122
FM-021,85,fast_moving,261,5,654.8642851069619,51.15248696864032,118.50976126483897,0.0,1149.0,41.0,1189.037289703875,1149.0,163.71607127674048,6.0,206.74086204343212
FM-021,86,fast_moving,188,5,633.3122043555345,53.35476332278839,135.0,0.0,1055.0,111.0,1165.6100165881624,1055.0,158.32805108888363,6.0,215.64171005486054
FM-021,87,fast_moving,176,5,623.0879785767443,52.68362271678078,193.0,17.0,973.0,158.0,1147.5611570698484,990.0,155.77199464418607,6.0,212.929189204732
FM-021,88,fast_moving,196,5,588.5863216717837,53.52952695858852,417.0,221.0,731.0,148.0,1099.2275274224876,952.0,147.14658041794593,6.0,216.34804491481196
FM-021,89,fast_moving,182,5,650.1450849183972,53.00604706673594,441.0,259.0,659.0,272.0,1189.4499455600917,918.0,162.5362712295993,6.0,214.23231818249585
FM-021,90,fast_moving,289,5,506.05735301130653,59.396322082457935,460.0,171.0,730.0,99.0,999.1456543220038,901.0,126.51433825282663,6.0,240.05962480504402
FM-021,91,fast_moving,139,5,554.1480054941159,58.25210461698097,212.0,73.0,788.0,206.0,1066.6570972866393,861.0,138.53700137352897,6.0,235.43508904546536
FM-021,92,fast_moving,112,5,503.16479153987524,58.79418687469377,184.0,72.0,883.0,38.0,992.3731874897984,955.0,125.79119788496881,6.0,237.62600017998557
FM-021,93,fast_moving,95,5,599.905488274149,60.719932941417674,230.0,135.0,763.0,248.0,1145.2674397333237,898.0,149.97637206853724,6.0,245.40920732210023
FM-021,94,fast_moving,203,5,695.2887851453432,53.80437023523517,283.0,80.0,863.0,318.0,1260.3920451814079,943.0,173.8221962863358,6.0,217.45886746339315
FM-021,95,fast_moving,119,5,821.7027337961564,56.12611714381308,352.0,233.0,909.0,318.0,1459.396675300163,1142.0,205.4256834490391,6.0,226.8425746059284
FM-021,96,fast_moving,150,5,817.9609903831104,56.54916172948716,332.0,182.0,1128.0,146.0,1455.4938617466191,1310.0,204.4902475957776,6.0,228.5523761719536
FM-021,97,fast_moving,138,5,664.6778006295774,56.69723911335477,388.0,250.0,1068.0,0.0,1226.1675552706408,1318.0,166.16945015739435,6.0,229.1508543262747
FM-021,98,fast_moving,138,5,677.6818190403484,50.72247264052918,288.0,150.0,1030.0,42.0,1221.525619722124,1180.0,169.4204547600871,6.0,205.00289116160138
FM-021,99,fast_moving,226,5,489.5230523090643,53.28467331471979,398.0,172.0,824.0,0.0,949.6430086713283,996.0,122.38076307726608,6.0,215.35843020773174
FM-022,75,fast_moving,87,5,402.86699536580215,26.014295872531147,713.763756210746,626.763756210746,0.0,83.0,709.4413820427646,626.763756210746,100.71674884145054,6.0,105.14088899406147
FM-022,76,fast_moving,86,5,410.1492245130842,24.015486456526148,626.763756210746,540.763756210746,83.0,89.0,712.2862215459214,623.763756210746,102.53730612827106,6.0,97.06238477629506
FM-022,77,fast_moving,122,5,407.6300051656783,23.93688281657325,540.763756210746,418.763756210746,172.0,118.0,708.1897034886259,590.763756210746,101.90750129141958,6.0,96.74469574010848
FM-022,78,fast_moving,101,5,416.42805355760197,22.070109732163637,418.763756210746,317.763756210746,290.0,107.0,713.841917564609,607.763756210746,104.10701338940049,6.0,89.19983722820612
FM-022,79,fast_moving,102,5,411.206052912012,22.080853755326196,317.763756210746,215.763756210746,397.0,94.0,706.0523402642035,612.763756210746,102.801513228003,6.0,89.24326089618542
FM-022,80,fast_moving,125,5,409.1882174374784,19.819376688172937,215.763756210746,90.76375621074601,491.0,113.0,693.8854700011764,581.763756210746,102.2970543593696,6.0,80.1031438449588
FM-022,81,fast_moving,91,5,398.7385373542217,19.91810154685355,173.763756210746,82.76375621074601,521.0,75.0,678.6099619986395,603.763756210746,99.68463433855543,6.0,80.502155967307
FM-022,82,fast_moving,112,5,414.5618575382056,19.288963231965134,171.763756210746,59.76375621074601,507.0,134.0,699.8021803235822,566.763756210746,103.6404643845514,6.0,77.95939401627373
FM-022,83,fast_moving,100,5,398.7385373542217,15.924903896179872,177.763756210746,77.76375621074601,523.0,62.0,662.4708224663583,600.763756210746,99.68463433855543,6.0,64.36301643502576
FM-022,84,fast_moving,116,5,423.80459070873786,14.151651167592815,184.763756210746,68.76375621074601,478.0,147.0,692.9030212875728,546.763756210746,105.95114767718447,6.0,57.1961352244659
FM-022,85,fast_moving,67,5,394.42842575432667,17.076374442561423,162.763756210746,95.76375621074601,531.0,34.0,660.6595052991053,626.763756210746,98.60710643858167,6.0,69.01686666761536
FM-022,86,fast_moving,79,5,388.45463503093424,17.99323234597973,208.763756210746,129.763756210746,452.0,74.0,655.4044453635379,581.763756210746,97.11365875773356,6.0,72.72249281713654
FM-022,87,fast_moving,112,5,391.1576862364242,17.402107152104726,204.763756210746,92.76375621074601,451.0,114.0,657.0698962582619,543.763756210746,97.78942155910605,6.0,70.3333669036256
FM-022,88,fast_moving,122,5,385.99711118385557,17.922911851336266,226.763756210746,104.76375621074601,431.0,116.0,651.4339481978644,535.763756210746,96.49927779596389,6.0,72.43828142208115
FM-022,89,fast_moving,125,5,406.11345312153236,18.158490279502026,166.763756210746,41.76375621074601,485.0,156.0,682.5605885610112,526.763756210746,101.52836328038309,6.0,73.3904088787126
FM-022,90,fast_moving,138,5,411.7265605768309,19.821963989732616,188.763756210746,50.76375621074601,494.0,153.0,697.7034416984477,544.763756210746,102.93164014420772,6.0,80.11360083320147
FM-022,91,fast_moving,113,5,426.41597915424563,19.802550988219313,84.76375621074601,0.0,613.0,107.0,719.6591088502322,613.0,106.60399478856141,6.0,80.03514011886374
FM-022,92,fast_moving,108,5,408.88269532304713,19.724707920881936,74.0,0.0,646.0,48.0,693.0445680417015,646.0,102.22067383076178,6.0,79.72052505713076
FM-022,93,fast_moving,95,5,403.86979870820613,19.360612937955597,114.0,19.0,580.0,86.0,684.0536756914131,599.0,100.96744967705153,6.0,78.2489776291039
FM-022,94,fast_moving,105,5,400.08879107435735,18.83906198329037,135.0,30.0,550.0,97.0,676.2742336128845,580.0,100.02219776858934,6.0,76.14104700134835
FM-022,95,fast_moving,66,5,402.1449232531201,21.907439317179403,186.0,120.0,491.0,81.0,691.7597639115053,611.0,100.53623081328003,6.0,88.54237903182515
FM-022,96,fast_moving,111,5,406.6857657625569,21.97171841837617,273.0,162.0,419.0,118.0,698.8308218241043,581.0,101.67144144063923,6.0,88.80217318026888
FM-022,97,fast_moving,109,5,393.8882666029879,21.747973675134872,269.0,160.0,430.0,89.0,678.7302733363583,590.0,98.47206665074698,6.0,87.89787343187638
FM-022,98,fast_moving,98,5,414.5954272210953,18.881886585445887,208.0,110.0,471.0,118.0,698.2072702321273,581.0,103.64885680527382,6.0,76.31412940048422
FM-022,99,fast_moving,147,5,409.5451142835482,20.08986222209013,196.0,49.0,503.0,144.0,695.5140253127684,552.0,102.38627857088704,6.0,81.19635388744611
FM-023,75,fast_moving,86,5,386.50501386969506,24.514778379058622,725.1116062853397,639.1116062853397,0.0,40.0,678.8378728116189,639.1116062853397,96.62625346742377,6.0,99.0803520070764
FM-023,76,fast_moving,111,5,398.2568862580876,23.921881411302316,639.1116062853397,528.1116062853397,40.0,126.0,694.0693945764814,568.1116062853397,99.5642215645219,6.0,96.68406518934998
FM-023,77,fast_moving,108,5,403.41836110536485,23.757320059515497,528.1116062853397,420.1116062853397,166.0,116.0,701.1465061310176,586.1116062853397,100.85459027634121,6.0,96.01896447297041
FM-023,78,fast_moving,106,5,413.0620875427427,22.484752668510808,420.1116062853397,314.1116062853397,282.0,115.0,710.4688135144951,596.1116062853397,103.26552188568567,6.0,90.87568220038095
FM-023,79,fast_moving,89,5,490.79262448139235,22.472205054244256,314.1116062853397,225.1116062853397,397.0,205.0,827.0139057559397,622.1116062853397,122.69815612034809,6.0,90.82496903385112
FM-023,80,fast_moving,102,5,500.0531692279906,22.23533800980452,225.1116062853397,123.11160628533969,602.0,115.0,839.9473872728356,725.1116062853397,125.01329230699766,6.0,89.8676334308496
FM-023,81,fast_moving,121,5,488.323361829534,19.868800436091565,163.1116062853397,42.11160628533969,677.0,94.0,812.7879404791612,719.1116062853397,122.0808404573835,6.0,80.30289773486015
FM-023,82,fast_moving,98,5,484.70143150382654,19.444200242666824,168.1116062853397,70.11160628533969,645.0,91.0,805.6389561899468,715.1116062853397,121.17535787595664,6.0,78.58680893420703
FM-023,83,fast_moving,141,5,410.26588921432915,21.830348200706837,186.1116062853397,45.11160628533969,620.0,39.0,703.6296369198711,665.1116062853397,102.56647230358229,6.0,88.2308030983774
FM-023,84,fast_moving,97,5,410.3449753859019,21.92791219731908,160.1116062853397,63.11160628533969,544.0,98.0,704.1425864920252,607.1116062853397,102.58624384647547,6.0,88.62512341317232
FM-023,85,fast_moving,75,5,392.9070716264234,22.863306174540256,268.1116062853397,193.1116062853397,437.0,52.0,681.7662734747037,630.1116062853397,98.22676790660584,6.0,92.40566603506862
FM-023,86,fast_moving,79,5,391.61464962020204,18.738757313147183,308.1116062853397,229.1116062853397,374.0,61.0,663.1576242515475,603.1116062853397,97.90366240505051,6.0,75.73564982124452
FM-023,87,fast_moving,132,5,389.53634940897985,19.602786301167296,323.1116062853397,191.1116062853397,341.0,132.0,663.5322836716916,532.1116062853397,97.38408735224496,6.0,79.22775955822179
FM-023,88,fast_moving,138,5,406.3405796835064,20.998473693006815,282.1116062853397,144.1116062853397,382.0,169.0,694.3795203017119,526.1116062853397,101.5851449208766,6.0,84.86865077645227
FM-023,89,fast_moving,121,5,422.60016903355967,21.31960696226933,183.1116062853397,62.11160628533969,512.0,146.0,720.066815197848,574.1116062853397,105.65004225838992,6.0,86.16656164750844
FM-023,90,fast_moving,137,5,422.81347260223146,22.761866445934658,160.1116062853397,23.11160628533969,560.0,144.0,726.2158902401111,583.1116062853397,105.70336815055786,6.0,91.99568133676392
FM-023,91,fast_moving,109,5,426.83735212784757,22.72804660687109,75.11160628533969,0.0,652.0,81.0,732.1150213028687,652.0,106.70933803196189,6.0,91.85899311109743
FM-023,92,fast_moving,130,5,549.48546377689,22.30786914165106,61.0,0.0,672.0,243.0,914.3889751309441,672.0,137.3713659442225,6.0,90.16077946560902
FM-023,93,fast_moving,93,5,553.8251431263518,22.839462026086068,132.0,39.0,783.0,102.0,923.0470108294409,822.0,138.45628578158795,6.0,92.30929613991313
FM-023,94,fast_moving,116,5,563.0036842045681,22.738197840322417,208.0,92.0,716.0,129.0,936.4055472326054,808.0,140.75092105114203,6.0,91.90002092575321
FM-023,95,fast_moving,84,5,532.1977553130989,23.802607053936434,238.0,154.0,699.0,42.0,894.4986319893394,853.0,133.04943882827473,6.0,96.20199901969107
FM-023,96,fast_moving,143,5,432.7951858560131,24.013350987336764,298.0,155.0,597.0,0.0,746.2465327240202,752.0,108.19879646400328,6.0,97.05375394000059
FM-023,97,fast_moving,136,5,436.83262104756193,24.436469172960066,236.0,100.0,516.0,139.0,754.0127845431978,616.0,109.20815526189048,6.0,98.76385297185496
FM-023,98,fast_moving,201,5,477.0593096409048,31.33053724567401,343.0,142.0,412.0,289.0,842.2162833329792,554.0,119.2648274102262,6.0,126.62731887162191
FM-023,99,fast_moving,115,5,465.823541979286,28.426468344908848,244.0,129.0,599.0,86.0,813.6253783156972,728.0,116.4558854948215,6.0,114.89006534676811
FM-024,75,fast_moving,115,5,421.36727694107157,26.865047352103627,807.8719720626169,692.8719720626169,0.0,48.0,740.630250993405,692.8719720626169,105.34181923526789,6.0,108.57933558179764
FM-024,76,fast_moving,131,5,506.2976240059502,27.075156556594532,692.8719720626169,561.8719720626169,48.0,260.0,868.8749611538099,609.8719720626169,126.57440600148755,6.0,109.42852514488457
FM-024,77,fast_moving,188,5,517.6304492370222,34.91858663101492,561.8719720626169,373.8719720626169,308.0,236.0,917.574661501042,681.8719720626169,129.40761230925554,6.0,141.1289876455088
FM-024,78,fast_moving,104,5,499.58083821781617,35.0032965480506,373.8719720626169,269.8719720626169,544.0,77.0,890.842613492503,813.8719720626169,124.89520955445404,6.0,141.4713561657788
FM-024,79,fast_moving,80,5,521.3688330939286,35.94333146667235,269.8719720626169,189.87197206261692,621.0,117.0,927.3239055268581,810.8719720626169,130.34220827348216,6.0,145.27065588596508
FM-024,80,fast_moving,166,5,429.6930550006099,37.95290604055346,189.87197206261692,23.87197206261692,738.0,37.0,797.9322516919112,761.8719720626169,107.42326375015247,6.0,153.39266919099651
FM-024,81,fast_moving,112,5,415.3708838100622,37.905246237265025,71.87197206261692,0.0,727.0,50.0,776.2563702772479,727.0,103.84272095251555,6.0,153.2000445621547
FM-024,82,fast_moving,109,5,414.7147316884277,36.816070905558064,260.0,151.0,517.0,103.0,770.8700678196669,668.0,103.67868292210693,6.0,148.79797028702538
FM-024,83,fast_moving,93,5,418.2701581994389,36.084480647360664,387.0,294.0,384.0,96.0,773.2463699111157,678.0,104.56753954985973,6.0,145.84113261195725
FM-024,84,fast_moving,100,5,408.2002667114343,36.35208878420003,371.0,271.0,403.0,86.0,759.2231132664597,674.0,102.05006667785858,6.0,146.92271319930825
FM-024,85,fast_moving,123,5,510.17006469383034,35.862093407799634,388.0,265.0,372.0,274.0,910.1974164700223,637.0,127.54251617345759,6.0,144.94231942927672
FM-024,86,fast_moving,75,5,486.03322987183407,33.18537676099568,302.0,227.0,609.0,28.0,863.1737907854005,836.0,121.50830746795852,6.0,134.12394597764936
FM-024,87,fast_moving,77,5,472.84017681903856,33.36261534358636,277.0,200.0,587.0,58.0,844.1005489548413,787.0,118.21004420475964,6.0,134.8402837262835
FM-024,88,fast_moving,70,5,474.8985552127096,35.44207987182787,303.0,233.0,542.0,81.0,855.5926011488227,775.0,118.7246388031774,6.0,143.24476832975841
FM-024,89,fast_moving,184,5,398.32807907995993,40.73176798368719,329.0,145.0,527.0,91.0,762.1159976243589,672.0,99.58201976998998,6.0,164.62387900441894
FM-024,90,fast_moving,80,5,377.6254510392196,34.97031708353639,231.0,151.0,532.0,25.0,707.7762410055257,683.0,94.4063627598049,6.0,141.33806444669625
FM-024,91,fast_moving,111,5,407.30732759299735,34.997252639424325,425.0,314.0,283.0,156.0,752.4079201431673,597.0,101.82683189824934,6.0,141.44692875367127
FM-024,92,fast_moving,72,5,381.54700888504595,35.56125087932882,342.0,270.0,411.0,36.0,716.04693012217,681.0,95.38675222126149,6.0,143.72641679460108
FM-024,93,fast_moving,78,5,383.58239018677136,31.201372422149,328.0,250.0,389.0,63.0,701.4788640996967,639.0,95.89559754669284,6.0,126.1052788195396
FM-024,94,fast_moving,57,5,373.2975332290768,32.9383651299802,331.0,274.0,371.0,49.0,693.0719092680056,645.0,93.3243833072692,6.0,133.1256094243904
FM-024,95,fast_moving,83,5,377.0920093856989,32.77604660066904,365.0,282.0,329.0,88.0,698.10758750813,611.0,94.27300234642472,6.0,132.46957342958171
FM-024,96,fast_moving,75,5,380.71200205864426,33.13318113776113,307.0,232.0,392.0,81.0,704.9809922034592,624.0,95.17800051466106,6.0,133.91298911549285
FM-024,97,fast_moving,70,5,377.44013002712916,33.508322731937646,388.0,318.0,317.0,67.0,701.5893782097805,635.0,94.36003250678229,6.0,135.4291831690869
FM-024,98,fast_moving,109,5,390.7545645555944,32.529867932291154,354.0,245.0,348.0,125.0,717.6064502598853,593.0,97.6886411388986,6.0,131.4746034264937
FM-024,99,fast_moving,38,5,293.95258411439397,35.24547615997812,308.0,270.0,410.0,0.0,583.3790395216604,680.0,73.48814602859849,6.0,142.45016335006946
FM-025,75,fast_moving,37,5,248.34064421727095,23.841893746846047,537.8037725354236,500.8037725354236,0.0,0.0,468.87174872525895,500.8037725354236,62.08516105431774,6.0,96.36078239935253
FM-025,76,fast_moving,67,5,267.1149622133724,16.443765867265196,500.8037725354236,433.8037725354236,0.0,34.0,467.1325224306391,433.8037725354236,66.7787405533431,6.0,66.46007911058047
FM-025,77,fast_moving,58,5,267.719801899696,16.20185174601965,433.8037725354236,375.8037725354236,34.0,58.0,467.0620477983926,409.8037725354236,66.929950474924,6.0,65.4823449488486
FM-025,78,fast_moving,64,5,271.47409388366077,16.02882019747794,375.8037725354236,311.8037725354236,92.0,69.0,471.9941514188439,403.8037725354236,67.86852347091519,6.0,64.78301059335277
FM-025,79,fast_moving,118,5,277.6049894696734,19.884925355913612,311.8037725354236,193.8037725354236,161.0,142.0,496.77555335178727,354.8037725354236,69.40124736741835,6.0,80.36806914727721
FM-025,80,fast_moving,48,5,264.47926821115436,20.72036035722673,193.8037725354236,145.8037725354236,303.0,32.0,480.4635140836983,448.8037725354236,66.11981705278859,6.0,83.7446117669668
FM-025,81,fast_moving,88,5,258.08173800306525,21.00610411895575,145.8037725354236,57.803772535423604,335.0,80.0,472.02209735370684,392.8037725354236,64.52043450076631,6.0,84.899490349109
FM-025,82,fast_moving,78,5,271.06914039344116,21.084992840333676,91.8037725354236,13.803772535423604,381.0,98.0,491.822042177101,394.8037725354236,67.76728509836029,6.0,85.21833158693923
FM-025,83,fast_moving,80,5,283.75780256341153,21.178423950465252,71.8037725354236,0.0,421.0,91.0,511.2326520328313,421.0,70.93945064085288,6.0,85.59594818771407
FM-025,84,fast_moving,100,5,325.0016916284394,21.872884513092366,69.0,0.0,443.0,133.0,575.9052577714954,443.0,81.25042290710985,6.0,88.40272032883628
FM-025,85,fast_moving,51,5,302.80386036874734,22.111025211360854,142.0,91.0,434.0,19.0,543.5709941582413,525.0,75.70096509218683,6.0,89.36520360512029
FM-025,86,fast_moving,67,5,304.63888067404554,21.993005881241135,123.0,56.0,421.0,69.0,545.8465308375343,477.0,76.15972016851138,6.0,88.88820982646594
FM-025,87,fast_moving,63,5,259.7303050011295,22.11102521136086,136.0,73.0,410.0,0.0,478.9606611068146,483.0,64.93257625028238,6.0,89.36520360512031
FM-025,88,fast_moving,38,5,272.53331531974226,21.985426408395494,171.0,133.0,312.0,53.0,497.65754916844395,445.0,68.13332882993556,6.0,88.8575761888306
FM-025,89,fast_moving,60,5,302.8738935202816,22.170377557128806,224.0,164.0,274.0,106.0,543.9159257731211,438.0,75.7184733800704,6.0,89.60508549269868
FM-025,90,fast_moving,74,5,310.2883583106387,21.8769870892352,297.0,223.0,247.0,84.0,553.8518390047927,470.0,77.57208957765968,6.0,88.4193015388347
FM-025,91,fast_moving,62,5,301.1374450755325,21.940771087120787,242.0,180.0,312.0,49.0,540.3832622622814,492.0,75.28436126888313,6.0,88.67709464898253
FM-025,92,fast_moving,109,5,257.86075661956755,20.435012688759045,249.0,140.0,292.0,38.0,469.38246898770427,432.0,64.46518915489189,6.0,82.59133405835296
FM-025,93,fast_moving,100,5,269.1496749506745,20.726546832257007,140.0,40.0,330.0,118.0,487.4941278097441,370.0,67.28741873766863,6.0,83.76961538373236
FM-025,94,fast_moving,36,5,297.68142232747493,22.838339335199993,93.0,57.0,395.0,87.0,538.8268920984394,452.0,74.42035558186873,6.0,92.30475860722703
FM-025,95,fast_moving,109,5,335.57813369905784,25.17273657484752,163.0,54.0,376.0,176.0,605.1067946110754,430.0,83.89453342476446,6.0,101.7395940624887
FM-025,96,fast_moving,70,5,347.35594019817205,25.093670669957934,138.0,68.0,468.0,87.0,622.4539470067458,536.0,86.83898504954301,6.0,101.4200367094877
FM-025,97,fast_moving,63,5,349.5627881761406,23.7435551309489,117.0,54.0,506.0,61.0,620.3075136024802,560.0,87.39069704403515,6.0,95.96333133826927
FM-025,98,fast_moving,61,5,350.41915747993517,23.255272355052988,92.0,31.0,529.0,60.0,619.6185955337997,560.0,87.60478936998379,6.0,93.98985931389696
FM-025,99,fast_moving,68,5,355.89174174312717,23.245622692433383,149.0,81.0,471.0,76.0,627.7884712917345,552.0,88.97293543578179,6.0,93.9508586770437
FM-026,75,fast_moving,158,5,704.3008838340321,64.23065407635931,1336.4972878211224,1178.4972878211224,0.0,138.0,1316.0496674993378,1178.4972878211224,176.07522095850803,6.0,259.5983417482895
FM-026,76,fast_moving,217,5,709.2691392125491,58.546825441101234,1178.4972878211224,961.4972878211224,138.0,202.0,1300.52995866314,1099.4972878211224,177.31728480313728,6.0,236.62624984431622
FM-026,77,fast_moving,214,5,737.3924460866726,54.92290634175919,961.4972878211224,747.4972878211224,340.0,241.0,1328.0682770811763,1087.4972878211224,184.34811152166816,6.0,221.97960795116742
FM-026,78,fast_moving,188,5,635.1152497296655,52.77722896700724,747.4972878211224,559.4972878211224,581.0,26.0,1165.980388256384,1140.4972878211224,158.77881243241637,6.0,213.30751366188568
FM-026,79,fast_moving,172,5,706.2904119062525,51.194701248248776,559.4972878211224,387.4972878211224,607.0,272.0,1266.3470955868959,994.4972878211224,176.57260297656313,6.0,206.91147772751697
FM-026,80,fast_moving,296,5,804.0746115791826,57.04597785772105,387.4972878211224,91.49728782112243,879.0,467.0,1436.6722544574884,970.4972878211224,201.01865289479565,6.0,230.5603370887146
FM-026,81,fast_moving,190,5,830.7303034023104,50.211475856544155,229.49728782112243,39.49728782112243,1208.0,202.0,1449.0330719864724,1247.4972878211224,207.6825758505776,6.0,202.93761688300663
FM-026,82,fast_moving,143,5,792.535336299778,52.62384659799433,241.49728782112243,98.49728782112243,1208.0,95.0,1401.4905990211782,1306.4972878211224,198.1338340749445,6.0,212.6875945715112
FM-026,83,fast_moving,244,5,666.0371580516976,48.42453817473023,339.4972878211224,95.49728782112243,1062.0,38.0,1194.7711628482698,1157.4972878211224,166.5092895129244,6.0,195.7154257707233
FM-026,84,fast_moving,208,5,673.0482540221259,48.011350153789174,121.49728782112243,0.0,1074.0,130.0,1203.6178421023376,1074.0,168.26206350553147,6.0,194.0454610691489
FM-026,85,fast_moving,169,5,675.5528548708389,48.28454655371057,272.0,103.0,932.0,174.0,1208.4789098113724,1035.0,168.88821371770973,6.0,195.14962750511393
FM-026,86,fast_moving,191,5,681.5182049424727,48.17782232627967,570.0,379.0,639.0,199.0,1216.9955920831655,1018.0,170.37955123561818,6.0,194.7182846694565
FM-026,87,fast_moving,118,5,620.8485269255021,45.51274828452204,581.0,463.0,636.0,17.0,1115.2197570347887,1099.0,155.21213173137554,6.0,183.94696664653551
FM-026,88,fast_moving,240,5,662.6254745090647,45.949526377961526,558.0,318.0,558.0,304.0,1179.650486118724,876.0,165.65636862726618,6.0,185.712274355127
FM-026,89,fast_moving,127,5,634.282136849053,49.67793711394872,356.0,229.0,824.0,100.0,1152.204440988934,1053.0,158.57053421226325,6.0,200.78123571535448
FM-026,90,fast_moving,147,5,631.9249302614222,50.70477649072489,359.0,212.0,794.0,147.0,1152.8187647669713,1006.0,157.98123256535555,6.0,204.931369374838
FM-026,91,fast_moving,277,5,706.8926321582236,56.50516200607995,386.0,109.0,767.0,413.0,1288.7134925718565,876.0,176.7231580395559,6.0,228.37454433452103
FM-026,92,fast_moving,197,5,658.9403963229062,56.11812175887213,308.0,111.0,981.0,124.0,1215.2208544781736,1092.0,164.73509908072654,6.0,226.8102599938143
FM-026,93,fast_moving,153,5,643.2608576729688,48.343323459159606,128.0,0.0,1088.0,73.0,1160.2784701691335,1088.0,160.8152144182422,6.0,195.38718365968037
FM-026,94,fast_moving,124,5,630.5666064081581,51.14985525206988,304.0,180.0,857.0,116.0,1152.5801351571397,1037.0,157.64165160203953,6.0,206.73022554490254
FM-026,95,fast_moving,140,5,642.9060456976156,51.33637187144301,280.0,140.0,873.0,159.0,1171.8431304922476,1013.0,160.7265114244039,6.0,207.48406194582415
FM-026,96,fast_moving,187,5,725.5503577914866,47.6832497601864,287.0,100.0,885.0,297.0,1281.044928150969,985.0,181.38758944787165,6.0,192.71939146373924
FM-026,97,fast_moving,171,5,721.6194469802379,46.65750825883317,513.0,342.0,769.0,161.0,1271.0028655116816,1111.0,180.40486174505946,6.0,188.57369504132487
FM-026,98,fast_moving,232,5,898.2565523193201,49.4640506599724,466.0,234.0,806.0,508.0,1547.3016082803615,1040.0,224.56413807983003,6.0,199.91677980138127
FM-026,99,fast_moving,125,5,985.9223965169882,51.28652544584884,307.0,182.0,1241.0,264.0,1686.1661945127644,1423.0,246.48059912924705,6.0,207.28259973728203
FM-027,75,fast_moving,138,5,675.106944367423,46.50020678200512,1358.267480659415,1220.267480659415,0.0,0.0,1200.5983528083348,1220.267480659415,168.77673609185575,6.0,187.9379362572002
FM-027,76,fast_moving,178,5,621.4159369520498,44.55866199712873,1220.267480659415,1042.267480659415,0.0,70.0,1112.2147815263552,1042.267480659415,155.35398423801246,6.0,180.09087609828052
FM-027,77,fast_moving,281,5,678.6422327102032,48.060458719280845,1042.267480659415,761.267480659415,70.0,381.0,1212.2072901647539,831.267480659415,169.6605581775508,6.0,194.24394109944905
FM-027,78,fast_moving,136,5,651.4777874521099,50.536227168341924,761.267480659415,625.267480659415,451.0,106.0,1181.466831823058,1076.267480659415,162.86944686302746,6.0,204.25015064489327
FM-027,79,fast_moving,177,5,704.7120403784079,49.12764640226159,625.267480659415,448.267480659415,557.0,251.0,1255.6252093841526,1005.267480659415,176.17801009460197,6.0,198.55714881654075
FM-027,80,fast_moving,244,5,695.020859567511,50.2519294182464,448.267480659415,204.267480659415,808.0,234.0,1245.6324056986134,1012.267480659415,173.75521489187776,6.0,203.101116347347
FM-027,81,fast_moving,294,5,677.0337095503082,53.3596890007468,204.267480659415,0.0,1042.0,190.0,1231.2121822864212,1042.0,169.25842738757706,6.0,215.6616179609589
FM-027,82,fast_moving,217,5,668.151258301043,52.465617557034754,70.0,0.0,1162.0,53.0,1214.274974341888,1162.0,167.03781457526074,6.0,212.0480868903237
FM-027,83,fast_moving,82,5,640.2116097490293,59.82806562055505,381.0,299.0,834.0,70.0,1202.121999185923,1133.0,160.05290243725733,6.0,241.80458456237898
FM-027,84,fast_moving,177,5,663.9976148564347,58.95902531984966,405.0,228.0,798.0,209.0,1234.2886430976698,1026.0,165.99940371410867,6.0,238.2922208130179
FM-027,85,fast_moving,129,5,727.1083710357415,61.59389330370095,479.0,350.0,756.0,234.0,1339.6040128316822,1106.0,181.77709275893537,6.0,248.94145627806995
FM-027,86,fast_moving,244,5,712.1526500093679,63.35219017524182,584.0,340.0,756.0,229.0,1324.2768660422735,1096.0,178.03816250234198,6.0,256.04789102822167
FM-027,87,fast_moving,122,5,735.9986429590747,65.55463565919851,530.0,408.0,795.0,166.0,1368.947387043119,1203.0,183.99966073976867,6.0,264.9494226045069
FM-027,88,fast_moving,118,5,679.6424437388234,66.99579014711223,461.0,343.0,908.0,40.0,1290.2377418869946,1251.0,169.91061093470586,6.0,270.7740762787594
FM-027,89,fast_moving,391,5,671.5989631896762,88.01274674581859,413.0,22.0,878.0,464.0,1363.115873424807,900.0,167.89974079741904,6.0,355.7174286402926
FM-027,90,fast_moving,186,5,740.8075162388751,84.69114324172126,231.0,45.0,1133.0,276.0,1453.5039173723549,1178.0,185.20187905971878,6.0,342.2926430140422
FM-027,91,fast_moving,219,5,756.7348656670449,83.09933814417543,279.0,60.0,1175.0,236.0,1470.9614095873446,1235.0,189.18371641676123,6.0,335.85911108677715
FM-027,92,fast_moving,145,5,759.288155123699,84.30264466454125,289.0,144.0,1182.0,154.0,1479.654697287775,1326.0,189.82203878092474,6.0,340.72246460222647
FM-027,93,fast_moving,116,5,734.778263627492,85.88401540778183,310.0,194.0,1170.0,86.0,1449.2812198783881,1364.0,183.694565906873,6.0,347.1138244371501
FM-027,94,fast_moving,263,5,660.4752031526643,83.0706372265843,234.0,0.0,1216.0,111.0,1326.4559165204146,1216.0,165.11880078816608,6.0,335.743111791418
FM-027,95,fast_moving,182,5,660.1908599024712,82.52326789209056,464.0,282.0,863.0,179.0,1323.8171219540368,1145.0,165.0477149756178,6.0,333.5308321003299
FM-027,96,fast_moving,241,5,699.6622123732076,78.02867651687016,558.0,317.0,766.0,282.0,1364.8585491319946,1083.0,174.9155530933019,6.0,315.3652305721831
FM-027,97,fast_moving,201,5,712.6719112033456,77.8549769500797,553.0,352.0,812.0,220.0,1383.671063120356,1164.0,178.1679778008364,6.0,314.6631963153376
FM-027,98,fast_moving,169,5,706.3750666990088,75.71784669212613,506.0,337.0,878.0,151.0,1365.5882465982002,1215.0,176.5937666747522,6.0,306.025646549687
FM-027,99,fast_moving,116,5,605.8302763530562,77.78116903473655,423.0,307.0,943.0,0.0,1223.1103044878328,1250.0,151.45756908826405,6.0,314.36488995824834
FM-028,75,fast_moving,125,4,429.18057278958463,37.049170377230126,762.9331505850159,637.9331505850159,0.0,36.0,673.1690807181866,637.9331505850159,107.29514319739616,5.0,136.69336473120586
FM-028,76,fast_moving,76,4,433.0743318028938,38.92267152925605,637.9331505850159,561.9331505850159,36.0,88.0,684.9485847723824,597.9331505850159,108.26858295072346,5.0,143.60567001876515
FM-028,77,fast_moving,165,4,434.2395228499999,39.28071230227832,561.9331505850159,396.93315058501594,124.0,167.0,687.7260693681357,520.9331505850159,108.55988071249998,5.0,144.92666580563585
FM-028,78,fast_moving,96,4,422.10026925007014,40.08036798029551,396.93315058501594,300.93315058501594,291.0,84.0,675.5023417183797,591.9331505850159,105.52506731251754,5.0,147.8770051557921
FM-028,79,fast_moving,69,4,400.54859206056966,42.51349710265478,300.93315058501594,231.93315058501594,375.0,51.0,657.5398047222932,606.9331505850159,100.13714801514242,5.0,156.85406464658115
FM-028,80,fast_moving,66,4,383.1777694761904,44.742138687807206,267.93315058501594,201.93315058501594,390.0,53.0,644.0488767269272,591.9331505850159,95.7944423690476,5.0,165.07666488168925
FM-028,81,fast_moving,121,4,401.11928764624287,44.62162865236705,289.93315058501594,168.93315058501594,355.0,143.0,666.0311511979879,523.9331505850159,100.27982191156072,5.0,164.63204164018435
FM-028,82,fast_moving,106,4,407.98533967247766,39.47491900902687,335.93315058501594,229.93315058501594,331.0,95.0,655.6248684028935,560.9331505850159,101.99633491811942,5.0,145.6431938122965
FM-028,83,fast_moving,88,4,397.78971732177894,39.96119912987392,313.93315058501594,225.93315058501594,342.0,77.0,644.6744768849494,567.9331505850159,99.44742933044473,5.0,147.4373302327258
FM-028,84,fast_moving,89,4,402.8040200256353,38.193669766813585,276.93315058501594,187.93315058501594,368.0,89.0,644.4210341815208,555.9331505850159,100.70100500640882,5.0,140.91600914947662
FM-028,85,fast_moving,110,4,407.817245183869,38.126644563100825,240.93315058501594,130.93315058501594,404.0,116.0,650.4402753249955,534.9331505850159,101.95431129596724,5.0,140.66871884515925
FM-028,86,fast_moving,113,4,391.29805160946205,28.45802126569896,273.93315058501594,160.93315058501594,377.0,57.0,594.1187801029694,537.9331505850159,97.82451290236551,5.0,104.99621559114183
FM-028,87,fast_moving,95,4,392.9172084789413,26.71957891576694,255.93315058501594,160.93315058501594,339.0,90.0,589.7287219952879,499.93315058501594,98.22930211973532,5.0,98.58221139661127
FM-028,88,fast_moving,73,4,382.98424923448636,26.794325844027078,237.93315058501594,164.93315058501594,352.0,61.0,577.5883026406725,516.9331505850159,95.74606230862159,5.0,98.85799109756456
FM-028,89,fast_moving,100,4,382.3170600537203,26.00764187498428,253.93315058501594,153.93315058501594,324.0,96.0,573.851836092593,477.93315058501594,95.57926501343007,5.0,95.95551102544265
FM-028,90,fast_moving,49,4,372.3787752032633,21.010070845265528,269.93315058501594,220.93315058501594,304.0,19.0,542.9903809305445,524.9331505850159,93.09469380081582,5.0,77.51691192646531
FM-028,91,fast_moving,86,4,369.97678484050175,20.970369816872804,277.93315058501594,191.93315058501594,266.0,82.0,539.8414155499589,457.93315058501594,92.49419621012544,5.0,77.37043449933171
FM-028,92,fast_moving,117,4,395.1731055066962,21.261799137516615,281.93315058501594,164.93315058501594,258.0,150.0,572.4120484058355,422.93315058501594,98.79327637667404,5.0,78.44566652246536
FM-028,93,fast_moving,93,4,494.7611439755668,19.62794972116064,225.93315058501594,132.93315058501594,347.0,211.0,690.868989197973,479.93315058501594,123.6902859938917,5.0,72.41755922851434
FM-028,94,fast_moving,101,4,533.5002000933969,18.183537214772745,228.93315058501594,127.93315058501594,462.0,145.0,733.963631834734,589.9331505850159,133.37505002334922,5.0,67.08838171798793
FM-028,95,fast_moving,50,4,527.3901978382394,21.411116211816168,146.93315058501594,96.93315058501594,588.0,54.0,738.2343209820176,684.9331505850159,131.84754945955984,5.0,78.9965736842184
FM-028,96,fast_moving,49,4,500.89825894725544,24.195782637391524,178.93315058501594,129.93315058501594,560.0,26.0,715.3934580149967,689.9331505850159,125.22456473681386,5.0,89.27063433092738
FM-028,97,fast_moving,148,4,483.8237420393948,29.62111166736077,279.93315058501594,131.93315058501594,436.0,147.0,714.0671293238394,567.9331505850159,120.9559355098487,5.0,109.28745177459585
FM-028,98,fast_moving,200,4,396.95313665434634,42.24136992728022,342.93315058501594,142.93315058501594,372.0,138.0,652.0414689411209,514.9331505850159,99.23828416358658,5.0,155.85004812318797
FM-028,99,fast_moving,95,4,401.36549074475204,42.00305239213467,287.93315058501594,192.93315058501594,365.0,99.0,656.6776361095822,557.9331505850159,100.34137268618801,5.0,154.97077267864216
FM-029,75,fast_moving,62,5,263.5777784852458,14.813368875306464,490.9674912659688,428.9674912659688,0.0,27.0,455.2372396694779,428.9674912659688,65.89444462131145,6.0,59.87057194160916
FM-029,76,fast_moving,66,5,264.31117660153507,13.207418272921402,428.9674912659688,362.9674912659688,27.0,60.0,449.84663362277996,389.9674912659688,66.07779415038377,6.0,53.37986872047734
FM-029,77,fast_moving,81,5,259.7136781938415,13.99908421913232,362.9674912659688,281.9674912659688,87.0,78.0,446.1500290759143,368.9674912659688,64.92841954846037,6.0,56.57951178515207
FM-029,78,fast_moving,79,5,267.26004885177036,13.338780938417024,281.9674912659688,202.96749126596882,165.0,87.0,454.8008649759646,367.9674912659688,66.81501221294259,6.0,53.91079169830905
FM-029,79,fast_moving,72,5,280.5678437281476,12.397270170981512,202.96749126596882,130.96749126596882,252.0,88.0,470.95729269406763,382.9674912659688,70.1419609320369,6.0,50.10552710184626
FM-029,80,fast_moving,66,5,267.61747280276995,10.538695486828662,130.96749126596882,64.96749126596882,340.0,40.0,444.0200129247035,404.9674912659688,66.90436820069249,6.0,42.593803720548586
FM-029,81,fast_moving,93,5,306.44555542850577,12.22387323736127,91.96749126596882,0.0,353.0,157.0,509.07304912755575,353.0,76.61138885712644,6.0,49.40471598479708
FM-029,82,fast_moving,77,5,281.19401422693187,12.290813747026789,60.0,0.0,450.0,22.0,471.4662879766688,450.0,70.29850355673297,6.0,49.675266636270976
FM-029,83,fast_moving,77,5,306.44555542850577,11.901303526968201,78.0,1.0,394.0,113.0,507.76933265260413,395.0,76.61138885712644,6.0,48.10099950984548
FM-029,84,fast_moving,75,5,319.10185551045987,11.356687852290344,88.0,13.0,420.0,92.0,524.5526324358793,433.0,79.77546387761497,6.0,45.899849170189604
FM-029,85,fast_moving,98,5,383.5530635873083,13.03447106320145,101.0,3.0,424.0,202.0,628.0104706146241,427.0,95.88826589682708,6.0,52.68087523366155
FM-029,86,fast_moving,68,5,352.31848112407056,11.35499438290911,43.0,0.0,586.0,0.0,574.370726432095,586.0,88.07962028101764,6.0,45.89300474598917
FM-029,87,fast_moving,81,5,379.70890306529077,10.437236101377486,157.0,76.0,429.0,107.0,611.7470941739314,505.0,94.92722576632269,6.0,42.183739575995226
FM-029,88,fast_moving,80,5,382.07450613524026,9.499662612092585,98.0,18.0,514.0,80.0,611.5061473144261,532.0,95.51862653381006,6.0,38.3943881115657
FM-029,89,fast_moving,153,5,308.08160313339437,22.351504280243493,131.0,0.0,481.0,72.0,552.4595424759723,481.0,77.02040078334859,6.0,90.33713777588069
FM-029,90,fast_moving,76,5,307.13528896017357,22.461648225934816,92.0,16.0,461.0,75.0,551.485235383722,477.0,76.78382224004339,6.0,90.78230194346163
FM-029,91,fast_moving,70,5,307.13528896017357,22.77284707941815,218.0,148.0,334.0,71.0,552.742994743018,482.0,76.78382224004339,6.0,92.0400613027576
FM-029,92,fast_moving,58,5,306.47032499279175,23.677047199821263,148.0,90.0,405.0,61.0,555.4000165105239,495.0,76.61758124819794,6.0,95.69452902133632
FM-029,93,fast_moving,99,5,358.507391412609,23.533663831484738,197.0,98.0,359.0,176.0,632.876109591707,457.0,89.62684785315226,6.0,95.11502247279338
FM-029,94,fast_moving,64,5,351.8023865973928,24.080261094078153,178.0,114.0,455.0,57.0,625.0277616093399,569.0,87.9505966493482,6.0,97.32418171325068
FM-029,95,fast_moving,74,5,351.8023865973928,24.154417762303797,186.0,112.0,440.0,74.0,625.327477506333,552.0,87.9505966493482,6.0,97.62389761024386
FM-029,96,fast_moving,68,5,350.49182059151593,24.453514245898457,187.0,119.0,439.0,67.0,624.5704742158193,558.0,87.62295514787898,6.0,98.83274332854546
FM-029,97,fast_moving,107,5,297.8717097088363,25.302781847669813,190.0,83.0,435.0,32.0,549.072757152838,518.0,74.46792742720908,6.0,102.26519258958352
FM-029,98,fast_moving,43,5,248.03295268181034,27.338804955781374,144.0,101.0,406.0,0.0,482.54353084929056,507.0,62.008238170452586,6.0,110.49410182657503
FM-029,99,fast_moving,59,5,254.2319719997359,27.780504139709382,277.0,218.0,230.0,46.0,493.62725689988406,448.0,63.55799299993397,6.0,112.27929890028017
FM-030,75,fast_moving,90,4,415.85978912024274,36.20578647618323,834.9828337690018,744.9828337690018,0.0,0.0,653.406425970624,744.9828337690018,103.96494728006068,5.0,133.58168957032063
FM-030,76,fast_moving,107,4,442.6111656244714,35.88210753322105,744.9828337690018,637.9828337690018,0.0,48.0,685.6514292039845,637.9828337690018,110.65279140611786,5.0,132.38747217339528
FM-030,77,fast_moving,140,4,552.3066267346771,36.807015774936275,637.9828337690018,497.9828337690018,48.0,281.0,826.183215799093,545.9828337690018,138.07665668366928,5.0,135.7999323807466
FM-030,78,fast_moving,245,4,512.0810692297662,53.25470967495832,497.9828337690018,252.9828337690018,329.0,255.0,836.5852356133249,581.9828337690018,128.02026730744154,5.0,196.48389907611718
FM-030,79,fast_moving,126,4,505.9757810136679,52.773706545628364,252.9828337690018,126.98283376900179,584.0,117.0,827.1789584471584,710.9828337690018,126.49394525341698,5.0,194.70923218007354
FM-030,80,fast_moving,105,4,507.5969452595876,52.288524014258996,126.98283376900179,21.982833769001786,701.0,105.0,827.4153269038563,722.9828337690018,126.8992363148969,5.0,192.91914532937193
FM-030,81,fast_moving,228,4,396.69210086087196,58.719127185576355,69.98283376900179,0.0,758.0,0.0,712.5100600206576,758.0,99.17302521521799,5.0,216.64493394456764
FM-030,82,fast_moving,148,4,420.47378512788214,54.100808089135136,281.0,133.0,477.0,116.0,725.1978208760643,610.0,105.11844628197053,5.0,199.6055894662115
FM-030,83,fast_moving,99,4,417.91640648559377,50.048053831369764,388.0,289.0,338.0,81.0,707.0484114460363,627.0,104.47910162139844,5.0,184.65290333904412
FM-030,84,fast_moving,109,4,415.89804579351585,50.298468142040775,406.0,297.0,302.0,107.0,705.4493672259175,599.0,103.97451144837896,5.0,185.57680998402267
FM-030,85,fast_moving,67,4,399.7216014567148,51.25039086780274,402.0,335.0,304.0,50.0,688.7409422797317,639.0,99.9304003641787,5.0,189.08894045883827
FM-030,86,fast_moving,117,4,418.3996969615775,51.27302484662936,335.0,218.0,354.0,141.0,712.1720700009852,572.0,104.59992424039437,5.0,189.17244879901332
FM-030,87,fast_moving,105,4,414.87941989369125,51.7902574740729,334.0,229.0,379.0,102.0,709.6800597361159,608.0,103.71985497342281,5.0,191.08078486900186
FM-030,88,fast_moving,96,4,405.39457478277177,51.4325547907907,310.0,214.0,400.0,83.0,696.5042549468039,614.0,101.34864369569294,5.0,189.76103646833928
FM-030,89,fast_moving,123,4,517.6591527797136,51.022116873532454,321.0,198.0,376.0,262.0,835.3206617551521,574.0,129.4147881949284,5.0,188.24672078051006
FM-030,90,fast_moving,135,4,518.8319589424685,50.97057974949858,248.0,113.0,588.0,136.0,836.5965226126332,701.0,129.70798973561713,5.0,188.0565739345475
FM-030,91,fast_moving,85,4,487.14177570643966,39.079800015235065,254.0,169.0,583.0,2.0,753.1126171119685,752.0,121.78544392660991,5.0,144.18539747891884
FM-030,92,fast_moving,100,4,489.90604301252404,39.33909127781296,271.0,171.0,483.0,104.0,757.5246095115822,654.0,122.47651075313101,5.0,145.1420557459271
FM-030,93,fast_moving,266,4,411.14292301244245,56.813234283427185,254.0,0.0,504.0,220.0,723.5417726665048,504.0,102.78573075311061,5.0,209.61311890095183
FM-030,94,fast_moving,69,4,411.5167158016401,50.507171361840854,262.0,193.0,462.0,46.0,700.7427178039563,655.0,102.87917895041002,5.0,186.34682305190617
FM-030,95,fast_moving,68,4,486.66935938984335,51.263022110459254,329.0,261.0,372.0,165.0,797.4722428195558,633.0,121.66733984746084,5.0,189.1355435822517
FM-030,96,fast_moving,111,4,541.5099163920346,51.14283667914542,263.0,152.0,535.0,179.0,865.5795134616621,687.0,135.37747909800865,5.0,188.69211797161893
FM-030,97,fast_moving,71,4,524.8622944725734,52.37586055837907,256.0,185.0,610.0,55.0,849.3192426618831,795.0,131.21557361814334,5.0,193.24137457116638
FM-030,98,fast_moving,65,4,485.92998417920194,52.51129304669517,405.0,340.0,445.0,17.0,801.1535346080594,785.0,121.48249604480048,5.0,193.74105438405704
FM-030,99,fast_moving,186,4,397.30646841336704,56.753628597424125,386.0,200.0,416.0,91.0,706.0262885141758,616.0,99.32661710334176,5.0,209.39320299746706
FM-031,75,fast_moving,111,5,547.7050497393138,37.754605764201195,975.7193046282234,864.7193046282234,0.0,110.0,974.148781886656,864.7193046282234,136.92626243482846,6.0,152.5912072776852
FM-031,76,fast_moving,118,5,510.28020976374825,36.360375727939335,864.7193046282234,746.7193046282234,110.0,56.0,912.3765208380166,856.7193046282234,127.57005244093706,6.0,146.9562061923942
FM-031,77,fast_moving,209,5,674.1398021135903,42.46295519747256,746.7193046282234,537.7193046282234,166.0,480.0,1182.8304489577622,703.7193046282234,168.5349505283976,6.0,171.6207457873766
FM-031,78,fast_moving,186,5,657.1001338874519,43.61868571598349,537.7193046282234,351.7193046282234,646.0,165.0,1161.9420142019026,997.7193046282234,164.27503347186297,6.0,176.29181337072473
FM-031,79,fast_moving,176,5,652.4006989847693,41.84188798015201,351.7193046282234,175.71930462822343,811.0,161.0,1147.7116529301613,986.7193046282234,163.10017474619232,6.0,169.1106044530074
FM-031,80,fast_moving,245,5,641.1328809707635,46.059465465573524,175.71930462822343,0.0,972.0,176.0,1147.8559320125426,972.0,160.28322024269087,6.0,186.15661055639728
FM-031,81,fast_moving,270,5,646.8650687294934,54.98612878694371,110.0,0.0,1038.0,155.0,1192.5327345515461,1038.0,161.71626718237334,6.0,222.23513145730618
FM-031,82,fast_moving,175,5,683.4089258373751,52.809648496832246,56.0,0.0,1137.0,102.0,1238.5519310724726,1137.0,170.85223145934378,6.0,213.4385423164098
FM-031,83,fast_moving,149,5,650.0148076168653,53.01753459336803,480.0,331.0,759.0,100.0,1189.300958262575,1090.0,162.5037019042163,6.0,214.27874683727703
FM-031,84,fast_moving,78,5,643.657425356134,57.55632692615791,496.0,418.0,694.0,87.0,1198.1091315567344,1112.0,160.9143563390335,6.0,232.6229935225334
FM-031,85,fast_moving,145,5,608.10798890409,55.11677579792721,579.0,434.0,620.0,81.0,1134.9251453604347,1054.0,152.0269972260225,6.0,222.76316200429963
FM-031,86,fast_moving,147,5,617.638572224091,53.65607476301597,610.0,463.0,525.0,156.0,1143.317366206661,988.0,154.40964305602276,6.0,216.85950787052465
FM-031,87,fast_moving,179,5,577.3938177856295,53.03361295031768,618.0,439.0,526.0,116.0,1080.4344567369292,965.0,144.34845444640737,6.0,214.34373005848482
FM-031,88,fast_moving,205,5,586.0605268766668,50.93560539971915,541.0,336.0,540.0,209.0,1084.955091213955,876.0,146.5151317191667,6.0,205.86430089895475
FM-031,89,fast_moving,152,5,590.0442910603208,48.55211316006435,436.0,284.0,649.0,149.0,1081.2974768309236,933.0,147.5110727650802,6.0,196.23104024044252
FM-031,90,fast_moving,129,5,736.7666122108195,49.3794829188534,371.0,242.0,711.0,352.0,1304.7249042237825,953.0,184.19165305270488,6.0,199.57498590755307
FM-031,91,fast_moving,93,5,875.619707182734,53.727469935229834,323.0,230.0,982.0,319.0,1530.5776235189621,1212.0,218.9049267956835,6.0,217.1480627448611
FM-031,92,fast_moving,166,5,827.9068134421942,53.62596003563563,386.0,220.0,1145.0,94.0,1458.598014602705,1365.0,206.97670336054856,6.0,216.73779443941365
FM-031,93,fast_moving,82,5,847.3569074408688,52.16418852146137,336.0,254.0,1123.0,105.0,1481.8651749557837,1377.0,211.8392268602172,6.0,210.82981379448051
FM-031,94,fast_moving,531,5,838.838258645314,114.51749390488953,463.0,0.0,1019.0,703.0,1721.0979420052533,1019.0,209.7095646613285,6.0,462.8405540372823
FM-031,95,fast_moving,237,5,659.9947663932581,115.95224481191849,149.0,0.0,1573.0,0.0,1458.6314762170264,1573.0,164.99869159831454,6.0,468.6393266271392
FM-031,96,fast_moving,160,5,841.2864288058146,115.77575584303324,352.0,192.0,1221.0,317.0,1729.855661769513,1413.0,210.32160720145365,6.0,467.92601856079114
FM-031,97,fast_moving,190,5,1007.8018114118971,111.87779505174845,511.0,321.0,1219.0,424.0,1963.8745109681986,1540.0,251.95045285297428,6.0,452.171793850353
FM-031,98,fast_moving,213,5,944.1112661363682,111.39753254183982,415.0,202.0,1549.0,116.0,1866.3976362033288,1751.0,236.02781653409204,6.0,450.2307369987766
FM-031,99,fast_moving,209,5,907.0721727757272,110.67809641316131,307.0,98.0,1560.0,150.0,1807.931281323021,1658.0,226.7680431939318,6.0,447.3230221594303
FM-032,75,fast_moving,117,5,297.64476860336896,19.8374807126722,509.41405587553913,392.41405587553913,0.0,135.0,526.6434670268304,392.41405587553913,74.41119215084224,6.0,80.17631412177697
FM-032,76,fast_moving,62,5,306.98654902532627,19.780526554397664,392.41405587553913,330.41405587553913,135.0,76.0,540.4259484260376,465.41405587553913,76.74663725633157,6.0,79.94612488804813
FM-032,77,fast_moving,48,5,306.3979943508208,20.05569169165625,330.41405587553913,282.41405587553913,211.0,48.0,540.655239813402,493.41405587553913,76.5994985877052,6.0,81.05824828717074
FM-032,78,fast_moving,114,5,322.4897556677576,23.27152987158565,282.41405587553913,168.41405587553913,259.0,151.0,577.7902001385166,427.41405587553913,80.6224389169394,6.0,94.05556663688026
FM-032,79,fast_moving,64,5,386.6016945243689,22.754543079772688,168.41405587553913,104.41405587553913,410.0,158.0,671.8686245813283,514.4140558755391,96.65042363109222,6.0,91.96608279477488
FM-032,80,fast_moving,122,5,400.1647875843402,25.34252532293478,104.41405587553913,0.0,568.0,135.0,702.6730035038506,568.0,100.04119689608505,6.0,102.42582212734027
FM-032,81,fast_moving,107,5,384.5556991589357,26.145549211859073,135.0,28.0,568.0,87.0,682.5049188513083,596.0,96.13892478973392,6.0,105.67137011290464
FM-032,82,fast_moving,93,5,387.12414737626835,25.566404237612822,104.0,11.0,579.0,95.0,684.0168852152061,590.0,96.78103684406709,6.0,103.33066415080361
FM-032,83,fast_moving,112,5,338.779557118436,26.068942126402927,59.0,0.0,626.0,0.0,613.5310861449772,626.0,84.694889279609,6.0,105.36175046732322
FM-032,84,fast_moving,121,5,333.9716389333615,26.681406182910187,151.0,30.0,475.0,104.0,608.794579167358,505.0,83.49290973334037,6.0,107.83712076731577
FM-032,85,fast_moving,100,5,326.2116288552655,25.935818218569256,188.0,88.0,421.0,86.0,594.141152433071,509.0,81.55290721381637,6.0,104.82370915017287
FM-032,86,fast_moving,95,5,318.430179700481,24.092237285812626,223.0,128.0,372.0,76.0,575.0178549360107,500.0,79.60754492512025,6.0,97.37258538528914
FM-032,87,fast_moving,78,5,324.82072128733313,24.596226519008184,215.0,137.0,361.0,89.0,586.6406194706452,498.0,81.20518032183328,6.0,99.40953753964551
FM-032,88,fast_moving,55,5,328.29119884570656,25.918016701584083,232.0,177.0,355.0,66.0,597.1885597738518,532.0,82.07279971142664,6.0,104.75176150529194
FM-032,89,fast_moving,89,5,313.79081490051533,24.524974189066153,177.0,88.0,421.0,61.0,569.8077823357036,509.0,78.44770372512883,6.0,99.12155998493056
FM-032,90,fast_moving,63,5,314.38007593467404,22.547670298668066,192.0,129.0,378.0,56.0,562.7000876504142,507.0,78.59501898366851,6.0,91.12997374840317
FM-032,91,fast_moving,38,5,303.5793106897839,26.27931818184341,215.0,177.0,348.0,37.0,561.5809845853813,525.0,75.89482767244597,6.0,106.21201855070548
FM-032,92,fast_moving,56,5,265.394526364206,26.95937114080545,253.0,197.0,309.0,2.0,507.0523496304338,506.0,66.3486315910515,6.0,108.96056008412482
FM-032,93,fast_moving,95,5,300.53995242376135,24.99384539626324,286.0,191.0,222.0,139.0,551.8265057215533,413.0,75.13498810594034,6.0,101.01657708591134
FM-032,94,fast_moving,100,5,307.8607440423824,24.5463977199434,257.0,157.0,295.0,109.0,560.9992626350819,452.0,76.9651860105956,6.0,99.20814657150827
FM-032,95,fast_moving,108,5,345.1318581726883,25.332911602427618,218.0,110.0,343.0,168.0,620.0847540152484,453.0,86.28296454317207,6.0,102.38696675621603
FM-032,96,fast_moving,65,5,370.7368473095998,24.559973690790244,166.0,101.0,455.0,100.0,655.3682869681151,556.0,92.68421182739995,6.0,99.26301600371542
FM-032,97,fast_moving,137,5,342.3949956313453,26.97220791852238,138.0,1.0,518.0,104.0,622.6049353974669,519.0,85.59874890783632,6.0,109.01244195044903
FM-032,98,fast_moving,84,5,339.1455082779651,26.492621130401115,3.0,0.0,620.0,0.0,615.792378552239,620.0,84.78637706949128,6.0,107.07411613529136
FM-032,99,fast_moving,95,5,339.8352487404872,26.492621130401115,139.0,44.0,481.0,92.0,616.8269892460221,525.0,84.9588121851218,6.0,107.07411613529136
FM-033,75,fast_moving,66,5,422.46593544709674,14.231150376046283,558.6754678833709,492.67546788337086,0.0,199.0,691.2163470129601,492.67546788337086,105.61648386177419,6.0,57.51744384231505
FM-033,76,fast_moving,146,5,349.3500577667542,21.93317356344274,492.67546788337086,346.67546788337086,199.0,67.0,612.671474706186,545.6754678833709,87.33751444168855,6.0,88.64638805605465
FM-033,77,fast_moving,88,5,350.60449684490425,21.792435761297025,346.67546788337086,258.67546788337086,266.0,90.0,613.9843192488278,524.6754678833709,87.65112421122606,6.0,88.07757398147132
FM-033,78,fast_moving,63,5,355.80200840865143,22.719865925931625,258.67546788337086,195.67546788337086,356.0,74.0,625.5289422088916,551.6754678833709,88.95050210216286,6.0,91.82592959591459
FM-033,79,fast_moving,103,5,351.9853247897289,23.18238721363868,195.67546788337086,92.67546788337086,430.0,99.0,621.6732696781024,522.6754678833709,87.99633119743223,6.0,93.69528249350913
FM-033,80,fast_moving,72,5,359.66403141678086,22.772284098810214,92.67546788337086,20.675467883370857,529.0,82.0,631.5338330528085,549.6754678833709,89.91600785419521,6.0,92.03778592763713
FM-033,81,fast_moving,79,5,347.8128187798192,21.71936392325453,219.67546788337086,140.67546788337086,412.0,57.0,609.5014707668773,552.6754678833709,86.9532046949548,6.0,87.7822425971485
FM-033,82,fast_moving,102,5,360.9451023741947,22.153311959371493,207.67546788337086,105.67546788337086,402.0,124.0,630.9537657430001,507.67546788337086,90.23627559354867,6.0,89.53611218170802
FM-033,83,fast_moving,74,5,363.08734015613925,22.407073059124084,195.67546788337086,121.67546788337086,436.0,78.0,635.1927380140031,557.6754678833709,90.77183503903481,6.0,90.56172777979425
FM-033,84,fast_moving,78,5,357.79657339517564,21.70962211342458,195.67546788337086,117.67546788337086,440.0,67.0,624.4377296255419,557.6754678833709,89.44914334879391,6.0,87.7428695327784
FM-033,85,fast_moving,98,5,358.06379586397964,21.66854035290892,216.67546788337086,118.67546788337086,408.0,98.0,624.6725248996003,526.6754678833709,89.51594896599491,6.0,87.57683110363074
FM-033,86,fast_moving,75,5,366.0923838816012,21.95625020528151,200.67546788337086,125.67546788337086,424.0,89.0,637.8782317743018,549.6754678833709,91.5230959704003,6.0,88.73965595189986
FM-033,87,fast_moving,61,5,339.38689758952677,23.10844001658272,182.67546788337086,121.67546788337086,456.0,25.0,602.4767595916506,577.6754678833709,84.84672439738169,6.0,93.39641320736051
FM-033,88,fast_moving,73,5,337.2105358090084,22.70688362815482,245.67546788337086,172.67546788337086,357.0,68.0,597.5892633007777,529.6754678833709,84.3026339522521,6.0,91.77345958726522
FM-033,89,fast_moving,77,5,343.1002467355527,13.657439036131292,250.67546788337086,173.67546788337086,347.0,50.0,569.8490688756178,520.6754678833709,85.77506168388817,6.0,55.19869877228878
FM-033,90,fast_moving,82,5,335.800254797861,13.473145179416827,240.67546788337086,158.67546788337086,330.0,70.0,558.1542282148082,488.67546788337086,83.95006369946525,6.0,54.45384601801672
FM-033,91,fast_moving,90,5,350.9402405668995,12.733460866591901,256.67546788337086,166.67546788337086,302.0,110.0,577.8746557920482,468.67546788337086,87.73506014172487,6.0,51.46429494169897
FM-033,92,fast_moving,84,5,350.4746468760627,11.087068003898901,255.67546788337086,171.67546788337086,323.0,76.0,570.5221082466924,494.67546788337086,87.61866171901568,6.0,44.810137932598366
FM-033,93,fast_moving,87,5,350.03683967967265,10.921045314860319,196.67546788337086,109.67546788337086,374.0,86.0,569.1943905102231,483.67546788337086,87.50920991991816,6.0,44.13913099071404
FM-033,94,fast_moving,102,5,354.32496563000535,12.256866207590374,177.67546788337086,75.67546788337086,392.0,114.0,581.0255107343693,467.67546788337086,88.58124140750134,6.0,49.53806228936131
FM-033,95,fast_moving,80,5,359.6273689895669,10.905185781227143,125.67546788337086,45.67546788337086,456.0,82.0,583.5160856628806,501.67546788337086,89.90684224739172,6.0,44.075032178530385
FM-033,96,fast_moving,86,5,369.9188782963908,10.713040220648498,115.67546788337086,29.675467883370857,468.0,101.0,598.1767629665147,497.67546788337086,92.4797195740977,6.0,43.298445521928514
FM-033,97,fast_moving,89,5,370.5066224216662,10.759015301430324,139.67546788337086,50.67546788337086,459.0,90.0,599.2441947109456,509.67546788337086,92.62665560541654,6.0,43.48426107844639
FM-033,98,fast_moving,56,5,362.7809671503832,12.212330884848623,126.67546788337086,70.67546788337086,473.0,50.0,593.5295164681278,543.6754678833709,90.6952417875958,6.0,49.358065742553
FM-033,99,fast_moving,91,5,372.4715821252824,12.453503265737934,156.67546788337086,65.67546788337086,437.0,107.0,609.0401752313077,502.67546788337086,93.1178955313206,6.0,50.33280204338409
FM-034,75,fast_moving,163,4,799.9153729466755,46.86245558642591,810.1711525868463,647.1711525868463,0.0,526.0,1172.793816051636,647.1711525868463,199.97884323666887,5.0,172.89959986829163
FM-034,76,fast_moving,127,4,795.6988271977327,46.419906207441755,647.1711525868463,520.1711525868463,526.0,120.0,1165.8903425490228,1046.1711525868463,198.92470679943318,5.0,171.26680855185697
FM-034,77,fast_moving,205,4,773.7025621350933,47.822320719245276,520.1711525868463,315.17115258684635,646.0,183.0,1143.5692366194146,961.1711525868463,193.42564053377333,5.0,176.441033950548
FM-034,78,fast_moving,175,4,827.7152931175798,47.920339881505136,315.17115258684635,140.17115258684635,829.0,243.0,1211.4467932388752,969.1711525868463,206.92882327939495,5.0,176.8026768419005
FM-034,79,fast_moving,246,4,696.8995157401189,52.46683934419175,140.17115258684635,0.0,1072.0,0.0,1064.7014365831344,1072.0,174.22487893502972,5.0,193.57704190798583
FM-034,80,fast_moving,185,4,557.3463480392759,52.26191435747153,526.0,341.0,546.0,3.0,889.5039037260995,887.0,139.33658700981897,5.0,192.82096867700469
FM-034,81,fast_moving,129,4,566.6312775364007,53.56591913061596,461.0,332.0,429.0,145.0,905.9212070684686,761.0,141.65781938410018,5.0,197.63211014796764
FM-034,82,fast_moving,144,4,553.570604562284,47.110617236566256,515.0,371.0,391.0,104.0,865.7784509976984,762.0,138.392651140571,5.0,173.81519529484348
FM-034,83,fast_moving,128,4,546.2009828532746,39.97627501534581,614.0,486.0,252.0,93.0,830.2441814621337,738.0,136.55024571331865,5.0,147.49295289554047
FM-034,84,fast_moving,96,4,564.4049829249414,43.12846047059993,486.0,390.0,345.0,130.0,864.6292081285138,735.0,141.10124573123534,5.0,159.1229794723371
FM-034,85,fast_moving,138,4,646.4652588501875,43.23801152950538,393.0,255.0,472.0,241.0,967.608742999359,727.0,161.61631471254688,5.0,159.52716943662458
FM-034,86,fast_moving,93,4,652.9927745927806,43.85801683872219,400.0,307.0,568.0,104.0,978.0556548070026,875.0,163.24819364819515,5.0,161.81468656602686
FM-034,87,fast_moving,139,4,660.2551455459891,42.96808595057975,411.0,272.0,568.0,144.0,983.8502076625938,840.0,165.06378638649727,5.0,158.53127573010747
FM-034,88,fast_moving,176,4,651.3571386278396,43.40994214374255,365.0,189.0,619.0,167.0,974.3579328138226,808.0,162.8392846569599,5.0,160.16150952902314
FM-034,89,fast_moving,159,4,556.8694990662692,42.75286765010846,319.0,160.0,656.0,38.0,853.824099025682,816.0,139.2173747665673,5.0,157.73722519284544
FM-034,90,fast_moving,153,4,562.4676797150614,40.01426027856849,401.0,248.0,453.0,150.0,850.7176996300374,701.0,140.61691992876536,5.0,147.63309998621057
FM-034,91,fast_moving,145,4,569.6480949291641,39.36499160551877,352.0,207.0,499.0,152.0,857.2977339814752,706.0,142.41202373229103,5.0,145.2376153200201
FM-034,92,fast_moving,114,4,546.0255048342564,27.308540976339444,351.0,237.0,507.0,40.0,783.2870751253857,744.0,136.5063762085641,5.0,100.75519408256523
FM-034,93,fast_moving,200,4,527.2488255533615,29.658094411181647,404.0,204.0,380.0,185.0,768.4849319994414,584.0,131.81220638834037,5.0,109.42390005773946
FM-034,94,fast_moving,147,4,648.8947760043214,29.545054686195055,242.0,95.0,527.0,299.0,920.1253086229152,622.0,162.22369400108036,5.0,109.00683861751342
FM-034,95,fast_moving,127,4,645.0488567464936,29.77285805768531,245.0,118.0,676.0,123.0,916.1583928604875,794.0,161.2622141866234,5.0,109.84732192737056
FM-034,96,fast_moving,134,4,676.0627314403084,29.623924842547844,270.0,136.0,647.0,172.0,954.3762453190503,783.0,169.0156828600771,5.0,109.29783101866485
FM-034,97,fast_moving,173,4,687.7882017808396,27.71281292110202,176.0,3.0,779.0,180.0,961.9820125659253,782.0,171.9470504452099,5.0,102.24676033987575
FM-034,98,fast_moving,352,4,642.4136325813447,63.28851315551577,188.0,0.0,774.0,263.0,1036.5207797842088,774.0,160.60340814533618,5.0,233.50373905752792
FM-034,99,fast_moving,173,4,654.1277456812305,59.762778914552975,299.0,126.0,738.0,175.0,1038.15518179397,864.0,163.53193642030763,5.0,220.49549969243205
FM-035,75,fast_moving,113,4,478.47905146111646,36.27017564095385,650.8076428828092,537.8076428828092,0.0,195.0,731.9180685032948,537.8076428828092,119.61976286527911,5.0,133.8192541768992
FM-035,76,fast_moving,107,4,570.8025935572974,36.83887300261187,537.8076428828092,430.8076428828092,195.0,224.0,849.420711956353,625.8076428828092,142.70064838932436,5.0,135.91747000973118
FM-035,77,fast_moving,112,4,573.9921955272199,36.24949159678853,430.8076428828092,318.8076428828092,419.0,114.0,851.2331845533986,737.8076428828092,143.49804888180498,5.0,133.7429401443738
FM-035,78,fast_moving,132,4,584.0115376502335,35.92709855048709,318.8076428828092,186.8076428828092,533.0,143.0,862.5678891416103,719.8076428828092,146.0028844125584,5.0,132.55346707881841
FM-035,79,fast_moving,109,4,576.8369690786061,36.1251386298467,186.8076428828092,77.8076428828092,676.0,101.0,854.33034970861,753.8076428828092,144.20924226965153,5.0,133.2841383603524
FM-035,80,fast_moving,224,4,493.857054564727,44.72436954020964,272.8076428828092,48.807642882809205,582.0,152.0,782.3324236014129,630.8076428828092,123.46426364118174,5.0,165.01110539550413
FM-035,81,fast_moving,92,4,655.9507658665295,34.62454294801559,272.8076428828092,180.8076428828092,510.0,257.0,947.6861296738413,690.8076428828092,163.98769146663238,5.0,127.7476723406793
FM-035,82,fast_moving,92,4,631.0343380376377,35.325591798262025,294.8076428828092,202.8076428828092,653.0,64.0,919.1271231474799,855.8076428828092,157.75858450940942,5.0,130.3342006004328
FM-035,83,fast_moving,97,4,581.9072151457043,35.61024773277694,345.8076428828092,248.8076428828092,574.0,36.0,858.7684610651904,822.8076428828092,145.47680378642607,5.0,131.38444213306008
FM-035,84,fast_moving,134,4,583.6810226018283,35.91514215337923,349.8076428828092,215.8076428828092,509.0,138.0,862.1106320585502,724.8076428828092,145.92025565045708,5.0,132.5093538062648
FM-035,85,fast_moving,257,4,506.86288367297664,52.37524860720632,367.8076428828092,110.8076428828092,495.0,222.0,826.8177213610923,605.8076428828092,126.71572091824416,5.0,193.23911676987146
FM-035,86,fast_moving,76,4,505.72247000130943,53.046182104817284,367.8076428828092,291.8076428828092,460.0,77.0,827.867621571424,751.8076428828092,126.43061750032736,5.0,195.71453406978713
FM-035,87,fast_moving,116,4,492.9231118713208,52.908968751611255,355.8076428828092,239.8076428828092,473.0,99.0,811.3621735733757,712.8076428828092,123.2307779678302,5.0,195.20828373422466
FM-035,88,fast_moving,115,4,483.20267314751607,52.86533448057991,275.8076428828092,160.8076428828092,536.0,103.0,799.0506359949314,696.8076428828092,120.80066828687902,5.0,195.04729456053636
FM-035,89,fast_moving,109,4,511.5292705075337,52.80224354207806,298.8076428828092,189.8076428828092,501.0,144.0,834.2261079099837,690.8076428828092,127.88231762688342,5.0,194.8145197755666
FM-035,90,fast_moving,98,4,617.9206902182138,53.29790489941109,411.8076428828092,313.8076428828092,423.0,233.0,969.0441311548811,736.8076428828092,154.48017255455346,5.0,196.64326838211375
FM-035,91,fast_moving,136,4,634.1783191540204,53.340704618806555,390.8076428828092,254.8076428828092,579.0,156.0,989.5240774099165,833.8076428828092,158.5445797885051,5.0,196.80117846739097
FM-035,92,fast_moving,104,4,625.2828992004569,53.50149770249668,353.8076428828092,249.8076428828092,636.0,94.0,978.998050505943,885.8076428828092,156.32072480011422,5.0,197.3944265053718
FM-035,93,fast_moving,121,4,573.5757354532149,44.855322984011615,352.8076428828092,231.8076428828092,627.0,24.0,882.4639290357004,858.8076428828092,143.39393386330372,5.0,165.49425971918183
FM-035,94,fast_moving,225,4,511.923455824502,52.67060193022583,375.8076428828092,150.8076428828092,507.0,177.0,834.2331462281248,657.8076428828092,127.9808639561255,5.0,194.32882644749736
FM-035,95,fast_moving,82,4,664.140643459058,53.3285654920128,383.8076428828092,301.8076428828092,451.0,275.0,1026.9321953352612,752.8076428828092,166.0351608647645,5.0,196.75639101143875
FM-035,96,fast_moving,137,4,660.9116725078042,52.50970606249126,457.8076428828092,320.8076428828092,570.0,130.0,1019.8747898212896,890.8076428828092,165.22791812695104,5.0,193.73519918653443
FM-035,97,fast_moving,99,4,643.5632118226289,53.26481977479157,414.8076428828092,315.8076428828092,606.0,80.0,1000.975215190706,921.8076428828092,160.89080295565722,5.0,196.5212004124198
FM-035,98,fast_moving,74,4,599.4484880889692,38.78821523382639,339.8076428828092,265.8076428828092,662.0,0.0,892.4202019926138,927.8076428828092,149.8621220222423,5.0,143.10959188140237
FM-035,99,fast_moving,172,4,496.15830209406045,39.91417073723349,442.8076428828092,270.8076428828092,485.0,12.0,767.4616960236542,755.8076428828092,124.03957552351511,5.0,147.26381840607854
FM-036,75,fast_moving,45,5,273.1512024201964,25.27997078868813,623.2291140454493,578.2291140454493,0.0,0.0,511.89980171913203,578.2291140454493,68.2878006050491,6.0,102.17299808883739
FM-036,76,fast_moving,49,5,278.22233893083455,25.841975394843452,578.2291140454493,529.2291140454493,0.0,0.0,521.7779369400769,529.2291140454493,69.55558473270864,6.0,104.44442854382508
FM-036,77,fast_moving,101,5,293.15520147337605,23.408030618484318,529.2291140454493,428.22911404544925,0.0,107.0,534.3400581929717,428.22911404544925,73.28880036834401,6.0,94.60725598290763
FM-036,78,fast_moving,55,5,296.8929207336834,23.153335031414482,428.22911404544925,373.22911404544925,107.0,59.0,538.9172446071342,480.22911404544925,74.22323018342085,6.0,93.57786350660912
FM-036,79,fast_moving,71,5,286.54034313631144,20.485767417079316,373.22911404544925,302.22911404544925,166.0,45.0,512.6069820204102,468.22911404544925,71.63508578407786,6.0,82.79646731594306
FM-036,80,fast_moving,59,5,283.6870190883916,20.629205088032464,302.22911404544925,243.22911404544925,211.0,55.0,508.9067219696824,454.22911404544925,70.9217547720979,6.0,83.376193337095
FM-036,81,fast_moving,104,5,279.3997377868862,21.914168230411377,243.22911404544925,139.22911404544925,266.0,103.0,507.66918167865845,405.22911404544925,69.84993444672155,6.0,88.56957499832913
FM-036,82,fast_moving,99,5,285.6936496705239,22.757923387758364,139.22911404544925,40.22911404544925,369.0,112.0,520.520219349629,409.22911404544925,71.42341241763097,6.0,91.97974484384316
FM-036,83,fast_moving,73,5,332.81558061431724,22.25810137732055,147.22911404544925,74.22911404544925,374.0,141.0,589.1830061004742,448.22911404544925,83.20389515357931,6.0,89.95963517899843
FM-036,84,fast_moving,83,5,339.5145838289448,19.66155952809759,133.22911404544925,50.22911404544925,456.0,83.0,588.7371765888905,506.22911404544925,84.8786459572362,6.0,79.46530084547325
FM-036,85,fast_moving,72,5,419.7669835555332,19.62631671232047,95.22911404544925,23.22911404544925,494.0,192.0,708.9733367677809,517.2291140454493,104.9417458888833,6.0,79.32286143448103
FM-036,86,fast_moving,68,5,392.3568938343151,19.704548479202277,78.22911404544925,10.22911404544925,631.0,27.0,668.1743882383394,641.2291140454493,98.08922345857877,6.0,79.63904748686673
FM-036,87,fast_moving,80,5,402.02796080784594,19.30524042047417,113.22911404544925,33.22911404544925,555.0,93.0,681.0671220584281,588.2291140454493,100.50699020196149,6.0,78.02518084665923
FM-036,88,fast_moving,97,5,398.8670398411504,18.203268232901927,145.22911404544925,48.22911404544925,536.0,88.0,671.8719458174054,584.2291140454493,99.7167599602876,6.0,73.57138605567982
FM-036,89,fast_moving,234,5,372.8601866967865,45.57411546042339,189.22911404544925,0.0,483.0,261.0,743.4852718337733,483.0,93.21504667419663,6.0,184.1949917885935
FM-036,90,fast_moving,82,5,369.6832039990355,45.566097383572725,83.0,1.0,661.0,77.0,738.6873914620926,662.0,92.42080099975888,6.0,184.1625854635393
FM-036,91,fast_moving,100,5,367.2836702342907,44.33395989532181,193.0,93.0,546.0,92.0,730.1082123853462,639.0,91.82091755857267,6.0,179.18270703391005
FM-036,92,fast_moving,80,5,367.07665029215224,44.01398379186747,120.0,40.0,611.0,78.0,728.5044484696157,651.0,91.76916257303806,6.0,177.88947303138727
FM-036,93,fast_moving,175,5,327.435700861025,47.77296735871044,133.0,0.0,596.0,89.0,684.2355506118741,596.0,81.85892521525625,6.0,193.08199932033668
FM-036,94,fast_moving,107,5,351.17395520796964,47.78222499676034,88.0,0.0,597.0,123.0,719.8803483398765,597.0,87.79348880199241,6.0,193.11941552792197
FM-036,95,fast_moving,88,5,358.7440063575714,47.97221418001608,261.0,173.0,459.0,101.0,732.0032963810598,632.0,89.68600158939284,6.0,193.88728684470274
FM-036,96,fast_moving,44,5,326.0215745393801,50.11013511282567,250.0,206.0,483.0,3.0,691.5603940568404,689.0,81.50539363484502,6.0,202.52803224777028
FM-036,97,fast_moving,51,5,318.67126674891114,51.812779336415694,298.0,247.0,394.0,47.0,687.4164381472701,641.0,79.66781668722778,6.0,209.40953802390342
FM-036,98,fast_moving,124,5,318.5301940523201,51.61941594559266,325.0,201.0,363.0,123.0,686.4233203923397,564.0,79.63254851308002,6.0,208.62802931385957
FM-036,99,fast_moving,59,5,318.5301940523201,52.17524710297416,290.0,231.0,397.0,61.0,688.6697998782365,628.0,79.63254851308002,6.0,210.8745087997563
FM-037,75,fast_moving,130,5,515.9044360589544,50.12880844282489,1303.3280007320368,1173.3280007320368,0.0,0.0,976.4601575511914,1173.3280007320368,128.9761090147386,6.0,202.60350346275985
FM-037,76,fast_moving,100,5,521.8310573704717,50.524936722070485,1173.3280007320368,1073.3280007320368,0.0,0.0,986.9511045772509,1073.3280007320368,130.45776434261793,6.0,204.20451852154326
FM-037,77,fast_moving,116,5,505.3257809902617,49.44123681134902,1073.3280007320368,957.3280007320368,0.0,1.0,957.8132455112499,957.3280007320368,126.33144524756543,6.0,199.82457402585726
FM-037,78,fast_moving,96,5,521.3251215992343,49.75607165629802,957.3280007320368,861.3280007320368,1.0,121.0,983.0847112182747,862.3280007320368,130.33128039980858,6.0,201.09702881942323
FM-037,79,fast_moving,121,5,680.7821414638963,49.818902807298684,861.3280007320368,740.3280007320368,122.0,361.0,1222.5241830441082,862.3280007320368,170.19553536597408,6.0,201.3509708482638
FM-037,80,fast_moving,141,5,692.5273198142356,48.59328855210037,740.3280007320368,599.3280007320368,483.0,153.0,1235.1884368175338,1082.3280007320368,173.1318299535589,6.0,196.39745709618057
FM-037,81,fast_moving,99,5,642.4415558720315,49.51327198402564,599.3280007320368,500.3280007320368,636.0,28.0,1163.7780493712796,1136.3280007320368,160.61038896800787,6.0,200.1157155632324
FM-037,82,fast_moving,80,5,726.7810010620832,48.0066768860439,500.3280007320368,420.3280007320368,664.0,200.0,1284.1980749119516,1084.3280007320368,181.6952502655208,6.0,194.0265733188268
FM-037,83,fast_moving,86,5,605.3208090847316,48.87543035419421,421.3280007320368,335.3280007320368,863.0,0.0,1105.5189914161729,1198.3280007320368,151.3302022711829,6.0,197.53777778907528
FM-037,84,fast_moving,75,5,619.7553602899977,43.412452426015044,456.3280007320368,381.3280007320368,742.0,0.0,1105.0913293638644,1123.3280007320368,154.93884007249943,6.0,175.45828892886777
FM-037,85,fast_moving,96,5,615.8289244310399,43.84851545596842,742.3280007320368,646.3280007320368,381.0,74.0,1100.9640932419059,1027.3280007320368,153.95723110775998,6.0,177.22070659534606
FM-037,86,fast_moving,226,5,442.5692467808413,41.65333119931699,799.3280007320368,573.3280007320368,302.0,0.0,832.2023925882997,875.3280007320368,110.64231169521032,6.0,168.34852241703783
FM-037,87,fast_moving,71,5,434.79560016458834,40.62555719538983,601.3280007320368,530.3280007320368,274.0,13.0,816.3880115610643,804.3280007320368,108.69890004114708,6.0,164.19461131418186
FM-037,88,fast_moving,202,5,437.81423063836394,47.77806598998733,730.3280007320368,528.3280007320368,87.0,235.0,849.8239522021574,615.3280007320368,109.45355765959098,6.0,193.10260624461142
FM-037,89,fast_moving,231,5,456.28553503995613,57.02462356129752,528.3280007320368,297.3280007320368,322.0,296.0,914.90233288406,619.3280007320368,114.07138375998903,6.0,230.4740303241258
FM-037,90,fast_moving,75,5,475.92387805453114,58.74095675080544,297.3280007320368,222.3280007320368,618.0,111.0,951.2966793017042,840.3280007320368,118.98096951363279,6.0,237.4108622199075
FM-037,91,fast_moving,144,5,507.2114797077022,58.41002284908615,296.3280007320368,152.3280007320368,655.0,190.0,996.8905601050898,807.3280007320368,126.80286992692555,6.0,236.07334054353646
FM-037,92,fast_moving,69,5,470.93046067764163,60.57280002248615,152.3280007320368,83.3280007320368,845.0,23.0,951.2102373885776,928.3280007320368,117.73261516941041,6.0,244.81454637211516
FM-037,93,fast_moving,154,5,492.6299585552798,61.00598961766594,96.3280007320368,0.0,855.0,131.0,985.5102884306559,855.0,123.15748963881995,6.0,246.56535059773609
FM-037,94,fast_moving,152,5,487.3562427510317,60.98928026868577,235.0,83.0,751.0,144.0,977.53218124904,834.0,121.83906068775792,6.0,246.4978171224925
FM-037,95,fast_moving,159,5,533.5313478379865,59.75623559351517,379.0,220.0,599.0,223.0,1041.8112939105029,819.0,133.38283695949661,6.0,241.51427215352322
FM-037,96,fast_moving,142,5,525.21185178918,58.01270859884372,331.0,189.0,711.0,123.0,1022.2853098792663,900.0,131.302962947295,6.0,234.46753219549632
FM-037,97,fast_moving,108,5,503.66302124094744,55.694680499105424,379.0,271.0,644.0,66.0,980.5933870681604,915.0,125.91575531023686,6.0,225.09885520673927
FM-037,98,fast_moving,124,5,523.958422808004,54.34741047778656,294.0,170.0,687.0,149.0,1005.5912846570786,857.0,130.989605702001,6.0,219.65365044507254
FM-037,99,fast_moving,138,5,485.2606626453138,48.267417475390026,301.0,163.0,705.0,55.0,922.9713915953629,868.0,121.31516566132845,6.0,195.08039762739224
FM-038,75,fast_moving,82,5,325.4993853811416,55.147703766967766,999.5142265111627,917.5142265111627,0.0,0.0,711.1372403518465,917.5142265111627,81.3748463452854,6.0,222.88816228013403
FM-038,76,fast_moving,61,5,351.48669131455506,55.30092501660625,917.5142265111627,856.5142265111627,0.0,0.0,750.7374671529203,856.5142265111627,87.87167282863876,6.0,223.50743018108776
FM-038,77,fast_moving,63,5,411.83393885915183,55.74254003210446,856.5142265111627,793.5142265111627,0.0,50.0,843.0431953635066,793.5142265111627,102.95848471478796,6.0,225.29228707477887
FM-038,78,fast_moving,65,5,409.9798411921187,56.01991404162245,793.5142265111627,728.5142265111627,50.0,63.0,841.3830997684847,778.5142265111627,102.49496029802968,6.0,226.4133379803067
FM-038,79,fast_moving,99,5,464.35736607877135,55.506178912224684,728.5142265111627,629.5142265111627,113.0,179.0,920.8730453640178,742.5142265111627,116.08934151969284,6.0,224.33699624586077
FM-038,80,fast_moving,166,5,409.6104657427864,59.35648496746003,629.5142265111627,463.51422651116275,292.0,99.0,854.3143154216841,755.5142265111627,102.4026164356966,6.0,239.89861680750442
FM-038,81,fast_moving,57,5,390.54995502919456,58.29467583552748,463.51422651116275,406.51422651116275,391.0,24.0,821.4320798984835,797.5142265111627,97.63748875729864,6.0,235.60714735469162
FM-038,82,fast_moving,99,5,403.4398716237058,58.2117047001938,406.51422651116275,307.51422651116275,415.0,118.0,840.4316138310879,722.5142265111627,100.85996790592645,6.0,235.2718063955292
FM-038,83,fast_moving,109,5,357.1197194986252,57.16081677477129,357.51422651116275,248.51422651116275,483.0,36.0,766.7040559731407,731.5142265111627,89.2799298746563,6.0,231.02447672520296
FM-038,84,fast_moving,53,5,387.54187630056225,57.49180543614623,311.51422651116275,258.51422651116275,456.0,100.0,813.6750341722218,714.5142265111627,96.88546907514056,6.0,232.36221972137844
FM-038,85,fast_moving,73,5,411.89584338730623,57.791069312720744,437.51422651116275,364.51422651116275,377.0,110.0,851.4155070658283,741.5142265111627,102.97396084682656,6.0,233.57174198486888
FM-038,86,fast_moving,62,5,394.868138571214,31.96652896951705,463.51422651116275,401.51422651116275,388.0,0.0,721.499987815123,789.5142265111627,98.7170346428035,6.0,129.19777995830196
FM-038,87,fast_moving,83,5,419.9938667382757,30.82103011639773,425.51422651116275,342.51422651116275,364.0,49.0,754.5588653754241,706.5142265111627,104.99846668456892,6.0,124.56806526801063
FM-038,88,fast_moving,217,5,352.2285426867012,48.3887834004365,460.51422651116275,243.51422651116275,295.0,186.0,723.91373122851,538.5142265111627,88.0571356716753,6.0,195.5709171984581
FM-038,89,fast_moving,82,5,345.3103305224531,47.580835400777666,279.51422651116275,197.51422651116275,445.0,68.0,710.270963424658,642.5142265111627,86.32758263061328,6.0,192.30546764097835
FM-038,90,fast_moving,69,5,345.7150544996304,47.27836280735183,297.51422651116275,228.51422651116275,413.0,69.0,709.655558590559,641.5142265111627,86.4287636249076,6.0,191.0829768411135
FM-038,91,fast_moving,87,5,340.2833290777905,46.50544495278386,338.51422651116275,251.51422651116275,372.0,75.0,698.3841007691151,623.5142265111627,85.07083226944762,6.0,187.95910715242943
FM-038,92,fast_moving,59,5,347.33285405572127,47.64384427642145,251.51422651116275,192.51422651116275,447.0,75.0,713.5594090556399,639.5142265111627,86.83321351393032,6.0,192.560127972058
FM-038,93,fast_moving,116,5,369.17308631255673,43.1091340193402,241.51422651116275,125.51422651116275,473.0,130.0,727.9920091098898,598.5142265111627,92.29327157813918,6.0,174.23237964105465
FM-038,94,fast_moving,99,5,367.1404075853077,42.014802031469685,311.51422651116275,212.51422651116275,417.0,92.0,720.5200753028604,629.5142265111627,91.78510189632692,6.0,169.80946392489884
FM-038,95,fast_moving,102,5,364.26099359927457,42.059176869909834,280.51422651116275,178.51422651116275,441.0,97.0,716.3803022479455,619.5142265111627,91.06524839981864,6.0,169.98881184903357
FM-038,96,fast_moving,61,5,368.23280433019664,42.654846119003835,247.51422651116275,186.51422651116275,469.0,70.0,724.7455097753113,655.5142265111627,92.05820108254916,6.0,172.3963032800163
FM-038,97,fast_moving,80,5,370.7736170985447,41.369504437881496,261.51422651116275,181.51422651116275,464.0,78.0,723.36181734243,645.5142265111627,92.69340427463618,6.0,167.20139169461288
FM-038,98,fast_moving,87,5,371.3152716441275,41.02750797034118,256.51422651116275,169.51422651116275,467.0,87.0,722.7920663759458,636.5142265111627,92.82881791103188,6.0,165.81915890975455
FM-038,99,fast_moving,82,5,360.1360151691085,40.14940048088338,299.51422651116275,217.51422651116275,424.0,61.0,702.4741714374121,641.5142265111627,90.03400379227712,6.0,162.2701486837494
FM-039,75,fast_moving,68,5,545.5368182207961,72.09929051181906,986.0904311273856,918.0904311273856,0.0,192.0,1109.705907072759,918.0904311273856,136.38420455519903,6.0,291.4006797415647
FM-039,76,fast_moving,124,5,520.3861684019978,72.29285172308809,918.0904311273856,794.0904311273856,192.0,87.0,1072.7622405772083,986.0904311273856,130.09654210049945,6.0,292.1829879742116
FM-039,77,fast_moving,94,5,573.4213463065906,73.16647684105968,794.0904311273856,700.0904311273856,279.0,177.0,1155.8459014471875,979.0904311273856,143.35533657664766,6.0,295.71388198730165
FM-039,78,fast_moving,105,5,726.0900702607596,73.77721140756752,700.0904311273856,595.0904311273856,456.0,337.0,1387.3173676712108,1051.0904311273857,181.5225175651899,6.0,298.1822622800714
FM-039,79,fast_moving,185,5,730.9939536740586,74.97623555124575,595.0904311273856,410.0904311273856,793.0,197.0,1399.5192384042866,1203.0904311273857,182.74848841851465,6.0,303.02830789319864
FM-039,80,fast_moving,102,5,732.7224601835292,75.73029065754938,410.0904311273856,308.0904311273856,990.0,108.0,1405.1596310783261,1298.0904311273857,183.1806150458823,6.0,306.07594080303227
FM-039,81,fast_moving,239,5,684.8807992260313,45.07486649723517,500.0904311273856,261.0904311273856,906.0,43.0,1209.4983970238397,1167.0904311273857,171.22019980650782,6.0,182.1771981847928
FM-039,82,fast_moving,336,5,695.4933462252745,73.23933369440215,348.0904311273856,12.090431127385614,862.0,466.0,1339.2483638148872,874.0904311273856,173.87333655631863,6.0,296.00834447697554
FM-039,83,fast_moving,159,5,915.5294627278439,73.08951308550984,189.0904311273856,30.090431127385614,1151.0,488.0,1668.6970148949215,1181.0904311273857,228.88236568196098,6.0,295.40282080315575
FM-039,84,fast_moving,168,5,925.5449904206741,73.36368835623493,367.0904311273856,199.0904311273856,1302.0,184.0,1684.8284291312207,1501.0904311273857,231.38624760516853,6.0,296.5109435002095
FM-039,85,fast_moving,223,5,928.9815384319226,75.16136487072839,396.0904311273856,173.0904311273856,1289.0,236.0,1697.2488449501984,1462.0904311273857,232.24538460798064,6.0,303.7765373023146
FM-039,86,fast_moving,282,5,963.3535392867435,81.94322612450834,281.0904311273856,0.0,1417.0,360.0,1776.2168105363157,1417.0,240.83838482168588,6.0,331.18650160620047
FM-039,87,fast_moving,419,5,764.6321378689033,104.290090981469,43.0,0.0,1734.0,0.0,1568.4530952228588,1734.0,191.15803446722583,6.0,421.504888419504
FM-039,88,fast_moving,152,5,784.4867217662477,98.35942722015481,466.0,314.0,1268.0,0.0,1574.2652559843377,1582.0,196.12168044156192,6.0,397.53517333496626
FM-039,89,fast_moving,113,5,800.411758374613,99.10361063566579,802.0,689.0,780.0,133.0,1601.1605458079075,1469.0,200.10293959365325,6.0,400.542908245988
FM-039,90,fast_moving,601,5,607.8409577106518,144.17706350534976,873.0,272.0,729.0,494.0,1494.4758295975503,1001.0,151.96023942766294,6.0,582.7143930315726
FM-039,91,fast_moving,140,5,604.6460537600946,141.80941526009573,508.0,368.0,987.0,126.0,1480.1142490211216,1355.0,151.16151344002364,6.0,573.1451683809798
FM-039,92,fast_moving,185,5,624.2969175040639,141.80941526009573,728.0,543.0,753.0,214.0,1509.5905446370757,1296.0,156.07422937601598,6.0,573.1451683809798
FM-039,93,fast_moving,164,5,624.2969175040639,137.7693631976916,543.0,379.0,967.0,148.0,1493.262035593247,1346.0,156.07422937601598,6.0,556.8166593371511
FM-039,94,fast_moving,122,5,689.8858375574334,141.93096010348643,379.0,257.0,1115.0,237.0,1608.4651674149663,1372.0,172.47145938935836,6.0,573.6364110788164
FM-039,95,fast_moving,186,5,706.0890259016559,139.16707354462253,390.0,204.0,1219.0,199.0,1621.599265500647,1423.0,176.52225647541397,6.0,562.4657266481632
FM-039,96,fast_moving,187,5,732.6883627644877,138.28857786972426,698.0,511.0,924.0,223.0,1657.9476916560695,1435.0,183.17209069112192,6.0,558.9151475093379
FM-039,97,fast_moving,139,5,834.8095324678053,139.53581472060716,637.0,498.0,1021.0,298.0,1816.170351101593,1519.0,208.70238311695132,6.0,563.9560523998849
FM-039,98,fast_moving,179,5,788.447981487506,140.0966241654813,712.0,533.0,1105.0,111.0,1748.894624652888,1638.0,197.1119953718765,6.0,566.2226524216289
FM-039,99,fast_moving,188,5,789.1015082147717,139.09086681291927,681.0,493.0,1068.0,185.0,1745.8099874177178,1561.0,197.27537705369292,6.0,562.1577250955603
FM-040,75,fast_moving,97,5,492.01639917143416,26.27931818184337,819.5017872615654,722.5017872615654,0.0,122.0,844.2366173078566,722.5017872615654,123.00409979285854,6.0,106.21201855070531
FM-040,76,fast_moving,97,5,485.50027071504303,27.15270208964902,722.5017872615654,625.5017872615654,122.0,91.0,837.992343747345,747.5017872615654,121.37506767876076,6.0,109.74193767478035
FM-040,77,fast_moving,115,5,497.45978116961186,25.49685752381542,625.5017872615654,510.50178726156537,213.0,126.0,849.2392518677711,723.5017872615654,124.36494529240296,6.0,103.04958011335344
FM-040,78,fast_moving,140,5,550.8641232152526,25.85338345163811,510.50178726156537,370.50178726156537,339.0,222.0,930.7867208315748,709.5017872615654,137.71603080381314,6.0,104.49053600869603
FM-040,79,fast_moving,141,5,561.8028634343206,26.1974749223602,370.50178726156537,229.50178726156537,561.0,159.0,948.5855312315633,790.5017872615654,140.45071585858014,6.0,105.88123608008239
FM-040,80,fast_moving,161,5,584.735709167964,27.868279918951313,229.50178726156537,68.50178726156537,720.0,202.0,989.7376223392407,788.5017872615654,146.183927291991,6.0,112.63405858729473
FM-040,81,fast_moving,135,5,573.2698392007156,27.09716609271917,190.50178726156537,55.50178726156537,800.0,114.0,969.4222389653762,855.5017872615654,143.3174598001789,6.0,109.51748016430275
FM-040,82,fast_moving,308,5,508.7982319978971,54.074023338383086,146.50178726156537,0.0,823.0,159.0,981.7460611021851,823.0,127.19955799947428,6.0,218.5487131053394
FM-040,83,fast_moving,93,5,510.33647942901644,55.566084472362654,126.0,33.0,856.0,102.0,990.08383318029,889.0,127.58411985725411,6.0,224.57911403676528
FM-040,84,fast_moving,114,5,520.117475511101,55.869812040456125,255.0,141.0,736.0,129.0,1005.9828902817818,877.0,130.02936887777525,6.0,225.80667701513028
FM-040,85,fast_moving,149,5,511.44621928666237,55.71056153609175,300.0,151.0,706.0,136.0,992.3323698581173,857.0,127.86155482166559,6.0,225.16304092812385
FM-040,86,fast_moving,116,5,489.5797890390955,55.92760888771694,353.0,237.0,640.0,84.0,960.4099556682489,877.0,122.39494725977387,6.0,226.0402721096057
FM-040,87,fast_moving,68,5,492.11588881615364,58.57408195544405,351.0,283.0,610.0,82.0,974.9102445798528,893.0,123.02897220403841,6.0,236.73641135562235
FM-040,88,fast_moving,143,5,507.2926618718902,57.5738099290258,442.0,299.0,533.0,162.0,993.6326466500952,832.0,126.82316546797254,6.0,232.69365384226
FM-040,89,fast_moving,119,5,495.0088294288696,56.61792775782016,401.0,282.0,593.0,97.0,971.3435490889965,875.0,123.7522073572174,6.0,228.8303049456921
FM-040,90,fast_moving,200,5,522.0510619115546,58.53894167396342,411.0,211.0,561.0,248.0,1019.6709792205295,772.0,130.51276547788865,6.0,236.5943863531976
FM-040,91,fast_moving,153,5,504.44457488385757,58.55459867201743,347.0,194.0,673.0,127.0,993.3245289116085,867.0,126.11114372096439,6.0,236.65766658582208
FM-040,92,fast_moving,120,5,502.1211368788072,58.99663180303231,278.0,158.0,716.0,118.0,991.6259186776786,874.0,125.5302842197018,6.0,238.4442133594677
FM-040,93,fast_moving,92,5,513.6508201367096,60.477480445415715,240.0,148.0,752.0,115.0,1014.9055274387508,900.0,128.4127050341774,6.0,244.42929723368638
FM-040,94,fast_moving,51,5,476.7289498196138,65.26504149256047,310.0,259.0,705.0,15.0,978.8724067316905,964.0,119.18223745490344,6.0,263.77898200226986
FM-040,95,fast_moving,95,5,485.61376508283985,39.099314703155706,356.0,261.0,623.0,3.0,886.4467086443916,884.0,121.40344127070996,6.0,158.0260610201318
FM-040,96,fast_moving,146,5,493.7366747151865,39.2207754993349,509.0,363.0,378.0,159.0,899.1219761006571,741.0,123.43416867879662,6.0,158.51696402787726
FM-040,97,fast_moving,72,5,484.6319527541488,41.46314396777342,490.0,418.0,410.0,67.0,894.5277797880185,828.0,121.1579881885372,6.0,167.57985065679526
FM-040,98,fast_moving,105,5,496.1092572577845,40.43687705104121,536.0,431.0,359.0,118.0,907.5959165717481,790.0,124.02731431444613,6.0,163.43203068507137
FM-040,99,fast_moving,120,5,491.4523553171876,40.46983682086808,546.0,426.0,362.0,113.0,900.7437757807432,788.0,122.8630888292969,6.0,163.5652428049618
SM-001,75,slow_moving,4,10,14.643637721252192,1.0801234497346437,28.87203782339372,24.87203782339372,0.0,22.0,46.18090467999982,24.87203782339372,3.660909430313048,11.0,5.910900946556287
SM-001,76,slow_moving,2,10,15.068413755717579,1.0377490433255419,24.87203782339372,22.87203782339372,22.0,3.0,47.117147763604144,44.87203782339372,3.7671034389293947,11.0,5.679009935380802
SM-001,77,slow_moving,4,10,15.068413755717579,1.1094003924504583,22.87203782339372,18.87203782339372,25.0,4.0,47.509254820874816,43.87203782339372,3.7671034389293947,11.0,6.071116992651478
SM-001,78,slow_moving,4,10,10.99014650855677,1.198289379030556,18.87203782339372,14.872037823393718,29.0,0.0,36.780458728376445,43.87203782339372,2.7475366271391923,11.0,6.557555829845327
SM-001,79,slow_moving,3,10,10.99014650855677,1.1208970766356097,14.872037823393718,11.872037823393718,29.0,0.0,36.35693470101194,40.87203782339372,2.7475366271391923,11.0,6.1340318024808225
SM-001,80,slow_moving,5,10,15.063717436417495,1.1875421719907082,11.872037823393718,6.872037823393718,29.0,13.0,47.92396543205596,35.87203782339372,3.7659293591043737,11.0,6.49874248190785
SM-001,81,slow_moving,2,10,15.063717436417495,1.1875421719907082,6.872037823393718,4.872037823393718,42.0,2.0,47.92396543205596,46.87203782339372,3.7659293591043737,11.0,6.49874248190785
SM-001,82,slow_moving,2,10,16.470914551399748,1.165750556068646,4.872037823393718,2.8720378233937183,44.0,5.0,51.67450438583528,46.87203782339372,4.117728637849937,11.0,6.379489369485975
SM-001,83,slow_moving,3,10,16.22771375828634,1.1435437497937306,2.8720378233937183,0.0,49.0,2.0,50.884176991833506,49.0,4.056928439571585,11.0,6.257964156546068
SM-001,84,slow_moving,2,10,14.3957406088387,1.1435437497937306,0.0,0.0,51.0,0.0,45.84625083085249,51.0,3.598935152209675,11.0,6.257964156546068
SM-001,85,slow_moving,1,10,14.13512696094697,1.1435437497937306,0.0,0.0,51.0,0.0,45.129563299150234,51.0,3.5337817402367424,11.0,6.257964156546068
SM-001,86,slow_moving,6,10,16.22771375828634,1.4411533842457835,22.0,16.0,29.0,8.0,52.51282515276278,45.0,4.056928439571585,11.0,7.886612317475342
SM-001,87,slow_moving,6,10,23.213017600815913,1.6092680291808408,19.0,13.0,34.0,26.0,72.64240649809122,47.0,5.803254400203978,11.0,8.806608095847462
SM-001,88,slow_moving,6,10,15.063717436417495,1.7614096918559576,17.0,11.0,56.0,0.0,51.06441578261797,67.0,3.7659293591043737,11.0,9.639192832469861
SM-001,89,slow_moving,4,10,16.470914551399748,1.702185623672076,11.0,7.0,56.0,0.0,54.61010822782397,63.0,4.117728637849937,11.0,9.315093211474668
SM-001,90,slow_moving,2,10,16.470914551399748,1.7614096918559576,7.0,5.0,56.0,0.0,54.93420784881916,61.0,4.117728637849937,11.0,9.639192832469861
SM-001,91,slow_moving,2,10,11.493960949561902,1.804552647170554,18.0,16.0,43.0,0.0,41.48368228572231,59.0,2.8734902373904756,11.0,9.875289674427078
SM-001,92,slow_moving,4,10,11.411835516978133,1.8081014266989468,18.0,14.0,41.0,0.0,41.27725779687991,55.0,2.8529588792445333,11.0,9.894710125190045
SM-001,93,slow_moving,1,10,10.987059482512743,1.8639632438326064,19.0,18.0,36.0,0.0,40.41482363654075,54.0,2.7467648706281858,11.0,10.200410059630707
SM-001,94,slow_moving,5,10,11.411835516978133,1.8946618668626831,20.0,15.0,34.0,0.0,41.75095382470327,49.0,2.8529588792445333,11.0,10.368406153013398
SM-001,95,slow_moving,1,10,11.16863472386473,1.9741924671712976,15.0,14.0,34.0,0.0,41.517377358590814,48.0,2.7921586809661827,11.0,10.803631867962803
SM-001,96,slow_moving,3,10,10.48324504150761,1.9741924671712976,14.0,11.0,34.0,0.0,39.63255573210873,45.0,2.6208112603769025,11.0,10.803631867962803
SM-001,97,slow_moving,1,10,10.48324504150761,2.047512562185563,19.0,18.0,26.0,0.0,40.03379488595535,44.0,2.6208112603769025,11.0,11.204871021809423
SM-001,98,slow_moving,2,10,10.48324504150761,1.9741924671712976,44.0,42.0,0.0,0.0,39.63255573210873,42.0,2.6208112603769025,11.0,10.803631867962803
SM-001,99,slow_moving,0,10,10.48324504150761,1.9935794376846316,42.0,42.0,0.0,0.0,39.73864958868251,42.0,2.6208112603769025,11.0,10.909725724536584
SM-002,75,slow_moving,9,6,22.187420895419457,3.443686158605971,47.23075600464933,38.23075600464933,0.0,16.0,53.86136289587816,38.23075600464933,5.546855223854864,7.0,15.033376328894107
SM-002,76,slow_moving,9,6,22.187420895419457,3.5859412096372068,38.23075600464933,29.23075600464933,16.0,10.0,54.482375850701054,45.23075600464933,5.546855223854864,7.0,15.654389283717004
SM-002,77,slow_moving,7,6,22.187420895419457,3.477030858324899,29.23075600464933,22.23075600464933,26.0,6.0,54.006928837825534,48.23075600464933,5.546855223854864,7.0,15.178942270841482
SM-002,78,slow_moving,1,6,22.72790879248855,3.6864269407847465,22.23075600464933,21.23075600464933,32.0,3.0,55.866899091201326,53.23075600464933,5.681977198122137,7.0,16.09305870434637
SM-002,79,slow_moving,6,6,22.72790879248855,3.4436861586059724,21.23075600464933,15.23075600464933,35.0,5.0,54.80721671574907,50.23075600464933,5.681977198122137,7.0,15.033376328894112
SM-002,80,slow_moving,1,6,22.72790879248855,3.6881654114971716,15.23075600464933,14.23075600464933,40.0,2.0,55.87448836712629,54.23075600464933,5.681977198122137,7.0,16.100647980271333
SM-002,81,slow_moving,2,6,22.30313275802316,3.719318934070232,14.23075600464933,12.23075600464933,42.0,2.0,55.267130687578586,54.23075600464933,5.57578318950579,7.0,16.23664836103806
SM-002,82,slow_moving,7,6,22.72790879248855,3.7450822455109076,28.23075600464933,21.23075600464933,28.0,7.0,56.122958217678544,49.23075600464933,5.681977198122137,7.0,16.349117830823587
SM-002,83,slow_moving,4,6,22.72790879248855,3.719318934070232,31.23075600464933,27.23075600464933,25.0,4.0,56.01048874789302,52.23075600464933,5.681977198122137,7.0,16.23664836103806
SM-002,84,slow_moving,4,6,22.72790879248855,3.0697030675746007,33.23075600464933,29.23075600464933,23.0,1.0,53.174597397618875,52.23075600464933,5.681977198122137,7.0,13.400757010763918
SM-002,85,slow_moving,1,6,22.72790879248855,3.1460190554788263,32.23075600464933,31.23075600464933,21.0,2.0,53.507754053955985,52.23075600464933,5.681977198122137,7.0,13.733913667101028
SM-002,86,slow_moving,9,6,22.72790879248855,3.109126351029604,36.23075600464933,27.23075600464933,18.0,9.0,53.346699334033325,45.23075600464933,5.681977198122137,7.0,13.572858947178368
SM-002,87,slow_moving,1,6,22.72790879248855,3.3011264588676226,29.23075600464933,28.23075600464933,25.0,1.0,54.18487382014435,53.23075600464933,5.681977198122137,7.0,14.411033433289386
SM-002,88,slow_moving,2,6,22.72790879248855,3.105000103224737,30.23075600464933,28.23075600464933,24.0,2.0,53.328686241893145,52.23075600464933,5.681977198122137,7.0,13.554845855038186
SM-002,89,slow_moving,8,6,22.72790879248855,2.985005261344844,35.23075600464933,27.23075600464933,19.0,7.0,52.80485000002236,46.23075600464933,5.681977198122137,7.0,13.031009613167408
SM-002,90,slow_moving,2,6,22.51251492015595,2.897832965758359,31.23075600464933,29.23075600464933,22.0,1.0,52.04736096813517,51.23075600464933,5.628128730038988,7.0,12.650459857862257
SM-002,91,slow_moving,10,6,22.72790879248855,3.2541886223363856,30.23075600464933,20.23075600464933,22.0,12.0,53.9799671799516,42.23075600464933,5.681977198122137,7.0,14.206126793096644
SM-002,92,slow_moving,8,6,22.645783359904776,3.3817003764226996,22.23075600464933,14.23075600464933,32.0,9.0,54.39289891733752,46.23075600464933,5.661445839976194,7.0,14.76277803750416
SM-002,93,slow_moving,7,6,22.645783359904776,3.2659863237109037,23.23075600464933,16.23075600464933,32.0,6.0,53.88775041633065,48.23075600464933,5.661445839976194,7.0,14.25762953649729
SM-002,94,slow_moving,1,6,22.645783359904776,3.353146245481956,17.23075600464933,16.23075600464933,37.0,2.0,54.268246153872425,53.23075600464933,5.661445839976194,7.0,14.638125274039071
SM-002,95,slow_moving,7,6,22.645783359904776,3.353146245481956,18.23075600464933,11.23075600464933,37.0,7.0,54.268246153872425,48.23075600464933,5.661445839976194,7.0,14.638125274039071
SM-002,96,slow_moving,2,6,22.645783359904776,3.4436861586059715,18.23075600464933,16.23075600464933,37.0,2.0,54.66349720872746,53.23075600464933,5.661445839976194,7.0,15.033376328894109
SM-002,97,slow_moving,1,6,22.645783359904776,3.5966508637755528,17.23075600464933,16.23075600464933,38.0,2.0,55.33126304798836,54.23075600464933,5.661445839976194,7.0,15.701142168155005
SM-002,98,slow_moving,4,6,22.645783359904776,3.4436861586059715,28.23075600464933,24.23075600464933,28.0,3.0,54.66349720872746,52.23075600464933,5.661445839976194,7.0,15.033376328894109
SM-002,99,slow_moving,4,6,22.645783359904776,3.2025630761017414,33.23075600464933,29.23075600464933,22.0,3.0,53.610876884482686,51.23075600464933,5.661445839976194,7.0,13.98075600464933
SM-003,75,slow_moving,8,8,15.76793626366127,1.877669040497024,26.952331683824642,18.952331683824642,0.0,26.0,44.77231834369813,18.952331683824642,3.9419840659153174,9.0,9.294461750460268
SM-003,76,slow_moving,4,8,20.54787375615175,1.818706218082595,18.952331683824642,14.952331683824642,26.0,15.0,55.23531173085028,40.95233168382464,5.136968439037937,9.0,9.002595779508844
SM-003,77,slow_moving,3,8,20.54787375615175,1.818706218082595,14.952331683824642,11.952331683824642,41.0,3.0,55.23531173085028,52.95233168382464,5.136968439037937,9.0,9.002595779508844
SM-003,78,slow_moving,3,8,21.21142586380314,1.7021856236720738,11.952331683824642,8.952331683824642,44.0,4.0,56.151527030733824,52.95233168382464,5.302856465950785,9.0,8.425818837176765
SM-003,79,slow_moving,0,8,20.543449036224345,1.9148542155126729,8.952331683824642,8.952331683824642,48.0,0.0,55.7012886982925,56.95233168382464,5.135862259056086,9.0,9.478528366787732
SM-003,80,slow_moving,7,8,16.055807934889,2.2043081361221595,8.952331683824642,1.9523316838246423,48.0,0.0,47.036893127304936,49.95233168382464,4.01395198372225,9.0,10.911325273804689
SM-003,81,slow_moving,6,8,16.055807934889,2.3287500774185523,1.9523316838246423,0.0,48.0,0.0,47.65288073672208,48.0,4.01395198372225,9.0,11.527312883221832
SM-003,82,slow_moving,8,8,16.055807934889,2.650592580092425,0.0,0.0,48.0,2.0,49.24600112495776,48.0,4.01395198372225,9.0,13.120433271457504
SM-003,83,slow_moving,1,8,16.055807934889,2.650592580092425,0.0,0.0,50.0,0.0,49.24600112495776,50.0,4.01395198372225,9.0,13.120433271457504
SM-003,84,slow_moving,4,8,16.055807934889,2.596842263902399,26.0,22.0,24.0,3.0,48.979937059817125,46.0,4.01395198372225,9.0,12.854369206316875
SM-003,85,slow_moving,2,8,16.055807934889,2.596842263902399,37.0,35.0,12.0,2.0,48.979937059817125,47.0,4.01395198372225,9.0,12.854369206316875
SM-003,86,slow_moving,6,8,21.426819736135737,2.5869494955077283,38.0,32.0,11.0,19.0,61.01574440906866,43.0,5.356704934033934,9.0,12.805400002763253
SM-003,87,slow_moving,4,8,21.426819736135737,2.5620504608813937,36.0,32.0,26.0,3.0,60.892494187668305,58.0,5.356704934033934,9.0,12.682149781362899
SM-003,88,slow_moving,6,8,21.426819736135737,2.3750843439814173,32.0,26.0,29.0,5.0,59.96701190901342,55.0,5.356704934033934,9.0,11.756667502708016
SM-003,89,slow_moving,10,8,21.426819736135737,2.873396989002783,26.0,16.0,34.0,13.0,62.43365950186919,50.0,5.356704934033934,9.0,14.223315095563773
SM-003,90,slow_moving,6,8,16.271201807221605,2.853248261372579,16.0,10.0,47.0,0.0,50.73378296004288,57.0,4.067800451805401,9.0,14.123578893794265
SM-003,91,slow_moving,3,8,16.271201807221605,2.853248261372579,12.0,9.0,45.0,0.0,50.73378296004288,54.0,4.067800451805401,9.0,14.123578893794265
SM-003,92,slow_moving,4,8,16.189076374637832,2.4781092875467876,9.0,5.0,45.0,0.0,48.692062816291724,50.0,4.047269093659458,9.0,12.266640973356598
SM-003,93,slow_moving,5,8,16.189076374637832,2.4152294576982407,8.0,3.0,42.0,4.0,48.380807658541414,45.0,4.047269093659458,9.0,11.955385815606292
SM-003,94,slow_moving,1,8,16.189076374637832,2.6311740579210876,5.0,4.0,44.0,2.0,49.4497334296445,48.0,4.047269093659458,9.0,13.024311586709382
SM-003,95,slow_moving,4,8,16.189076374637832,2.4284636907798096,23.0,19.0,27.0,3.0,48.446317112295176,46.0,4.047269093659458,9.0,12.020895269360057
SM-003,96,slow_moving,8,8,16.189076374637832,2.4099154150493147,22.0,14.0,27.0,8.0,48.35450314742923,41.0,4.047269093659458,9.0,11.929081304494108
SM-003,97,slow_moving,1,8,16.189076374637832,2.6311740579210876,19.0,18.0,30.0,2.0,49.4497334296445,48.0,4.047269093659458,9.0,13.024311586709382
SM-003,98,slow_moving,1,8,16.189076374637832,2.7268841992093162,31.0,30.0,19.0,1.0,49.92349862902124,49.0,4.047269093659458,9.0,13.498076786086113
SM-003,99,slow_moving,5,8,16.189076374637832,2.696151102818751,30.0,25.0,20.0,5.0,49.771369801887936,45.0,4.047269093659458,9.0,13.345947958952815
SM-004,75,slow_moving,11,6,15.140412064183817,2.6189643676412167,43.57568678568392,32.57568678568392,0.0,6.0,37.9287829876967,32.57568678568392,3.7851030160459542,7.0,11.433061875375023
SM-004,76,slow_moving,3,6,15.140412064183817,2.6722697545393204,32.57568678568392,29.57568678568392,6.0,3.0,38.161487103196265,35.57568678568392,3.7851030160459542,7.0,11.665765990874586
SM-004,77,slow_moving,1,6,15.140412064183817,2.633609203336256,29.57568678568392,28.57568678568392,9.0,1.0,37.99271486654349,37.57568678568392,3.7851030160459542,7.0,11.496993754221808
SM-004,78,slow_moving,8,6,15.46485500784669,2.8033862307884645,28.57568678568392,20.57568678568392,10.0,9.0,39.30164987635456,30.57568678568392,3.8662137519616726,7.0,12.23815361262285
SM-004,79,slow_moving,4,6,15.46485500784669,2.8033862307884645,20.57568678568392,16.57568678568392,19.0,4.0,39.30164987635456,35.57568678568392,3.8662137519616726,7.0,12.23815361262285
SM-004,80,slow_moving,3,6,15.46485500784669,2.7339273901036525,16.57568678568392,13.57568678568392,23.0,3.0,38.99842802532323,36.57568678568392,3.8662137519616726,7.0,11.934931761591521
SM-004,81,slow_moving,6,6,15.46485500784669,2.7339273901036525,13.57568678568392,7.575686785683921,26.0,6.0,38.99842802532323,33.57568678568392,3.8662137519616726,7.0,11.934931761591521
SM-004,82,slow_moving,0,6,15.46485500784669,3.0445411426405067,13.57568678568392,13.57568678568392,26.0,1.0,40.3544091512882,39.57568678568392,3.8662137519616726,7.0,13.290912887556493
SM-004,83,slow_moving,1,6,15.040078973381304,3.1235252930639525,16.57568678568392,15.57568678568392,24.0,1.0,39.95585558320843,39.57568678568392,3.760019743345326,7.0,13.635717379791146
SM-004,84,slow_moving,5,6,20.22713782012191,3.0988004296120937,16.57568678568392,11.57568678568392,24.0,14.0,48.92527242917997,35.57568678568392,5.056784455030478,7.0,13.527781243966627
SM-004,85,slow_moving,4,6,19.80236178565652,3.0988004296120937,20.57568678568392,16.57568678568392,29.0,3.0,48.181914368865534,45.57568678568392,4.95059044641413,7.0,13.527781243966627
SM-004,86,slow_moving,3,6,20.22713782012191,3.0925883276153256,20.57568678568392,17.57568678568392,28.0,4.0,48.898153562125984,45.57568678568392,5.056784455030478,7.0,13.50066237691264
SM-004,87,slow_moving,4,6,20.22713782012191,2.9850052613448446,20.57568678568392,16.57568678568392,29.0,3.0,48.42850079838075,45.57568678568392,5.056784455030478,7.0,13.03100961316741
SM-004,88,slow_moving,6,6,15.249461135514093,2.2503560971771903,22.57568678568392,16.57568678568392,26.0,0.0,36.510463268023095,42.57568678568392,3.812365283878523,7.0,9.823906280873432
SM-004,89,slow_moving,6,6,15.249461135514093,2.3259957889593013,17.57568678568392,11.57568678568392,25.0,1.0,36.84066756062981,36.57568678568392,3.812365283878523,7.0,10.15411057348015
SM-004,90,slow_moving,2,6,15.46485500784669,2.236067977499788,12.57568678568392,10.57568678568392,25.0,2.0,36.82502790584606,35.57568678568392,3.8662137519616726,7.0,9.761531642114358
SM-004,91,slow_moving,2,6,15.249461135514093,1.9414506867882995,24.57568678568392,22.57568678568392,13.0,0.0,35.16193989204636,35.57568678568392,3.812365283878523,7.0,8.475382904896698
SM-004,92,slow_moving,5,6,15.167335702930323,1.980675875320572,25.57568678568392,20.57568678568392,10.0,5.0,35.189457540101685,30.57568678568392,3.791833925732581,7.0,8.646620059973625
SM-004,93,slow_moving,6,6,19.033365464697283,2.0754980866510815,24.57568678568392,18.57568678568392,11.0,13.0,42.36895500660434,29.57568678568392,4.758341366174321,7.0,9.060565443384094
SM-004,94,slow_moving,8,6,19.24875933702988,2.3094010767585016,21.57568678568392,13.57568678568392,21.0,10.0,43.76699536870514,34.57568678568392,4.81218983425747,7.0,10.081666528902842
SM-004,95,slow_moving,2,6,19.24875933702988,2.075498086651082,13.57568678568392,11.57568678568392,31.0,1.0,42.74589428318639,42.57568678568392,4.81218983425747,7.0,9.060565443384096
SM-004,96,slow_moving,2,6,19.24875933702988,1.9644272343292215,12.57568678568392,10.57568678568392,31.0,1.0,42.26101562548621,41.57568678568392,4.81218983425747,7.0,8.575686785683917
SM-004,97,slow_moving,5,6,15.382729575262921,1.9644272343292215,12.57568678568392,7.575686785683921,30.0,0.0,35.495463542394035,37.57568678568392,3.8456823938157303,7.0,8.575686785683917
SM-004,98,slow_moving,6,6,15.382729575262921,2.0223114472661194,7.575686785683921,1.5756867856839207,30.0,5.0,35.7481564756358,31.57568678568392,3.8456823938157303,7.0,8.828379718925687
SM-004,99,slow_moving,5,6,15.382729575262921,1.983909634004894,6.575686785683921,1.5756867856839207,30.0,5.0,35.580513756793614,31.57568678568392,3.8456823938157303,7.0,8.660737000083499
SM-005,75,slow_moving,11,6,22.422540930797865,4.308607961291276,44.19499608847505,33.19499608847505,0.0,25.0,58.04863014693831,33.19499608847505,5.605635232699466,7.0,18.809183518042047
SM-005,76,slow_moving,7,6,22.422540930797865,4.308607961291276,33.19499608847505,26.19499608847505,25.0,7.0,58.04863014693831,51.19499608847505,5.605635232699466,7.0,18.809183518042047
SM-005,77,slow_moving,6,6,22.422540930797865,4.308607961291276,26.19499608847505,20.19499608847505,32.0,6.0,58.04863014693831,52.19499608847505,5.605635232699466,7.0,18.809183518042047
SM-005,78,slow_moving,6,6,22.733473484089583,4.003203845127179,20.19499608847505,14.194996088475051,38.0,6.0,57.25952360296844,52.19499608847505,5.683368371022396,7.0,17.475945005811674
SM-005,79,slow_moving,9,6,22.733473484089583,3.9451365710330695,14.194996088475051,5.194996088475051,44.0,8.0,57.00603151813712,49.19499608847505,5.683368371022396,7.0,17.222452920980352
SM-005,80,slow_moving,8,6,22.733473484089583,2.8419928002940265,5.194996088475051,0.0,52.0,1.0,52.19026878988995,52.0,5.683368371022396,7.0,12.406690192733178
SM-005,81,slow_moving,3,6,22.733473484089583,2.8978329657583624,0.0,0.0,53.0,0.0,52.43403845501904,53.0,5.683368371022396,7.0,12.650459857862273
SM-005,82,slow_moving,8,6,27.495756296364803,2.9569561619323594,25.0,17.0,28.0,17.0,61.02613507825696,45.0,6.873939074091201,7.0,12.908561559618548
SM-005,83,slow_moving,5,6,27.495756296364803,2.9154759474226513,24.0,19.0,38.0,4.0,60.84505363058516,57.0,6.873939074091201,7.0,12.727480111946752
SM-005,84,slow_moving,4,6,27.495756296364803,2.7339273901036543,25.0,21.0,36.0,4.0,60.05250528022994,57.0,6.873939074091201,7.0,11.934931761591528
SM-005,85,slow_moving,9,6,27.495756296364803,2.803386230788466,27.0,18.0,34.0,9.0,60.35572713126127,52.0,6.873939074091201,7.0,12.238153612622858
SM-005,86,slow_moving,2,6,22.733473484089583,2.985005261344847,26.0,24.0,35.0,0.0,52.81458821032419,59.0,5.683368371022396,7.0,13.031009613167418
SM-005,87,slow_moving,4,6,22.733473484089583,2.6578379491802293,25.0,21.0,34.0,0.0,51.38634269091411,55.0,5.683368371022396,7.0,11.602764093757344
SM-005,88,slow_moving,2,6,27.495756296364803,2.5012817227194275,21.0,19.0,34.0,7.0,59.036893024062664,53.0,6.873939074091201,7.0,10.919319505424257
SM-005,89,slow_moving,8,6,27.495756296364803,2.562050460881396,36.0,28.0,24.0,8.0,59.30217832235789,52.0,6.873939074091201,7.0,11.184604803719477
SM-005,90,slow_moving,9,6,27.495756296364803,2.722178614686482,32.0,23.0,28.0,10.0,60.00121612259035,51.0,6.873939074091201,7.0,11.88364260395194
SM-005,91,slow_moving,2,6,26.599503245856546,2.9308264345988824,27.0,25.0,34.0,1.0,59.3436231852895,59.0,6.6498758114641365,7.0,12.794492505040541
SM-005,92,slow_moving,12,6,26.517377813272773,3.3127570050275312,34.0,22.0,26.0,13.0,60.867217635555846,48.0,6.629344453318193,7.0,14.461806462328495
SM-005,93,slow_moving,6,6,26.517377813272773,3.250246538972478,22.0,16.0,39.0,6.0,60.59432884214716,55.0,6.629344453318193,7.0,14.18891766891981
SM-005,94,slow_moving,4,6,26.517377813272773,3.1925393799149444,16.0,12.0,45.0,4.0,60.34240883578559,57.0,6.629344453318193,7.0,13.936997662558243
SM-005,95,slow_moving,10,6,26.517377813272773,3.3531462454819576,19.0,9.0,42.0,11.0,61.043536447266426,51.0,6.629344453318193,7.0,14.638125274039078
SM-005,96,slow_moving,20,6,25.817130010360408,5.122849767813784,17.0,0.0,45.0,23.0,67.54372522593813,45.0,6.454282502590102,7.0,22.363747707807416
SM-005,97,slow_moving,1,6,21.41858098008961,5.336137083542642,10.0,9.0,58.0,0.0,60.77736799508231,67.0,5.354645245022403,7.0,23.29485127992549
SM-005,98,slow_moving,9,6,21.41858098008961,5.336137083542642,10.0,1.0,57.0,3.0,60.77736799508231,58.0,5.354645245022403,7.0,23.29485127992549
SM-005,99,slow_moving,3,6,21.41858098008961,5.267218406672514,14.0,11.0,47.0,3.0,60.47650422360044,58.0,5.354645245022403,7.0,22.993987508443627
SM-006,75,slow_moving,12,7,22.187420895419457,5.092729860879861,44.611314390400615,32.611314390400615,0.0,36.0,68.14212699874278,32.611314390400615,5.546855223854864,8.0,23.76728520790386
SM-006,76,slow_moving,9,7,22.187420895419457,4.09971856444955,32.611314390400615,23.611314390400615,36.0,4.0,63.50783785683804,59.611314390400615,5.546855223854864,8.0,19.132996065999123
SM-006,77,slow_moving,2,7,22.187420895419457,4.233565509482155,23.611314390400615,21.611314390400615,40.0,3.0,64.13248880116417,61.611314390400615,5.546855223854864,8.0,19.75764701032526
SM-006,78,slow_moving,3,7,23.08610725009647,3.8179736873010337,21.611314390400615,18.611314390400615,43.0,3.0,63.99033405909657,61.611314390400615,5.771526812524118,8.0,17.81811955890363
SM-006,79,slow_moving,3,7,23.08610725009647,3.8547340192254946,18.611314390400615,15.611314390400615,46.0,3.0,64.16189102698077,61.611314390400615,5.771526812524118,8.0,17.98967652678783
SM-006,80,slow_moving,10,7,23.08610725009647,4.119995021157058,15.611314390400615,5.611314390400615,49.0,11.0,65.39983885843174,54.611314390400615,5.771526812524118,8.0,19.227624358238792
SM-006,81,slow_moving,4,7,23.08610725009647,4.132423390327164,5.611314390400615,1.611314390400615,60.0,4.0,65.45784087361893,61.611314390400615,5.771526812524118,8.0,19.285626373425988
SM-006,82,slow_moving,11,7,23.08610725009647,3.9999999999999964,1.611314390400615,0.0,64.0,1.0,64.83983352351778,64.0,5.771526812524118,8.0,18.667619023324836
SM-006,83,slow_moving,5,7,23.08610725009647,3.7089635016282148,36.0,31.0,29.0,4.0,63.481593905146056,60.0,5.771526812524118,8.0,17.30937940495311
SM-006,84,slow_moving,2,7,23.08610725009647,3.772369180073605,35.0,33.0,29.0,2.0,63.777502167429546,62.0,5.771526812524118,8.0,17.605287667236603
SM-006,85,slow_moving,2,7,23.08610725009647,3.8696716881873776,36.0,34.0,28.0,3.0,64.23160370530002,62.0,5.771526812524118,8.0,18.059389205107074
SM-006,86,slow_moving,9,7,23.08610725009647,3.8812501290309203,37.0,28.0,28.0,9.0,64.28563918593785,56.0,5.771526812524118,8.0,18.113424685744913
SM-006,87,slow_moving,5,7,23.08610725009647,3.7296456145666683,31.0,26.0,34.0,4.0,63.57811535637916,60.0,5.771526812524118,8.0,17.405900856186214
SM-006,88,slow_moving,11,7,23.08610725009647,3.601993749905592,37.0,26.0,27.0,10.0,62.98237626210166,53.0,5.771526812524118,8.0,16.810161761908716
SM-006,89,slow_moving,5,7,23.08610725009647,3.4788739704916125,30.0,25.0,33.0,5.0,62.407787978017666,58.0,5.771526812524118,8.0,16.235573477824722
SM-006,90,slow_moving,5,7,23.08610725009647,3.3204880703958266,26.0,21.0,37.0,4.0,61.668616067604034,58.0,5.771526812524118,8.0,15.496401567411095
SM-006,91,slow_moving,1,7,23.08610725009647,3.5009156311471186,25.0,24.0,37.0,2.0,62.51065430895727,61.0,5.771526812524118,8.0,16.338439808764324
SM-006,92,slow_moving,2,7,23.0039818175127,3.5734060459498225,26.0,24.0,37.0,2.0,62.68470930538464,61.0,5.750995454378175,8.0,16.67674567035924
SM-006,93,slow_moving,5,7,23.0039818175127,3.312757005027527,27.0,22.0,36.0,4.0,61.46828505670153,58.0,5.750995454378175,8.0,15.460321421676133
SM-006,94,slow_moving,8,7,23.0039818175127,3.3817003764226965,31.0,23.0,31.0,8.0,61.79003720454868,54.0,5.750995454378175,8.0,15.782073569523286
SM-006,95,slow_moving,16,7,23.792663814651196,4.239617786352792,27.0,11.0,35.0,22.0,67.37122003933884,46.0,5.948165953662799,8.0,19.785892410036446
SM-006,96,slow_moving,1,7,22.44354639996781,4.446260312805666,21.0,20.0,47.0,0.0,65.63736619943197,67.0,5.610886599991953,8.0,20.750273399496344
SM-006,97,slow_moving,8,7,22.44354639996781,4.3588989435406695,25.0,17.0,42.0,7.0,65.22965900973323,59.0,5.610886599991953,8.0,20.342566209797603
SM-006,98,slow_moving,1,7,26.948524207538284,4.443375939934603,21.0,20.0,45.0,10.0,74.63386072110336,65.0,6.737131051884571,8.0,20.736812306026785
SM-006,99,slow_moving,0,7,27.08418359061778,4.62157704241467,22.0,22.0,53.0,1.0,75.73682705992094,75.0,6.771045897654445,8.0,21.56845987868538
SM-007,75,slow_moving,2,8,26.94970370769467,5.101533203424342,73.96917605729864,71.96917605729864,0.0,14.0,85.8894226992635,71.96917605729864,6.737425926923668,9.0,25.25258935695049
SM-007,76,slow_moving,4,8,26.94970370769467,4.909436230624053,71.96917605729864,67.96917605729864,14.0,3.0,84.93854268390207,81.96917605729864,6.737425926923668,9.0,24.30170934158906
SM-007,77,slow_moving,3,8,26.94970370769467,4.9742928888023625,67.96917605729864,64.96917605729864,17.0,4.0,85.2595831418847,81.96917605729864,6.737425926923668,9.0,24.622749799571693
SM-007,78,slow_moving,3,8,27.49019160476377,5.035769490254133,64.96917605729864,61.96917605729864,21.0,4.0,86.77999008747643,82.96917605729864,6.872547901190942,9.0,24.927058976757955
SM-007,79,slow_moving,12,8,27.49019160476377,5.3204973740894115,61.96917605729864,49.96917605729864,25.0,14.0,88.18939311246106,74.96917605729864,6.872547901190942,9.0,26.336462001742582
SM-007,80,slow_moving,4,8,27.49019160476377,5.345738777467815,49.96917605729864,45.96917605729864,39.0,4.0,88.31433805918417,84.96917605729864,6.872547901190942,9.0,26.461406948465687
SM-007,81,slow_moving,1,8,27.49019160476377,5.469027007636406,45.96917605729864,44.96917605729864,43.0,1.0,88.92461479851869,87.96917605729864,6.872547901190942,9.0,27.07168368780021
SM-007,82,slow_moving,12,8,26.92975618721888,4.292211192739347,44.96917605729864,32.96917605729864,44.0,5.0,81.83839682530225,76.96917605729864,6.73243904680472,9.0,21.246445404059767
SM-007,83,slow_moving,25,8,25.22692378907287,6.942067969438768,32.96917605729864,7.96917605729864,49.0,35.0,91.12381497413585,56.96917605729864,6.306730947268218,9.0,34.3632364487219
SM-007,84,slow_moving,10,8,23.751408324673687,6.6785151121012,21.96917605729864,11.96917605729864,70.0,5.0,86.49931853541673,81.96917605729864,5.937852081168422,9.0,33.05864980490094
SM-007,85,slow_moving,19,8,46.51756098241469,7.398024684384964,14.96917605729864,0.0,72.0,70.0,141.28473439813862,72.0,11.629390245603673,9.0,36.620222187705565
SM-007,86,slow_moving,6,8,33.915877628769735,7.194192814792378,4.0,0.0,138.0,0.0,111.92197909795416,138.0,8.478969407192434,9.0,35.611254433222264
SM-007,87,slow_moving,7,8,26.36418599818737,7.1692005061538,4.0,0.0,134.0,0.0,94.80696100138289,134.0,6.5910464995468425,9.0,35.487542505461306
SM-007,88,slow_moving,7,8,26.36418599818737,6.932827890846748,14.0,7.0,120.0,0.0,93.63691655561298,127.0,6.5910464995468425,9.0,34.3174980596914
SM-007,89,slow_moving,6,8,26.924621415732258,6.841614744173507,11.0,5.0,116.0,0.0,94.44639116905643,121.0,6.731155353933064,9.0,33.865992983658856
SM-007,90,slow_moving,8,8,26.924621415732258,6.622610841577086,6.0,0.0,115.0,0.0,93.36232185120414,115.0,6.731155353933064,9.0,32.78192366580657
SM-007,91,slow_moving,0,8,26.593938554255512,6.904105059069326,5.0,5.0,110.0,0.0,94.01168178946807,115.0,6.648484638563878,9.0,34.17532004239316
SM-007,92,slow_moving,4,8,33.25391617108791,6.970634374986512,40.0,36.0,75.0,0.0,109.32595154113102,111.0,8.313479042771977,9.0,34.50464015618323
SM-007,93,slow_moving,0,8,33.25391617108791,7.262478209508773,41.0,41.0,70.0,0.0,110.77057852201622,111.0,8.313479042771977,9.0,35.949267137068425
SM-007,94,slow_moving,1,8,29.687469662347926,7.262478209508773,111.0,110.0,0.0,0.0,102.74607387735125,110.0,7.4218674155869815,9.0,35.949267137068425
SM-007,95,slow_moving,0,8,26.08703708720635,7.481601364304233,110.0,110.0,0.0,0.0,95.72976019952023,110.0,6.521759271801588,9.0,37.03392675330595
SM-007,96,slow_moving,2,8,25.583222646201218,5.315675898360456,110.0,108.0,0.0,0.0,83.87484665083699,108.0,6.3958056615503045,9.0,26.31259569688425
SM-007,97,slow_moving,1,8,26.222170692004724,5.25015262293417,108.0,107.0,0.0,0.0,84.98813954053477,107.0,6.555542673001181,9.0,25.98825548352414
SM-007,98,slow_moving,1,8,26.006776819672126,3.092588327615321,107.0,106.0,0.0,0.0,73.82356006595812,106.0,6.5016942049180315,9.0,15.30831222169584
SM-007,99,slow_moving,2,8,26.006776819672126,2.999999999999994,106.0,104.0,0.0,0.0,73.36524784426226,104.0,6.5016942049180315,9.0,14.84999999999997
SM-008,75,slow_moving,0,8,26.447960749520092,3.1723969745450478,46.777500424832894,46.777500424832894,0.0,29.0,75.21127671041819,46.777500424832894,6.611990187380023,9.0,15.703365023997986
SM-008,76,slow_moving,2,8,22.982642195366306,1.5191090506255014,46.777500424832894,44.777500424832894,29.0,0.0,59.23053474017042,73.7775004248329,5.745660548841577,9.0,7.519589800596231
SM-008,77,slow_moving,14,8,22.3021838470973,3.4529808749943767,44.777500424832894,30.777500424832894,29.0,8.0,67.2721689871911,59.777500424832894,5.575545961774325,9.0,17.092255331222162
SM-008,78,slow_moving,5,8,21.84098253847943,3.4529808749943767,30.777500424832894,25.777500424832894,37.0,4.0,66.23446604280088,62.777500424832894,5.460245634619858,9.0,17.092255331222162
SM-008,79,slow_moving,1,8,21.84098253847943,3.5246385521180654,25.777500424832894,24.777500424832894,41.0,1.0,66.58917154456314,65.7775004248329,5.460245634619858,9.0,17.446960832984423
SM-008,80,slow_moving,4,8,26.60326535075465,3.50274617539307,24.777500424832894,20.777500424832894,42.0,15.0,77.19594060739365,62.777500424832894,6.650816337688663,9.0,17.338593568195694
SM-008,81,slow_moving,4,8,26.996446068639546,3.500915631147124,20.777500424832894,16.777500424832894,57.0,5.0,78.07153602861725,73.7775004248329,6.7491115171598866,9.0,17.329532374178264
SM-008,82,slow_moving,6,8,26.996446068639546,3.5228193837119184,16.777500424832894,10.777500424832894,62.0,6.0,78.17995960381297,72.7775004248329,6.7491115171598866,9.0,17.437955949373993
SM-008,83,slow_moving,6,8,27.211839940972144,3.449265994010307,10.777500424832894,4.777500424832894,68.0,6.0,78.30050653753834,72.7775004248329,6.802959985243036,9.0,17.073866670351016
SM-008,84,slow_moving,11,8,22.449557128696924,3.829708431025354,33.777500424832894,22.777500424832894,45.0,2.0,69.46856027314358,67.7775004248329,5.612389282174231,9.0,18.957056733575502
SM-008,85,slow_moving,23,8,27.193709345680514,6.292038110957657,22.777500424832894,0.0,47.0,46.0,92.33143467702155,47.0,6.798427336420128,9.0,31.145588649240402
SM-008,86,slow_moving,3,8,22.433644686143893,6.292038110957657,8.0,5.0,85.0,0.0,81.62128919306417,90.0,5.608411171535973,9.0,31.145588649240402
SM-008,87,slow_moving,3,8,21.216790057280726,6.329621044272917,9.0,6.0,81.0,0.0,79.06940179803257,87.0,5.304197514320181,9.0,31.331624169150935
SM-008,88,slow_moving,4,8,21.216790057280726,6.090134940191687,7.0,3.0,80.0,0.0,77.88394558283048,83.0,5.304197514320181,9.0,30.146167953948847
SM-008,89,slow_moving,7,8,22.449557128696924,5.930148958219067,18.0,11.0,65.0,4.0,79.86574088275246,76.0,5.612389282174231,9.0,29.35423734318438
SM-008,90,slow_moving,11,8,22.449557128696924,5.688494911571458,16.0,5.0,64.0,10.0,78.6695533518468,69.0,5.612389282174231,9.0,28.158049812278716
SM-008,91,slow_moving,1,8,22.449557128696924,5.896543968226709,11.0,10.0,68.0,2.0,79.69939618229029,78.0,5.612389282174231,9.0,29.187892642722204
SM-008,92,slow_moving,11,8,22.36743169611315,5.775722842984623,16.0,5.0,64.0,10.0,78.91654938902846,69.0,5.591857924028288,9.0,28.589828072773876
SM-008,93,slow_moving,6,8,26.233461457880114,5.708742732839133,7.0,1.0,72.0,15.0,87.28356480778396,73.0,6.558365364470029,9.0,28.258276527553704
SM-008,94,slow_moving,1,8,26.233461457880114,5.913912323864718,47.0,46.0,41.0,2.0,88.29915428336061,87.0,6.558365364470029,9.0,29.273866003130355
SM-008,95,slow_moving,2,8,26.233461457880114,6.0806544856914035,46.0,44.0,43.0,3.0,89.1245279844027,87.0,6.558365364470029,9.0,30.099239704172447
SM-008,96,slow_moving,2,8,26.233461457880114,6.226494259953252,44.0,42.0,46.0,2.0,89.84643486699885,88.0,6.558365364470029,9.0,30.82114658676859
SM-008,97,slow_moving,8,8,22.36743169611315,6.101702158477521,42.0,34.0,48.0,0.0,80.53014700071833,82.0,5.591857924028288,9.0,30.20342568446373
SM-008,98,slow_moving,3,8,22.36743169611315,3.515533296524777,38.0,35.0,44.0,0.0,67.72861113405224,79.0,5.591857924028288,9.0,17.401889817797645
SM-008,99,slow_moving,6,8,22.36743169611315,3.4880749227427263,45.0,39.0,34.0,0.0,67.59269218383109,73.0,5.591857924028288,9.0,17.265970867576495
SM-009,75,slow_moving,6,8,13.630602696885031,1.1821319289469747,34.038718714131875,28.038718714131875,0.0,9.0,36.52040911627884,28.038718714131875,3.407650674221258,9.0,5.851553048287524
SM-009,76,slow_moving,1,8,13.630602696885031,1.3913653136029491,28.038718714131875,27.038718714131875,9.0,2.0,37.55611437032592,36.038718714131875,3.407650674221258,9.0,6.887258302334598
SM-009,77,slow_moving,4,8,13.630602696885031,1.3913653136029491,27.038718714131875,23.038718714131875,11.0,4.0,37.55611437032592,34.038718714131875,3.407650674221258,9.0,6.887258302334598
SM-009,78,slow_moving,4,8,13.675273574999352,1.3301243435223513,23.038718714131875,19.038718714131875,15.0,4.0,37.35348104418418,34.038718714131875,3.418818393749838,9.0,6.584115500435639
SM-009,79,slow_moving,0,8,13.00729674742056,1.625123269486237,19.038718714131875,19.038718714131875,19.0,0.0,37.31077786565313,38.038718714131875,3.25182418685514,9.0,8.044360183956872
SM-009,80,slow_moving,4,8,13.43207278188595,1.6408253082847326,19.038718714131875,15.038718714131875,19.0,5.0,38.344249035252815,34.038718714131875,3.3580181954714874,9.0,8.122085276009425
SM-009,81,slow_moving,5,8,18.437556387274565,1.6641005886756863,15.038718714131875,10.038718714131875,24.0,16.0,49.72179978531241,34.038718714131875,4.609389096818641,9.0,8.237297913944648
SM-009,82,slow_moving,3,8,18.437556387274565,1.6012815380508703,10.038718714131875,7.038718714131875,40.0,3.0,49.41084548471957,47.038718714131875,4.609389096818641,9.0,7.926343613351808
SM-009,83,slow_moving,2,8,17.933741946269432,1.6408253082847326,7.038718714131875,5.038718714131875,43.0,1.0,48.473004655115645,48.038718714131875,4.483435486567358,9.0,8.122085276009425
SM-009,84,slow_moving,2,8,18.194355594161163,1.656378502513764,14.038718714131875,12.038718714131875,35.0,3.0,49.136373674305744,47.038718714131875,4.548588898540291,9.0,8.19907358744313
SM-009,85,slow_moving,10,8,13.675273574999352,2.53437900146701,14.038718714131875,4.038718714131875,36.0,4.0,43.31454160101024,40.038718714131875,3.418818393749838,9.0,12.545176057261699
SM-009,86,slow_moving,2,8,13.675273574999352,2.53437900146701,8.038718714131875,6.038718714131875,36.0,2.0,43.31454160101024,42.038718714131875,3.418818393749838,9.0,12.545176057261699
SM-009,87,slow_moving,3,8,13.675273574999352,2.5369070609498947,10.038718714131875,7.038718714131875,34.0,3.0,43.32705549545052,41.038718714131875,3.418818393749838,9.0,12.557689951701978
SM-009,88,slow_moving,0,8,13.675273574999352,2.5968422639023996,7.038718714131875,7.038718714131875,37.0,0.0,43.623734750065424,44.038718714131875,3.418818393749838,9.0,12.854369206316878
SM-009,89,slow_moving,4,8,13.250497540533962,2.529315302099739,12.038718714131875,8.038718714131875,32.0,3.0,42.333730211595125,40.038718714131875,3.3126243851334904,9.0,12.520110745393708
SM-009,90,slow_moving,4,8,13.675273574999352,2.529315302099739,24.038718714131875,20.038718714131875,19.0,5.0,43.28947628914225,39.038718714131875,3.418818393749838,9.0,12.520110745393708
SM-009,91,slow_moving,4,8,13.675273574999352,2.529315302099739,23.038718714131875,19.038718714131875,21.0,4.0,43.28947628914225,40.038718714131875,3.418818393749838,9.0,12.520110745393708
SM-009,92,slow_moving,3,8,13.593148142415583,2.331501112137293,20.038718714131875,17.038718714131875,24.0,2.0,42.12551382551466,41.038718714131875,3.3982870356038957,9.0,11.5409305050796
SM-009,93,slow_moving,2,8,13.08933370141045,2.364263857893951,20.038718714131875,18.038718714131875,23.0,1.0,41.154106924748575,41.038718714131875,3.2723334253526124,9.0,11.703106096575059
SM-009,94,slow_moving,5,8,17.21597711106914,2.364263857893951,22.038718714131875,17.038718714131875,20.0,14.0,50.43905459648063,37.038718714131875,4.303994277767285,9.0,11.703106096575059
SM-009,95,slow_moving,1,8,16.95536346317741,2.454718115312026,19.038718714131875,18.038718714131875,32.0,1.0,50.3004224629437,50.038718714131875,4.238840865794352,9.0,12.150854670794528
SM-009,96,slow_moving,5,8,17.459177904182543,2.4703368398993897,21.038718714131875,16.038718714131875,30.0,6.0,51.5113176419127,46.038718714131875,4.364794476045636,9.0,12.228167357501977
SM-009,97,slow_moving,2,8,18.098125949986045,2.4703368398993897,16.038718714131875,14.038718714131875,36.0,3.0,52.948950744970574,50.038718714131875,4.524531487496511,9.0,12.228167357501977
SM-009,98,slow_moving,15,8,14.549084839214062,3.6707436541331746,17.038718714131875,2.0387187141318748,36.0,13.0,50.90562197619086,38.038718714131875,3.6372712098035156,9.0,18.170181087959214
SM-009,99,slow_moving,4,8,13.248106597203291,3.6285901761795403,7.038718714131875,3.0387187141318748,44.0,1.0,47.76976121579613,47.038718714131875,3.312026649300823,9.0,17.961521372088725
SM-010,75,slow_moving,7,8,22.404886250582603,2.431101892199588,59.89494045975581,52.89494045975581,0.0,10.0,62.444948430198814,52.89494045975581,5.601221562645651,9.0,12.03395436638796
SM-010,76,slow_moving,2,8,22.404886250582603,2.5495097567963936,52.89494045975581,50.89494045975581,10.0,3.0,63.031067359953,60.89494045975581,5.601221562645651,9.0,12.620073296142149
SM-010,77,slow_moving,0,8,22.404886250582603,3.0445411426405085,50.89494045975581,50.89494045975581,13.0,2.0,65.48147271988137,63.89494045975581,5.601221562645651,9.0,15.070478656070517
SM-010,78,slow_moving,6,8,22.449557128696924,3.017045591727792,50.89494045975581,44.89494045975581,15.0,6.0,65.44587921862065,59.89494045975581,5.612389282174231,9.0,14.93437567905257
SM-010,79,slow_moving,7,8,22.449557128696924,3.042434922296656,44.89494045975581,37.89494045975581,21.0,7.0,65.57155640493653,58.89494045975581,5.612389282174231,9.0,15.060052865368448
SM-010,80,slow_moving,4,8,22.449557128696924,2.764240517940803,37.89494045975581,33.89494045975581,28.0,3.0,64.19449410337506,61.89494045975581,5.612389282174231,9.0,13.682990563806975
SM-010,81,slow_moving,13,8,22.955429315429114,3.484397457384224,33.89494045975581,20.89494045975581,31.0,18.0,68.89748337376741,51.89494045975581,5.738857328857279,9.0,17.247767414051907
SM-010,82,slow_moving,9,8,22.449557128696924,3.5787836352163445,20.89494045975581,11.894940459755809,49.0,8.0,68.22648253388898,60.89494045975581,5.612389282174231,9.0,17.7149789943209
SM-010,83,slow_moving,5,8,22.449557128696924,3.2757852845950133,11.894940459755809,6.894940459755809,57.0,3.0,66.72664069831339,63.89494045975581,5.612389282174231,9.0,16.215137158745314
SM-010,84,slow_moving,6,8,22.449557128696924,3.2364114346539714,16.89494045975581,10.894940459755809,50.0,6.0,66.53174014110525,60.89494045975581,5.612389282174231,9.0,16.020236601537157
SM-010,85,slow_moving,10,8,27.605175057611067,3.391164991562635,13.894940459755809,3.8949404597558086,53.0,23.0,78.89791058785994,56.89494045975581,6.901293764402767,9.0,16.78626670823504
SM-010,86,slow_moving,5,8,27.605175057611067,3.3531462454819576,5.894940459755809,0.8949404597558086,74.0,4.0,78.70971779476059,74.89494045975582,6.901293764402767,9.0,16.59807391513569
SM-010,87,slow_moving,3,8,27.605175057611067,3.451123934351882,6.894940459755809,3.8949404597558086,72.0,4.0,79.19470735466672,75.89494045975582,6.901293764402767,9.0,17.083063475041815
SM-010,88,slow_moving,0,8,27.605175057611067,3.7977726265637495,10.894940459755809,10.894940459755809,69.0,2.0,80.91061838111546,79.89494045975582,6.901293764402767,9.0,18.79897450149056
SM-010,89,slow_moving,10,8,22.449557128696924,3.851406669430448,13.894940459755809,3.8949404597558086,68.0,0.0,69.5759665532488,71.89494045975582,5.612389282174231,9.0,19.064463013680715
SM-010,90,slow_moving,2,8,22.449557128696924,3.6250552604099213,21.89494045975581,19.89494045975581,50.0,0.0,68.45552707859719,69.89494045975582,5.612389282174231,9.0,17.94402353902911
SM-010,91,slow_moving,10,8,21.889121711152036,3.7774635364528373,27.89494045975581,17.89494045975581,42.0,9.0,67.94896835553362,59.89494045975581,5.472280427788009,9.0,18.698444505441543
SM-010,92,slow_moving,5,8,22.36743169611315,3.7943953269837216,20.89494045975581,15.894940459755809,48.0,6.0,69.10897818482401,63.89494045975581,5.591857924028288,9.0,18.782256868569423
SM-010,93,slow_moving,4,8,22.36743169611315,3.7943953269837216,21.89494045975581,17.89494045975581,48.0,4.0,69.10897818482401,65.89494045975582,5.591857924028288,9.0,18.782256868569423
SM-010,94,slow_moving,8,8,22.36743169611315,3.2777415614397887,40.89494045975581,32.89494045975581,29.0,5.0,66.55154204538155,61.89494045975581,5.591857924028288,9.0,16.224820729126954
SM-010,95,slow_moving,6,8,22.36743169611315,3.1460190554788277,36.89494045975581,30.89494045975581,30.0,6.0,65.89951564087478,60.89494045975581,5.591857924028288,9.0,15.572794324620194
SM-010,96,slow_moving,7,8,22.36743169611315,3.1582208558552356,34.89494045975581,27.89494045975581,32.0,7.0,65.95991455273801,59.89494045975581,5.591857924028288,9.0,15.633193236483415
SM-010,97,slow_moving,7,8,22.36743169611315,3.1744169664559,29.89494045975581,22.89494045975581,37.0,7.0,66.0400853002113,59.89494045975581,5.591857924028288,9.0,15.713363983956706
SM-010,98,slow_moving,11,8,22.36743169611315,3.2914029430219167,22.89494045975581,11.894940459755809,44.0,11.0,66.61916588421307,55.89494045975581,5.591857924028288,9.0,16.292444567958487
SM-010,99,slow_moving,6,8,22.36743169611315,3.277741561439789,11.894940459755809,5.894940459755809,55.0,6.0,66.55154204538155,60.89494045975581,5.591857924028288,9.0,16.224820729126954
SM-011,75,slow_moving,9,9,22.422540930797865,2.5444761689508835,79.99080430987901,70.99080430987901,0.0,0.0,69.3328135677366,70.99080430987901,5.605635232699466,10.0,13.276461240741932
SM-011,76,slow_moving,7,9,22.422540930797865,2.5444761689508835,70.99080430987901,63.99080430987901,0.0,6.0,69.3328135677366,63.99080430987901,5.605635232699466,10.0,13.276461240741932
SM-011,77,slow_moving,1,9,22.422540930797865,2.5444761689508835,63.99080430987901,62.99080430987901,6.0,1.0,69.3328135677366,68.99080430987901,5.605635232699466,10.0,13.276461240741932
SM-011,78,slow_moving,3,9,22.733473484089583,2.657837949180226,62.99080430987901,59.99080430987901,7.0,4.0,70.70163930244057,66.99080430987901,5.683368371022396,10.0,13.86795559221661
SM-011,79,slow_moving,7,9,22.733473484089583,2.431101892199585,59.99080430987901,52.99080430987901,11.0,6.0,69.51858539566207,63.99080430987901,5.683368371022396,10.0,12.684901685438108
SM-011,80,slow_moving,4,9,27.495756296364803,2.420531833910545,52.99080430987901,48.99080430987901,17.0,16.0,81.36914041867983,65.99080430987901,6.873939074091201,10.0,12.62974967776783
SM-011,81,slow_moving,11,9,27.495756296364803,2.823890751137332,48.99080430987901,37.99080430987901,33.0,13.0,83.47376969209019,70.99080430987901,6.873939074091201,10.0,14.734378951178186
SM-011,82,slow_moving,4,9,27.495756296364803,2.743290182543767,37.99080430987901,33.99080430987901,46.0,4.0,83.05321541928069,79.99080430987901,6.873939074091201,10.0,14.313824678368693
SM-011,83,slow_moving,5,9,27.495756296364803,2.708012801545318,33.99080430987901,28.99080430987901,50.0,4.0,82.86914657744363,78.99080430987901,6.873939074091201,10.0,14.129755836531631
SM-011,84,slow_moving,19,9,26.659576516595497,4.506405697192864,28.99080430987901,9.99080430987901,54.0,27.0,90.16227629690478,63.99080430987901,6.664894129148874,10.0,23.513335005416035
SM-011,85,slow_moving,8,9,22.173038066544695,4.480727962834061,9.99080430987901,1.9908043098790102,81.0,0.0,78.8119499643289,82.99080430987901,5.543259516636174,10.0,23.379354797967174
SM-011,86,slow_moving,10,9,22.173038066544695,4.548879828299237,7.99080430987901,0.0,75.0,5.0,79.1675499150668,75.0,5.543259516636174,10.0,23.73495474870506
SM-011,87,slow_moving,5,9,22.173038066544695,4.579777175186471,1.0,0.0,79.0,1.0,79.32876479826976,79.0,5.543259516636174,10.0,23.896169631908016
SM-011,88,slow_moving,2,9,22.733473484089583,4.752866881130123,4.0,2.0,76.0,4.0,81.63299356414467,78.0,5.683368371022396,10.0,24.79930985392071
SM-011,89,slow_moving,14,9,22.678910253276886,5.177614538346043,8.0,0.0,74.0,10.0,83.71281603269048,74.0,5.6697275633192215,10.0,27.015540399498263
SM-011,90,slow_moving,9,9,22.173038066544695,4.850323806267064,16.0,7.0,68.0,6.0,80.74041168464471,75.0,5.543259516636174,10.0,25.307816518282976
SM-011,91,slow_moving,10,9,22.733473484089583,4.66162731573098,20.0,10.0,61.0,11.0,81.15692757915912,71.0,5.683368371022396,10.0,24.323243868935165
SM-011,92,slow_moving,5,9,22.65134805150581,4.740712918365651,14.0,9.0,68.0,5.0,81.36426354454643,77.0,5.6628370128764525,10.0,24.735893415781913
SM-011,93,slow_moving,4,9,22.65134805150581,4.740712918365651,13.0,9.0,69.0,4.0,81.36426354454643,78.0,5.6628370128764525,10.0,24.735893415781913
SM-011,94,slow_moving,10,9,22.65134805150581,4.698608632023215,36.0,26.0,46.0,10.0,81.14457356178471,72.0,5.6628370128764525,10.0,24.51620343302018
SM-011,95,slow_moving,1,9,22.65134805150581,4.980732105593745,26.0,25.0,56.0,2.0,82.61662561228867,81.0,5.6628370128764525,10.0,25.98825548352415
SM-011,96,slow_moving,9,9,22.65134805150581,4.913351772570904,30.0,21.0,53.0,9.0,82.26505133123149,74.0,5.6628370128764525,10.0,25.636681202466967
SM-011,97,slow_moving,8,9,22.65134805150581,3.682947537517003,22.0,14.0,61.0,1.0,75.84509961917709,75.0,5.6628370128764525,10.0,19.21672949041257
SM-011,98,slow_moving,3,9,22.65134805150581,3.8613801172969753,18.0,15.0,58.0,4.0,76.77611766463639,73.0,5.6628370128764525,10.0,20.147747535871858
SM-011,99,slow_moving,0,9,22.65134805150581,4.180234320508715,25.0,25.0,52.0,2.0,78.43982177868739,77.0,5.6628370128764525,10.0,21.811451649922862
SM-012,75,slow_moving,1,6,10.242347932185433,1.2247448713915894,19.346611076186484,18.346611076186484,0.0,5.0,23.27071995751099,18.346611076186484,2.5605869830463583,7.0,5.346611076186486
SM-012,76,slow_moving,3,6,10.242347932185433,1.1151635501529562,18.346611076186484,15.346611076186484,5.0,3.0,22.79234383235774,20.346611076186484,2.5605869830463583,7.0,4.868234951033235
SM-012,77,slow_moving,0,6,10.242347932185433,1.2142318453899057,15.346611076186484,15.346611076186484,8.0,0.0,23.224825451171096,23.346611076186484,2.5605869830463583,7.0,5.300716569846588
SM-012,78,slow_moving,3,6,10.287018810299754,1.2142318453899057,15.346611076186484,12.346611076186484,8.0,3.0,23.30299948787116,20.346611076186484,2.5717547025749385,7.0,5.300716569846588
SM-012,79,slow_moving,2,6,10.287018810299754,1.2142318453899057,12.346611076186484,10.346611076186484,11.0,2.0,23.30299948787116,21.346611076186484,2.5717547025749385,7.0,5.300716569846588
SM-012,80,slow_moving,3,6,10.287018810299754,1.2557559782549625,10.346611076186484,7.346611076186484,13.0,4.0,23.484272660669255,20.346611076186484,2.5717547025749385,7.0,5.481989742644687
SM-012,81,slow_moving,1,6,10.287018810299754,1.154700538379252,7.346611076186484,6.346611076186484,17.0,0.0,23.043116182475995,23.346611076186484,2.5717547025749385,7.0,5.040833264451425
SM-012,82,slow_moving,3,6,10.287018810299754,1.154700538379252,11.346611076186484,8.346611076186484,12.0,3.0,23.043116182475995,20.346611076186484,2.5717547025749385,7.0,5.040833264451425
SM-012,83,slow_moving,3,6,10.287018810299754,1.187542171990709,11.346611076186484,8.346611076186484,12.0,3.0,23.18648599453127,20.346611076186484,2.5717547025749385,7.0,5.1842030765067015
SM-012,84,slow_moving,4,6,10.711794844765144,1.3008872711759818,8.346611076186484,4.346611076186484,15.0,6.0,24.424650913719805,19.346611076186484,2.677948711191286,7.0,5.6790099353808
SM-012,85,slow_moving,2,6,15.330549988995053,1.281025230440697,7.346611076186484,5.346611076186484,18.0,10.0,32.42076488260108,23.346611076186484,3.832637497248763,7.0,5.592302401859735
SM-012,86,slow_moving,2,6,15.330549988995053,1.109400392450458,7.346611076186484,5.346611076186484,26.0,1.0,31.671538426396605,31.346611076186484,3.832637497248763,7.0,4.8430759456552614
SM-012,87,slow_moving,1,6,14.905773954529662,1.1435437497937313,9.346611076186484,8.346611076186484,23.0,0.0,31.077232839633105,31.346611076186484,3.7264434886324156,7.0,4.992128419206197
SM-012,88,slow_moving,1,6,15.72104520254089,1.1435437497937313,8.346611076186484,7.346611076186484,23.0,3.0,32.50395752365276,30.346611076186484,3.9302613006352227,7.0,4.992128419206197
SM-012,89,slow_moving,1,6,15.72104520254089,1.1547005383792517,10.346611076186484,9.346611076186484,23.0,1.0,32.552662368897984,32.346611076186484,3.9302613006352227,7.0,5.040833264451424
SM-012,90,slow_moving,3,6,44.39161071689883,1.0127393670836664,12.346611076186484,9.346611076186484,21.0,52.0,82.10642199314971,30.346611076186484,11.097902679224708,7.0,4.421103238576751
SM-012,91,slow_moving,1,6,43.495357666390575,1.0377490433255419,15.346611076186484,14.346611076186484,67.0,0.0,80.64715863787555,81.34661107618649,10.873839416597644,7.0,4.530282721692052
SM-012,92,slow_moving,4,6,14.742666719448872,1.1657505560686465,24.346611076186484,20.346611076186484,57.0,0.0,30.888738761488803,77.34661107618649,3.685666679862218,7.0,5.08907200245328
SM-012,93,slow_moving,8,6,14.35217150590303,1.9806758753205735,21.346611076186484,13.346611076186484,56.0,0.0,33.762920195303934,69.34661107618649,3.5880428764757575,7.0,8.646620059973632
SM-012,94,slow_moving,3,6,10.629669412181375,1.9215378456610446,13.346611076186484,10.346611076186484,56.0,0.0,26.990375074107003,66.34661107618649,2.6574173530453438,7.0,8.388453602789596
SM-012,95,slow_moving,1,6,10.629669412181375,1.9806758753205735,13.346611076186484,12.346611076186484,53.0,0.0,27.24854153129104,65.34661107618649,2.6574173530453438,7.0,8.646620059973632
SM-012,96,slow_moving,3,6,10.890283060073106,1.9806758753205735,13.346611076186484,10.346611076186484,52.0,0.0,27.704615415101568,62.346611076186484,2.7225707650182764,7.0,8.646620059973632
SM-012,97,slow_moving,1,6,10.465507025607716,1.980675875320574,62.346611076186484,61.346611076186484,0.0,0.0,26.961257354787136,61.346611076186484,2.616376756401929,7.0,8.646620059973634
SM-012,98,slow_moving,1,6,10.204893377715985,2.0159619451027746,61.346611076186484,60.346611076186484,0.0,0.0,26.65922444386775,60.346611076186484,2.5512233444289962,7.0,8.80066103286478
SM-012,99,slow_moving,2,6,10.204893377715985,2.0159619451027746,60.346611076186484,58.346611076186484,0.0,0.0,26.65922444386775,58.346611076186484,2.5512233444289962,7.0,8.80066103286478
SM-013,75,slow_moving,7,8,22.187420895419457,2.5620504608813954,67.1682310008713,60.1682310008713,0.0,3.0,62.603846796056686,60.1682310008713,5.546855223854864,9.0,12.682149781362906
SM-013,76,slow_moving,11,8,22.187420895419457,2.967775649824682,60.1682310008713,49.1682310008713,3.0,13.0,64.61218648132595,52.1682310008713,5.546855223854864,9.0,14.690489466632176
SM-013,77,slow_moving,8,8,22.187420895419457,2.8911890908369107,49.1682310008713,41.1682310008713,16.0,8.0,64.23308301433649,57.1682310008713,5.546855223854864,9.0,14.311385999642708
SM-013,78,slow_moving,9,8,22.72790879248855,2.6818478130400494,41.1682310008713,32.1682310008713,24.0,9.0,64.41294145764748,56.1682310008713,5.681977198122137,9.0,13.275146674548242
SM-013,79,slow_moving,13,8,23.23378097922074,3.172396974545047,32.1682310008713,19.1682310008713,33.0,16.0,67.97937222724465,52.1682310008713,5.808445244805185,9.0,15.703365023997982
SM-013,80,slow_moving,4,8,22.72790879248855,2.933012803000373,19.1682310008713,15.168231000871302,49.0,2.0,65.65620815795108,64.1682310008713,5.681977198122137,9.0,14.518413374851844
SM-013,81,slow_moving,5,8,22.72790879248855,2.9871519752227083,15.168231000871302,10.168231000871302,51.0,5.0,65.92419706045165,61.1682310008713,5.681977198122137,9.0,14.786402277352405
SM-013,82,slow_moving,9,8,22.72790879248855,2.926448797451028,10.168231000871302,1.1682310008713017,56.0,9.0,65.62371633048183,57.1682310008713,5.681977198122137,9.0,14.485921547382588
SM-013,83,slow_moving,3,8,22.72790879248855,3.10500010322474,1.1682310008713017,0.0,65.0,2.0,66.5075452940617,65.0,5.681977198122137,9.0,15.369750510962461
SM-013,84,slow_moving,2,8,22.72790879248855,3.419401657060442,3.0,1.0,64.0,4.0,68.06383298554843,65.0,5.681977198122137,9.0,16.926038202449188
SM-013,85,slow_moving,8,8,22.72790879248855,3.419401657060442,14.0,6.0,55.0,8.0,68.06383298554843,61.0,5.681977198122137,9.0,16.926038202449188
SM-013,86,slow_moving,4,8,22.72790879248855,3.226492896359206,14.0,10.0,55.0,3.0,67.1089346200773,65.0,5.681977198122137,9.0,15.971139836978068
SM-013,87,slow_moving,7,8,27.49019160476377,3.226492896359206,19.0,12.0,49.0,17.0,77.82407094769655,61.0,6.872547901190942,9.0,15.971139836978068
SM-013,88,slow_moving,6,8,27.49019160476377,3.236411434653972,28.0,22.0,50.0,6.0,77.87316771225564,72.0,6.872547901190942,9.0,16.02023660153716
SM-013,89,slow_moving,1,8,27.49019160476377,3.353146245481958,24.0,23.0,54.0,2.0,78.45100502585417,77.0,6.872547901190942,9.0,16.598073915135693
SM-013,90,slow_moving,5,8,27.49019160476377,3.312757005027532,28.0,23.0,51.0,5.0,78.25107828560476,74.0,6.872547901190942,9.0,16.398147174886283
SM-013,91,slow_moving,7,8,26.593938554255512,3.1985573671218153,32.0,25.0,47.0,4.0,75.66922071432789,72.0,6.648484638563878,9.0,15.832858967252985
SM-013,92,slow_moving,5,8,26.51181312167174,2.3259957889593053,27.0,22.0,49.0,1.0,71.16525867910997,71.0,6.627953280417935,9.0,11.51367915534856
SM-013,93,slow_moving,5,8,26.51181312167174,2.303842943364916,26.0,21.0,46.0,5.0,71.05560209341775,67.0,6.627953280417935,9.0,11.404022569656334
SM-013,94,slow_moving,7,8,33.25391617108791,2.3588350014578325,29.0,22.0,43.0,22.0,86.49754464216406,65.0,8.313479042771977,9.0,11.67623325721627
SM-013,95,slow_moving,13,8,27.01768530840393,3.0424349222966574,25.0,12.0,62.0,2.0,75.8498448092773,74.0,6.7544213271009825,9.0,15.060052865368451
SM-013,96,slow_moving,2,8,26.51181312167174,3.125576869832316,29.0,27.0,47.0,2.0,75.12318502943137,74.0,6.627953280417935,9.0,15.471605505669963
SM-013,97,slow_moving,3,8,27.15076116747525,3.0424349222966574,33.0,30.0,43.0,4.0,76.14926549218777,73.0,6.787690291868812,9.0,15.060052865368451
SM-013,98,slow_moving,7,8,22.645783359904776,2.98929714747421,32.0,25.0,45.0,0.0,65.75003343978308,70.0,5.661445839976194,9.0,14.797020879997339
SM-013,99,slow_moving,5,8,22.645783359904776,2.9591232242693555,30.0,25.0,40.0,1.0,65.60067251991906,65.0,5.661445839976194,9.0,14.647659960133307
SM-014,75,slow_moving,8,6,25.136658803583828,4.1122082158198685,77.83558960475082,69.83558960475082,0.0,0.0,61.940955365592096,69.83558960475082,6.284164700895957,7.0,17.951802459320398
SM-014,76,slow_moving,13,6,31.632879297149078,3.854734019225499,69.83558960475082,56.83558960475082,0.0,16.0,72.18534028554328,56.83558960475082,7.908219824287269,7.0,16.827801515532386
SM-014,77,slow_moving,7,6,31.127007110416873,3.52099927540974,56.83558960475082,49.83558960475082,16.0,5.0,69.84314838436464,65.83558960475082,7.781751777604218,7.0,15.370885941135109
SM-014,78,slow_moving,10,6,31.66749500748597,2.812517806211442,49.83558960475082,39.83558960475082,21.0,7.0,67.69613367384156,60.83558960475082,7.916873751871493,7.0,12.278017410741107
SM-014,79,slow_moving,9,6,31.66749500748597,2.8033862307884676,39.83558960475082,30.835589604750822,28.0,9.0,67.65626987572331,58.83558960475082,7.916873751871493,7.0,12.238153612622865
SM-014,80,slow_moving,15,6,30.98785670320161,3.27774156143979,30.835589604750822,15.835589604750822,37.0,16.0,68.53769613589469,52.83558960475082,7.746964175800403,7.0,14.308946905291867
SM-014,81,slow_moving,2,6,24.887155939330658,3.7977726265637513,15.835589604750822,13.835589604750822,53.0,0.0,60.131660038491475,66.83558960475082,6.221788984832664,7.0,16.579137144662827
SM-014,82,slow_moving,10,6,24.887155939330658,3.7502136691264107,13.835589604750822,3.8355896047508224,53.0,4.0,59.92404190140351,56.83558960475082,6.221788984832664,7.0,16.371519007574857
SM-014,83,slow_moving,8,6,24.887155939330658,3.5930845258992195,19.835589604750822,11.835589604750822,41.0,7.0,59.23809625084884,52.83558960475082,6.221788984832664,7.0,15.685573357020193
SM-014,84,slow_moving,4,6,25.447591356875545,3.7055052598490863,16.835589604750822,12.835589604750822,43.0,5.0,60.70962978354626,55.83558960475082,6.361897839218886,7.0,16.176344909014052
SM-014,85,slow_moving,6,6,25.447591356875545,3.4306312493811952,19.835589604750822,13.835589604750822,41.0,5.0,59.5096701321508,54.83558960475082,6.361897839218886,7.0,14.976385257618595
SM-014,86,slow_moving,9,6,31.66749500748597,3.4062536756037587,22.835589604750822,13.835589604750822,37.0,20.0,70.28808147437837,50.83558960475082,7.916873751871493,7.0,14.869965211277922
SM-014,87,slow_moving,5,6,31.66749500748597,3.5319058558176475,29.835589604750822,24.835589604750822,41.0,6.0,70.83661476826775,65.83558960475082,7.916873751871493,7.0,15.418498505167305
SM-014,88,slow_moving,4,6,31.66749500748597,3.7158703297736757,24.835589604750822,20.835589604750822,47.0,4.0,71.63970977772922,67.83558960475082,7.916873751871493,7.0,16.22159351462878
SM-014,89,slow_moving,3,6,31.66749500748597,3.593084525899222,24.835589604750822,21.835589604750822,47.0,3.0,71.10368962012066,68.83558960475082,7.916873751871493,7.0,15.685573357020203
SM-014,90,slow_moving,37,6,21.898144260792677,9.04192514105322,28.835589604750822,0.0,43.0,35.0,77.79418319559477,43.0,5.474536065198169,7.0,39.472430739207574
SM-014,91,slow_moving,11,6,18.171926884393187,9.051844974141872,5.0,0.0,73.0,0.0,71.31660771570539,73.0,4.542981721098297,7.0,39.515735668017314
SM-014,92,slow_moving,8,6,28.254270755905473,9.06033904386274,5.0,0.0,68.0,21.0,88.99779026441732,68.0,7.063567688976368,7.0,39.55281644158275
SM-014,93,slow_moving,9,6,36.41464294307067,8.901886864232198,20.0,11.0,69.0,23.0,102.5867202396588,80.0,9.103660735767667,7.0,38.86109508928514
SM-014,94,slow_moving,5,6,29.55661385593444,8.744961919548821,17.0,12.0,86.0,0.0,89.90011511324802,98.0,7.38915346398361,7.0,38.17604086536275
SM-014,95,slow_moving,5,6,29.55661385593444,8.81432400654229,16.0,11.0,82.0,0.0,90.20291458703991,93.0,7.38915346398361,7.0,38.478840339154644
SM-014,96,slow_moving,15,6,30.90573127061784,8.97575080782118,14.0,0.0,79.0,15.0,93.26857709509143,79.0,7.72643281765446,7.0,39.183547371510215
SM-014,97,slow_moving,14,6,29.502050625121758,8.911243258393098,35.0,21.0,59.0,11.0,90.53052892524298,80.0,7.375512656280439,7.0,38.9019403312799
SM-014,98,slow_moving,3,6,24.805030506746885,9.063168631390772,21.0,18.0,70.0,0.0,82.97397236349471,88.0,6.201257626686721,7.0,39.56516897668765
SM-014,99,slow_moving,5,6,30.767629152652564,9.161653640904433,39.0,34.0,49.0,11.0,93.83845528484724,83.0,7.691907288163141,7.0,39.99510426770526
SM-015,75,slow_moving,6,6,17.800184843863487,3.550009028518675,46.99752771846579,40.99752771846579,0.0,6.0,46.64785119522689,40.99752771846579,4.450046210965872,7.0,15.49752771846579
SM-015,76,slow_moving,4,6,17.800184843863487,3.539158236875123,40.99752771846579,36.99752771846579,6.0,4.0,46.600482176468816,42.99752771846579,4.450046210965872,7.0,15.450158699707712
SM-015,77,slow_moving,5,6,17.800184843863487,2.66265724225699,36.99752771846579,31.99752771846579,10.0,1.0,42.77412614462925,41.99752771846579,4.450046210965872,7.0,11.623802667868146
SM-015,78,slow_moving,2,6,17.844855721977808,2.198484326378823,31.99752771846579,29.99752771846579,11.0,0.0,40.82595811509951,40.99752771846579,4.461213930494452,7.0,9.597460601638346
SM-015,79,slow_moving,6,6,17.844855721977808,2.1750331562459557,29.99752771846579,23.99752771846579,11.0,6.0,40.72358227429321,34.99752771846579,4.461213930494452,7.0,9.495084760832041
SM-015,80,slow_moving,4,6,17.844855721977808,2.0662116951635863,23.99752771846579,19.99752771846579,17.0,4.0,40.248523310797644,36.99752771846579,4.461213930494452,7.0,9.02002579733648
SM-015,81,slow_moving,4,6,17.844855721977808,2.063106942552971,19.99752771846579,15.99752771846579,21.0,4.0,40.23496954536903,36.99752771846579,4.461213930494452,7.0,9.00647203190787
SM-015,82,slow_moving,5,6,17.844855721977808,1.7974340685458372,21.99752771846579,16.99752771846579,19.0,4.0,39.075177360083224,35.99752771846579,4.461213930494452,7.0,7.846679846622061
SM-015,83,slow_moving,3,6,17.844855721977808,1.7097008285302244,20.99752771846579,17.99752771846579,19.0,2.0,38.69217880767106,36.99752771846579,4.461213930494452,7.0,7.463681294209896
SM-015,84,slow_moving,2,6,16.271201807221605,1.5607361839521272,18.99752771846579,16.99752771846579,20.0,0.0,35.28798084075133,36.99752771846579,4.067800451805401,7.0,6.813377678113523
SM-015,85,slow_moving,3,6,16.271201807221605,1.405118847058493,16.99752771846579,13.99752771846579,20.0,1.0,34.608634965118654,33.99752771846579,4.067800451805401,7.0,6.1340318024808465
SM-015,86,slow_moving,3,6,16.055807934889,1.3204505835470552,19.99752771846579,16.99752771846579,15.0,2.0,33.86207725937153,31.99752771846579,4.01395198372225,7.0,5.764413373315781
SM-015,87,slow_moving,8,6,16.271201807221605,1.739436985245812,20.99752771846579,12.99752771846579,13.0,11.0,36.06809734161458,25.99752771846579,4.067800451805401,7.0,7.593494178976772
SM-015,88,slow_moving,4,6,16.271201807221605,1.6563785025137698,16.99752771846579,12.99752771846579,20.0,3.0,35.705506393802075,32.99752771846579,4.067800451805401,7.0,7.230903231164266
SM-015,89,slow_moving,6,6,16.271201807221605,1.739436985245812,16.99752771846579,10.99752771846579,19.0,7.0,36.06809734161458,29.99752771846579,4.067800451805401,7.0,7.593494178976772
SM-015,90,slow_moving,3,6,21.426819736135737,1.7541160386140626,12.99752771846579,9.99752771846579,24.0,12.0,45.1545099729598,33.99752771846579,5.356704934033934,7.0,7.657575434722261
SM-015,91,slow_moving,2,6,20.53056668562748,1.7541160386140626,9.99752771846579,7.99752771846579,36.0,0.0,43.58606713457035,43.99752771846579,5.13264167140687,7.0,7.657575434722261
SM-015,92,slow_moving,4,6,20.23304738071111,1.6563785025137698,8.99752771846579,4.99752771846579,35.0,3.0,42.63873614740871,39.99752771846579,5.058261845177777,7.0,7.230903231164266
SM-015,93,slow_moving,4,6,20.23304738071111,1.6563785025137698,6.99752771846579,2.99752771846579,36.0,4.0,42.63873614740871,38.99752771846579,5.058261845177777,7.0,7.230903231164266
SM-015,94,slow_moving,15,6,18.551412286532525,3.491748515043388,13.99752771846579,0.0,29.0,19.0,47.70816355054532,29.0,4.637853071633131,7.0,15.243192049113402
SM-015,95,slow_moving,4,6,15.628640957092932,3.4972516682059416,3.0,0.0,45.0,0.0,42.61733768227248,45.0,3.907160239273233,7.0,15.267216007359849
SM-015,96,slow_moving,4,6,15.628640957092932,3.4678006035008755,7.0,3.0,38.0,2.0,42.48876936373061,41.0,3.907160239273233,7.0,15.138647688817983
SM-015,97,slow_moving,5,6,15.628640957092932,3.3665016461206942,15.0,10.0,28.0,5.0,42.04654981238876,38.0,3.907160239273233,7.0,14.696428137476133
SM-015,98,slow_moving,4,6,16.189076374637832,3.328201177351376,10.0,6.0,33.0,4.0,42.860111492582,39.0,4.047269093659458,7.0,14.529227836965795
SM-015,99,slow_moving,4,6,16.189076374637832,3.2875054840550937,9.0,5.0,34.0,4.0,42.68245486415802,39.0,4.047269093659458,7.0,14.351571208541813
SM-016,75,slow_moving,0,10,10.242347932185433,2.0970064133034736,24.464417856327984,24.464417856327984,0.0,16.0,39.64217951573927,24.464417856327984,2.5605869830463583,11.0,11.475722702229326
SM-016,76,slow_moving,3,10,10.242347932185433,1.9839096340048947,24.464417856327984,21.464417856327984,16.0,2.0,39.02326520555309,37.464417856327984,2.5605869830463583,11.0,10.856808392043144
SM-016,77,slow_moving,3,10,10.242347932185433,1.9806758753205742,21.464417856327984,18.464417856327984,18.0,3.0,39.00556868459265,36.464417856327984,2.5605869830463583,11.0,10.83911187108271
SM-016,78,slow_moving,1,10,10.287018810299754,2.0254787341673333,18.464417856327984,17.464417856327984,21.0,1.0,39.373594148751465,38.464417856327984,2.5717547025749385,11.0,11.084292420427136
SM-016,79,slow_moving,1,10,10.287018810299754,1.754116038614058,17.464417856327984,16.464417856327984,22.0,0.0,37.88858054738952,38.464417856327984,2.5717547025749385,11.0,9.5992788190652
SM-016,80,slow_moving,8,10,10.711794844765144,1.9935794376846319,16.464417856327984,8.464417856327984,22.0,10.0,40.367161547640734,30.464417856327984,2.677948711191286,11.0,10.909725724536585
SM-016,81,slow_moving,2,10,10.711794844765144,1.9935794376846319,8.464417856327984,6.464417856327984,32.0,2.0,40.367161547640734,38.464417856327984,2.677948711191286,11.0,10.909725724536585
SM-016,82,slow_moving,1,10,10.711794844765144,2.019139192062567,6.464417856327984,5.464417856327984,34.0,2.0,40.5070355373994,39.464417856327984,2.677948711191286,11.0,11.049599714295256
SM-016,83,slow_moving,2,10,10.711794844765144,1.9999999999999996,5.464417856327984,3.4644178563279837,36.0,1.0,40.402297631276966,39.464417856327984,2.677948711191286,11.0,10.944861808172815
SM-016,84,slow_moving,1,10,10.287018810299754,2.0191391920625668,3.4644178563279837,2.4644178563279837,37.0,0.0,39.33890144261958,39.464417856327984,2.5717547025749385,11.0,11.049599714295255
SM-016,85,slow_moving,2,10,14.905773954529662,1.9999999999999996,2.4644178563279837,0.4644178563279837,37.0,15.0,51.93574018312939,37.464417856327984,3.7264434886324156,11.0,10.944861808172815
SM-016,86,slow_moving,1,10,14.905773954529662,1.9999999999999996,16.464417856327984,15.464417856327984,36.0,1.0,51.93574018312939,51.464417856327984,3.7264434886324156,11.0,10.944861808172815
SM-016,87,slow_moving,4,10,14.905773954529662,2.0475125621855637,17.464417856327984,13.464417856327984,35.0,4.0,52.195749396766,48.464417856327984,3.7264434886324156,11.0,11.204871021809424
SM-016,88,slow_moving,5,10,15.330549988995053,2.063106942552968,16.464417856327984,11.464417856327984,36.0,6.0,53.44922266059848,47.464417856327984,3.832637497248763,11.0,11.290210190862085
SM-016,89,slow_moving,6,10,10.711794844765144,2.2673829938997168,12.464417856327984,6.464417856327984,41.0,0.0,41.865532590320925,47.464417856327984,2.677948711191286,11.0,12.408096767216778
SM-016,90,slow_moving,2,10,10.711794844765144,2.27866357593825,6.464417856327984,4.464417856327984,41.0,0.0,41.92726479608467,45.464417856327984,2.677948711191286,11.0,12.469828972980526
SM-016,91,slow_moving,2,10,10.711794844765144,2.2303271003059115,14.464417856327984,12.464417856327984,31.0,0.0,41.66274677303965,43.464417856327984,2.677948711191286,11.0,12.2053109499355
SM-016,92,slow_moving,2,10,10.890283060073106,2.177978361598146,14.464417856327984,12.464417856327984,29.0,1.0,41.86711450964222,41.464417856327984,2.7225707650182764,11.0,11.918836094441179
SM-016,93,slow_moving,1,10,10.204893377715985,1.6092680291808412,14.464417856327984,13.464417856327984,28.0,0.0,36.870064884566425,41.464417856327984,2.5512233444289962,11.0,8.806608095847466
SM-016,94,slow_moving,1,10,10.204893377715985,1.652503927610833,14.464417856327984,13.464417856327984,27.0,0.0,37.10667035130065,40.464417856327984,2.5512233444289962,11.0,9.043213562581695
SM-016,95,slow_moving,4,10,10.204893377715985,1.6641005886756872,13.464417856327984,9.464417856327984,27.0,1.0,37.170132277696176,36.464417856327984,2.5512233444289962,11.0,9.106675488977217
SM-016,96,slow_moving,1,10,10.204893377715985,1.7134460703206957,24.464417856327984,23.464417856327984,13.0,1.0,37.440172016427354,36.464417856327984,2.5512233444289962,11.0,9.376715227708392
SM-016,97,slow_moving,3,10,10.204893377715985,1.6602440351979153,24.464417856327984,21.464417856327984,13.0,3.0,37.149027555261156,34.464417856327984,2.5512233444289962,11.0,9.085570766542196
SM-016,98,slow_moving,6,10,10.629669412181375,1.891275515868346,25.464417856327984,19.464417856327984,12.0,9.0,39.581465464678686,31.464417856327984,2.6574173530453438,11.0,10.349874581179904
SM-016,99,slow_moving,3,10,10.629669412181375,1.8009968749527985,25.464417856327984,22.464417856327984,15.0,2.0,39.087421840153524,37.464417856327984,2.6574173530453438,11.0,9.855830956654742
SM-017,75,slow_moving,8,6,21.172119179166405,5.219539227133919,78.7214169554088,70.7214169554088,0.0,0.0,59.83705310655654,70.7214169554088,5.293029794791601,7.0,22.785844543015333
SM-017,76,slow_moving,2,6,21.172119179166405,5.31688167718925,70.7214169554088,68.7214169554088,0.0,0.0,60.26200056606916,68.7214169554088,5.293029794791601,7.0,23.21079200252795
SM-017,77,slow_moving,9,6,21.172119179166405,5.283015844217809,68.7214169554088,59.7214169554088,0.0,1.0,60.114159622294764,59.7214169554088,5.293029794791601,7.0,23.062951058753555
SM-017,78,slow_moving,4,6,22.449557128696924,5.10530141755632,59.7214169554088,55.7214169554088,1.0,5.0,61.573865541370864,56.7214169554088,5.612389282174231,7.0,22.28714056615125
SM-017,79,slow_moving,2,6,27.211839940972144,5.166459880063688,55.7214169554088,53.7214169554088,6.0,11.0,70.17484709874908,59.7214169554088,6.802959985243036,7.0,22.554127202047834
SM-017,80,slow_moving,6,6,27.211839940972144,5.099019513592785,53.7214169554088,47.7214169554088,17.0,6.0,69.88043687603412,64.7214169554088,6.802959985243036,7.0,22.25971697933287
SM-017,81,slow_moving,3,6,27.211839940972144,5.161494516225474,47.7214169554088,44.7214169554088,23.0,3.0,70.15317085423905,67.7214169554088,6.802959985243036,7.0,22.5324509575378
SM-017,82,slow_moving,2,6,27.211839940972144,5.214624405679444,44.7214169554088,42.7214169554088,26.0,2.0,70.38510883746032,68.7214169554088,6.802959985243036,7.0,22.764388940759073
SM-017,83,slow_moving,2,6,22.449557128696924,5.299975810297967,42.7214169554088,40.7214169554088,28.0,0.0,62.42371459058528,68.7214169554088,5.612389282174231,7.0,23.13698961536566
SM-017,84,slow_moving,3,6,22.024781094231535,5.189980485117207,41.7214169554088,38.7214169554088,27.0,0.0,61.20017307518769,65.7214169554088,5.506195273557884,7.0,22.656806160282507
SM-017,85,slow_moving,5,6,22.449557128696924,5.189980485117207,43.7214169554088,38.7214169554088,22.0,2.0,61.94353113550212,60.7214169554088,5.612389282174231,7.0,22.656806160282507
SM-017,86,slow_moving,3,6,22.449557128696924,5.236704777154898,49.7214169554088,46.7214169554088,13.0,3.0,62.14750554941565,59.7214169554088,5.612389282174231,7.0,22.860780574196035
SM-017,87,slow_moving,3,6,27.211839940972144,2.3452078799117153,52.7214169554088,49.7214169554088,10.0,0.0,57.85870065464371,59.7214169554088,6.802959985243036,7.0,10.23798075794246
SM-017,88,slow_moving,5,6,30.953387790925376,2.047512562185564,52.7214169554088,47.7214169554088,7.0,9.0,63.10682355972847,54.7214169554088,7.738346947731344,7.0,8.938394925609064
SM-017,89,slow_moving,4,6,68.21214645651258,1.97743682838578,49.7214169554088,45.7214169554088,14.0,69.0,128.003736332958,59.7214169554088,17.053036614128146,7.0,8.632480034060986
SM-017,90,slow_moving,1,6,68.21214645651258,1.4366984945013914,45.7214169554088,44.7214169554088,83.0,0.0,125.64314872585913,127.7214169554088,17.053036614128146,7.0,6.271892426962106
SM-017,91,slow_moving,18,6,85.11429272502829,4.330867148321484,44.7214169554088,26.7214169554088,83.0,59.0,167.85636803773446,109.7214169554088,21.278573181257073,7.0,18.906355768934915
SM-017,92,slow_moving,13,6,29.463508295481937,4.867474467555808,28.7214169554088,15.721416955408799,140.0,0.0,72.81004899137356,155.7214169554088,7.365877073870484,7.0,21.24890947428018
SM-017,93,slow_moving,13,6,31.08442866667769,5.325314484513977,18.7214169554088,5.721416955408799,137.0,0.0,77.64535550242223,142.7214169554088,7.771107166669423,7.0,23.247605335736278
SM-017,94,slow_moving,3,6,30.578556479945494,5.325314484513977,5.721416955408799,2.721416955408799,137.0,0.0,76.7600791756409,139.7214169554088,7.6446391199863735,7.0,23.247605335736278
SM-017,95,slow_moving,15,6,24.372968322114815,5.761276567941145,11.721416955408799,0.0,128.0,0.0,67.80348786821031,128.0,6.093242080528704,7.0,25.15079330450938
SM-017,96,slow_moving,7,6,21.806996278568263,5.580414468570023,69.0,62.0,59.0,0.0,62.52348516672433,121.0,5.451749069642066,7.0,24.361241679229863
SM-017,97,slow_moving,5,6,26.311974086138736,5.483074189184619,62.0,57.0,59.0,0.0,69.98225834649716,116.0,6.577993521534684,7.0,23.93630369575438
SM-017,98,slow_moving,2,6,30.268915808424566,5.648916392570917,116.0,114.0,0.0,0.0,77.63088878511195,114.0,7.5672289521061415,7.0,24.66028612036895
SM-017,99,slow_moving,5,6,30.829351225969454,5.555085450195556,114.0,109.0,0.0,0.0,78.20203275678224,109.0,7.707337806492363,7.0,24.250668111335695
SM-018,75,slow_moving,2,8,17.246829678526574,2.5670495884855025,26.37878398464222,24.37878398464222,0.0,28.0,51.51226223968803,24.37878398464222,4.311707419631643,9.0,12.706895463003239
SM-018,76,slow_moving,3,8,12.484546866251359,2.006400016357911,24.37878398464222,21.37878398464222,28.0,0.0,38.02191053003722,49.37878398464222,3.1211367165628396,9.0,9.93168008097166
SM-018,77,slow_moving,4,8,12.484546866251359,2.0254787341673333,21.37878398464222,17.37878398464222,28.0,0.0,38.11635018319386,45.37878398464222,3.1211367165628396,9.0,10.026119734128299
SM-018,78,slow_moving,1,8,11.976036105946136,1.7541160386140586,17.37878398464222,16.37878398464222,28.0,0.0,35.628955629518394,44.37878398464222,2.994009026486534,9.0,8.68287439113959
SM-018,79,slow_moving,4,8,12.400812140411526,1.832750490103429,16.37878398464222,12.378783984642219,28.0,0.0,36.973942241937905,40.37878398464222,3.1002030351028815,9.0,9.072114926011974
SM-018,80,slow_moving,6,8,18.83090571556071,1.832750490103429,12.378783984642219,6.378783984642219,28.0,18.0,51.44165278602357,34.37878398464222,4.707726428890178,9.0,9.072114926011974
SM-018,81,slow_moving,1,8,18.57029206766898,1.7504578155735613,6.378783984642219,5.378783984642219,46.0,0.0,50.447923339344335,51.37878398464222,4.642573016917245,9.0,8.664766187089128
SM-018,82,slow_moving,3,8,18.83090571556071,1.713446070320696,5.378783984642219,2.3787839846422187,46.0,3.0,50.85109590809904,48.37878398464222,4.707726428890178,9.0,8.481558048087443
SM-018,83,slow_moving,3,8,18.83090571556071,1.713446070320696,2.3787839846422187,0.0,49.0,2.0,50.85109590809904,49.0,4.707726428890178,9.0,8.481558048087443
SM-018,84,slow_moving,5,8,12.90462658141666,1.656378502513765,28.0,23.0,23.0,0.0,37.23448339563062,46.0,3.226156645354165,9.0,8.199073587443136
SM-018,85,slow_moving,5,8,12.90462658141666,1.6408253082847337,23.0,18.0,23.0,0.0,37.15749508419692,41.0,3.226156645354165,9.0,8.122085276009432
SM-018,86,slow_moving,1,8,12.90462658141666,1.7320508075688772,18.0,17.0,23.0,0.0,37.60906130565343,40.0,3.226156645354165,9.0,8.573651497465942
SM-018,87,slow_moving,2,8,12.90462658141666,1.656378502513765,17.0,15.0,23.0,0.0,37.23448339563062,38.0,3.226156645354165,9.0,8.199073587443136
SM-018,88,slow_moving,6,8,12.90462658141666,1.8045526471705544,15.0,9.0,23.0,6.0,37.967945411681725,32.0,3.226156645354165,9.0,8.932535603494244
SM-018,89,slow_moving,2,8,12.90462658141666,1.8432134703923733,27.0,25.0,11.0,3.0,38.159316486629734,36.0,3.226156645354165,9.0,9.123906678442248
SM-018,90,slow_moving,1,8,12.661425788303257,1.9348358440936901,25.0,24.0,14.0,1.0,38.0656454519461,38.0,3.165356447075814,9.0,9.577437428263766
SM-018,91,slow_moving,4,8,12.90462658141666,1.8432134703923733,27.0,23.0,12.0,4.0,38.159316486629734,35.0,3.226156645354165,9.0,9.123906678442248
SM-018,92,slow_moving,4,8,12.579300355719488,1.8432134703923733,25.0,21.0,14.0,3.0,37.427332478811095,35.0,3.144825088929872,9.0,9.123906678442248
SM-018,93,slow_moving,5,8,12.579300355719488,1.7394369852458076,21.0,16.0,17.0,4.0,36.91363887733559,33.0,3.144825088929872,9.0,8.610213076966748
SM-018,94,slow_moving,1,8,12.579300355719488,1.7394369852458076,16.0,15.0,21.0,1.0,36.91363887733559,36.0,3.144825088929872,9.0,8.610213076966748
SM-018,95,slow_moving,3,8,12.82250114883289,1.7394369852458076,15.0,12.0,22.0,4.0,37.46084066184075,34.0,3.2056252872082225,9.0,8.610213076966748
SM-018,96,slow_moving,3,8,12.318686707827757,1.7394369852458076,12.0,9.0,26.0,2.0,36.327258169579196,35.0,3.079671676956939,9.0,8.610213076966748
SM-018,97,slow_moving,1,8,11.893910673362367,1.7541160386140584,15.0,14.0,22.0,0.0,35.44417340620491,36.0,2.9734776683405917,9.0,8.682874391139588
SM-018,98,slow_moving,1,8,11.893910673362367,1.7097008285302209,17.0,16.0,19.0,1.0,35.22431811628992,35.0,2.9734776683405917,9.0,8.463019101224592
SM-018,99,slow_moving,2,8,11.893910673362367,1.6525039276108335,17.0,15.0,19.0,1.0,34.94119345673895,34.0,2.9734776683405917,9.0,8.179894441673625
SM-019,75,slow_moving,3,9,12.962625869306239,1.8045526471705564,34.43423593579829,31.43423593579829,0.0,11.0,41.82228393579511,31.43423593579829,3.2406564673265597,10.0,9.415719262529517
SM-019,76,slow_moving,3,9,12.702012221414508,1.6641005886756892,31.43423593579829,28.43423593579829,11.0,2.0,40.437904944675864,39.43423593579829,3.175503055353627,10.0,8.682874391139599
SM-019,77,slow_moving,4,9,13.387401903771629,1.6132464481796043,28.43423593579829,24.43423593579829,13.0,5.0,41.88603454507925,37.43423593579829,3.346850475942907,10.0,8.417529785650173
SM-019,78,slow_moving,5,9,13.43207278188595,1.6012815380508731,24.43423593579829,19.43423593579829,18.0,5.0,41.935281733155136,37.43423593579829,3.3580181954714874,10.0,8.355099778440259
SM-019,79,slow_moving,3,9,13.43207278188595,1.5607361839521252,19.43423593579829,16.43423593579829,23.0,3.0,41.72372588179649,39.43423593579829,3.3580181954714874,10.0,8.143543927081616
SM-019,80,slow_moving,1,9,13.171459133994219,1.3204505835470521,16.43423593579829,15.434235935798291,26.0,0.0,39.81843961480234,41.43423593579829,3.2928647834985547,10.0,6.889791779816787
SM-019,81,slow_moving,3,9,13.43207278188595,1.1875421719907118,15.434235935798291,12.434235935798291,26.0,2.0,39.77648978835508,38.43423593579829,3.3580181954714874,10.0,6.196307833640204
SM-019,82,slow_moving,5,9,13.675273574999352,1.2810252304406997,12.434235935798291,7.4342359357982915,28.0,6.0,40.87226376025059,35.43423593579829,3.418818393749838,10.0,6.684079822752213
SM-019,83,slow_moving,3,9,13.675273574999352,1.2557559782549648,7.4342359357982915,4.4342359357982915,34.0,3.0,40.74041491398501,38.43423593579829,3.418818393749838,10.0,6.552230976486632
SM-019,84,slow_moving,3,9,13.675273574999352,1.2557559782549648,4.4342359357982915,1.4342359357982915,37.0,3.0,40.74041491398501,38.43423593579829,3.418818393749838,10.0,6.552230976486632
SM-019,85,slow_moving,1,9,13.43207278188595,1.344504484072967,12.434235935798291,11.434235935798291,29.0,1.0,40.59548116978213,40.43423593579829,3.3580181954714874,10.0,7.015299215067257
SM-019,86,slow_moving,4,9,13.171459133994219,1.2557559782549648,13.434235935798291,9.434235935798291,28.0,3.0,39.48087881147218,37.43423593579829,3.2928647834985547,10.0,6.552230976486632
SM-019,87,slow_moving,1,9,12.746683099528829,1.3540064007726627,14.434235935798291,13.434235935798291,26.0,0.0,38.93158566708791,39.43423593579829,3.186670774882207,10.0,7.064877918265834
SM-019,88,slow_moving,2,9,12.746683099528829,1.3821202589704045,18.43423593579829,16.43423593579829,21.0,2.0,39.078276979525675,37.43423593579829,3.186670774882207,10.0,7.211569230703604
SM-019,89,slow_moving,5,9,13.43207278188595,1.4978617237881975,19.43423593579829,14.434235935798291,20.0,7.0,41.39566215552345,34.43423593579829,3.3580181954714874,10.0,7.815480200808582
SM-019,90,slow_moving,6,9,13.43207278188595,1.6908501882113525,14.434235935798291,8.434235935798291,27.0,7.0,42.4026292865541,35.43423593579829,3.3580181954714874,10.0,8.822447331839228
SM-019,91,slow_moving,1,9,13.171459133994219,1.705947364444876,10.434235935798291,9.434235935798291,32.0,1.0,41.829868580997356,41.43423593579829,3.2928647834985547,10.0,8.901220746011807
SM-019,92,slow_moving,5,9,13.34994734930218,1.8009968749527998,15.434235935798291,10.434235935798291,27.0,6.0,42.77203447635435,37.43423593579829,3.337486837325545,10.0,9.3971661030989
SM-019,93,slow_moving,2,9,13.593148142415583,1.7246329970051546,13.434235935798291,11.434235935798291,30.0,2.0,42.98158821342972,41.43423593579829,3.3982870356038957,10.0,8.998717857390755
SM-019,94,slow_moving,3,9,13.34994734930218,1.7246329970051546,14.434235935798291,11.434235935798291,29.0,2.0,42.37358623064621,40.43423593579829,3.337486837325545,10.0,8.998717857390755
SM-019,95,slow_moving,6,9,13.593148142415583,1.8327504901034308,12.434235935798291,6.4342359357982915,30.0,8.0,43.54571914304156,36.43423593579829,3.3982870356038957,10.0,9.5628487870026
SM-019,96,slow_moving,2,9,13.593148142415583,1.8639632438326088,9.434235935798291,7.4342359357982915,35.0,2.0,43.708579742861254,42.43423593579829,3.3982870356038957,10.0,9.725709386822293
SM-019,97,slow_moving,2,9,13.593148142415583,1.8912755158683474,7.4342359357982915,5.4342359357982915,37.0,2.0,43.85108857257789,42.43423593579829,3.3982870356038957,10.0,9.868218216538938
SM-019,98,slow_moving,2,9,13.08933370141045,1.8187062180826001,7.4342359357982915,5.4342359357982915,37.0,0.0,42.212903425881805,42.43423593579829,3.2723334253526124,10.0,9.48956917235568
SM-019,99,slow_moving,5,9,13.593148142415583,1.8776690404970287,12.434235935798291,7.4342359357982915,30.0,7.0,43.78009327496231,37.43423593579829,3.3982870356038957,10.0,9.797222918923357
SM-020,75,slow_moving,5,7,27.613969022809382,7.240378230664262,132.06176516497413,127.06176516497413,0.0,0.0,89.01809364432259,127.06176516497413,6.9034922557023455,8.0,33.790155598703834
SM-020,76,slow_moving,15,7,28.031857265681925,7.171882419274417,127.06176516497413,112.06176516497413,0.0,0.0,89.53420670213791,112.06176516497413,7.007964316420481,8.0,33.47049217077405
SM-020,77,slow_moving,11,7,24.900566410187817,6.981660958796966,112.06176516497413,101.06176516497413,0.0,0.0,82.38387955258631,101.06176516497413,6.225141602546954,8.0,32.58274673221067
SM-020,78,slow_moving,5,7,26.6407050603396,6.981660958796966,101.06176516497413,96.06176516497413,0.0,0.0,85.86415685288986,96.06176516497413,6.6601762650849,8.0,32.58274673221067
SM-020,79,slow_moving,5,7,26.6407050603396,7.134243891081655,96.06176516497413,91.06176516497413,0.0,0.0,86.57624686522796,91.06176516497413,6.6601762650849,8.0,33.29483674454876
SM-020,80,slow_moving,6,7,26.6407050603396,6.881785695513511,91.06176516497413,85.06176516497413,0.0,1.0,85.39804851168242,85.06176516497413,6.6601762650849,8.0,32.11663839100322
SM-020,81,slow_moving,6,7,22.449557128696924,6.048945659347884,85.06176516497413,79.06176516497413,1.0,0.0,73.12896752276906,80.06176516497413,5.612389282174231,8.0,28.229853265375215
SM-020,82,slow_moving,14,7,22.955429315429114,6.231639698613306,79.06176516497413,65.06176516497413,1.0,9.0,74.99332757694326,66.06176516497413,5.738857328857279,8.0,29.08246894608503
SM-020,83,slow_moving,3,7,22.449557128696924,6.039400547600646,65.06176516497413,62.06176516497413,10.0,2.0,73.08442139536093,72.06176516497413,5.612389282174231,8.0,28.18530713796709
SM-020,84,slow_moving,14,7,22.394993897884227,5.873670062235367,62.06176516497413,48.06176516497413,12.0,13.0,72.2018465433981,60.06176516497413,5.598748474471057,8.0,27.411858747629655
SM-020,85,slow_moving,4,7,21.889121711152036,6.1048530505844925,48.06176516497413,44.06176516497413,25.0,4.0,72.26901115772753,69.06176516497413,5.472280427788009,8.0,28.490767735423464
SM-020,86,slow_moving,10,7,26.651404523427257,6.062706512475288,44.06176516497413,34.06176516497413,29.0,19.0,81.59688290313431,63.06176516497413,6.662851130856814,8.0,28.294073856279795
SM-020,87,slow_moving,4,7,27.211839940972144,4.3367836362553644,34.06176516497413,30.061765164974133,48.0,0.0,74.66303605899543,78.06176516497413,6.802959985243036,8.0,20.239356177051146
SM-020,88,slow_moving,8,7,27.211839940972144,4.2516964939801465,31.061765164974133,23.061765164974133,47.0,5.0,74.26594247005113,70.06176516497413,6.802959985243036,8.0,19.84226258810684
SM-020,89,slow_moving,5,7,27.211839940972144,3.7723691800736066,23.061765164974133,18.061765164974133,52.0,2.0,72.02896754918089,70.06176516497413,6.802959985243036,8.0,17.60528766723661
SM-020,90,slow_moving,23,7,27.657125306466174,5.717718748968656,27.061765164974133,4.061765164974133,45.0,33.0,81.99829943499947,49.06176516497413,6.9142813266165435,8.0,26.684048822067115
SM-020,91,slow_moving,3,7,23.930907930066688,5.837544267662822,6.061765164974133,3.0617651649741333,76.0,0.0,75.10507896526424,79.06176516497413,5.982726982516672,8.0,27.24326310513086
SM-020,92,slow_moving,7,7,23.848782497482915,5.775722842984622,16.061765164974133,9.061765164974133,63.0,3.0,74.65231339925374,72.06176516497413,5.962195624370729,8.0,26.954748404287912
SM-020,93,slow_moving,17,7,27.4486018241666,6.211032368046642,13.061765164974133,0.0,62.0,22.0,83.88350014539168,62.0,6.86215045604165,8.0,28.98629649705848
SM-020,94,slow_moving,2,7,24.521114151354226,6.469851185226316,19.0,17.0,65.0,0.0,79.23640756856136,82.0,6.1302785378385565,8.0,30.19417926585291
SM-020,95,slow_moving,5,7,24.521114151354226,6.343783551130172,17.0,12.0,65.0,2.0,78.64806192744167,77.0,6.1302785378385565,8.0,29.605833624733222
SM-020,96,slow_moving,3,7,24.521114151354226,6.343783551130172,17.0,14.0,62.0,3.0,78.64806192744167,76.0,6.1302785378385565,8.0,29.605833624733222
SM-020,97,slow_moving,8,7,25.081549568899113,6.090134940191684,16.0,8.0,63.0,8.0,78.58517885383264,71.0,6.270387392224778,8.0,28.422079716034418
SM-020,98,slow_moving,5,7,22.36743169611315,6.046825825513957,41.0,36.0,38.0,0.0,72.95482359500039,74.0,5.591857924028288,8.0,28.219960202774093
SM-020,99,slow_moving,9,7,25.081549568899113,6.0213296086836365,36.0,27.0,38.0,14.0,78.26407092499119,65.0,6.270387392224778,8.0,28.100971787192965
SM-021,75,slow_moving,1,9,10.242347932185433,1.1982893790305562,34.2877151474614,33.2877151474614,0.0,0.0,31.858253991110438,33.2877151474614,2.5605869830463583,10.0,6.252384160646857
SM-021,76,slow_moving,3,9,10.242347932185433,1.12089707663561,33.2877151474614,30.287715147461398,0.0,2.0,31.45443967537176,30.287715147461398,2.5605869830463583,10.0,5.848569844908175
SM-021,77,slow_moving,3,9,10.242347932185433,1.1094003924504583,30.287715147461398,27.287715147461398,2.0,3.0,31.394452757889976,29.287715147461398,2.5605869830463583,10.0,5.7885829274263925
SM-021,78,slow_moving,1,9,14.905773954529662,1.126601424298216,27.287715147461398,26.287715147461398,5.0,12.0,43.14276863767816,31.287715147461398,3.7264434886324156,10.0,5.878333751354009
SM-021,79,slow_moving,7,9,15.330549988995053,1.6756169931378437,26.287715147461398,19.287715147461398,17.0,11.0,47.06933917674485,36.2877151474614,3.832637497248763,10.0,8.74296420425722
SM-021,80,slow_moving,2,9,15.330549988995053,1.5566235649883127,19.287715147461398,17.287715147461398,28.0,2.0,46.448460248497064,45.2877151474614,3.832637497248763,10.0,8.122085276009434
SM-021,81,slow_moving,0,9,14.905773954529662,1.7097008285302207,17.287715147461398,17.287715147461398,30.0,0.0,46.185240300117755,47.2877151474614,3.7264434886324156,10.0,8.920805413793602
SM-021,82,slow_moving,5,9,10.711794844765144,1.8501559185854914,17.287715147461398,12.287715147461398,30.0,0.0,36.43315321504535,42.2877151474614,2.677948711191286,10.0,9.65366610313249
SM-021,83,slow_moving,1,9,10.287018810299754,1.8501559185854914,12.287715147461398,11.287715147461398,30.0,0.0,35.37121312888188,41.2877151474614,2.5717547025749385,10.0,9.65366610313249
SM-021,84,slow_moving,1,9,10.287018810299754,1.8980421761815787,11.287715147461398,10.287715147461398,30.0,0.0,35.621072039213416,40.2877151474614,2.5717547025749385,10.0,9.90352501346403
SM-021,85,slow_moving,2,9,10.287018810299754,1.8946618668626838,10.287715147461398,8.287715147461398,30.0,0.0,35.603434402751475,38.2877151474614,2.5717547025749385,10.0,9.885887377002089
SM-021,86,slow_moving,3,9,14.905773954529662,1.8980421761815787,10.287715147461398,7.287715147461398,28.0,12.0,47.16795989978819,35.2877151474614,3.7264434886324156,10.0,9.90352501346403
SM-021,87,slow_moving,3,9,14.905773954529662,1.8980421761815787,10.287715147461398,7.287715147461398,37.0,3.0,47.16795989978819,44.2877151474614,3.7264434886324156,10.0,9.90352501346403
SM-021,88,slow_moving,0,9,18.803633275435054,1.9806758753205744,19.287715147461398,19.287715147461398,28.0,11.0,57.343770858312794,47.2877151474614,4.7009083188587635,10.0,10.33468766972516
SM-021,89,slow_moving,3,9,18.803633275435054,1.9806758753205744,30.287715147461398,27.287715147461398,28.0,3.0,57.343770858312794,55.2877151474614,4.7009083188587635,10.0,10.33468766972516
SM-021,90,slow_moving,5,9,22.370079784175044,2.1061570302086774,29.287715147461398,24.287715147461398,29.0,14.0,66.91461744740616,53.2877151474614,5.592519946043761,10.0,10.98941798696854
SM-021,91,slow_moving,1,9,17.907380224926804,2.1061570302086774,24.287715147461398,23.287715147461398,43.0,0.0,55.757868549285554,66.2877151474614,4.476845056231701,10.0,10.98941798696854
SM-021,92,slow_moving,7,9,14.61278515379476,2.1061570302086774,23.287715147461398,16.287715147461398,43.0,0.0,47.52138087145544,59.2877151474614,3.65319628844869,10.0,10.98941798696854
SM-021,93,slow_moving,4,9,14.855985946908163,2.1363760352762258,16.287715147461398,12.287715147461398,43.0,0.0,48.28705831389102,55.2877151474614,3.7139964867270407,10.0,11.14709344662062
SM-021,94,slow_moving,7,9,13.593148142415583,2.27866357593825,12.287715147461398,5.287715147461398,43.0,0.0,45.87238577606668,48.2877151474614,3.3982870356038957,10.0,11.889515420027719
SM-021,95,slow_moving,3,9,13.593148142415583,2.215909838025097,5.287715147461398,2.287715147461398,43.0,1.0,45.54495194930021,45.2877151474614,3.3982870356038957,10.0,11.562081593261258
SM-021,96,slow_moving,0,9,11.133483853186508,2.309401076758503,14.287715147461398,14.287715147461398,32.0,0.0,39.88360589807992,46.2877151474614,2.783370963296627,10.0,12.049896265113654
SM-021,97,slow_moving,0,9,10.708707818721118,2.3965787580611124,17.287715147461398,17.287715147461398,29.0,0.0,39.27653786809651,46.2877151474614,2.6771769546802795,10.0,12.504768321293714
SM-021,98,slow_moving,2,9,10.465507025607716,2.3965787580611124,28.287715147461398,26.287715147461398,18.0,0.0,38.668535885313005,44.2877151474614,2.616376756401929,10.0,12.504768321293714
SM-021,99,slow_moving,1,9,10.465507025607716,2.454718115312026,29.287715147461398,28.287715147461398,15.0,0.0,38.971892989821335,43.2877151474614,2.616376756401929,10.0,12.808125425802048
SM-022,75,slow_moving,6,10,15.122757383968558,2.9892971474742076,57.7954182595852,51.7954182595852,0.0,7.0,57.94630489724874,51.7954182595852,3.7806893459921396,11.0,16.358722091335203
SM-022,76,slow_moving,1,10,15.122757383968558,3.139900374052393,51.7954182595852,50.7954182595852,7.0,1.0,58.77047064863032,57.7954182595852,3.7806893459921396,11.0,17.18288784271679
SM-022,77,slow_moving,3,10,15.122757383968558,3.1582208558552343,50.7954182595852,47.7954182595852,8.0,4.0,58.87072821942595,55.7954182595852,3.7806893459921396,11.0,17.283145413512415
SM-022,78,slow_moving,2,10,14.952034389750281,2.98285700251217,47.7954182595852,45.7954182595852,12.0,0.0,57.441573414831424,57.7954182595852,3.7380085974375703,11.0,16.32347884301815
SM-022,79,slow_moving,4,10,14.527258355284895,2.9591232242693524,45.7954182595852,41.7954182595852,12.0,3.0,56.143557858524886,53.7954182595852,3.6318145888212237,11.0,16.193597381491426
SM-022,80,slow_moving,1,10,19.28954116756011,2.9591232242693524,41.7954182595852,40.7954182595852,15.0,14.0,69.23983559228172,55.7954182595852,4.822385291890027,11.0,16.193597381491426
SM-022,81,slow_moving,2,10,18.785726726554977,2.9591232242693524,40.7954182595852,38.7954182595852,29.0,1.0,67.85434587951761,67.7954182595852,4.696431681638744,11.0,16.193597381491426
SM-022,82,slow_moving,4,10,19.21050276102037,2.853248261372577,38.7954182595852,34.7954182595852,30.0,4.0,68.44308655537212,64.7954182595852,4.802625690255092,11.0,15.614203962566107
SM-022,83,slow_moving,1,10,18.785726726554977,1.581138830084184,34.7954182595852,33.7954182595852,34.0,0.0,60.31342149542991,67.7954182595852,4.696431681638744,11.0,8.65267299740372
SM-022,84,slow_moving,9,10,14.952034389750281,2.295480509442578,33.7954182595852,24.795418259585198,34.0,0.0,53.67995305141485,58.7954182595852,3.7380085974375703,11.0,12.561858479601577
SM-022,85,slow_moving,3,10,14.952034389750281,2.295480509442578,24.795418259585198,21.795418259585198,34.0,0.0,53.67995305141485,55.7954182595852,3.7380085974375703,11.0,12.561858479601577
SM-022,86,slow_moving,2,10,14.952034389750281,2.2786635759382463,28.795418259585198,26.795418259585198,27.0,0.0,53.58792354479378,53.7954182595852,3.7380085974375703,11.0,12.469828972980508
SM-022,87,slow_moving,5,10,14.952034389750281,2.323238235187232,27.795418259585198,22.795418259585198,26.0,6.0,53.83185528760705,48.7954182595852,3.7380085974375703,11.0,12.713760715793777
SM-022,88,slow_moving,0,10,14.527258355284895,2.3397348085539424,26.795418259585198,26.795418259585198,28.0,0.0,52.75399755073075,54.7954182595852,3.6318145888212237,11.0,12.804037073697295
SM-022,89,slow_moving,8,10,14.952034389750281,2.662657242256986,26.795418259585198,18.795418259585198,28.0,9.0,55.68930235132989,46.7954182595852,3.7380085974375703,11.0,14.571207779516621
SM-022,90,slow_moving,4,10,14.952034389750281,2.6650636207348013,21.795418259585198,17.795418259585198,34.0,4.0,55.702471091278824,51.7954182595852,3.7380085974375703,11.0,14.584376519465549
SM-022,91,slow_moving,0,10,18.818064151517245,2.810237694116973,31.795418259585198,31.795418259585198,24.0,12.0,67.12850802178667,55.7954182595852,4.704516037879311,11.0,15.378831605114254
SM-022,92,slow_moving,1,10,18.23212427792834,2.871165224014412,32.7954182595852,31.795418259585198,35.0,0.0,65.85059506693757,66.7954182595852,4.558031069482085,11.0,15.712253302634647
SM-022,93,slow_moving,6,10,18.735938718933472,2.9044616430411714,35.7954182595852,29.795418259585198,31.0,7.0,67.41829713217915,60.7954182595852,4.683984679733368,11.0,15.894465655112095
SM-022,94,slow_moving,0,10,18.06796189135468,3.0382181012509974,29.795418259585198,29.795418259585198,38.0,0.0,66.31333383186606,67.7954182595852,4.51699047283867,11.0,16.62643863064069
SM-022,95,slow_moving,1,10,13.941318481695992,3.0946604138294496,29.795418259585198,28.795418259585198,38.0,0.0,55.2739411109571,66.7954182595852,3.485329620423998,11.0,16.935315286293118
SM-022,96,slow_moving,3,10,13.941318481695992,3.0318818730794375,28.795418259585198,25.795418259585198,38.0,0.0,54.93038988444328,63.7954182595852,3.485329620423998,11.0,16.5917640597793
SM-022,97,slow_moving,0,10,13.941318481695992,2.601774542351959,25.795418259585198,25.795418259585198,38.0,0.0,52.57665723569612,63.7954182595852,3.485329620423998,11.0,14.238031411032136
SM-022,98,slow_moving,5,10,13.941318481695992,2.689008968145924,31.795418259585198,26.795418259585198,32.0,0.0,53.05404160331124,58.7954182595852,3.485329620423998,11.0,14.715415778647262
SM-022,99,slow_moving,2,10,12.66455766694506,2.689008968145924,26.795418259585198,24.795418259585198,32.0,0.0,49.54294936274618,56.7954182595852,3.166139416736265,11.0,14.715415778647262
SM-023,75,slow_moving,0,8,13.144442936095153,2.087815690853568,44.08468766972516,44.08468766972516,0.0,0.0,39.909684275939256,44.08468766972516,3.2861107340237883,9.0,10.334687669725161
SM-023,76,slow_moving,2,8,13.144442936095153,2.0970064133034736,44.08468766972516,42.08468766972516,0.0,0.0,39.955178352066284,42.08468766972516,3.2861107340237883,9.0,10.380181745852193
SM-023,77,slow_moving,4,8,12.719666901629767,1.898042176181579,42.08468766972516,38.08468766972516,0.0,0.0,38.01455930076579,38.08468766972516,3.1799167254074416,9.0,9.395308772098817
SM-023,78,slow_moving,2,8,13.03059945492149,1.8501559185854917,38.08468766972516,36.08468766972516,0.0,3.0,38.47712057057153,36.08468766972516,3.2576498637303724,9.0,9.158271796998182
SM-023,79,slow_moving,5,8,13.959189930392013,1.9315199276138035,36.08468766972516,31.084687669725163,3.0,7.0,40.96920098507036,34.08468766972516,3.489797482598003,9.0,9.561023641688326
SM-023,80,slow_moving,1,8,13.45537548938688,1.9315199276138035,31.084687669725163,30.084687669725163,10.0,0.0,39.835618492808806,40.08468766972516,3.36384387234672,9.0,9.561023641688326
SM-023,81,slow_moving,4,8,13.45537548938688,1.9644272343292233,30.084687669725163,26.084687669725163,10.0,4.0,39.998509661050136,36.08468766972516,3.36384387234672,9.0,9.723914809929655
SM-023,82,slow_moving,2,8,13.45537548938688,1.9741924671712987,26.084687669725163,24.084687669725163,14.0,2.0,40.04684756361841,38.08468766972516,3.36384387234672,9.0,9.772252712497927
SM-023,83,slow_moving,1,8,13.03059945492149,1.8776690404970275,24.084687669725163,23.084687669725163,16.0,0.0,38.613310524033636,39.08468766972516,3.2576498637303724,9.0,9.294461750460286
SM-023,84,slow_moving,3,8,13.03059945492149,1.8009968749527985,23.084687669725163,20.084687669725163,16.0,3.0,38.23378330458971,36.08468766972516,3.2576498637303724,9.0,8.914934531016353
SM-023,85,slow_moving,3,8,13.03059945492149,1.6908501882113511,20.084687669725163,17.084687669725163,19.0,2.0,37.68855720521954,36.08468766972516,3.2576498637303724,9.0,8.369708431646188
SM-023,86,slow_moving,4,8,13.45537548938688,1.4455945454184558,17.084687669725163,13.084687669725163,21.0,4.0,37.43028785094184,34.08468766972516,3.36384387234672,9.0,7.155692999821355
SM-023,87,slow_moving,4,8,13.45537548938688,1.4935759876113546,16.084687669725163,12.084687669725163,22.0,4.0,37.66779598979669,34.08468766972516,3.36384387234672,9.0,7.393201138676205
SM-023,88,slow_moving,2,8,13.45537548938688,1.281025230440698,19.084687669725163,17.084687669725163,19.0,1.0,36.61566974180194,36.08468766972516,3.36384387234672,9.0,6.341074890681455
SM-023,89,slow_moving,2,8,13.45537548938688,1.281025230440698,17.084687669725163,15.084687669725163,20.0,2.0,36.61566974180194,35.08468766972516,3.36384387234672,9.0,6.341074890681455
SM-023,90,slow_moving,1,8,13.03059945492149,1.3252962900462142,19.084687669725163,18.084687669725163,18.0,0.0,35.87906540930211,36.08468766972516,3.2576498637303724,9.0,6.560216635728759
SM-023,91,slow_moving,2,8,13.03059945492149,1.3252962900462142,20.084687669725163,18.084687669725163,16.0,2.0,35.87906540930211,34.08468766972516,3.2576498637303724,9.0,6.560216635728759
SM-023,92,slow_moving,4,8,12.94847402233772,1.1982893790305573,18.084687669725163,14.084687669725163,18.0,3.0,35.06559897646113,32.08468766972516,3.23711850558443,9.0,5.931532426201258
SM-023,93,slow_moving,2,8,16.814503784104676,1.120897076635611,17.084687669725163,15.084687669725163,18.0,11.0,43.3810740435818,33.08468766972516,4.203625946026169,9.0,5.548440529346275
SM-023,94,slow_moving,2,8,16.814503784104676,1.0500305245868358,17.084687669725163,15.084687669725163,27.0,1.0,43.03028461094036,42.08468766972516,4.203625946026169,9.0,5.197651096704837
SM-023,95,slow_moving,3,8,17.23927981857007,1.0500305245868355,19.084687669725163,16.084687669725163,24.0,4.0,43.986030688487496,40.08468766972516,4.309819954642517,9.0,5.197651096704836
SM-023,96,slow_moving,2,8,16.814503784104676,0.9607689228305241,20.084687669725163,18.084687669725163,24.0,1.0,42.588439682246616,42.08468766972516,4.203625946026169,9.0,4.755806168011094
SM-023,97,slow_moving,5,8,13.37325005680311,1.1657505560686476,19.084687669725163,14.084687669725163,24.0,0.0,35.86027788034681,38.08468766972516,3.3433125142007776,9.0,5.770465252539806
SM-023,98,slow_moving,3,8,13.37325005680311,1.1657505560686476,16.084687669725163,13.084687669725163,22.0,1.0,35.86027788034681,35.08468766972516,3.3433125142007776,9.0,5.770465252539806
SM-023,99,slow_moving,5,8,13.877064497808243,1.281025230440698,13.084687669725163,8.084687669725163,23.0,7.0,37.56447001075,31.084687669725163,3.469266124452061,9.0,6.341074890681455
SM-024,75,slow_moving,3,10,27.167169062857823,2.8911890908369147,86.64435342825735,83.64435342825735,0.0,7.0,90.53154745311242,83.64435342825735,6.791792265714456,11.0,15.82183253025342
SM-024,76,slow_moving,4,10,27.167169062857823,2.8147960713126183,83.64435342825735,79.64435342825735,7.0,4.0,90.11349193221119,86.64435342825735,6.791792265714456,11.0,15.403777009352185
SM-024,77,slow_moving,2,10,27.167169062857823,2.8823067684915733,79.64435342825735,77.64435342825735,11.0,2.0,90.48293955780973,88.64435342825735,6.791792265714456,11.0,15.773224634950717
SM-024,78,slow_moving,5,10,27.211839940972144,2.8689317229186995,77.64435342825735,72.64435342825735,13.0,5.0,90.53259045988756,85.64435342825735,6.802959985243036,11.0,15.700030622214157
SM-024,79,slow_moving,6,10,22.449557128696924,2.9022537661405403,72.64435342825735,66.64435342825735,18.0,0.0,77.6186653052452,84.64435342825735,5.612389282174231,11.0,15.882383201328665
SM-024,80,slow_moving,7,10,22.449557128696924,2.961288700756952,66.64435342825735,59.64435342825735,18.0,1.0,77.94172990586077,77.64435342825735,5.612389282174231,11.0,16.205447801944235
SM-024,81,slow_moving,7,10,22.449557128696924,3.0424349222966605,59.64435342825735,52.64435342825735,19.0,7.0,78.38579699636452,71.64435342825735,5.612389282174231,11.0,16.64951489244798
SM-024,82,slow_moving,5,10,22.449557128696924,2.7080128015453258,52.64435342825735,47.64435342825735,26.0,3.0,76.5556950477548,73.64435342825735,5.612389282174231,11.0,14.819412943838257
SM-024,83,slow_moving,7,10,22.449557128696924,2.470336839899396,47.64435342825735,40.64435342825735,29.0,6.0,75.25502977008516,69.64435342825735,5.612389282174231,11.0,13.518747666168617
SM-024,84,slow_moving,5,10,22.449557128696924,1.825741858350562,40.64435342825735,35.64435342825735,35.0,2.0,71.7275282724383,70.64435342825735,5.612389282174231,11.0,9.991246168521768
SM-024,85,slow_moving,7,10,22.449557128696924,1.9081471748860652,35.64435342825735,28.644353428257347,37.0,7.0,72.17848567330822,65.64435342825735,5.612389282174231,11.0,10.442203569391678
SM-024,86,slow_moving,4,10,22.449557128696924,1.7021856236720863,35.64435342825735,31.644353428257347,37.0,3.0,71.05137531539125,68.64435342825735,5.612389282174231,11.0,9.315093211474725
SM-024,87,slow_moving,8,10,27.211839940972144,1.8045526471705637,35.64435342825735,27.644353428257347,36.0,22.0,84.70784951210054,63.64435342825735,6.802959985243036,11.0,9.875289674427131
SM-024,88,slow_moving,6,10,27.211839940972144,1.660244035197925,29.644353428257347,23.644353428257347,56.0,5.0,83.91813060421565,79.64435342825735,6.802959985243036,11.0,9.085570766542249
SM-024,89,slow_moving,4,10,27.211839940972144,1.660244035197925,28.644353428257347,24.644353428257347,56.0,4.0,83.91813060421565,80.64435342825735,6.802959985243036,11.0,9.085570766542249
SM-024,90,slow_moving,5,10,27.211839940972144,1.2810252304407101,24.644353428257347,19.644353428257347,60.0,3.0,81.84288189765155,79.64435342825735,6.802959985243036,11.0,7.010322059978156
SM-024,91,slow_moving,10,10,22.449557128696924,1.6908501882113607,20.644353428257347,10.644353428257347,62.0,0.0,70.98934292806472,72.64435342825735,5.612389282174231,11.0,9.253060824148173
SM-024,92,slow_moving,3,10,22.36743169611315,1.914854215512685,17.644353428257347,14.644353428257347,55.0,3.0,71.98934455010291,69.64435342825735,5.591857924028288,11.0,10.478907385791755
SM-024,93,slow_moving,3,10,22.36743169611315,2.0568833780186138,17.644353428257347,14.644353428257347,55.0,4.0,72.76658932828187,69.64435342825735,5.591857924028288,11.0,11.25615216397071
SM-024,94,slow_moving,2,10,22.36743169611315,2.2503560971771988,20.644353428257347,18.644353428257347,53.0,3.0,73.82535541570294,71.64435342825735,5.591857924028288,11.0,12.31491825139178
SM-024,95,slow_moving,5,10,22.36743169611315,2.2503560971771988,20.644353428257347,15.644353428257347,54.0,5.0,73.82535541570294,69.64435342825735,5.591857924028288,11.0,12.31491825139178
SM-024,96,slow_moving,7,10,22.36743169611315,2.2503560971771988,22.644353428257347,15.644353428257347,52.0,7.0,73.82535541570294,67.64435342825735,5.591857924028288,11.0,12.31491825139178
SM-024,97,slow_moving,3,10,22.36743169611315,2.339734808553953,18.644353428257347,15.644353428257347,56.0,3.0,74.31447423800851,71.64435342825735,5.591857924028288,11.0,12.804037073697351
SM-024,98,slow_moving,7,10,22.36743169611315,2.339734808553953,37.64435342825735,30.644353428257347,37.0,7.0,74.31447423800851,67.64435342825735,5.591857924028288,11.0,12.804037073697351
SM-024,99,slow_moving,0,10,22.36743169611315,2.7339273901036583,35.64435342825735,35.64435342825735,39.0,2.0,76.47166590344273,74.64435342825735,5.591857924028288,11.0,14.96122873913156
SM-025,75,slow_moving,4,9,31.344472465580026,3.5500090285186716,61.83443022971434,57.83443022971434,0.0,40.0,96.88426966701313,57.83443022971434,7.836118116395006,10.0,18.523088503063065
SM-025,76,slow_moving,16,9,25.907686120507062,4.1863636996373135,57.83443022971434,41.83443022971434,40.0,5.0,86.61264856902747,81.83443022971434,6.4769215301267655,10.0,21.843433267759824
SM-025,77,slow_moving,5,9,24.558568705823678,4.21383557538856,41.83443022971434,36.83443022971434,45.0,2.0,83.38319663562132,81.83443022971434,6.1396421764559195,10.0,21.98677487106212
SM-025,78,slow_moving,4,9,24.603239583938,4.272752070552449,36.83443022971434,32.83443022971434,47.0,4.0,83.80228585308623,79.83443022971434,6.1508098959845,10.0,22.294186893241225
SM-025,79,slow_moving,9,9,24.603239583938,3.9999999999999987,32.83443022971434,23.834430229714343,51.0,8.0,82.3791315169563,74.83443022971434,6.1508098959845,10.0,20.8710325571113
SM-025,80,slow_moving,9,9,25.163675001482886,3.8696716881873794,23.834430229714343,14.834430229714343,59.0,10.0,83.10019845107988,73.83443022971434,6.290918750370722,10.0,20.191010947372664
SM-025,81,slow_moving,2,9,25.163675001482886,4.0950251243711255,14.834430229714343,12.834430229714343,69.0,3.0,84.27603817694185,81.83443022971434,6.290918750370722,10.0,21.36685067323463
SM-025,82,slow_moving,7,9,25.163675001482886,3.8762921749580492,12.834430229714343,5.834430229714343,72.0,6.0,83.13474254981352,77.83443022971434,6.290918750370722,10.0,20.225555046106308
SM-025,83,slow_moving,4,9,25.163675001482886,3.8829013735766003,5.834430229714343,1.8344302297143429,78.0,4.0,83.16922774969957,79.83443022971434,6.290918750370722,10.0,20.260040245992357
SM-025,84,slow_moving,8,9,25.163675001482886,3.7313639494261213,1.8344302297143429,0.0,82.0,1.0,82.37854212143321,82.0,6.290918750370722,10.0,19.469354617725998
SM-025,85,slow_moving,8,9,25.163675001482886,3.7313639494261213,40.0,32.0,43.0,8.0,82.37854212143321,75.0,6.290918750370722,10.0,19.469354617725998
SM-025,86,slow_moving,9,9,25.163675001482886,3.647970985039806,37.0,28.0,46.0,8.0,81.94341780274802,74.0,6.290918750370722,10.0,19.034230299040797
SM-025,87,slow_moving,3,9,25.163675001482886,3.722764343733611,30.0,27.0,52.0,4.0,82.33367145883653,79.0,6.290918750370722,10.0,19.424483955129322
SM-025,88,slow_moving,2,9,25.163675001482886,3.8845519162116458,31.0,29.0,52.0,3.0,83.1778398819678,81.0,6.290918750370722,10.0,20.26865237826059
SM-025,89,slow_moving,1,9,22.449557128696924,2.989297147474201,37.0,36.0,47.0,0.0,71.7213223436958,83.0,5.612389282174231,10.0,15.597429521953499
SM-025,90,slow_moving,10,9,25.163675001482886,3.2364114346539656,46.0,36.0,37.0,7.0,79.79599960892477,73.0,6.290918750370722,10.0,16.886812105217555
SM-025,91,slow_moving,7,9,25.163675001482886,3.2005608482873305,39.0,32.0,41.0,7.0,79.60893992011238,73.0,6.290918750370722,10.0,16.69975241640516
SM-025,92,slow_moving,8,9,25.081549568899113,3.135814620371125,38.0,30.0,42.0,8.0,79.06579618095563,72.0,6.270387392224778,10.0,16.361922258707843
SM-025,93,slow_moving,6,9,25.081549568899113,3.0042704647952374,34.0,28.0,46.0,5.0,78.37943059252511,74.0,6.270387392224778,10.0,15.675556670277327
SM-025,94,slow_moving,6,9,25.081549568899113,2.782730627205895,29.0,23.0,50.0,5.0,77.22348930176904,73.0,6.270387392224778,10.0,14.51961537952125
SM-025,95,slow_moving,2,9,22.36743169611315,2.9828570025121652,31.0,29.0,47.0,0.0,71.48240564344259,76.0,5.591857924028288,10.0,15.563826403159707
SM-025,96,slow_moving,5,9,22.36743169611315,2.948271984113348,37.0,32.0,39.0,1.0,71.30194938219509,71.0,5.591857924028288,10.0,15.383370141912206
SM-025,97,slow_moving,4,9,22.36743169611315,2.904461643041167,36.0,32.0,36.0,4.0,71.07335761848118,68.0,5.591857924028288,10.0,15.154778378198296
SM-025,98,slow_moving,10,9,22.36743169611315,3.0967311135685565,35.0,25.0,37.0,11.0,72.0765732132601,62.0,5.591857924028288,10.0,16.15799397297722
SM-025,99,slow_moving,6,9,22.36743169611315,2.930826434598874,25.0,19.0,48.0,5.0,71.21092272422177,67.0,5.591857924028288,10.0,15.292343483938886
SM-026,75,slow_moving,6,9,24.341103350660532,5.186273796998754,129.06193544811168,123.06193544811168,0.0,0.0,87.91348069346489,123.06193544811168,6.085275837665133,10.0,27.060722316813564
SM-026,76,slow_moving,5,9,24.90153876820542,5.2305806904180665,123.06193544811168,118.06193544811168,0.0,0.0,89.54575189109185,118.06193544811168,6.225384692051355,10.0,27.291904970578297
SM-026,77,slow_moving,15,9,26.250656182888804,5.376825867578045,118.06193544811168,103.06193544811168,0.0,0.0,93.6816173912569,103.06193544811168,6.562664045722201,10.0,28.054976934034904
SM-026,78,slow_moving,7,9,25.44202666527451,5.3720549475014066,103.06193544811168,96.06193544811168,0.0,0.0,91.63515009015946,96.06193544811168,6.360506666318628,10.0,28.030083426973178
SM-026,79,slow_moving,14,9,30.139046783649384,5.00256344543885,96.06193544811168,82.06193544811168,0.0,20.0,101.44978309381574,82.06193544811168,7.534761695912346,10.0,26.10216613469228
SM-026,80,slow_moving,4,9,24.881591247729624,5.230580690418067,82.06193544811168,78.06193544811168,20.0,0.0,89.49588308990236,98.06193544811168,6.220397811932406,10.0,27.2919049705783
SM-026,81,slow_moving,15,9,26.230708662413008,5.007686399618398,78.06193544811168,63.06193544811168,20.0,9.0,91.70566812659229,83.06193544811168,6.557677165603252,10.0,26.128896470559766
SM-026,82,slow_moving,8,9,24.881591247729624,5.007686399618398,63.06193544811168,55.06193544811168,29.0,5.0,88.33287458988383,84.06193544811168,6.220397811932406,10.0,26.128896470559766
SM-026,83,slow_moving,11,9,25.44202666527451,4.875369808458714,55.06193544811168,44.06193544811168,34.0,11.0,89.04356716326112,78.06193544811168,6.360506666318628,10.0,25.43850050007483
SM-026,84,slow_moving,7,9,29.63317459691718,4.750168687962835,44.06193544811168,37.06193544811168,45.0,17.0,98.86816782685369,82.06193544811168,7.408293649229295,10.0,24.785231334560752
SM-026,85,slow_moving,5,9,25.44202666527451,3.990373030567056,37.06193544811168,32.06193544811168,62.0,0.0,84.42586802218226,94.06193544811168,6.360506666318628,10.0,20.820801358995983
SM-026,86,slow_moving,5,9,25.44202666527451,4.085622069196767,32.06193544811168,27.061935448111683,62.0,0.0,84.92285446875083,89.06193544811168,6.360506666318628,10.0,21.317787805564546
SM-026,87,slow_moving,7,9,25.44202666527451,3.9903730305670555,27.061935448111683,20.061935448111683,62.0,3.0,84.42586802218226,82.06193544811168,6.360506666318628,10.0,20.82080135899598
SM-026,88,slow_moving,6,9,25.44202666527451,3.9903730305670555,20.061935448111683,14.061935448111683,65.0,6.0,84.42586802218226,79.06193544811168,6.360506666318628,10.0,20.82080135899598
SM-026,89,slow_moving,2,9,25.44202666527451,4.278748918514884,34.06193544811168,32.06193544811168,51.0,3.0,85.93054365869351,83.06193544811168,6.360506666318628,10.0,22.32547699550723
SM-026,90,slow_moving,4,9,25.44202666527451,3.8812501290309207,32.06193544811168,28.061935448111683,54.0,2.0,83.85649111451048,82.06193544811168,6.360506666318628,10.0,20.251424451324198
SM-026,91,slow_moving,6,9,25.44202666527451,3.8977310954332993,37.06193544811168,31.061935448111683,47.0,6.0,83.94248481109966,78.06193544811168,6.360506666318628,10.0,20.337418147913375
SM-026,92,slow_moving,9,9,25.35990123269074,3.38738231889448,36.06193544811168,27.061935448111683,48.0,7.0,81.07429474698431,75.06193544811168,6.339975308172685,10.0,17.67454166525747
SM-026,93,slow_moving,7,9,25.35990123269074,3.2777415614397842,38.06193544811168,31.061935448111683,44.0,6.0,80.50221579237848,75.06193544811168,6.339975308172685,10.0,17.102462710651643
SM-026,94,slow_moving,7,9,25.35990123269074,2.258885588639688,48.06193544811168,41.06193544811168,33.0,2.0,75.18607174754895,74.06193544811168,6.339975308172685,10.0,11.786318665822114
SM-026,95,slow_moving,5,9,25.35990123269074,2.241794153271212,41.06193544811168,36.06193544811168,35.0,5.0,75.09689277154315,71.06193544811168,6.339975308172685,10.0,11.697139689816307
SM-026,96,slow_moving,7,9,25.35990123269074,1.7541160386140473,36.06193544811168,29.061935448111683,40.0,4.0,72.55230631944306,69.06193544811168,6.339975308172685,10.0,9.152553237716223
SM-026,97,slow_moving,5,9,25.35990123269074,1.7394369852457965,32.06193544811168,27.061935448111683,41.0,5.0,72.47571456925398,68.06193544811168,6.339975308172685,10.0,9.075961487527138
SM-026,98,slow_moving,15,9,26.709018647374123,3.0717905911532126,33.06193544811168,18.061935448111683,40.0,25.0,82.80040697758204,58.06193544811168,6.677254661843531,10.0,16.02786035914672
SM-026,99,slow_moving,5,9,31.686263027805374,3.0717905911532126,21.061935448111683,16.061935448111683,62.0,18.0,95.24351792866017,78.06193544811168,7.921565756951344,10.0,16.02786035914672
SM-027,75,slow_moving,6,6,34.39579256768984,3.454836817549762,58.832054415251726,52.832054415251726,0.0,23.0,75.27469140870895,52.832054415251726,8.59894814192246,7.0,15.082054415251726
SM-027,76,slow_moving,29,6,41.44620038298792,7.061088751670971,52.832054415251726,23.832054415251726,23.0,57.0,103.35596062698575,46.832054415251726,10.36155009574698,7.0,30.825109956756894
SM-027,77,slow_moving,3,6,35.017235833774095,7.110844012077786,23.832054415251726,20.832054415251726,80.0,0.0,92.32247874086015,100.83205441525172,8.754308958443524,7.0,31.042316031755483
SM-027,78,slow_moving,29,6,69.42130164949867,9.250086624681009,20.832054415251726,0.0,80.0,82.0,161.86843543089552,80.0,17.35532541237467,7.0,40.38115754427284
SM-027,79,slow_moving,7,6,54.398605933535755,9.26877858243773,0.0,0.0,162.0,0.0,135.6603174763334,162.0,13.599651483383939,7.0,40.46275709264584
SM-027,80,slow_moving,8,6,40.967924987159655,9.22996791393706,0.0,0.0,162.0,0.0,111.98719824801148,162.0,10.241981246789914,7.0,40.29332952048208
SM-027,81,slow_moving,9,6,38.25452237453809,8.80777628445018,0.0,0.0,162.0,0.0,105.39567048148531,162.0,9.563630593634523,7.0,38.45025632604366
SM-027,82,slow_moving,4,6,29.354822933125554,8.674306297542742,23.0,19.0,139.0,0.0,89.23853461081397,158.0,7.3387057332813885,7.0,37.86759447784425
SM-027,83,slow_moving,17,6,30.143504930264065,8.884587634544294,76.0,59.0,82.0,0.0,91.5367091088624,141.0,7.535876232566016,7.0,38.78557548090029
SM-027,84,slow_moving,2,6,24.603239583938,9.023473661682448,59.0,57.0,82.0,0.0,82.44755026863417,139.0,6.1508098959845,7.0,39.39188099674268
SM-027,85,slow_moving,3,6,24.603239583938,9.214676142451038,139.0,136.0,0.0,0.0,83.28224272201847,136.0,6.1508098959845,7.0,40.22657345012697
SM-027,86,slow_moving,6,6,24.603239583938,9.214676142451038,136.0,130.0,0.0,0.0,83.28224272201847,130.0,6.1508098959845,7.0,40.22657345012697
SM-027,87,slow_moving,7,6,25.163675001482886,9.237604307034008,130.0,123.0,0.0,0.0,84.36309736820643,123.0,6.290918750370722,7.0,40.326666115611374
SM-027,88,slow_moving,11,6,25.163675001482886,9.160953930845677,123.0,112.0,0.0,0.0,84.02848094327155,112.0,6.290918750370722,7.0,39.99204969067649
SM-027,89,slow_moving,8,6,25.163675001482886,7.2589467343621985,112.0,104.0,0.0,0.0,75.72528818758329,104.0,6.290918750370722,7.0,31.688856934988245
SM-027,90,slow_moving,0,6,25.163675001482886,7.50128194172374,104.0,104.0,0.0,0.0,76.78320003036325,104.0,6.290918750370722,7.0,32.746768777768196
SM-027,91,slow_moving,3,6,25.163675001482886,4.427478300631637,104.0,101.0,0.0,0.0,63.364542008295246,101.0,6.290918750370722,7.0,19.328110755700195
SM-027,92,slow_moving,3,6,30.410764860602317,4.5305232617922755,101.0,98.0,0.0,0.0,72.99679097455169,98.0,7.602691215150579,7.0,19.777952468497638
SM-027,93,slow_moving,0,6,29.98598882613693,4.805178830152264,98.0,98.0,0.0,0.0,73.45243895886865,98.0,7.496497206534232,7.0,20.976958513129027
SM-027,94,slow_moving,8,6,30.410764860602317,4.754215403467115,98.0,90.0,0.0,0.0,73.97331670678493,90.0,7.602691215150579,7.0,20.754478200730876
SM-027,95,slow_moving,0,6,30.410764860602317,4.98587749137243,90.0,90.0,0.0,0.0,74.98463515690402,90.0,7.602691215150579,7.0,21.765796650849968
SM-027,96,slow_moving,12,6,24.521114151354226,4.119995021157047,90.0,78.0,0.0,0.0,60.89774544239954,78.0,6.1302785378385565,7.0,17.98579567752964
SM-027,97,slow_moving,4,6,24.521114151354226,4.0414518843273655,78.0,74.0,0.0,0.0,60.554866190449815,74.0,6.1302785378385565,7.0,17.64291642557992
SM-027,98,slow_moving,7,6,25.081549568899113,4.0287428846687545,74.0,67.0,0.0,0.0,61.48014716451337,67.0,6.270387392224778,7.0,17.587435418939922
SM-027,99,slow_moving,5,6,25.081549568899113,4.023966661430929,67.0,62.0,0.0,0.0,61.45929661133924,62.0,6.270387392224778,7.0,17.56658486576579
SM-028,75,slow_moving,2,10,24.558568705823678,4.272752070552452,158.85704711654824,156.85704711654824,0.0,0.0,90.91840441740555,156.85704711654824,6.1396421764559195,11.0,23.382340476390436
SM-028,76,slow_moving,4,10,24.558568705823678,4.284737373395757,156.85704711654824,152.85704711654824,0.0,0.0,90.98399315908009,152.85704711654824,6.1396421764559195,11.0,23.447929218064967
SM-028,77,slow_moving,4,10,24.558568705823678,4.388212649406392,152.85704711654824,148.85704711654824,0.0,0.0,91.55025445732956,148.85704711654824,6.1396421764559195,11.0,24.01419051631444
SM-028,78,slow_moving,11,10,25.163675001482886,4.405707254261956,148.85704711654824,137.85704711654824,0.0,0.0,93.31003478665875,137.85704711654824,6.290918750370722,11.0,24.109928532580806
SM-028,79,slow_moving,9,10,25.163675001482886,4.36624582039337,137.85704711654824,128.85704711654824,0.0,0.0,93.09408481643673,128.85704711654824,6.290918750370722,11.0,23.893978562358797
SM-028,80,slow_moving,11,10,25.163675001482886,4.36624582039337,128.85704711654824,117.85704711654824,0.0,0.0,93.09408481643673,117.85704711654824,6.290918750370722,11.0,23.893978562358797
SM-028,81,slow_moving,3,10,25.163675001482886,4.572773382779473,117.85704711654824,114.85704711654824,0.0,0.0,94.22429263138407,114.85704711654824,6.290918750370722,11.0,25.02418637730614
SM-028,82,slow_moving,3,10,25.163675001482886,4.469268281761455,114.85704711654824,111.85704711654824,0.0,0.0,93.65786811784248,111.85704711654824,6.290918750370722,11.0,24.45776186376455
SM-028,83,slow_moving,10,10,25.163675001482886,4.493585171364587,111.85704711654824,101.85704711654824,0.0,0.0,93.79094061599793,101.85704711654824,6.290918750370722,11.0,24.59083436191999
SM-028,84,slow_moving,6,10,25.163675001482886,4.380902611598174,101.85704711654824,95.85704711654824,0.0,0.0,93.17429309358064,95.85704711654824,6.290918750370722,11.0,23.974186839502703
SM-028,85,slow_moving,3,10,25.163675001482886,3.97588887013864,95.85704711654824,92.85704711654824,0.0,0.0,90.95788337823782,92.85704711654824,6.290918750370722,11.0,21.75777712415989
SM-028,86,slow_moving,7,10,25.163675001482886,3.9239566635522243,92.85704711654824,85.85704711654824,0.0,5.0,90.67368796599692,85.85704711654824,6.290918750370722,11.0,21.47358171191899
SM-028,87,slow_moving,3,10,25.163675001482886,3.362691229906831,85.85704711654824,82.85704711654824,5.0,0.0,87.60220166152041,87.85704711654824,6.290918750370722,11.0,18.402095407442477
SM-028,88,slow_moving,7,10,25.163675001482886,3.166329266775809,82.85704711654824,75.85704711654824,5.0,6.0,86.52762438609514,80.85704711654824,6.290918750370722,11.0,17.3275181320172
SM-028,89,slow_moving,12,10,25.163675001482886,3.460398672748414,75.85704711654824,63.857047116548245,11.0,14.0,88.13689889128595,74.85704711654824,6.290918750370722,11.0,18.936792637208015
SM-028,90,slow_moving,9,10,25.163675001482886,3.394943449549791,63.857047116548245,54.857047116548245,25.0,8.0,87.77869970501993,79.85704711654824,6.290918750370722,11.0,18.578593450941995
SM-028,91,slow_moving,11,10,25.163675001482886,3.394943449549791,54.857047116548245,43.857047116548245,33.0,11.0,87.77869970501993,76.85704711654824,6.290918750370722,11.0,18.578593450941995
SM-028,92,slow_moving,3,10,25.081549568899113,3.539158236875124,43.857047116548245,40.857047116548245,44.0,4.0,88.34206022439996,84.85704711654824,6.270387392224778,11.0,19.367798909927398
SM-028,93,slow_moving,10,10,25.081549568899113,3.449265994010307,40.857047116548245,30.857047116548245,48.0,9.0,87.85013113650889,78.85704711654824,6.270387392224778,11.0,18.875869822036332
SM-028,94,slow_moving,10,10,25.081549568899113,3.370307754341489,30.857047116548245,20.857047116548245,57.0,10.0,87.41803762561298,77.85704711654824,6.270387392224778,11.0,18.443776311140432
SM-028,95,slow_moving,6,10,25.081549568899113,3.152125859780578,20.857047116548245,14.857047116548245,67.0,5.0,86.22405228310573,81.85704711654824,6.270387392224778,11.0,17.249790968633178
SM-028,96,slow_moving,6,10,30.410764860602317,3.078044667375538,14.857047116548245,8.857047116548245,72.0,20.0,100.47399012856064,80.85704711654824,7.602691215150579,11.0,16.844386761904268
SM-028,97,slow_moving,8,10,31.049712906405826,3.065523755810075,13.857047116548245,5.8570471165482445,87.0,10.0,102.16257743112212,92.85704711654824,7.762428226601457,11.0,16.775866938506095
SM-028,98,slow_moving,6,10,31.049712906405826,2.817072493901683,5.8570471165482445,0.0,97.0,4.0,100.80294506729535,97.0,7.762428226601457,11.0,15.416234574679342
SM-028,99,slow_moving,9,10,31.049712906405826,2.8397363546819934,6.0,0.0,95.0,6.0,100.92697147943545,95.0,7.762428226601457,11.0,15.540260986819426
SM-029,75,slow_moving,3,7,12.719666901629767,1.3252962900462149,26.910026160475923,23.910026160475923,0.0,8.0,31.624365362161676,23.910026160475923,3.1799167254074416,8.0,6.185031558902144
SM-029,76,slow_moving,2,7,13.144442936095153,1.3252962900462149,23.910026160475923,21.910026160475923,8.0,3.0,32.47391743109245,29.910026160475923,3.2861107340237883,8.0,6.185031558902144
SM-029,77,slow_moving,6,7,13.144442936095153,1.6052797503622478,21.910026160475923,15.910026160475923,11.0,7.0,33.780573573595426,26.910026160475923,3.2861107340237883,8.0,7.491687701405118
SM-029,78,slow_moving,4,7,13.729499527649761,1.519109050625501,15.910026160475923,11.910026160475923,18.0,5.0,34.54853630828991,29.910026160475923,3.4323748819124402,8.0,7.08953725299039
SM-029,79,slow_moving,6,7,13.972700320763163,1.7021856236720776,11.910026160475923,5.9100261604759226,23.0,7.0,35.88933882394907,28.910026160475923,3.493175080190791,8.0,7.943938182422739
SM-029,80,slow_moving,7,7,13.972700320763163,1.9414506867883023,5.9100261604759226,0.0,30.0,8.0,37.00596608491043,30.0,3.493175080190791,8.0,9.060565443384105
SM-029,81,slow_moving,3,7,18.721472742667224,1.9381460874790264,0.0,0.0,38.0,9.0,46.48808867848598,38.0,4.680368185666806,8.0,9.045143193151528
SM-029,82,slow_moving,2,7,18.721472742667224,1.9381460874790264,0.0,0.0,47.0,0.0,46.48808867848598,47.0,4.680368185666806,8.0,9.045143193151528
SM-029,83,slow_moving,1,7,18.721472742667224,1.9381460874790264,8.0,7.0,39.0,1.0,46.48808867848598,46.0,4.680368185666806,8.0,9.045143193151528
SM-029,84,slow_moving,7,7,18.721472742667224,2.175033156245953,10.0,3.0,37.0,8.0,47.59361806630926,40.0,4.680368185666806,8.0,10.150672580974813
SM-029,85,slow_moving,3,7,13.972700320763163,2.034951016861497,10.0,7.0,38.0,0.0,37.442323220000816,45.0,3.493175080190791,8.0,9.496922578474486
SM-029,86,slow_moving,1,7,13.972700320763163,2.1273554065179203,12.0,11.0,33.0,0.0,37.87356570554805,44.0,3.493175080190791,8.0,9.928165064021726
SM-029,87,slow_moving,2,7,13.972700320763163,2.180919589625041,18.0,16.0,26.0,0.0,38.12354464643289,42.0,3.493175080190791,8.0,10.178144004906562
SM-029,88,slow_moving,2,7,13.04410984529264,2.2216879699673036,24.0,22.0,18.0,0.0,36.45662584359869,40.0,3.26102746132316,8.0,10.368406153013405
SM-029,89,slow_moving,2,7,13.04410984529264,2.2216879699673036,31.0,29.0,9.0,0.0,36.45662584359869,38.0,3.26102746132316,8.0,10.368406153013405
SM-029,90,slow_moving,4,7,13.04410984529264,2.103111248383434,29.0,25.0,9.0,2.0,35.90323957770805,34.0,3.26102746132316,8.0,9.81501988712277
SM-029,91,slow_moving,1,7,16.89662921668845,2.1926450482675737,26.0,25.0,10.0,10.0,44.0261240369866,35.0,4.224157304172112,8.0,10.232865603609701
SM-029,92,slow_moving,5,7,17.23927981857007,2.1000610491736693,33.0,28.0,12.0,5.0,44.279344535064624,40.0,4.309819954642517,8.0,9.800784897924485
SM-029,93,slow_moving,5,7,17.23927981857007,1.8466879569262409,28.0,23.0,17.0,4.0,43.096876445855436,40.0,4.309819954642517,8.0,8.618316808715301
SM-029,94,slow_moving,4,7,17.4998934664618,1.8708286933869716,23.0,19.0,21.0,4.0,43.73076625943675,40.0,4.37497336661545,8.0,8.730979326513152
SM-029,95,slow_moving,19,7,18.032071793017895,4.785126528884675,19.0,0.0,25.0,34.0,58.39587334094179,25.0,4.508017948254474,8.0,22.331729754905997
SM-029,96,slow_moving,3,7,12.873201689095788,4.7013364166547476,0.0,0.0,59.0,0.0,47.68709265984009,59.0,3.218300422273947,8.0,21.940689281648517
SM-029,97,slow_moving,1,7,12.873201689095788,4.725815626252608,0.0,0.0,59.0,0.0,47.80133479953134,59.0,3.218300422273947,8.0,22.054931421339763
SM-029,98,slow_moving,3,7,12.873201689095788,4.725815626252608,2.0,0.0,57.0,0.0,47.80133479953134,57.0,3.218300422273947,8.0,22.054931421339763
SM-029,99,slow_moving,4,7,14.105968760511992,4.639573366769947,10.0,6.0,47.0,0.0,49.86438453143049,53.0,3.526492190127998,8.0,21.6524470104065
SM-030,75,slow_moving,1,7,10.242347932185433,1.187542171990709,17.978422740283467,16.978422740283467,0.0,10.0,26.026842074584437,16.978422740283467,2.5605869830463583,8.0,5.542146210213569
SM-030,76,slow_moving,1,7,10.242347932185433,1.2142318453899055,16.978422740283467,15.978422740283467,10.0,1.0,26.151400238302728,25.978422740283467,2.5605869830463583,8.0,5.666704373931861
SM-030,77,slow_moving,1,7,10.242347932185433,1.043907845426784,15.978422740283467,14.978422740283467,11.0,0.0,25.35651435284264,25.978422740283467,2.5605869830463583,8.0,4.871818488471774
SM-030,78,slow_moving,3,7,10.287018810299754,1.1094003924504585,14.978422740283467,11.978422740283467,11.0,3.0,25.75150358824757,22.978422740283467,2.5717547025749385,8.0,5.17746596764806
SM-030,79,slow_moving,1,7,10.287018810299754,1.1208970766356101,11.978422740283467,10.978422740283467,14.0,1.0,25.805157518347542,24.978422740283467,2.5717547025749385,8.0,5.231119897748033
SM-030,80,slow_moving,1,7,10.287018810299754,0.8697184926229046,10.978422740283467,9.978422740283467,15.0,0.0,24.632930990055698,24.978422740283467,2.5717547025749385,8.0,4.058893369456188
SM-030,81,slow_moving,1,7,10.287018810299754,0.8697184926229046,9.978422740283467,8.978422740283467,15.0,1.0,24.632930990055698,23.978422740283467,2.5717547025749385,8.0,4.058893369456188
SM-030,82,slow_moving,2,7,10.287018810299754,0.8697184926229046,8.978422740283467,6.978422740283467,16.0,2.0,24.632930990055698,22.978422740283467,2.5717547025749385,8.0,4.058893369456188
SM-030,83,slow_moving,5,7,10.287018810299754,1.315587028960544,16.978422740283467,11.978422740283467,8.0,7.0,26.71375698276533,19.978422740283467,2.5717547025749385,8.0,6.1397193621658195
SM-030,84,slow_moving,1,7,10.287018810299754,1.2659242088545835,12.978422740283467,11.978422740283467,14.0,1.0,26.48198533142483,25.978422740283467,2.5717547025749385,8.0,5.907947710825322
SM-030,85,slow_moving,0,7,14.905773954529662,1.3252962900462135,11.978422740283467,11.978422740283467,15.0,10.0,35.99657946796146,26.978422740283467,3.7264434886324156,8.0,6.185031558902137
SM-030,86,slow_moving,2,7,15.72104520254089,1.3301243435223529,14.978422740283467,12.978422740283467,22.0,3.0,37.64965402971312,34.97842274028346,3.9302613006352227,8.0,6.207563624631339
SM-030,87,slow_moving,3,7,15.72104520254089,1.315587028960544,13.978422740283467,10.978422740283467,24.0,3.0,37.5818097672476,34.97842274028346,3.9302613006352227,8.0,6.1397193621658195
SM-030,88,slow_moving,2,7,15.72104520254089,1.300887271175982,10.978422740283467,8.978422740283467,27.0,2.0,37.51320739773326,35.97842274028346,3.9302613006352227,8.0,6.07111699265148
SM-030,89,slow_moving,11,7,15.834364430000186,2.8465003254108545,9.978422740283467,0.0,28.0,17.0,44.95307476613539,28.0,3.9585911075000464,8.0,13.284345906135016
SM-030,90,slow_moving,0,7,10.972408492656875,2.9044616430411736,2.0,2.0,43.0,0.0,35.499662840351945,45.0,2.7431021231642188,8.0,13.554845855038195
SM-030,91,slow_moving,2,7,10.711794844765144,2.9022537661405354,9.0,7.0,36.0,0.0,34.9681315933606,43.0,2.677948711191286,8.0,13.544541903830314
SM-030,92,slow_moving,4,7,10.890283060073106,2.9022537661405354,8.0,4.0,35.0,0.0,35.325108023976526,39.0,2.7225707650182764,8.0,13.544541903830314
SM-030,93,slow_moving,1,7,14.18800911932937,2.9022537661405354,14.0,13.0,25.0,4.0,41.92056014248905,38.0,3.5470022798323426,8.0,13.544541903830314
SM-030,94,slow_moving,2,7,14.18800911932937,2.8689317229186946,16.0,14.0,26.0,2.0,41.76504934050303,40.0,3.5470022798323426,8.0,13.389031101844292
SM-030,95,slow_moving,3,7,14.18800911932937,2.8622207623290854,17.0,14.0,25.0,3.0,41.73372992661119,39.0,3.5470022798323426,8.0,13.35771168795245
SM-030,96,slow_moving,2,7,14.18800911932937,2.787333989537452,16.0,14.0,26.0,2.0,41.384240490521066,40.0,3.5470022798323426,8.0,13.008222251862325
SM-030,97,slow_moving,9,7,14.991119551706536,3.262058497486769,31.0,22.0,11.0,13.0,45.2059554191337,33.0,3.747779887926634,8.0,15.223716315720626
SM-030,98,slow_moving,3,7,15.494933992711669,3.1235252930639525,22.0,19.0,24.0,3.0,45.56706303058258,43.0,3.8737334981779172,8.0,14.577195045159245
SM-030,99,slow_moving,1,7,15.251733199598267,3.172396974545046,19.0,18.0,27.0,1.0,45.30874092708536,45.0,3.8129332998995666,8.0,14.805274527888828
SM-031,75,slow_moving,6,9,13.845996569217629,5.40891950914508,63.59104889511885,57.59104889511885,0.0,6.0,62.837425216584435,57.59104889511885,3.4614991423044073,10.0,28.222433793540365
SM-031,76,slow_moving,6,9,18.392885509160244,1.6092680291808386,57.59104889511885,51.59104889511885,6.0,0.0,54.378985130438515,57.59104889511885,4.598221377290061,10.0,8.396771357537906
SM-031,77,slow_moving,2,9,18.392885509160244,1.6408253082847308,51.59104889511885,49.59104889511885,6.0,0.0,54.543643380336306,55.59104889511885,4.598221377290061,10.0,8.561429607435702
SM-031,78,slow_moving,4,9,18.437556387274565,1.5063966175050845,49.59104889511885,45.59104889511885,6.0,3.0,53.953904180154154,51.59104889511885,4.609389096818641,10.0,7.860013211967741
SM-031,79,slow_moving,2,9,18.437556387274565,1.5063966175050845,45.59104889511885,43.59104889511885,9.0,2.0,53.953904180154154,52.59104889511885,4.609389096818641,10.0,7.860013211967741
SM-031,80,slow_moving,6,9,13.675273574999352,1.5892265495016806,43.59104889511885,37.59104889511885,11.0,0.0,42.48038370131719,48.59104889511885,3.418818393749838,10.0,8.29219976381881
SM-031,81,slow_moving,1,9,13.675273574999352,1.7614096918559559,37.59104889511885,36.59104889511885,11.0,0.0,43.37879369378264,47.59104889511885,3.418818393749838,10.0,9.190609756284262
SM-031,82,slow_moving,8,9,13.675273574999352,2.1393744592574415,36.59104889511885,28.591048895118853,11.0,6.0,45.350922435251995,39.59104889511885,3.418818393749838,10.0,11.162738497753613
SM-031,83,slow_moving,4,9,13.89066744733195,2.059997510578529,28.591048895118853,24.591048895118853,17.0,4.0,45.475237396043056,41.59104889511885,3.4726668618329875,10.0,10.748568777713178
SM-031,84,slow_moving,5,9,13.89066744733195,2.059997510578529,24.591048895118853,19.591048895118853,21.0,5.0,45.475237396043056,40.59104889511885,3.4726668618329875,10.0,10.748568777713178
SM-031,85,slow_moving,1,9,13.89066744733195,2.160246899469285,25.591048895118853,24.591048895118853,20.0,2.0,45.998314460885425,44.59104889511885,3.4726668618329875,10.0,11.27164584255555
SM-031,86,slow_moving,0,9,13.250497540533962,2.4284636907798087,24.591048895118853,24.591048895118853,22.0,0.0,45.79738003984192,46.59104889511885,3.3126243851334904,10.0,12.671136188507015
SM-031,87,slow_moving,6,9,13.675273574999352,2.498717619818161,24.591048895118853,18.591048895118853,22.0,7.0,47.225888136061506,40.59104889511885,3.418818393749838,10.0,13.037704198563125
SM-031,88,slow_moving,4,9,13.675273574999352,2.420531833910546,21.591048895118853,17.591048895118853,26.0,4.0,46.81793361526621,43.59104889511885,3.418818393749838,10.0,12.629749677767833
SM-031,89,slow_moving,3,9,13.675273574999352,2.3315011121372917,19.591048895118853,16.591048895118853,28.0,2.0,46.35339284208804,44.59104889511885,3.418818393749838,10.0,12.165208904589658
SM-031,90,slow_moving,2,9,13.43207278188595,2.3315011121372917,16.591048895118853,14.591048895118853,30.0,2.0,45.745390859304536,44.59104889511885,3.3580181954714874,10.0,12.165208904589658
SM-031,91,slow_moving,3,9,17.298102543652913,2.3315011121372917,14.591048895118853,11.591048895118853,32.0,12.0,55.410465263721946,43.59104889511885,4.324525635913228,10.0,12.165208904589658
SM-031,92,slow_moving,3,9,16.95536346317741,2.2954805094425788,17.591048895118853,14.591048895118853,38.0,2.0,54.36567076964115,52.59104889511885,4.238840865794352,10.0,11.977262111697627
SM-031,93,slow_moving,1,9,20.524355120492512,2.267382993899714,18.591048895118853,17.591048895118853,36.0,10.0,63.14154387251164,53.59104889511885,5.131088780123128,10.0,11.830656071280359
SM-031,94,slow_moving,6,9,24.594616070237635,2.2954805094425788,22.591048895118853,16.591048895118853,41.0,16.0,73.46380228729171,57.59104889511885,6.148654017559409,10.0,11.977262111697627
SM-031,95,slow_moving,13,9,17.571869373029838,3.3030677271676403,18.591048895118853,5.591048895118853,55.0,1.0,61.164281950589455,60.59104889511885,4.392967343257459,10.0,17.234608518014863
SM-031,96,slow_moving,4,9,17.459177904182543,3.3030677271676403,5.591048895118853,1.5910488951188526,56.0,4.0,60.88255327847122,57.59104889511885,4.364794476045636,10.0,17.234608518014863
SM-031,97,slow_moving,7,9,13.80854201474818,3.402487777630225,8.591048895118853,1.5910488951188526,53.0,0.0,52.27471333239388,54.59104889511885,3.452135503687045,10.0,17.753358295523427
SM-031,98,slow_moving,3,9,13.80854201474818,3.295295792334028,5.591048895118853,2.5910488951188526,49.0,1.0,51.7154114786493,51.59104889511885,3.452135503687045,10.0,17.194056441778848
SM-031,99,slow_moving,5,9,13.80854201474818,3.0424349222966542,4.591048895118853,0.0,48.0,3.0,50.39604461590692,48.0,3.452135503687045,10.0,15.874689579036469
SM-032,75,slow_moving,3,9,13.648257377100286,3.0780446673755355,51.27636913773131,48.27636913773131,0.0,2.0,50.18113605901013,48.27636913773131,3.4120643442750715,10.0,16.06049261625941
SM-032,76,slow_moving,4,9,13.405056583986884,3.0403272428457004,48.27636913773131,44.27636913773131,2.0,4.0,49.376333677393475,46.27636913773131,3.351264145996721,10.0,15.863692217426266
SM-032,77,slow_moving,1,9,13.144442936095153,3.0822070014844876,44.27636913773131,43.27636913773131,6.0,0.0,48.94331800917267,49.27636913773131,3.2861107340237883,10.0,16.08221066893479
SM-032,78,slow_moving,1,9,17.806392657567855,3.121472367904246,43.27636913773131,42.27636913773131,6.0,13.0,60.80306949808285,48.27636913773131,4.451598164391964,10.0,16.287087854163207
SM-032,79,slow_moving,3,9,18.310207098572988,3.0676141234282395,42.27636913773131,39.27636913773131,19.0,4.0,61.781586307113784,58.27636913773131,4.577551774643247,10.0,16.00606856068131
SM-032,80,slow_moving,1,9,18.067006305459586,3.0676141234282395,39.27636913773131,38.27636913773131,23.0,0.0,61.17358432433028,61.27636913773131,4.516751576364896,10.0,16.00606856068131
SM-032,81,slow_moving,4,9,18.310207098572988,2.2926862533740318,38.27636913773131,34.27636913773131,23.0,1.0,57.73820010578521,57.27636913773131,4.577551774643247,10.0,11.962682359352739
SM-032,82,slow_moving,3,9,13.46888587975803,2.2870874995874617,34.27636913773131,31.276369137731308,24.0,0.0,45.60568411560813,55.27636913773131,3.3672214699395075,10.0,11.933469416213049
SM-032,83,slow_moving,2,9,13.04410984529264,2.2417941532712193,31.276369137731308,29.276369137731308,24.0,0.0,44.30741430304795,53.27636913773131,3.26102746132316,10.0,11.697139689816346
SM-032,84,slow_moving,3,9,13.46888587975803,2.0816659994661317,29.276369137731308,26.276369137731308,24.0,0.0,44.5338444113674,50.27636913773131,3.3672214699395075,10.0,10.86162971197232
SM-032,85,slow_moving,3,9,13.46888587975803,2.0816659994661317,28.276369137731308,25.276369137731308,22.0,0.0,44.5338444113674,47.27636913773131,3.3672214699395075,10.0,10.86162971197232
SM-032,86,slow_moving,3,9,13.46888587975803,2.0599975105785298,29.276369137731308,26.276369137731308,18.0,1.0,44.42078347710826,44.27636913773131,3.3672214699395075,10.0,10.748568777713183
SM-032,87,slow_moving,7,9,13.972700320763163,1.6052797503622456,26.276369137731308,19.276369137731308,19.0,6.0,43.3077122851784,38.27636913773131,3.493175080190791,10.0,8.375961483270483
SM-032,88,slow_moving,3,9,13.972700320763163,1.6052797503622456,32.27636913773131,29.276369137731308,12.0,3.0,43.3077122851784,41.27636913773131,3.493175080190791,10.0,8.375961483270483
SM-032,89,slow_moving,1,9,13.729499527649761,1.6525039276108326,33.27636913773131,32.27636913773131,11.0,0.0,42.9461146376044,43.27636913773131,3.4323748819124402,10.0,8.622365818479997
SM-032,90,slow_moving,2,9,13.729499527649761,1.5892265495016822,32.27636913773131,30.276369137731308,11.0,2.0,42.61594858294322,41.27636913773131,3.4323748819124402,10.0,8.292199763818818
SM-032,91,slow_moving,2,9,13.30472349318437,1.5191090506254987,31.276369137731308,29.276369137731308,12.0,0.0,41.188152346312734,41.27636913773131,3.3261808732960927,10.0,7.926343613351806
SM-032,92,slow_moving,2,9,12.96198441270887,1.535895295576608,29.276369137731308,27.276369137731308,12.0,2.0,40.41889121134554,39.27636913773131,3.2404961031772177,10.0,8.013930179573368
SM-032,93,slow_moving,4,9,13.222598060600601,1.4719601443879733,27.276369137731308,23.276369137731308,14.0,4.0,40.73682717557441,37.27636913773131,3.3056495151501504,10.0,7.6803320240729125
SM-032,94,slow_moving,0,9,12.96198441270887,1.6525039276108329,23.276369137731308,23.276369137731308,18.0,0.0,41.02732685025217,41.27636913773131,3.2404961031772177,10.0,8.622365818479999
SM-032,95,slow_moving,3,9,12.96198441270887,1.6525039276108329,23.276369137731308,20.276369137731308,18.0,3.0,41.02732685025217,38.27636913773131,3.2404961031772177,10.0,8.622365818479999
SM-032,96,slow_moving,2,9,12.96198441270887,1.6525039276108329,21.276369137731308,19.276369137731308,20.0,2.0,41.02732685025217,39.27636913773131,3.2404961031772177,10.0,8.622365818479999
SM-032,97,slow_moving,4,9,12.96198441270887,1.6908501882113496,25.276369137731308,21.276369137731308,16.0,4.0,41.22740836361139,37.27636913773131,3.2404961031772177,10.0,8.822447331839212
SM-032,98,slow_moving,2,9,13.386760447174261,1.7021856236720763,24.276369137731308,22.276369137731308,17.0,4.0,42.348494010412324,39.27636913773131,3.3466901117935652,10.0,8.881592892476679
SM-032,99,slow_moving,6,9,13.386760447174261,1.9348358440936897,22.276369137731308,16.276369137731308,21.0,7.0,43.56240659162198,37.27636913773131,3.3466901117935652,10.0,10.095505473686332
SM-033,75,slow_moving,5,9,31.36212714579528,3.244324432858252,62.385836410489645,57.385836410489645,0.0,38.0,95.33341808049227,57.385836410489645,7.84053178644882,10.0,16.92810021600406
SM-033,76,slow_moving,0,9,31.36212714579528,3.546395786840926,57.385836410489645,57.385836410489645,38.0,2.0,96.90955334637803,95.38583641048965,7.84053178644882,10.0,18.504235481889832
SM-033,77,slow_moving,11,9,25.136658803583828,3.6742346141747664,57.385836410489645,46.385836410489645,40.0,0.0,82.01291457268628,86.38583641048965,6.284164700895957,10.0,19.171267563726712
SM-033,78,slow_moving,17,9,26.249783744385194,4.957511782832499,46.385836410489645,29.385836410489645,40.0,23.0,91.49155681640298,69.38583641048965,6.562445936096299,10.0,25.867097455439996
SM-033,79,slow_moving,7,9,24.90066632970181,4.629891730472477,29.385836410489645,22.385836410489645,63.0,2.0,86.40932108490239,85.38583641048965,6.2251665824254525,10.0,24.157655260647864
SM-033,80,slow_moving,0,9,24.90066632970181,4.7190285832182415,22.385836410489645,22.385836410489645,65.0,0.0,86.87441562382621,87.38583641048965,6.2251665824254525,10.0,24.622749799571686
SM-033,81,slow_moving,4,9,24.90066632970181,4.71087122433926,22.385836410489645,18.385836410489645,65.0,4.0,86.83185249814039,83.38583641048965,6.2251665824254525,10.0,24.580186673885873
SM-033,82,slow_moving,2,9,25.461101747246698,4.71087122433926,18.385836410489645,16.385836410489645,69.0,3.0,88.23294104200262,85.38583641048965,6.365275436811674,10.0,24.580186673885873
SM-033,83,slow_moving,4,9,22.322207839995347,4.71087122433926,16.385836410489645,12.385836410489645,72.0,0.0,80.38570627387423,84.38583641048965,5.580551959998837,10.0,24.580186673885873
SM-033,84,slow_moving,10,9,25.461101747246698,4.833112284954111,12.385836410489645,2.3858364104896452,72.0,15.0,88.87076533097971,74.38583641048965,6.365275436811674,10.0,25.218010962862962
SM-033,85,slow_moving,6,9,25.461101747246698,4.827804087542523,40.385836410489645,34.385836410489645,49.0,6.0,88.8430684407305,83.38583641048965,6.365275436811674,10.0,25.190314072613756
SM-033,86,slow_moving,7,9,25.461101747246698,4.693148306376116,36.385836410489645,29.385836410489645,53.0,6.0,88.14046714254867,82.38583641048965,6.365275436811674,10.0,24.487712774431927
SM-033,87,slow_moving,9,9,25.461101747246698,4.732592935953385,29.385836410489645,20.385836410489645,59.0,9.0,88.34627967957627,79.38583641048965,6.365275436811674,10.0,24.69352531145952
SM-033,88,slow_moving,1,9,22.746983874460735,4.949747468305831,43.385836410489645,42.385836410489645,45.0,0.0,82.69404482627439,87.38583641048965,5.686745968615184,10.0,25.82658514012256
SM-033,89,slow_moving,18,9,28.946393702796474,5.605629039017557,44.385836410489645,26.385836410489645,43.0,33.0,101.61480080109718,69.38583641048965,7.2365984256991185,10.0,29.248816544105992
SM-033,90,slow_moving,3,9,24.2283346758305,5.614769899616636,26.385836410489645,23.385836410489645,76.0,0.0,89.86734803347309,99.38583641048965,6.057083668957625,10.0,29.296511343896842
SM-033,91,slow_moving,6,9,24.2283346758305,4.698608632023215,27.385836410489645,21.385836410489645,72.0,0.0,85.08704012259642,93.38583641048965,6.057083668957625,10.0,24.51620343302018
SM-033,92,slow_moving,8,9,24.818540897118037,4.725815626252608,24.385836410489645,16.385836410489645,69.0,2.0,86.70451519140097,85.38583641048965,6.204635224279509,10.0,24.65816294860588
SM-033,93,slow_moving,3,9,25.378976314662925,4.475001790574058,16.385836410489645,13.385836410489645,71.0,3.0,86.79691780270795,84.38583641048965,6.344744078665731,10.0,23.349477016050635
SM-033,94,slow_moving,7,9,22.664858441876962,4.4274783006316465,28.385836410489645,21.385836410489645,59.0,0.0,79.76365704428913,80.38583641048965,5.666214610469241,10.0,23.101510939596732
SM-033,95,slow_moving,2,9,22.664858441876962,4.4274783006316465,27.385836410489645,25.385836410489645,53.0,2.0,79.76365704428913,78.38583641048965,5.666214610469241,10.0,23.101510939596732
SM-033,96,slow_moving,3,9,22.664858441876962,4.482158362858633,31.385836410489645,28.385836410489645,49.0,3.0,80.04896438403021,77.38583641048965,5.666214610469241,10.0,23.38681827933781
SM-033,97,slow_moving,6,9,22.664858441876962,4.34859246311452,37.385836410489645,31.385836410489645,43.0,5.0,79.3520498235104,74.38583641048965,5.666214610469241,10.0,22.689903718817995
SM-033,98,slow_moving,4,9,22.664858441876962,4.386751616354605,31.385836410489645,27.385836410489645,48.0,5.0,79.55115505591681,75.38583641048965,5.666214610469241,10.0,22.8890089512244
SM-033,99,slow_moving,10,9,22.664858441876962,4.524860105501491,60.385836410489645,50.385836410489645,20.0,10.0,80.27177174926634,70.38583641048965,5.666214610469241,10.0,23.609625644573928
SM-034,75,slow_moving,6,6,25.136658803583828,3.568020351787422,77.47159351462878,71.47159351462878,0.0,0.0,59.565308870288774,71.47159351462878,6.284164700895957,7.0,15.576155964017078
SM-034,76,slow_moving,8,6,25.136658803583828,3.3301266627177406,71.47159351462878,63.47159351462878,0.0,0.0,58.526786429701104,63.47159351462878,6.284164700895957,7.0,14.53763352342941
SM-034,77,slow_moving,11,6,25.136658803583828,2.911075226502912,63.47159351462878,52.47159351462878,0.0,5.0,56.69742171653245,52.47159351462878,6.284164700895957,7.0,12.708268810260753
SM-034,78,slow_moving,9,6,25.447591356875545,2.9547875102567422,52.47159351462878,43.47159351462878,5.0,9.0,57.43237920767764,48.47159351462878,6.361897839218886,7.0,12.899094333145436
SM-034,79,slow_moving,11,6,25.447591356875545,3.031881873079441,43.47159351462878,32.47159351462878,14.0,12.0,57.768933851675484,46.47159351462878,6.361897839218886,7.0,13.235648977143281
SM-034,80,slow_moving,10,6,25.447591356875545,3.0946604138294536,32.47159351462878,22.47159351462878,26.0,10.0,58.042992922394,48.47159351462878,6.361897839218886,7.0,13.50970804786179
SM-034,81,slow_moving,8,6,25.447591356875545,2.9677756498246826,22.47159351462878,14.471593514628779,36.0,8.0,57.48907879670642,50.47159351462878,6.361897839218886,7.0,12.955793922174214
SM-034,82,slow_moving,12,6,25.447591356875545,3.1521258597805777,14.471593514628779,2.471593514628779,44.0,12.0,58.29385773268806,46.47159351462878,6.361897839218886,7.0,13.760572858155854
SM-034,83,slow_moving,11,6,25.447591356875545,1.9315199276138069,2.471593514628779,0.0,56.0,0.0,52.96531515290437,56.0,6.361897839218886,7.0,8.432030278372162
SM-034,84,slow_moving,7,6,25.447591356875545,1.9578900207451253,5.0,0.0,51.0,3.0,53.08043352188825,51.0,6.361897839218886,7.0,8.547148647356044
SM-034,85,slow_moving,3,6,25.447591356875545,2.536907060949898,9.0,6.0,45.0,5.0,55.6081264257516,51.0,6.361897839218886,7.0,11.074841551219395
SM-034,86,slow_moving,7,6,25.447591356875545,2.536907060949898,18.0,11.0,38.0,7.0,55.6081264257516,49.0,6.361897839218886,7.0,11.074841551219395
SM-034,87,slow_moving,2,6,25.447591356875545,3.0946604138294544,21.0,19.0,35.0,5.0,58.042992922394006,54.0,6.361897839218886,7.0,13.509708047861796
SM-034,88,slow_moving,7,6,25.447591356875545,3.050851079238762,27.0,20.0,32.0,6.0,57.851743725084184,52.0,6.361897839218886,7.0,13.318458850551979
SM-034,89,slow_moving,12,6,25.447591356875545,3.230463966042254,32.0,20.0,26.0,13.0,58.63584192581251,46.0,6.361897839218886,7.0,14.102557051280298
SM-034,90,slow_moving,8,6,25.447591356875545,3.139900374052395,20.0,12.0,39.0,8.0,58.24048750111339,51.0,6.361897839218886,7.0,13.707202626581182
SM-034,91,slow_moving,13,6,25.953463543607736,3.4062536756037587,15.0,2.0,44.0,15.0,60.28852641259146,46.0,6.488365885901934,7.0,14.869965211277922
SM-034,92,slow_moving,5,6,25.365465924291772,3.4511239343518834,7.0,2.0,54.0,4.0,59.455411229541106,56.0,6.341366481072943,7.0,15.065845862030507
SM-034,93,slow_moving,4,6,30.694681215994976,3.5716117169158057,9.0,5.0,51.0,14.0,69.30752615935322,56.0,7.673670303998744,7.0,15.591834031362016
SM-034,94,slow_moving,6,6,30.694681215994976,3.5966508637755554,10.0,4.0,60.0,6.0,69.41683429614622,64.0,7.673670303998744,7.0,15.701142168155016
SM-034,95,slow_moving,8,6,30.694681215994976,3.337817496662401,10.0,2.0,60.0,7.0,68.28689990750786,62.0,7.673670303998744,7.0,14.571207779516648
SM-034,96,slow_moving,8,6,30.694681215994976,3.1480559731771645,15.0,7.0,54.0,7.0,67.45849793824922,61.0,7.673670303998744,7.0,13.742805810258027
SM-034,97,slow_moving,11,6,25.365465924291772,3.345490650458869,15.0,4.0,53.0,2.0,58.994270220610304,57.0,6.341366481072943,7.0,14.604704853099705
SM-034,98,slow_moving,3,6,25.365465924291772,3.345490650458869,19.0,16.0,40.0,3.0,58.994270220610304,56.0,6.341366481072943,7.0,14.604704853099705
SM-034,99,slow_moving,10,6,25.365465924291772,3.4306312493811952,20.0,10.0,39.0,11.0,59.365950625129194,49.0,6.341366481072943,7.0,14.976385257618595
SM-035,75,slow_moving,8,7,15.122757383968558,3.5500090285186743,65.87029154887061,57.87029154887061,0.0,0.0,46.813068786374664,57.87029154887061,3.7806893459921396,8.0,16.567554018437548
SM-035,76,slow_moving,3,7,15.122757383968558,3.425021055522028,57.87029154887061,54.87029154887061,0.0,0.0,46.22976182077491,54.87029154887061,3.7806893459921396,8.0,15.984247052837796
SM-035,77,slow_moving,7,7,15.122757383968558,3.287505484055092,54.87029154887061,47.87029154887061,0.0,0.0,45.58798974629502,47.87029154887061,3.7806893459921396,8.0,15.342474978357904
SM-035,78,slow_moving,4,7,19.9297110743581,3.2443244328582526,47.87029154887061,43.87029154887061,0.0,12.0,55.00037527388179,43.87029154887061,4.982427768589525,8.0,15.140953125165584
SM-035,79,slow_moving,3,7,19.9297110743581,3.252218177939954,43.87029154887061,40.87029154887061,12.0,3.0,55.03721463034489,52.87029154887061,4.982427768589525,8.0,15.177792481628696
SM-035,80,slow_moving,3,7,19.9297110743581,3.252218177939954,40.87029154887061,37.87029154887061,15.0,3.0,55.03721463034489,52.87029154887061,4.982427768589525,8.0,15.177792481628696
SM-035,81,slow_moving,1,7,19.9297110743581,3.425021055522028,37.87029154887061,36.87029154887061,18.0,1.0,55.84366920155399,54.87029154887061,4.982427768589525,8.0,15.984247052837796
SM-035,82,slow_moving,9,7,15.167428262082879,3.62859017617954,36.87029154887061,27.87029154887061,19.0,1.0,47.26914127434047,46.87029154887061,3.7918570655207198,8.0,16.934284750174715
SM-035,83,slow_moving,5,7,15.167428262082879,3.5155332965247754,27.87029154887061,22.87029154887061,20.0,4.0,46.741515585000215,42.87029154887061,3.7918570655207198,8.0,16.40665906083446
SM-035,84,slow_moving,3,7,15.167428262082879,2.6650636207348026,22.87029154887061,19.87029154887061,24.0,0.0,42.77245461036576,43.87029154887061,3.7918570655207198,8.0,12.437598086200005
SM-035,85,slow_moving,3,7,15.167428262082879,2.6017745423519627,19.87029154887061,16.87029154887061,24.0,2.0,42.47709050946871,40.87029154887061,3.7918570655207198,8.0,12.142233985302955
SM-035,86,slow_moving,5,7,15.167428262082879,2.3939025107069893,28.87029154887061,23.87029154887061,14.0,4.0,41.50697153638049,37.87029154887061,3.7918570655207198,8.0,11.17211501221473
SM-035,87,slow_moving,2,7,15.167428262082879,2.3939025107069893,26.87029154887061,24.87029154887061,15.0,2.0,41.50697153638049,39.87029154887061,3.7918570655207198,8.0,11.17211501221473
SM-035,88,slow_moving,4,7,15.167428262082879,2.1213203435596415,27.87029154887061,23.87029154887061,14.0,3.0,40.23485652416575,37.87029154887061,3.7918570655207198,8.0,9.899999999999995
SM-035,89,slow_moving,3,7,15.167428262082879,2.1213203435596415,24.87029154887061,21.87029154887061,16.0,3.0,40.23485652416575,37.87029154887061,3.7918570655207198,8.0,9.899999999999995
SM-035,90,slow_moving,4,7,14.952034389750281,1.9215378456610444,22.87029154887061,18.87029154887061,18.0,3.0,38.87170288992576,36.87029154887061,3.7380085974375703,8.0,8.967634110425193
SM-035,91,slow_moving,4,7,14.952034389750281,1.9215378456610444,22.87029154887061,18.87029154887061,17.0,4.0,38.87170288992576,35.87029154887061,3.7380085974375703,8.0,8.967634110425193
SM-035,92,slow_moving,3,7,14.869908957166512,1.9215378456610444,18.87029154887061,15.870291548870611,21.0,2.0,38.70745202475822,36.87029154887061,3.717477239291628,8.0,8.967634110425193
SM-035,93,slow_moving,9,7,15.08530282949911,2.385855756810895,17.87029154887061,8.870291548870611,21.0,12.0,41.30516723718627,29.87029154887061,3.7713257073747775,8.0,11.134561578188046
SM-035,94,slow_moving,1,7,15.08530282949911,2.385855756810895,12.870291548870611,11.870291548870611,29.0,1.0,41.30516723718627,40.87029154887061,3.7713257073747775,8.0,11.134561578188046
SM-035,95,slow_moving,2,7,14.869908957166512,1.9741924671712971,13.870291548870611,11.870291548870611,28.0,0.0,38.953186128300906,39.87029154887061,3.717477239291628,8.0,9.213368213967884
SM-035,96,slow_moving,3,7,14.869908957166512,1.9414506867883008,14.870291548870611,11.870291548870611,25.0,2.0,38.80038335771712,36.87029154887061,3.717477239291628,8.0,9.060565443384096
SM-035,97,slow_moving,5,7,14.869908957166512,1.9741924671712971,14.870291548870611,9.870291548870611,24.0,6.0,38.953186128300906,33.87029154887061,3.717477239291628,8.0,9.213368213967884
SM-035,98,slow_moving,2,7,14.869908957166512,2.022311447266119,12.870291548870611,10.870291548870611,27.0,2.0,39.17775282535118,37.87029154887061,3.717477239291628,8.0,9.437934911018155
SM-035,99,slow_moving,4,7,14.869908957166512,1.9839096340048936,14.870291548870611,10.870291548870611,25.0,4.0,38.99853522040982,35.87029154887061,3.717477239291628,8.0,9.2587173060768
SM-036,75,slow_moving,5,8,21.846159572617825,1.8432134703923733,54.07211492601197,49.07211492601197,0.0,10.0,58.277765716832356,49.07211492601197,5.461539893154456,9.0,9.123906678442248
SM-036,76,slow_moving,7,8,23.419813487374032,1.8432134703923726,49.07211492601197,42.07211492601197,10.0,10.0,61.81848702503382,52.07211492601197,5.854953371843508,9.0,9.123906678442243
SM-036,77,slow_moving,15,8,23.92923975103734,3.4062536756037556,42.07211492601197,27.07211492601197,20.0,24.0,70.70174513407261,47.07211492601197,5.982309937759335,9.0,16.86095569423859
SM-036,78,slow_moving,1,8,22.330619472100793,3.5009156311471217,27.07211492601197,26.07211492601197,44.0,0.0,67.57342618640504,70.07211492601198,5.582654868025198,9.0,17.32953237417825
SM-036,79,slow_moving,14,8,18.07420884655777,4.232051087859928,26.07211492601197,12.07211492601197,44.0,6.0,61.61562278966163,56.07211492601197,4.5185522116394425,9.0,20.94865288490664
SM-036,80,slow_moving,5,8,17.56833665982558,3.9694345008338714,12.07211492601197,7.07211492601197,50.0,3.0,59.17745826373522,57.07211492601197,4.392084164956395,9.0,19.64870077912766
SM-036,81,slow_moving,4,8,17.56833665982558,4.023966661430942,7.07211492601197,3.0721149260119702,53.0,4.0,59.447392458690715,56.07211492601197,4.392084164956395,9.0,19.91863497408316
SM-036,82,slow_moving,3,8,18.128772077370467,4.112208215819866,3.0721149260119702,0.07211492601197023,57.0,5.0,61.145167842391885,57.07211492601197,4.532193019342617,9.0,20.355430668308337
SM-036,83,slow_moving,3,8,18.128772077370467,4.112208215819866,0.07211492601197023,0.0,62.0,0.0,61.145167842391885,62.0,4.532193019342617,9.0,20.355430668308337
SM-036,84,slow_moving,5,8,18.128772077370467,4.11999502115706,10.0,5.0,52.0,5.0,61.18371252881099,57.0,4.532193019342617,9.0,20.393975354727445
SM-036,85,slow_moving,9,8,18.128772077370467,4.166410248520223,15.0,6.0,47.0,9.0,61.41346790425865,53.0,4.532193019342617,9.0,20.623730730175104
SM-036,86,slow_moving,6,8,18.128772077370467,4.11376675603721,30.0,24.0,32.0,6.0,61.152882616467735,56.0,4.532193019342617,9.0,20.363145442384187
SM-036,87,slow_moving,3,8,18.128772077370467,4.21991614936746,24.0,21.0,38.0,3.0,61.678322113452474,59.0,4.532193019342617,9.0,20.888584939368926
SM-036,88,slow_moving,0,8,18.128772077370467,4.548879828299236,27.0,27.0,35.0,2.0,63.306692324164764,62.0,4.532193019342617,9.0,22.516955150081216
SM-036,89,slow_moving,3,8,18.128772077370467,4.593752725448344,30.0,27.0,34.0,3.0,63.52881316505285,61.0,4.532193019342617,9.0,22.739075990969305
SM-036,90,slow_moving,2,8,17.70399604290508,3.665500980206857,31.0,29.0,33.0,0.0,57.97822094856037,62.0,4.42599901072627,9.0,18.14422985202394
SM-036,91,slow_moving,4,8,17.70399604290508,3.520999275409737,34.0,30.0,28.0,0.0,57.26293750981463,58.0,4.42599901072627,9.0,17.428946413278197
SM-036,92,slow_moving,1,8,21.272506499755664,2.2870874995874626,30.0,29.0,28.0,3.0,59.184222747408185,57.0,5.318126624938916,9.0,11.32108312295794
SM-036,93,slow_moving,4,8,19.619814178459713,2.256046007896025,34.0,30.0,26.0,0.0,55.31200964061968,56.0,4.904953544614928,9.0,11.167427739085324
SM-036,94,slow_moving,0,8,19.195038143994324,2.462539860408876,39.0,39.0,17.0,0.0,55.37840813301117,56.0,4.798759535998581,9.0,12.189572309023937
SM-036,95,slow_moving,3,8,19.195038143994324,2.462539860408876,45.0,42.0,11.0,3.0,55.37840813301117,53.0,4.798759535998581,9.0,12.189572309023937
SM-036,96,slow_moving,15,8,18.835328641925184,4.0651741691643455,45.0,30.0,11.0,22.0,62.50210158169517,41.0,4.708832160481296,9.0,20.122612137363507
SM-036,97,slow_moving,8,8,17.486211227241807,4.195540978534723,32.0,24.0,31.0,6.0,60.11190310504094,55.0,4.371552806810452,9.0,20.767927843746875
SM-036,98,slow_moving,4,8,17.486211227241807,3.9678192680097895,27.0,23.0,34.0,2.0,58.98468063794252,57.0,4.371552806810452,9.0,19.640705376648455
SM-036,99,slow_moving,8,8,18.046646644786694,4.085622069196769,23.0,15.0,36.0,10.0,60.82878419329407,51.0,4.511661661196674,9.0,20.223829242524005
SM-037,75,slow_moving,6,6,17.88907106815511,1.8501559185854937,24.259373833084304,18.259373833084304,0.0,22.0,39.382710907269384,18.259373833084304,4.472267767038778,7.0,8.076836537997945
SM-037,76,slow_moving,1,6,17.88907106815511,1.898042176181581,18.259373833084304,17.259373833084304,22.0,1.0,39.59175786981715,39.259373833084304,4.472267767038778,7.0,8.285883500545706
SM-037,77,slow_moving,8,6,18.149684716046842,2.3506682083273756,17.259373833084304,9.259373833084304,23.0,10.0,42.02376601828099,32.259373833084304,4.5374211790117105,7.0,10.26181776519901
SM-037,78,slow_moving,4,6,18.437556387274565,2.3615509896936553,9.259373833084304,5.259373833084304,33.0,5.0,42.575050112491475,38.259373833084304,4.609389096818641,7.0,10.309326434760985
SM-037,79,slow_moving,14,6,18.55024785612186,3.8812501290309247,5.259373833084304,0.0,38.0,12.0,49.406491067011004,38.0,4.637561964030465,7.0,16.943557318797748
SM-037,80,slow_moving,2,6,18.04437566938967,3.8330546164003056,0.0,0.0,50.0,0.0,48.310817728025356,50.0,4.511093917347417,7.0,16.73316030659343
SM-037,81,slow_moving,6,6,18.092514842062275,3.8397382389415227,0.0,0.0,50.0,0.0,48.4242385653192,50.0,4.523128710515569,7.0,16.76233759171022
SM-037,82,slow_moving,5,6,18.652950259607163,3.794395326983721,22.0,17.0,28.0,5.0,49.20705653256902,45.0,4.663237564901791,7.0,16.564393578256485
SM-037,83,slow_moving,7,6,18.652950259607163,3.6250552604099213,18.0,11.0,32.0,6.0,48.46780422236591,43.0,4.663237564901791,7.0,15.825141268053383
SM-037,84,slow_moving,0,6,22.609891981892996,3.864698880365382,21.0,21.0,28.0,8.0,56.438613982147075,49.0,5.652472995473249,7.0,16.871303013834332
SM-037,85,slow_moving,2,6,22.609891981892996,3.7994601505868486,26.0,24.0,31.0,2.0,56.153814981654904,55.0,5.652472995473249,7.0,16.586504013342154
SM-037,86,slow_moving,2,6,22.609891981892996,3.7313639494261244,36.0,34.0,21.0,1.0,55.856541719380715,55.0,5.652472995473249,7.0,16.289230751067972
SM-037,87,slow_moving,2,6,18.228174225141775,3.7774635364528364,34.0,32.0,22.0,0.0,48.38978291571159,54.0,4.557043556285444,7.0,16.490478021713482
SM-037,88,slow_moving,11,6,13.89066744733195,4.172559934890859,32.0,21.0,22.0,0.0,42.523935297915486,43.0,3.4726668618329875,7.0,18.21526726508457
SM-037,89,slow_moving,3,6,13.89066744733195,4.050957468334666,26.0,23.0,17.0,2.0,41.993080987137915,40.0,3.4726668618329875,7.0,17.684412954307003
SM-037,90,slow_moving,4,6,18.652950259607163,3.961351750641148,29.0,25.0,13.0,12.0,49.9359030742598,38.0,4.663237564901791,7.0,17.293240119947267
SM-037,91,slow_moving,1,6,17.51349641598551,4.095025124371127,33.0,32.0,17.0,0.0,48.52540857919277,49.0,4.378374103996378,7.0,17.876789851218124
SM-037,92,slow_moving,1,6,17.03440186971715,3.044541142640508,34.0,33.0,15.0,0.0,43.101116159561506,48.0,4.258600467429288,7.0,13.290912887556496
SM-037,93,slow_moving,4,6,17.03440186971715,3.010664804341819,34.0,30.0,14.0,0.0,42.9532293548896,44.0,4.258600467429288,7.0,13.143026082884587
SM-037,94,slow_moving,5,6,13.593148142415583,2.959123224269354,30.0,25.0,14.0,0.0,36.7060310970776,39.0,3.3982870356038957,7.0,12.918021847850332
SM-037,95,slow_moving,2,6,17.459177904182543,2.959123224269354,25.0,23.0,14.0,7.0,43.47158318016978,37.0,4.364794476045636,7.0,12.918021847850332
SM-037,96,slow_moving,1,6,16.95536346317741,2.8125178062114404,25.0,24.0,19.0,0.0,41.94990347130157,43.0,4.238840865794352,7.0,12.2780174107411
SM-037,97,slow_moving,3,6,17.594311508980912,2.6722697545393213,36.0,33.0,7.0,3.0,42.45581113159119,40.0,4.398577877245228,7.0,11.665765990874592
SM-037,98,slow_moving,2,6,17.169535474515524,2.6722697545393213,33.0,31.0,10.0,1.0,41.712453071276755,41.0,4.292383868628881,7.0,11.665765990874592
SM-037,99,slow_moving,8,6,13.593148142415583,2.959123224269354,31.0,23.0,11.0,3.0,36.7060310970776,34.0,3.3982870356038957,7.0,12.918021847850332
SM-038,75,slow_moving,3,6,12.909322900716745,1.3445044840729619,26.69440674457114,23.69440674457114,0.0,5.0,28.460735503676933,23.69440674457114,3.2273307251791863,7.0,5.869420427422629
SM-038,76,slow_moving,2,6,12.909322900716745,1.3445044840729619,23.69440674457114,21.69440674457114,5.0,2.0,28.460735503676933,26.69440674457114,3.2273307251791863,7.0,5.869420427422629
SM-038,77,slow_moving,1,6,12.484546866251359,1.3821202589703991,21.69440674457114,20.69440674457114,7.0,1.0,27.881588719852655,27.69440674457114,3.1211367165628396,7.0,6.033631703912778
SM-038,78,slow_moving,2,6,13.025034763320454,1.255755978254959,20.69440674457114,18.69440674457114,8.0,2.0,28.275800578455467,26.69440674457114,3.2562586908301134,7.0,5.481989742644671
SM-038,79,slow_moving,1,6,13.025034763320454,1.255755978254959,18.69440674457114,17.69440674457114,10.0,1.0,28.275800578455467,27.69440674457114,3.2562586908301134,7.0,5.481989742644671
SM-038,80,slow_moving,2,6,13.025034763320454,1.224744871391586,17.69440674457114,15.69440674457114,11.0,2.0,28.140421911997265,26.69440674457114,3.2562586908301134,7.0,5.346611076186472
SM-038,81,slow_moving,3,6,13.025034763320454,1.2142318453899024,15.69440674457114,12.69440674457114,13.0,3.0,28.09452740565737,25.69440674457114,3.2562586908301134,7.0,5.300716569846574
SM-038,82,slow_moving,1,6,13.025034763320454,1.2557559782549594,17.69440674457114,16.69440674457114,11.0,1.0,28.275800578455467,27.69440674457114,3.2562586908301134,7.0,5.481989742644673
SM-038,83,slow_moving,6,6,13.449810797785844,1.6602440351979137,18.69440674457114,12.69440674457114,10.0,9.0,30.784947070265105,22.69440674457114,3.362452699446461,7.0,7.247778174139876
SM-038,84,slow_moving,6,6,13.449810797785844,1.7722938923964158,13.69440674457114,7.69440674457114,18.0,6.0,31.27409956363454,25.69440674457114,3.362452699446461,7.0,7.736930667509312
SM-038,85,slow_moving,3,6,13.710424445677575,1.7541160386140577,9.69440674457114,6.69440674457114,22.0,3.0,31.650818214657995,28.69440674457114,3.4276061114193936,7.0,7.657575434722239
SM-038,86,slow_moving,3,6,13.710424445677575,1.6408253082847328,7.69440674457114,4.69440674457114,24.0,3.0,31.156248702462538,28.69440674457114,3.4276061114193936,7.0,7.163005922526783
SM-038,87,slow_moving,3,6,13.953625238790977,1.6408253082847328,6.69440674457114,3.6944067445711397,25.0,3.0,31.581850090410992,28.69440674457114,3.4884063096977442,7.0,7.163005922526783
SM-038,88,slow_moving,2,6,13.953625238790977,1.6525039276108322,6.69440674457114,4.69440674457114,25.0,2.0,31.63283298236019,29.69440674457114,3.4884063096977442,7.0,7.213988814475978
SM-038,89,slow_moving,1,6,13.285648411212184,1.7097008285302193,5.69440674457114,4.69440674457114,26.0,1.0,30.713566013831198,30.69440674457114,3.321412102803046,7.0,7.463681294209874
SM-038,90,slow_moving,1,6,13.285648411212184,1.7097008285302193,13.69440674457114,12.69440674457114,18.0,1.0,30.713566013831198,30.69440674457114,3.321412102803046,7.0,7.463681294209874
SM-038,91,slow_moving,6,6,13.285648411212184,1.9348358440936897,18.69440674457114,12.69440674457114,13.0,7.0,31.696390597110636,25.69440674457114,3.321412102803046,7.0,8.446505877489312
SM-038,92,slow_moving,1,6,12.942909330736684,1.9348358440936897,15.69440674457114,14.69440674457114,17.0,0.0,31.09659720627851,31.69440674457114,3.235727332684171,7.0,8.446505877489312
SM-038,93,slow_moving,0,6,12.942909330736684,2.0878156908535663,17.69440674457114,17.69440674457114,14.0,1.0,31.764429145995326,31.69440674457114,3.235727332684171,7.0,9.114337817206128
SM-038,94,slow_moving,0,6,12.942909330736684,2.221687969967302,20.69440674457114,20.69440674457114,12.0,0.0,32.34884719666294,32.69440674457114,3.235727332684171,7.0,9.69875586787374
SM-038,95,slow_moving,4,6,12.942909330736684,2.204308136122161,22.69440674457114,18.69440674457114,10.0,4.0,32.27297571166286,28.69440674457114,3.235727332684171,7.0,9.622884382873659
SM-038,96,slow_moving,4,6,12.942909330736684,2.0223114472661194,19.69440674457114,15.69440674457114,13.0,3.0,31.478471047714883,28.69440674457114,3.235727332684171,7.0,8.828379718925687
SM-038,97,slow_moving,1,6,12.942909330736684,1.7867030229749112,16.69440674457114,15.69440674457114,15.0,0.0,30.449924906895447,30.69440674457114,3.235727332684171,7.0,7.7998335781062496
SM-038,98,slow_moving,6,6,13.367685365202075,2.0662116951635823,22.69440674457114,16.69440674457114,8.0,8.0,32.413475186440095,24.69440674457114,3.3419213413005187,7.0,9.020025797336462
SM-038,99,slow_moving,2,6,13.367685365202075,2.063106942552967,16.69440674457114,14.69440674457114,16.0,2.0,32.399921421011484,30.69440674457114,3.3419213413005187,7.0,9.006472031907853
SM-039,75,slow_moving,2,10,10.242347932185433,1.6563785025137652,26.0992788190652,24.0992788190652,0.0,14.0,37.230873719530635,24.0992788190652,2.5605869830463583,11.0,9.064416906020696
SM-039,76,slow_moving,0,10,10.242347932185433,1.7320508075688772,24.0992788190652,24.0992788190652,14.0,0.0,37.64498518029769,38.099278819065205,2.5605869830463583,11.0,9.478528366787746
SM-039,77,slow_moving,2,10,10.242347932185433,1.7320508075688772,24.0992788190652,22.0992788190652,14.0,2.0,37.64498518029769,36.099278819065205,2.5605869830463583,11.0,9.478528366787746
SM-039,78,slow_moving,3,10,10.287018810299754,1.7320508075688772,22.0992788190652,19.0992788190652,16.0,3.0,37.767830095112075,35.099278819065205,2.5717547025749385,11.0,9.478528366787746
SM-039,79,slow_moving,2,10,10.287018810299754,1.7059473644448735,19.0992788190652,17.0992788190652,19.0,2.0,37.62498080625721,36.099278819065205,2.5717547025749385,11.0,9.335679077932888
SM-039,80,slow_moving,3,10,10.287018810299754,1.7246329970051526,17.0992788190652,14.099278819065201,21.0,3.0,37.727236639342486,35.099278819065205,2.5717547025749385,11.0,9.43793491101816
SM-039,81,slow_moving,2,10,10.287018810299754,1.7246329970051526,14.099278819065201,12.099278819065201,24.0,2.0,37.727236639342486,36.099278819065205,2.5717547025749385,11.0,9.43793491101816
SM-039,82,slow_moving,2,10,10.287018810299754,0.9268086959962972,12.099278819065201,10.099278819065201,26.0,0.0,33.36119827847049,36.099278819065205,2.5717547025749385,11.0,5.071896550146163
SM-039,83,slow_moving,1,10,10.287018810299754,0.9268086959962972,10.099278819065201,9.099278819065201,26.0,0.0,33.36119827847049,35.099278819065205,2.5717547025749385,11.0,5.071896550146163
SM-039,84,slow_moving,1,10,10.287018810299754,0.9473309334313406,9.099278819065201,8.099278819065201,26.0,0.0,33.473504804831016,34.099278819065205,2.5717547025749385,11.0,5.184203076506693
SM-039,85,slow_moving,0,10,10.287018810299754,0.9473309334313406,8.099278819065201,8.099278819065201,26.0,0.0,33.473504804831016,34.099278819065205,2.5717547025749385,11.0,5.184203076506693
SM-039,86,slow_moving,2,10,10.287018810299754,0.9473309334313406,22.0992788190652,20.0992788190652,12.0,2.0,33.473504804831016,32.099278819065205,2.5717547025749385,11.0,5.184203076506693
SM-039,87,slow_moving,3,10,10.287018810299754,1.0127393670836655,20.0992788190652,17.0992788190652,14.0,3.0,33.831447938537885,31.0992788190652,2.5717547025749385,11.0,5.542146210213562
SM-039,88,slow_moving,2,10,10.287018810299754,1.0127393670836655,19.0992788190652,17.0992788190652,15.0,2.0,33.831447938537885,32.099278819065205,2.5717547025749385,11.0,5.542146210213562
SM-039,89,slow_moving,2,10,10.287018810299754,0.8623164985025755,20.0992788190652,18.0992788190652,14.0,1.0,33.0082691838334,32.099278819065205,2.5717547025749385,11.0,4.718967455509076
SM-039,90,slow_moving,2,10,10.287018810299754,0.8623164985025755,20.0992788190652,18.0992788190652,13.0,2.0,33.0082691838334,31.0992788190652,2.5717547025749385,11.0,4.718967455509076
SM-039,91,slow_moving,5,10,10.711794844765144,1.1875421719907087,21.0992788190652,16.0992788190652,12.0,8.0,35.956178305012,28.0992788190652,2.677948711191286,11.0,6.498742481907852
SM-039,92,slow_moving,1,10,10.204893377715985,1.2247448713915887,18.0992788190652,17.0992788190652,18.0,0.0,34.765788472543626,35.099278819065205,2.5512233444289962,11.0,6.702331683824665
SM-039,93,slow_moving,3,10,14.35217150590303,1.2247448713915887,17.0992788190652,14.099278819065201,18.0,15.0,46.170803325058,32.099278819065205,3.5880428764757575,11.0,6.702331683824665
SM-039,94,slow_moving,1,10,13.92739547143764,1.2557559782549617,14.099278819065201,13.099278819065201,33.0,0.0,45.172375369847224,46.099278819065205,3.48184886785941,11.0,6.872037823393713
SM-039,95,slow_moving,3,10,13.92739547143764,1.2909944487358054,13.099278819065201,10.099278819065201,33.0,3.0,45.365215464719334,43.099278819065205,3.48184886785941,11.0,7.064877918265819
SM-039,96,slow_moving,1,10,13.92739547143764,1.2909944487358054,10.099278819065201,9.099278819065201,36.0,1.0,45.365215464719334,45.099278819065205,3.48184886785941,11.0,7.064877918265819
SM-039,97,slow_moving,2,10,10.204893377715985,1.255755978254962,11.099278819065201,9.099278819065201,35.0,0.0,34.93549461211268,44.099278819065205,2.5512233444289962,11.0,6.8720378233937165
SM-039,98,slow_moving,0,10,10.204893377715985,1.255755978254962,12.099278819065201,12.099278819065201,32.0,0.0,34.93549461211268,44.099278819065205,2.5512233444289962,11.0,6.8720378233937165
SM-039,99,slow_moving,1,10,10.204893377715985,1.2909944487358054,14.099278819065201,13.099278819065201,30.0,0.0,35.12833470698478,43.099278819065205,2.5512233444289962,11.0,7.064877918265819
SM-040,75,slow_moving,4,10,12.702012221414508,1.6525039276108333,28.86925652812348,24.86925652812348,0.0,20.0,43.97374717147159,24.86925652812348,3.175503055353627,11.0,9.043213562581695
SM-040,76,slow_moving,2,10,12.702012221414508,1.660244035197915,24.86925652812348,22.86925652812348,20.0,2.0,44.01610437543209,42.86925652812348,3.175503055353627,11.0,9.085570766542194
SM-040,77,slow_moving,2,10,12.702012221414508,1.5021352323976214,22.86925652812348,20.86925652812348,22.0,1.0,43.15086487677966,42.86925652812348,3.175503055353627,11.0,8.220331267889764
SM-040,78,slow_moving,5,10,13.171459133994219,1.660244035197915,20.86925652812348,15.86925652812348,23.0,7.0,45.30708338502629,38.86925652812348,3.2928647834985547,11.0,9.085570766542194
SM-040,79,slow_moving,3,10,13.171459133994219,1.5892265495016829,15.86925652812348,12.86925652812348,30.0,3.0,44.91844510157172,42.86925652812348,3.2928647834985547,11.0,8.696932483087618
SM-040,80,slow_moving,2,10,13.171459133994219,1.4500221041639683,12.86925652812348,10.86925652812348,33.0,1.0,44.1566583929194,43.86925652812348,3.2928647834985547,11.0,7.935145774435302
SM-040,81,slow_moving,3,10,13.171459133994219,1.2351684199496944,10.86925652812348,7.869256528123479,34.0,2.0,42.98088645156839,41.86925652812348,3.2928647834985547,11.0,6.759373833084287
SM-040,82,slow_moving,5,10,13.675273574999352,1.2351684199496944,7.869256528123479,2.869256528123479,36.0,6.0,44.36637616433251,38.86925652812348,3.418818393749838,11.0,6.759373833084287
SM-040,83,slow_moving,5,10,13.675273574999352,1.3821202589704016,2.869256528123479,0.0,42.0,4.0,45.17055994960175,42.0,3.418818393749838,11.0,7.563557618353538
SM-040,84,slow_moving,1,10,13.675273574999352,1.4632243987255136,0.0,0.0,46.0,0.0,45.61439675044697,46.0,3.418818393749838,11.0,8.007394419198755
SM-040,85,slow_moving,6,10,13.675273574999352,1.6756169931378433,0.0,0.0,46.0,1.0,46.7767005479081,46.0,3.418818393749838,11.0,9.16969821665988
SM-040,86,slow_moving,4,10,13.675273574999352,1.5566235649883122,20.0,16.0,27.0,4.0,46.12551723431942,43.0,3.418818393749838,11.0,8.5185149030712
SM-040,87,slow_moving,3,10,13.675273574999352,1.5063966175050874,18.0,15.0,29.0,2.0,45.85065373469429,44.0,3.418818393749838,11.0,8.243651403446073
SM-040,88,slow_moving,6,10,13.675273574999352,1.6602440351979149,16.0,10.0,30.0,7.0,46.692573097790415,40.0,3.418818393749838,11.0,9.085570766542194
SM-040,89,slow_moving,2,10,13.675273574999352,1.6602440351979149,17.0,15.0,30.0,2.0,46.692573097790415,45.0,3.418818393749838,11.0,9.085570766542194
SM-040,90,slow_moving,5,10,13.675273574999352,1.6251232694862379,18.0,13.0,29.0,5.0,46.50037713413465,42.0,3.418818393749838,11.0,8.893374802886434
SM-040,91,slow_moving,2,10,13.675273574999352,1.6602440351979149,14.0,12.0,33.0,2.0,46.692573097790415,45.0,3.418818393749838,11.0,9.085570766542194
SM-040,92,slow_moving,4,10,13.593148142415583,1.6525039276108333,14.0,10.0,33.0,4.0,46.42437095422454,43.0,3.3982870356038957,11.0,9.043213562581695
SM-040,93,slow_moving,3,10,13.593148142415583,1.5892265495016829,16.0,13.0,31.0,3.0,46.078089874730466,44.0,3.3982870356038957,11.0,8.696932483087618
SM-040,94,slow_moving,3,10,13.593148142415583,1.5892265495016829,17.0,14.0,30.0,3.0,46.078089874730466,44.0,3.3982870356038957,11.0,8.696932483087618
SM-040,95,slow_moving,1,10,13.593148142415583,1.7134460703206957,14.0,13.0,33.0,1.0,46.75787261935125,46.0,3.3982870356038957,11.0,9.376715227708392
SM-040,96,slow_moving,4,10,13.34994734930218,1.6602440351979149,14.0,10.0,33.0,3.0,45.797925977123185,43.0,3.337486837325545,11.0,9.085570766542194
SM-040,97,slow_moving,1,10,12.66455766694506,1.6602440351979149,14.0,13.0,32.0,0.0,43.913104350641106,45.0,3.166139416736265,11.0,9.085570766542194
SM-040,98,slow_moving,3,10,12.66455766694506,1.4632243987255134,15.0,12.0,30.0,1.0,42.83492800329767,42.0,3.166139416736265,11.0,8.007394419198754
SM-040,99,slow_moving,5,10,13.34994734930218,1.5358952955766088,19.0,14.0,24.0,8.0,45.11743609153536,38.0,3.337486837325545,11.0,8.405080880954364
SEAS-001,75,seasonal,12,7,66.88671529448506,5.680601268284143,126.36295477778236,114.36295477778236,0.0,46.0,160.2842556639062,114.36295477778236,16.721678823621264,8.0,26.51082507493609
SEAS-001,76,seasonal,14,7,84.87412368077383,5.880214543443437,114.36295477778236,100.36295477778236,46.0,51.0,197.1906485796517,146.36295477778236,21.21853092019346,8.0,27.442401218104045
SEAS-001,77,seasonal,22,7,133.84149733256555,6.7596085457893444,100.36295477778236,78.36295477778236,97.0,124.0,299.2294439350327,175.36295477778236,33.46037433314139,8.0,31.546449269901608
SEAS-001,78,seasonal,37,7,144.50951599598918,9.938271015082623,78.36295477778236,41.36295477778236,221.0,74.0,335.39999625700693,262.36295477778236,36.127378998997294,8.0,46.3809642650286
SEAS-001,79,seasonal,47,7,115.46982240942785,13.59864246618307,41.36295477778236,0.0,295.0,0.0,294.4032140171338,295.0,28.867455602356962,8.0,63.46356919827808
SEAS-001,80,seasonal,20,7,157.2715314006707,13.325318103674045,0.0,0.0,295.0,82.0,376.7310532323416,295.0,39.31788285016768,8.0,62.18799043100017
SEAS-001,81,seasonal,31,7,187.54076920201823,13.189934001895521,0.0,0.0,377.0,60.0,436.6377041265825,377.0,46.885192300504556,8.0,61.55616572254604
SEAS-001,82,seasonal,16,7,126.63876109101865,12.659242088545858,0.0,0.0,437.0,0.0,312.3569992902906,437.0,31.659690272754663,8.0,59.07947710825333
SEAS-001,83,seasonal,18,7,122.39715421522392,12.00427274359279,46.0,28.0,391.0,0.0,300.81710598781603,419.0,30.59928855380598,8.0,56.02279755736821
SEAS-001,84,seasonal,86,7,131.10461409366877,21.262703593441845,79.0,0.0,340.0,22.0,361.4402407094007,340.0,32.77615352341719,8.0,99.23101252206318
SEAS-001,85,seasonal,34,7,142.7586594372336,20.508597321673776,124.0,90.0,238.0,54.0,381.22898925041386,328.0,35.6896648593084,8.0,95.71167037594664
SEAS-001,86,seasonal,49,7,151.73869865013182,20.237690148930117,164.0,115.0,218.0,65.0,397.9247697033441,333.0,37.934674662532956,8.0,94.44737240308046
SEAS-001,87,seasonal,31,7,167.38841675626114,20.16788510834962,115.0,84.0,283.0,62.0,428.8984324397366,367.0,41.847104189065284,8.0,94.12159892721435
SEAS-001,88,seasonal,28,7,147.9385832055894,19.310552449306996,166.0,138.0,263.0,0.0,385.9976754745777,401.0,36.98464580139735,8.0,90.12050906339891
SEAS-001,89,seasonal,47,7,162.82313280693964,18.7209604180544,198.0,151.0,203.0,60.0,413.01520482262526,354.0,40.70578320173491,8.0,87.36893920874599
SEAS-001,90,seasonal,33,7,127.66934685752838,18.286537012169266,151.0,118.0,263.0,0.0,340.680220264833,381.0,31.917336714382095,8.0,85.34152654977626
SEAS-001,91,seasonal,38,7,135.82525746067046,18.290042127497728,118.0,80.0,263.0,15.0,357.0083995105133,343.0,33.956314365167614,8.0,85.3578845891724
SEAS-001,92,seasonal,55,7,172.09220720516535,18.790682360940067,102.0,47.0,256.0,129.0,431.87873928591563,303.0,43.02305180129134,8.0,87.69432487558491
SEAS-001,93,seasonal,27,7,149.39565284582451,18.346032897521027,101.0,74.0,331.0,0.0,384.4104938717258,405.0,37.34891321145613,8.0,85.61918818007679
SEAS-001,94,seasonal,49,7,198.20334972220684,18.458894041376638,139.0,90.0,266.0,127.0,482.5525998334988,356.0,49.55083743055171,8.0,86.14590038908509
SEAS-001,95,seasonal,35,7,201.44502572882578,17.166604431054747,152.0,117.0,331.0,36.0,483.00495931841414,448.0,50.361256432206446,8.0,80.11490786076259
SEAS-001,96,seasonal,30,7,178.29471505890015,16.131669759537292,117.0,87.0,367.0,0.0,431.87439643808347,454.0,44.57367876472504,8.0,75.28496632028316
SEAS-001,97,seasonal,34,7,182.37783214111508,9.177732248805796,147.0,113.0,307.0,0.0,407.58726656192744,420.0,45.59445803527877,8.0,42.83160227969727
SEAS-001,98,seasonal,55,7,152.2840347953813,10.258204971181359,113.0,58.0,307.0,0.0,352.4421351570603,365.0,38.071008698845326,8.0,47.87406556629768
SEAS-001,99,seasonal,20,7,102.65124494153795,11.094003924504612,73.0,53.0,292.0,0.0,257.07714955955663,345.0,25.66281123538449,8.0,51.774659676480724
SEAS-002,75,seasonal,19,5,103.19917643827088,27.329424360886872,259.6280330832923,240.62803308329228,0.0,25.0,265.2549533268721,240.62803308329228,25.79979410956772,6.0,110.4561886694658
SEAS-002,76,seasonal,41,5,138.0010782275097,25.011792090726814,240.62803308329228,199.62803308329228,25.0,84.0,308.0907288297848,224.62803308329228,34.50026955687743,6.0,101.08911148852023
SEAS-002,77,seasonal,27,5,144.342227358093,25.247492894065704,199.62803308329228,172.62803308329228,109.0,37.0,318.5550745808979,281.6280330832923,36.08555683952325,6.0,102.04173354375843
SEAS-002,78,seasonal,89,5,152.35972238148602,28.442474557857302,172.62803308329228,83.62803308329228,146.0,114.0,343.49434055881994,229.62803308329228,38.089930595371506,6.0,114.95475698659088
SEAS-002,79,seasonal,17,5,119.19761524973721,29.16948704312394,83.62803308329228,66.62803308329228,260.0,0.0,296.68951574333096,326.6280330832923,29.799403812434303,6.0,117.89309286872518
SEAS-002,80,seasonal,17,5,109.54110107421499,29.78921677213815,66.62803308329228,49.62803308329228,260.0,0.0,284.70948014400255,309.6280330832923,27.385275268553748,6.0,120.39782853268007
SEAS-002,81,seasonal,44,5,161.26321939844564,19.57464346205743,74.62803308329228,30.62803308329228,235.0,56.0,321.00884492293176,265.6280330832923,40.31580484961141,6.0,79.11401582526332
SEAS-002,82,seasonal,16,5,126.12977426375802,19.92550227787601,114.62803308329228,98.62803308329228,207.0,0.0,269.72672858724627,305.6280330832923,31.532443565939506,6.0,80.53206719160922
SEAS-002,83,seasonal,8,5,124.14645410716187,20.76794867837682,135.62803308329228,127.62803308329228,170.0,0.0,270.15662865018976,297.6280330832923,31.036613526790468,6.0,83.93694748944692
SEAS-002,84,seasonal,17,5,127.17632883048906,21.037816987267114,241.62803308329228,224.62803308329228,56.0,0.0,275.79215616515336,280.6280330832923,31.794082207622264,6.0,85.0276629194198
SEAS-002,85,seasonal,41,5,121.79824445967495,21.289819404034677,224.62803308329228,183.62803308329228,56.0,30.0,268.74353721172963,239.62803308329228,30.449561114918737,6.0,86.04617052221718
SEAS-002,86,seasonal,35,5,110.50288462610952,21.32351536900773,183.62803308329228,148.62803308329228,86.0,18.0,251.9366850303297,234.62803308329228,27.62572115652738,6.0,86.18235809116541
SEAS-002,87,seasonal,17,5,93.14166753936915,21.271444684702544,204.62803308329228,187.62803308329228,48.0,0.0,225.68440749849546,235.62803308329228,23.285416884842288,6.0,85.97190618944174
SEAS-002,88,seasonal,17,5,122.0948246932139,21.363460297841193,187.62803308329228,170.62803308329228,48.0,51.0,269.48603887518493,218.62803308329228,30.523706173303474,6.0,86.34380183536413
SEAS-002,89,seasonal,20,5,112.76247626762576,21.230722779585037,170.62803308329228,150.62803308329228,99.0,6.0,254.95103657420873,249.62803308329228,28.19061906690644,6.0,85.80732217277007
SEAS-002,90,seasonal,32,5,135.8472443112974,21.254863696792597,150.62803308329228,118.62803308329228,105.0,67.0,289.6757579727003,223.62803308329228,33.96181107782435,6.0,85.90489150575421
SEAS-002,91,seasonal,20,5,154.84521884199788,11.036652223735851,148.62803308329228,128.62803308329228,142.0,7.0,276.8742028505619,270.6280330832923,38.71130471049947,6.0,44.60637458756509
SEAS-002,92,seasonal,103,5,155.58400203139126,24.546397719943393,146.62803308329228,43.62803308329228,131.0,158.0,332.5841496185951,174.62803308329228,38.896000507847816,6.0,99.20814657150825
SEAS-002,93,seasonal,29,5,159.30146477755923,24.25003304253633,43.62803308329228,14.62803308329228,289.0,34.0,336.96253904608454,303.6280330832923,39.82536619438981,6.0,98.0103418797457
SEAS-002,94,seasonal,23,5,210.58300842807196,23.987710528732364,65.62803308329228,42.62803308329228,272.0,99.0,412.8246366155282,314.6280330832923,52.64575210701799,6.0,96.95012397342023
SEAS-002,95,seasonal,60,5,189.730249214212,25.068623764297445,48.62803308329228,0.0,365.0,21.0,385.91417950227435,365.0,47.432562303553,6.0,101.31880568095639
SEAS-002,96,seasonal,34,5,184.09407617744498,23.967392378727784,67.0,33.0,319.0,22.0,373.0091192245406,352.0,46.023519044361244,6.0,96.86800495837313
SEAS-002,97,seasonal,31,5,182.04598937198128,23.4258240147328,40.0,9.0,334.0,25.0,367.74815486451945,343.0,45.51149734299532,6.0,94.67917080654753
SEAS-002,98,seasonal,63,5,181.34871265378192,24.617588042406638,167.0,104.0,201.0,67.0,371.5189424938687,305.0,45.33717816344548,6.0,99.49587351319583
SEAS-002,99,seasonal,28,5,145.62354954897324,24.74666514699379,138.0,110.0,234.0,0.0,318.45288335878445,344.0,36.40588738724331,6.0,100.01755903532457
SEAS-003,75,seasonal,73,6,212.41892107005205,24.26720906691652,518.9382503377103,445.9382503377103,0.0,32.0,477.6713622103014,445.9382503377103,53.10473026751301,7.0,105.9382503377103
SEAS-003,76,seasonal,26,6,159.87334584161954,27.266020931479844,445.9382503377103,419.9382503377103,32.0,0.0,398.80788775734686,451.9382503377103,39.968336460404885,7.0,119.02953253451265
SEAS-003,77,seasonal,79,6,205.8346152700374,27.266020931479844,419.9382503377103,340.9382503377103,32.0,107.0,479.24010925707813,372.9382503377103,51.45865381750935,7.0,119.02953253451265
SEAS-003,78,seasonal,49,6,188.79624871019146,27.011868236777424,340.9382503377103,291.9382503377103,139.0,18.0,448.31346681573547,430.9382503377103,47.199062177547866,7.0,117.92003157290044
SEAS-003,79,seasonal,27,6,124.11884462930941,29.23073549255812,291.9382503377103,264.9382503377103,157.0,0.0,344.81445174344105,421.9382503377103,31.029711157327352,7.0,127.60647364214957
SEAS-003,80,seasonal,38,6,153.62181583364853,20.687541153417886,264.9382503377103,226.93825033771031,157.0,0.0,359.1494247723257,383.9382503377103,38.40545395841213,7.0,90.31124706344077
SEAS-003,81,seasonal,41,6,156.40155193842355,19.91713603137528,226.93825033771031,185.93825033771031,157.0,18.0,360.65076735888505,342.9382503377103,39.10038798460589,7.0,86.94805146664385
SEAS-003,82,seasonal,36,6,133.32434234567705,17.618099667598532,217.93825033771031,181.93825033771031,143.0,0.0,310.22923109006035,324.9382503377103,33.33108558641926,7.0,76.91163198512548
SEAS-003,83,seasonal,30,6,108.26271065880334,18.47902483829595,181.93825033771031,151.93825033771031,143.0,0.0,270.1297355715483,294.9382503377103,27.065677664700836,7.0,80.66999191864245
SEAS-003,84,seasonal,26,6,104.20683418747181,18.195871608410062,258.9382503377103,232.93825033771031,36.0,0.0,261.79584924853356,268.9382503377103,26.051708546867953,7.0,79.4338894204579
SEAS-003,85,seasonal,41,6,134.8593556860049,18.176837895999284,250.93825033771031,209.93825033771031,18.0,88.0,315.35467039618385,227.93825033771031,33.714838921501226,7.0,79.35079794567525
SEAS-003,86,seasonal,35,6,173.2452724561525,18.365938372642223,209.93825033771031,174.93825033771031,106.0,103.0,383.3555409200438,280.9382503377103,43.31131811403812,7.0,80.1763141217769
SEAS-003,87,seasonal,23,6,187.56549956299673,17.527999578696058,174.93825033771031,151.93825033771031,209.0,44.0,404.7579252136075,360.9382503377103,46.891374890749184,7.0,76.51830097836323
SEAS-003,88,seasonal,24,6,197.276412447495,14.997863095651239,169.93825033771031,145.93825033771031,235.0,30.0,410.706738098119,380.9382503377103,49.31910311187375,7.0,65.47301631500274
SEAS-003,89,seasonal,39,6,313.42344412596975,14.666375288480927,145.93825033771031,106.93825033771031,265.0,241.0,612.5169369397522,371.9382503377103,78.35586103149244,7.0,64.02590971930515
SEAS-003,90,seasonal,99,6,233.92408834230366,19.597880576147077,106.93825033771031,7.938250337710315,506.0,0.0,494.9214996759383,513.9382503377103,58.481022085575916,7.0,85.55434507690687
SEAS-003,91,seasonal,63,6,242.86413022538767,20.550126333132166,7.938250337710315,0.0,506.0,9.0,514.7235919803336,506.0,60.71603255634692,7.0,89.7113640859052
SEAS-003,92,seasonal,21,6,208.82207226046103,20.933962100633725,88.0,67.0,427.0,0.0,456.8256216171282,494.0,52.20551806511526,7.0,91.38699516132141
SEAS-003,93,seasonal,66,6,199.63880037205652,22.150418182080116,170.0,104.0,324.0,19.0,446.0653222617801,428.0,49.90970009301413,7.0,96.69742161068123
SEAS-003,94,seasonal,18,6,121.70589062836518,23.12091959842694,148.0,130.0,299.0,0.0,313.9194441115582,429.0,30.426472657091296,7.0,100.93413551191915
SEAS-003,95,seasonal,17,6,93.79223742135922,23.98450354408884,160.0,143.0,269.0,0.0,268.8405177874391,412.0,23.448059355339804,7.0,104.70410230006051
SEAS-003,96,seasonal,14,6,96.27587092323337,24.858058591190847,384.0,370.0,28.0,0.0,277.00037194412835,398.0,24.068967730808343,7.0,108.51759782846993
SEAS-003,97,seasonal,22,6,69.39805202850688,25.03484750789567,370.0,348.0,28.0,0.0,230.7359590668102,376.0,17.34951300712672,7.0,109.28936801692316
SEAS-003,98,seasonal,11,6,80.17100770252115,26.006902436833467,357.0,346.0,19.0,0.0,253.83212724073076,365.0,20.042751925630288,7.0,113.53286376131872
SEAS-003,99,seasonal,26,6,127.09121612410276,26.119793064716074,346.0,320.0,19.0,0.0,336.4353148475986,339.0,31.77280403102569,7.0,114.02568663041878
SEAS-004,75,seasonal,199,9,306.2966704746266,49.36403237487484,1008.5923909852012,809.5923909852012,0.0,214.0,1023.3112578981438,809.5923909852012,76.57416761865665,10.0,257.5695817115773
SEAS-004,76,seasonal,60,9,296.5032532076696,50.21185885058198,809.5923909852012,749.5923909852012,214.0,40.0,1003.2514682250676,963.5923909852012,74.1258133019174,10.0,261.9933352058935
SEAS-004,77,seasonal,75,9,291.9389274381296,50.69706409341972,749.5923909852012,674.5923909852012,254.0,66.0,994.3723374062545,928.5923909852012,72.9847318595324,10.0,264.52501881093036
SEAS-004,78,seasonal,73,9,419.3553540066614,51.21936232444793,674.5923909852012,601.5923909852012,320.0,395.0,1315.6386296736616,921.5923909852012,104.83883850166535,10.0,267.2502446570082
SEAS-004,79,seasonal,134,9,306.692913580186,51.724987761954644,601.5923909852012,467.5923909852012,715.0,0.0,1036.6207598494498,1182.5923909852013,76.6732283950465,10.0,269.8884758989848
SEAS-004,80,seasonal,48,9,286.98978893235784,53.850100587959275,467.5923909852012,419.5923909852012,715.0,0.0,998.4512729746489,1134.5923909852013,71.74744723308946,10.0,280.9768006437542
SEAS-004,81,seasonal,38,9,282.91092278559216,42.85320800007199,419.5923909852012,381.5923909852012,715.0,0.0,930.8749818005217,1096.5923909852013,70.72773069639804,10.0,223.59767483654124
SEAS-004,82,seasonal,112,9,208.64218021285433,43.02518642221861,381.5923909852012,269.5923909852012,715.0,0.0,746.1004671806128,984.5923909852012,52.16054505321358,10.0,224.49501664847693
SEAS-004,83,seasonal,46,9,167.31971389585874,44.58325545164534,269.5923909852012,223.59239098520118,715.0,0.0,650.9239287479718,938.5923909852012,41.829928473964685,10.0,232.62464400832496
SEAS-004,84,seasonal,33,9,152.76964519749214,46.534657611014566,223.59239098520118,190.59239098520118,715.0,0.0,624.7307015021084,905.5923909852012,38.192411299373035,10.0,242.8065885083781
SEAS-004,85,seasonal,28,9,138.24842950098227,48.704630433266026,404.5923909852012,376.5923909852012,501.0,0.0,599.7500556161481,877.5923909852012,34.56210737524557,10.0,254.12898186369233
SEAS-004,86,seasonal,24,9,98.69973694472799,50.409349967070206,416.5923909852012,392.5923909852012,461.0,0.0,509.7731384482049,853.5923909852012,24.674934236181997,10.0,263.02379608638495
SEAS-004,87,seasonal,23,9,83.31706000734208,51.76450620419458,458.5923909852012,435.5923909852012,395.0,0.0,478.387323590989,830.5923909852012,20.82926500183552,10.0,270.0946735726338
SEAS-004,88,seasonal,13,9,59.11698315305369,36.07293182230143,830.5923909852012,817.5923909852012,0.0,0.0,336.0122915060616,817.5923909852012,14.779245788263422,10.0,188.21983362342738
SEAS-004,89,seasonal,22,9,69.28366425368075,37.10484106918162,817.5923909852012,795.5923909852012,0.0,0.0,366.8132471295344,795.5923909852012,17.32091606342019,10.0,193.60408649533252
SEAS-004,90,seasonal,24,9,105.86382633685044,37.10484106918162,795.5923909852012,771.5923909852012,0.0,0.0,458.2636523374586,771.5923909852012,26.46595658421261,10.0,193.60408649533252
SEAS-004,91,seasonal,16,9,77.70379790737721,37.21300434401512,771.5923909852012,755.5923909852012,0.0,0.0,388.427951071409,755.5923909852012,19.425949476844302,10.0,194.16845630296598
SEAS-004,92,seasonal,20,9,116.93784971107517,25.65975597941399,755.5923909852012,735.5923909852012,0.0,0.0,426.2310248911582,735.5923909852012,29.234462427768793,10.0,133.88640061347022
SEAS-004,93,seasonal,25,9,135.72873951761534,25.434682559903745,735.5923909852012,710.5923909852012,0.0,0.0,472.03387074092393,710.5923909852012,33.932184879403835,10.0,132.71202194688556
SEAS-004,94,seasonal,51,9,123.9755767129997,25.915048593235138,710.5923909852012,659.5923909852012,0.0,0.0,445.15739750963223,659.5923909852012,30.993894178249924,10.0,135.218455727133
SEAS-004,95,seasonal,29,9,124.87130867789399,10.825539602823602,659.5923909852012,630.5923909852012,0.0,0.0,368.66331906944225,630.5923909852012,31.217827169473498,10.0,56.48504737470729
SEAS-004,96,seasonal,23,9,126.74336887720449,9.270161672586502,630.5923909852012,607.5923909852012,0.0,0.0,365.2278837125708,607.5923909852012,31.685842219301122,10.0,48.369461519559565
SEAS-004,97,seasonal,26,9,140.45656247489742,8.995012863262104,607.5923909852012,581.5923909852012,0.0,0.0,398.07520776743814,581.5923909852012,35.114140618724356,10.0,46.93380158019459
SEAS-004,98,seasonal,26,9,131.253643515163,8.955015784034218,581.5923909852012,555.5923909852012,0.0,0.0,374.85921528241346,555.5923909852012,32.81341087879075,10.0,46.725106494505944
SEAS-004,99,seasonal,24,9,115.097729077237,8.955015784034218,555.5923909852012,531.5923909852012,0.0,0.0,334.46942918759845,531.5923909852012,28.77443226930925,10.0,46.725106494505944
SEAS-005,75,seasonal,43,8,263.61813579041495,17.770978934985397,983.8107761133264,940.8107761133264,0.0,0.0,681.1071512566114,940.8107761133264,65.90453394760374,9.0,87.96634572817771
SEAS-005,76,seasonal,83,8,278.23313674226665,17.36597026016472,940.8107761133264,857.8107761133264,0.0,0.0,711.9861104579153,857.8107761133264,69.55828418556666,9.0,85.96155278781535
SEAS-005,77,seasonal,84,8,304.1760804951817,16.418797857240506,857.8107761133264,773.8107761133264,0.0,0.0,765.6692305074994,773.8107761133264,76.04402012379542,9.0,81.2730493933405
SEAS-005,78,seasonal,33,8,216.48353051854502,21.136006463633848,773.8107761133264,740.8107761133264,0.0,0.0,591.7111756617138,740.8107761133264,54.120882629636256,9.0,104.62323199498755
SEAS-005,79,seasonal,49,8,219.53821373383587,21.684805030960547,740.8107761133264,691.8107761133264,0.0,0.0,601.3007658043854,691.8107761133264,54.88455343345897,9.0,107.3397849032547
SEAS-005,80,seasonal,74,8,214.23026968670675,21.370360495141636,691.8107761133264,617.8107761133264,0.0,0.0,587.8013912460412,617.8107761133264,53.55756742167669,9.0,105.7832844509511
SEAS-005,81,seasonal,35,8,153.9791923891759,23.052893472098038,617.8107761133264,582.8107761133264,0.0,0.0,460.56500556253104,582.8107761133264,38.49479809729397,9.0,114.11182268688529
SEAS-005,82,seasonal,44,8,182.39650487383554,24.027761721253526,582.8107761133264,538.8107761133264,0.0,0.0,529.3295564863349,538.8107761133264,45.599126218458885,9.0,118.93742052020495
SEAS-005,83,seasonal,40,8,162.31633216396855,25.157452889699286,538.8107761133264,498.81077611332637,0.0,0.0,489.74113917294073,498.81077611332637,40.57908304099214,9.0,124.52939180401147
SEAS-005,84,seasonal,25,8,104.26291225375357,26.275415047101326,498.81077611332637,473.81077611332637,0.0,0.0,364.6548570540971,473.81077611332637,26.065728063438392,9.0,130.06330448315157
SEAS-005,85,seasonal,6,8,77.37341179377526,26.421387995140353,473.81077611332637,467.81077611332637,0.0,0.0,304.8760471119391,467.81077611332637,19.343352948443815,9.0,130.78587057594476
SEAS-005,86,seasonal,32,8,96.28980266348174,24.4023433090833,467.81077611332637,435.81077611332637,0.0,0.0,337.44365537279623,435.81077611332637,24.072450665870434,9.0,120.79159937996232
SEAS-005,87,seasonal,28,8,84.26091752693553,23.2177540378932,435.81077611332637,407.81077611332637,0.0,0.0,304.51494692317624,407.81077611332637,21.065229381733882,9.0,114.92788248757134
SEAS-005,88,seasonal,20,8,69.05603373987634,24.182002207617842,407.81077611332637,387.81077611332637,0.0,0.0,275.0769868424301,387.81077611332637,17.264008434969085,9.0,119.70091092770829
SEAS-005,89,seasonal,27,8,108.8772858724636,21.174488762635523,387.81077611332637,360.81077611332637,0.0,0.0,349.78761258808896,360.81077611332637,27.2193214681159,9.0,104.81371937504585
SEAS-005,90,seasonal,23,8,93.19038886524078,16.409425059070003,360.81077611332637,337.81077611332637,0.0,0.0,290.9050289891882,337.81077611332637,23.297597216310194,9.0,81.2266540423965
SEAS-005,91,seasonal,20,8,85.9213769828796,16.835554562766898,337.81077611332637,317.81077611332637,0.0,0.0,276.6590932971752,317.81077611332637,21.4803442457199,9.0,83.33599508569614
SEAS-005,92,seasonal,18,8,77.60300522887074,16.50174815914048,317.81077611332637,299.81077611332637,0.0,0.0,256.29041515270455,299.81077611332637,19.400751307217686,9.0,81.68365338774538
SEAS-005,93,seasonal,18,8,80.84950908491955,10.213113742032654,299.81077611332637,281.81077611332637,0.0,0.0,232.4663084641306,281.81077611332637,20.212377271229887,9.0,50.55491302306163
SEAS-005,94,seasonal,19,8,123.97223314033276,9.979466097429638,281.81077611332637,262.81077611332637,0.0,66.0,328.33588174802543,262.81077611332637,30.99305828508319,9.0,49.39835718227671
SEAS-005,95,seasonal,4,8,95.27353759453354,9.666224569908431,262.81077611332637,258.81077611332637,66.0,0.0,262.2132712087472,324.81077611332637,23.818384398633384,9.0,47.84781162104673
SEAS-005,96,seasonal,10,8,89.11835348758787,8.388025653214134,258.81077611332637,248.81077611332637,66.0,0.0,242.03702233048267,314.81077611332637,22.279588371896967,9.0,41.52072698340996
SEAS-005,97,seasonal,11,8,90.76915692692391,8.48377032777073,248.81077611332637,237.81077611332637,66.0,0.0,246.2252662080439,303.81077611332637,22.692289231730978,9.0,41.994663122465106
SEAS-005,98,seasonal,29,8,74.94319643043822,8.128771314099513,237.81077611332637,208.81077611332637,66.0,0.0,208.85960997327857,274.81077611332637,18.735799107609555,9.0,40.23741800479259
SEAS-005,99,seasonal,12,8,68.37576665325663,7.522615475334869,208.81077611332637,196.81077611332637,66.0,0.0,191.08242157273503,262.81077611332637,17.09394166331416,9.0,37.2369466029076
SEAS-006,75,seasonal,26,5,174.22498701951878,12.11165998913062,259.87018312333134,233.87018312333134,0.0,77.0,310.2886689331754,233.87018312333134,43.556246754879695,6.0,48.951188403897234
SEAS-006,76,seasonal,74,5,166.502819736178,15.345173800721799,233.87018312333134,159.87018312333134,77.0,75.0,311.77417521732076,236.87018312333134,41.6257049340445,6.0,62.01994561305378
SEAS-006,77,seasonal,20,5,231.01577476393868,16.078732569006828,159.87018312333134,139.87018312333134,152.0,120.0,411.5084014787225,291.87018312333134,57.75394369098467,6.0,64.98473933281447
SEAS-006,78,seasonal,54,5,249.93446465705895,15.607361839521229,139.87018312333134,85.87018312333134,272.0,81.0,437.9813170029796,357.87018312333134,62.48361616426474,6.0,63.079620017391186
SEAS-006,79,seasonal,31,5,247.50815489744411,15.738243475442474,85.87018312333134,54.870183123331344,353.0,28.0,434.8708311843252,407.87018312333134,61.87703872436103,6.0,63.608598838159004
SEAS-006,80,seasonal,20,5,216.85185347563183,15.310462318632196,54.870183123331344,34.870183123331344,381.0,0.0,387.1574338845983,415.87018312333134,54.21296336890796,6.0,61.87965367115056
SEAS-006,81,seasonal,78,5,173.508224076595,18.795116659824433,111.87018312333134,33.870183123331344,304.0,0.0,336.2257711447702,337.87018312333134,43.37705601914875,6.0,75.96343502987773
SEAS-006,82,seasonal,41,5,151.7771795806832,18.767812052308308,108.87018312333134,67.87018312333134,229.0,7.0,303.5188485134341,296.87018312333134,37.9442948951708,6.0,75.8530791424093
SEAS-006,83,seasonal,34,5,150.39411380620857,18.825787006397803,187.87018312333134,153.87018312333134,116.0,32.0,301.67856479310007,269.87018312333134,37.59852845155214,6.0,76.0873940837872
SEAS-006,84,seasonal,26,5,130.00329225810384,18.761663039293715,234.87018312333134,208.87018312333134,67.0,0.0,270.8331653214577,275.87018312333134,32.50082306452596,6.0,75.82822693430195
SEAS-006,85,seasonal,11,5,91.4214031115497,20.4199500237968,236.87018312333134,225.87018312333134,39.0,0.0,219.6625605841929,264.87018312333134,22.855350777887423,6.0,82.53045591686836
SEAS-006,86,seasonal,30,5,104.57278445466083,20.449750797804548,225.87018312333134,195.87018312333134,39.0,5.0,239.51007713778694,234.87018312333134,26.14319611366521,6.0,82.65090045579568
SEAS-006,87,seasonal,25,5,84.4403489337925,20.574442697378036,195.87018312333134,170.87018312333134,44.0,0.0,209.81538587935654,214.87018312333134,21.110087233448127,6.0,83.1548624786678
SEAS-006,88,seasonal,22,5,75.46735625969794,20.767948678376793,177.87018312333134,155.87018312333134,37.0,5.0,197.13798187899374,192.87018312333134,18.866839064924484,6.0,83.93694748944684
SEAS-006,89,seasonal,25,5,99.93664134266885,17.447356717000336,187.87018312333134,162.87018312333134,10.0,48.0,220.42121218700623,172.87018312333134,24.984160335667212,6.0,70.51625017300297
SEAS-006,90,seasonal,12,5,73.93618896965963,18.039841945978846,162.87018312333134,150.87018312333134,58.0,0.0,183.81515633786256,208.87018312333134,18.484047242414906,6.0,72.9108728833731
SEAS-006,91,seasonal,13,5,71.3671210569207,17.341590735303665,150.87018312333134,137.87018312333134,58.0,0.0,177.13946182433673,195.87018312333134,17.841780264230174,6.0,70.08878023895569
SEAS-006,92,seasonal,18,5,73.03616039550161,17.547006465418445,142.87018312333134,124.87018312333134,53.0,3.0,180.4732409766802,177.87018312333134,18.259040098875403,6.0,70.91900038342776
SEAS-006,93,seasonal,24,5,73.37759785257036,17.44294729271435,124.87018312333134,100.87018312333134,56.0,24.0,180.56482556658435,156.87018312333134,18.34439946314259,6.0,70.49842878772881
SEAS-006,94,seasonal,12,5,71.9675999102938,9.225105099811344,105.87018312333134,93.87018312333134,75.0,0.0,145.2361203902804,168.87018312333134,17.99189997757345,6.0,37.284720524839706
SEAS-006,95,seasonal,18,5,82.83908985053463,7.417927003256525,141.87018312333134,123.87018312333134,27.0,4.0,154.23935935266746,150.87018312333134,20.70977246263366,6.0,29.980724576865505
SEAS-006,96,seasonal,33,5,119.01231934565568,7.273062346593574,123.87018312333134,90.87018312333134,31.0,87.0,207.91371018587932,121.87018312333134,29.75307983641392,6.0,29.39523116739579
SEAS-006,97,seasonal,18,5,97.1116005842667,7.123453498380622,90.87018312333134,72.87018312333134,118.0,0.0,174.4579642342359,190.87018312333134,24.277900146066674,6.0,28.790563357835858
SEAS-006,98,seasonal,17,5,93.78558163318877,6.666025610204239,75.87018312333134,58.870183123331344,115.0,0.0,167.62016868936982,173.87018312333134,23.446395408297192,6.0,26.941796239586676
SEAS-006,99,seasonal,16,5,93.78558163318877,6.118488165870624,82.87018312333134,66.87018312333134,91.0,8.0,165.40720955578973,157.87018312333134,23.446395408297192,6.0,24.72883710600658
SEAS-007,75,seasonal,30,9,178.41716616109815,7.354572971270584,328.71847352760307,298.71847352760307,0.0,186.0,484.4172983845052,298.71847352760307,44.60429154027454,10.0,38.374382981759794
SEAS-007,76,seasonal,36,9,162.15748592727473,7.560864148142521,298.71847352760307,262.71847352760307,186.0,0.0,444.8444752671314,448.71847352760307,40.539371481818684,10.0,39.45076044894455
SEAS-007,77,seasonal,30,9,178.35362162639203,7.5549270729056905,262.71847352760307,232.71847352760307,186.0,67.0,485.30383629228413,418.71847352760307,44.58840540659801,10.0,39.419782226304065
SEAS-007,78,seasonal,42,9,156.41394117354858,8.230649412020297,232.71847352760307,190.71847352760307,253.0,0.0,433.9803908949826,443.71847352760307,39.103485293387145,10.0,42.94553796111116
SEAS-007,79,seasonal,19,9,128.90526955611085,8.392609691621415,190.71847352760307,171.71847352760307,253.0,0.0,366.05378141851673,424.71847352760307,32.22631738902771,10.0,43.7906075282396
SEAS-007,80,seasonal,19,9,115.48485046978186,8.882422861890563,171.71847352760307,152.71847352760307,253.0,0.0,335.05846035859156,405.71847352760307,28.871212617445465,10.0,46.34633418413692
SEAS-007,81,seasonal,18,9,95.46261806969069,9.361678569627662,152.71847352760307,134.71847352760307,253.0,0.0,287.50351972820425,387.71847352760307,23.865654517422673,10.0,48.846974553977525
SEAS-007,82,seasonal,16,9,69.23183446729867,9.920194373612675,134.71847352760307,118.71847352760307,253.0,0.0,224.8407611043823,371.71847352760307,17.307958616824667,10.0,51.76117493613563
SEAS-007,83,seasonal,11,9,65.46461764475086,10.881647688206806,118.71847352760307,107.71847352760307,253.0,0.0,220.43934990577196,360.71847352760307,16.366154411187715,10.0,56.77780579389481
SEAS-007,84,seasonal,20,9,73.23957580391301,10.881647688206806,107.71847352760307,87.71847352760307,253.0,0.0,239.87674530367732,340.71847352760307,18.309893950978253,10.0,56.77780579389481
SEAS-007,85,seasonal,7,9,56.949836311758666,9.84169570546531,273.71847352760307,266.71847352760307,67.0,0.0,193.72617865088392,333.71847352760307,14.237459077939667,10.0,51.351587871487254
SEAS-007,86,seasonal,22,9,69.93779476972287,9.830616747744042,266.71847352760307,244.71847352760307,67.0,0.0,226.13826747396956,311.71847352760307,17.484448692430718,10.0,51.29378054966239
SEAS-007,87,seasonal,16,9,65.53408836404427,9.91631652042901,311.71847352760307,295.71847352760307,0.0,0.0,215.57616214623428,295.71847352760307,16.383522091011066,10.0,51.74094123612364
SEAS-007,88,seasonal,16,9,64.27227509889542,9.733631888642064,295.71847352760307,279.71847352760307,0.0,0.0,211.46842475893487,279.71847352760307,16.068068774723855,10.0,50.78773701169633
SEAS-007,89,seasonal,11,9,65.99021393172296,8.944271909999152,279.71847352760307,268.71847352760307,0.0,0.0,211.6445823876195,268.71847352760307,16.49755348293074,10.0,46.6690475583121
SEAS-007,90,seasonal,28,9,83.00922553478992,8.754486029517981,268.71847352760307,240.71847352760307,0.0,13.0,253.20185457268627,240.71847352760307,20.75230638369748,10.0,45.678790735711466
SEAS-007,91,seasonal,23,9,80.73685245303876,5.575817750764763,240.71847352760307,217.71847352760307,13.0,1.0,230.93539958477953,230.71847352760307,20.18421311325969,10.0,29.093268452182624
SEAS-007,92,seasonal,22,9,90.72845431478054,5.7087427328391165,217.71847352760307,195.71847352760307,14.0,47.0,256.6079746462658,209.71847352760307,22.682113578695134,10.0,29.78683885931444
SEAS-007,93,seasonal,16,9,86.86817762631516,5.708742732839116,195.71847352760307,179.71847352760307,61.0,7.0,246.95728292510233,240.71847352760307,21.71704440657879,10.0,29.786838859314436
SEAS-007,94,seasonal,17,9,76.83271625476125,5.706496522745141,179.71847352760307,162.71847352760307,68.0,0.0,221.8569093152172,230.71847352760307,19.208179063690313,10.0,29.77511867831407
SEAS-007,95,seasonal,21,9,83.25855699924003,5.779051470391637,162.71847352760307,141.71847352760307,68.0,29.0,238.3000853450415,209.71847352760307,20.814639249810007,10.0,30.15369284694145
SEAS-007,96,seasonal,28,9,102.57944484751378,6.055300708194974,141.71847352760307,113.71847352760307,97.0,78.0,288.0437066747436,210.71847352760307,25.644861211878446,10.0,31.595094555959104
SEAS-007,97,seasonal,19,9,93.29401837079394,6.047885835308315,113.71847352760307,94.71847352760307,175.0,0.0,264.79145146958786,269.71847352760307,23.323504592698484,10.0,31.556405542603034
SEAS-007,98,seasonal,28,9,108.05676162365933,5.3636956260800925,94.71847352760307,66.71847352760307,175.0,57.0,298.1283705687366,241.71847352760307,27.01419040591483,10.0,27.98646650958828
SEAS-007,99,seasonal,18,9,120.8859877411176,5.387544990590888,66.71847352760307,48.71847352760307,232.0,50.0,330.3258760781751,280.71847352760307,30.2214969352794,10.0,28.110906725381085
SEAS-008,75,seasonal,16,5,76.52281253853324,9.234134002126593,165.87100794611098,149.87100794611098,0.0,3.0,152.10543106859575,149.87100794611098,19.13070313463331,6.0,37.32121226079587
SEAS-008,76,seasonal,12,5,103.8359504125128,9.317064575696147,149.87100794611098,137.87100794611098,3.0,53.0,193.41031490194592,140.87100794611098,25.9589876031282,6.0,37.65638928317675
SEAS-008,77,seasonal,13,5,86.73898345762339,9.115357567849069,137.87100794611098,124.87100794611098,56.0,0.0,166.94963371244316,180.87100794611098,21.684745864405848,6.0,36.84115852600806
SEAS-008,78,seasonal,22,5,99.59478129706771,9.049720211002967,124.87100794611098,102.87100794611098,56.0,28.0,185.96804671825205,158.87100794611098,24.898695324266928,6.0,36.57587477265048
SEAS-008,79,seasonal,17,5,93.58402851845489,8.96431672571725,102.87100794611098,85.87100794611098,84.0,7.0,176.60674586434408,169.87100794611098,23.39600712961372,6.0,36.23070308666174
SEAS-008,80,seasonal,74,5,141.26200446463713,18.360353049507623,85.87100794611098,11.871007946110979,91.0,184.0,286.09927587022287,102.87100794611098,35.31550111615928,6.0,74.20626917326716
SEAS-008,81,seasonal,31,5,150.19617130544484,18.545163167874172,14.871007946110979,0.0,272.0,29.0,300.2474654387817,272.0,37.54904282636121,6.0,74.95320848061448
SEAS-008,82,seasonal,27,5,155.53567615702912,18.12669090255921,53.0,26.0,248.0,33.0,306.5654009056366,274.0,38.88391903925728,6.0,73.26188667009289
SEAS-008,83,seasonal,24,5,152.2484000434285,17.471588658631195,26.0,2.0,281.0,16.0,298.98678746072534,283.0,38.06210001085712,6.0,70.61418739558262
SEAS-008,84,seasonal,103,5,151.90296730830332,27.342321849151077,30.0,0.0,269.0,70.0,338.3627668695186,269.0,37.97574182707583,6.0,110.50831590706369
SEAS-008,85,seasonal,33,5,151.7846425608056,26.636922514165203,7.0,0.0,332.0,4.0,335.334296829509,332.0,37.9461606402014,6.0,107.65733298830064
SEAS-008,86,seasonal,38,5,175.14310059920885,26.550146071354416,184.0,146.0,152.0,73.0,370.0212631762565,298.0,43.78577514980221,6.0,107.30661227744325
SEAS-008,87,seasonal,20,5,123.46994084917095,26.46211612368878,175.0,155.0,196.0,0.0,292.1557366023229,351.0,30.86748521229274,6.0,106.95082532856647
SEAS-008,88,seasonal,35,5,140.74778599000888,25.960275372882652,188.0,153.0,163.0,1.0,316.04423559042294,316.0,35.18694649750222,6.0,104.92255660540961
SEAS-008,89,seasonal,36,5,133.84911213971768,25.061718687866236,169.0,133.0,148.0,22.0,302.06456593261214,281.0,33.46227803492942,6.0,101.29089772303563
SEAS-008,90,seasonal,29,5,159.29022906917993,24.195517703142393,203.0,174.0,100.0,63.0,336.72535312181043,274.0,39.82255726729498,6.0,97.79000951804053
SEAS-008,91,seasonal,64,5,185.15795212193711,24.7347466594605,178.0,114.0,159.0,105.0,377.70631676684246,273.0,46.28948803048428,6.0,99.9693885839368
SEAS-008,92,seasonal,35,5,179.39331727546806,23.773773526563005,187.0,152.0,191.0,23.0,365.17543967413656,343.0,44.848329318867016,6.0,96.08546376093446
SEAS-008,93,seasonal,30,5,175.35733898724965,21.934927071705204,152.0,122.0,214.0,16.0,351.6894836177587,336.0,43.83933474681241,6.0,88.65347513688425
SEAS-008,94,seasonal,112,5,171.3840825901565,29.66328128191918,123.0,11.0,229.0,137.0,376.96496422686766,240.0,42.84602064753913,6.0,119.88884034163289
SEAS-008,95,seasonal,46,5,196.4736446413272,29.16223409541693,33.0,0.0,344.0,69.0,412.57424589604415,344.0,49.1184111603318,6.0,117.86377893405329
SEAS-008,96,seasonal,59,5,242.82104543543934,28.516526921985225,63.0,4.0,350.0,126.0,479.4856194752442,354.0,60.705261358859836,6.0,115.2540513220852
SEAS-008,97,seasonal,68,5,254.37649465078977,24.367380465885763,109.0,41.0,371.0,69.0,480.04936201716055,412.0,63.59412366269744,6.0,98.48462004097587
SEAS-008,98,seasonal,34,5,207.15665858014992,24.322617942765618,64.0,30.0,417.0,0.0,409.0386930981483,447.0,51.78916464503748,6.0,98.30370522792346
SEAS-008,99,seasonal,54,5,191.3649820058356,24.255054984635528,46.0,0.0,401.0,0.0,385.0781118613395,401.0,47.8412455014589,6.0,98.03063885258608
SEAS-009,75,seasonal,85,5,260.22512666000193,28.238680509596648,556.1796885681307,471.1796885681307,0.0,34.0,504.4687811156835,471.1796885681307,65.05628166500048,6.0,114.13109112568058
SEAS-009,76,seasonal,77,5,272.3103722241003,27.709343050813917,471.1796885681307,394.1796885681307,34.0,93.0,520.4572484468283,428.1796885681307,68.07759305602508,6.0,111.99169011067787
SEAS-009,77,seasonal,89,5,285.27639009758366,28.717456497613178,394.1796885681307,305.1796885681307,127.0,112.0,543.9807251104228,432.1796885681307,71.31909752439591,6.0,116.06613996404724
SEAS-009,78,seasonal,80,5,314.54073748113905,27.879318683504593,305.1796885681307,225.1796885681307,239.0,121.0,584.4897797209046,464.1796885681307,78.63518437028476,6.0,112.67867349919605
SEAS-009,79,seasonal,93,5,314.566476782267,26.843325102604208,225.1796885681307,132.1796885681307,360.0,89.0,580.3412568500887,492.1796885681307,78.64161919556675,6.0,108.49154167668827
SEAS-009,80,seasonal,85,5,316.86172642862283,25.18444778541728,132.1796885681307,47.1796885681307,449.0,81.0,577.0795164141972,496.1796885681307,79.21543160715571,6.0,101.78692677126294
SEAS-009,81,seasonal,163,5,299.8324066489903,33.59410815253327,81.1796885681307,0.0,496.0,90.0,585.5245084804908,496.0,74.95810166224757,6.0,135.7758985070053
SEAS-009,82,seasonal,109,5,300.81746265999476,31.283648551066857,93.0,0.0,493.0,85.0,577.6640047904011,493.0,75.20436566499869,6.0,126.43781080040895
SEAS-009,83,seasonal,81,5,376.4046124297112,29.669979647915056,112.0,31.0,466.0,188.0,684.5228314912201,497.0,94.1011531074278,6.0,119.91591284665338
SEAS-009,84,seasonal,92,5,383.9192923689739,26.231220388630884,152.0,60.0,533.0,89.0,681.8965622698108,593.0,95.97982309224348,6.0,106.01762371634992
SEAS-009,85,seasonal,106,5,422.53609435996833,23.325456545948356,149.0,43.0,533.0,153.0,728.0776613557607,576.0,105.63402358999208,6.0,94.27351981580813
SEAS-009,86,seasonal,86,5,420.23041167950606,22.610979860598967,124.0,38.0,605.0,79.0,721.7314668699025,643.0,105.05760291987652,6.0,91.3858493506434
SEAS-009,87,seasonal,295,5,376.1472934171708,59.68786330269353,128.0,0.0,594.0,212.0,805.4588748579334,594.0,94.0368233542927,6.0,241.23793473217722
SEAS-009,88,seasonal,133,5,440.88496180274876,59.43990716768128,85.0,0.0,721.0,181.0,901.5632235208354,721.0,110.22124045068719,6.0,240.2357808167123
SEAS-009,89,seasonal,118,5,416.7683229759445,58.360067134106686,188.0,70.0,714.0,78.0,861.0239210885845,784.0,104.19208074398612,6.0,235.87143662466775
SEAS-009,90,seasonal,136,5,403.03144522683135,57.88837623015614,159.0,23.0,703.0,113.0,838.5121911137797,726.0,100.75786130670784,6.0,233.96502327353264
SEAS-009,91,seasonal,78,5,415.48933317311764,58.009835593983794,176.0,98.0,663.0,97.0,857.6899202518794,761.0,103.87233329327941,6.0,234.45592049220295
SEAS-009,92,seasonal,342,5,311.94298212415316,83.46295047842551,177.0,0.0,681.0,125.0,805.2431810001137,681.0,77.98574553103829,6.0,337.32870781388397
SEAS-009,93,seasonal,57,5,307.0334959833183,85.34913215126657,212.0,155.0,594.0,57.0,805.5022531789336,749.0,76.75837399582957,6.0,344.95200920395615
SEAS-009,94,seasonal,89,5,367.0924008942514,86.0190050556808,336.0,247.0,470.0,182.0,898.2980077790794,717.0,91.77310022356285,6.0,347.6594064377023
SEAS-009,95,seasonal,70,5,389.1820708545403,87.57150924112953,325.0,255.0,574.0,109.0,937.7072037980224,829.0,97.29551771363508,6.0,353.934097516212
SEAS-009,96,seasonal,96,5,327.350024417859,86.97656625162367,368.0,272.0,570.0,1.0,842.554578004947,842.0,81.83750610446475,6.0,351.5295413781585
SEAS-009,97,seasonal,79,5,357.4508675192608,87.5305075021832,369.0,290.0,474.0,126.0,889.9446837857773,764.0,89.3627168798152,6.0,353.76838250688616
SEAS-009,98,seasonal,192,5,269.20901014807316,88.83707357306209,415.0,223.0,475.0,65.0,762.8625910406583,698.0,67.30225253701829,6.0,359.04907581854866
SEAS-009,99,seasonal,54,5,265.2503833807977,90.7672424814829,280.0,226.0,483.0,56.0,764.7257336457212,709.0,66.31259584519943,6.0,366.85015857452464
SEAS-010,75,seasonal,276,5,325.4695614280275,62.85677655570923,602.7255583046765,326.7255583046765,0.0,416.0,742.2499407141206,326.7255583046765,81.36739035700687,6.0,254.04559857207943
SEAS-010,76,seasonal,83,5,316.68892671186114,61.81496375142302,326.7255583046765,243.7255583046765,416.0,66.0,724.8683375061723,659.7255583046765,79.17223167796529,6.0,249.83494743838065
SEAS-010,77,seasonal,89,5,307.2579530093312,59.39491906094669,243.7255583046765,154.7255583046765,482.0,65.0,700.9408837858196,636.7255583046765,76.8144882523328,6.0,240.05395427182287
SEAS-010,78,seasonal,80,5,316.44821213558896,55.68282430944862,154.7255583046765,74.7255583046765,547.0,78.0,699.7232547454505,621.7255583046765,79.11205303389724,6.0,225.0509365420671
SEAS-010,79,seasonal,79,5,308.791408324894,55.576350808871645,74.7255583046765,0.0,625.0,63.0,687.8077195459646,625.0,77.1978520812235,6.0,224.6206070586236
SEAS-010,80,seasonal,170,5,278.91595415818915,58.68767834685223,0.0,0.0,688.0,0.0,655.5694603655991,688.0,69.72898853954729,6.0,237.19552912831534
SEAS-010,81,seasonal,80,5,272.9376248280268,58.05887816116784,416.0,336.0,272.0,37.0,644.0605710219503,608.0,68.2344062070067,6.0,234.65413377991015
SEAS-010,82,seasonal,87,5,279.4166245131737,58.27399912790414,402.0,315.0,243.0,97.0,654.6485159421097,558.0,69.85415612829343,6.0,235.52357917234912
SEAS-010,83,seasonal,58,5,256.1197220212014,59.36188451635723,380.0,322.0,275.0,28.0,624.1000229697115,597.0,64.02993050530036,6.0,239.92043993790932
SEAS-010,84,seasonal,102,5,304.37559630871425,58.63096232870259,400.0,298.0,225.0,171.0,693.5296968386168,523.0,76.09389907717856,6.0,236.9663023755454
SEAS-010,85,seasonal,91,5,333.02841045939556,57.22156667120965,361.0,270.0,333.0,128.0,730.8126227238278,603.0,83.25710261484889,6.0,231.27000703473445
SEAS-010,86,seasonal,68,5,327.3431091115174,57.92169780767028,270.0,202.0,461.0,63.0,725.1143613636602,663.0,81.83577727787934,6.0,234.0996976963841
SEAS-010,87,seasonal,61,5,311.6003288581683,59.19296995680899,239.0,178.0,487.0,42.0,706.6382383314786,665.0,77.90008221454208,6.0,239.2377450442261
SEAS-010,88,seasonal,58,5,247.8231078068439,28.842854512170877,275.0,217.0,432.0,0.0,488.3076175725135,649.0,61.95577695171097,6.0,116.57295586224761
SEAS-010,89,seasonal,47,5,247.1847430377806,30.72562615414212,245.0,198.0,404.0,0.0,494.9595896301876,602.0,61.79618575944515,6.0,124.18247507351673
SEAS-010,90,seasonal,66,5,251.67550805760058,30.96938107393436,369.0,303.0,233.0,0.0,502.68091119996126,536.0,62.918877014400145,6.0,125.16764911356039
SEAS-010,91,seasonal,55,5,249.05880347106398,31.771419183333258,431.0,376.0,105.0,21.0,501.9974181219411,481.0,62.264700867765995,6.0,128.40921291534517
SEAS-010,92,seasonal,56,5,250.522788304882,32.38272727305446,439.0,383.0,63.0,61.0,506.6640936501648,446.0,62.6306970762205,6.0,130.87991119284175
SEAS-010,93,seasonal,140,5,201.89643421680776,25.536298950759555,425.0,285.0,82.0,40.0,406.05364020028674,367.0,50.47410855420194,6.0,103.2089888750751
SEAS-010,94,seasonal,41,5,278.44308911583676,27.085098561802642,285.0,244.0,122.0,162.0,527.1333410042766,366.0,69.61077227895919,6.0,109.4687073305215
SEAS-010,95,seasonal,54,5,323.9590485166682,27.06165799305972,244.0,190.0,284.0,122.0,595.3125413415675,474.0,80.98976212916705,6.0,109.3739685665652
SEAS-010,96,seasonal,67,5,379.431355290631,26.87125048381824,190.0,123.0,406.0,149.0,677.7514394551325,529.0,94.85783882265775,6.0,108.60440651918597
SEAS-010,97,seasonal,15,5,319.9706042337851,28.910782302340643,144.0,129.0,534.0,0.0,596.803403114622,663.0,79.99265105844627,6.0,116.84749676394436
SEAS-010,98,seasonal,46,5,262.1205119003892,27.957155865762946,190.0,144.0,473.0,0.0,506.1740326260357,617.0,65.5301279750973,6.0,112.99326477545186
SEAS-010,99,seasonal,44,5,202.48523825176406,28.14363342861227,184.0,140.0,433.0,0.0,417.47480070090467,573.0,50.621309562941015,6.0,113.74694332325859
SEAS-011,75,seasonal,33,5,214.70055924143537,12.757602057456157,259.9920186298043,226.9920186298043,0.0,147.0,373.61270424286295,226.9920186298043,53.67513981035884,6.0,51.561865380709904
SEAS-011,76,seasonal,50,5,248.7839435282307,13.351269986649573,226.9920186298043,176.9920186298043,147.0,104.0,427.1371834533007,323.9920186298043,62.19598588205768,6.0,53.961268160954596
SEAS-011,77,seasonal,122,5,199.99433724693984,27.875179659073783,176.9920186298043,54.992018629804306,251.0,107.0,412.65345084808996,305.9920186298043,49.99858431173496,6.0,112.66194497768019
SEAS-011,78,seasonal,49,5,199.74075831384036,27.01685134152861,54.992018629804306,5.992018629804306,358.0,45.0,408.80401287232473,363.9920186298043,49.93518957846009,6.0,109.19287540156424
SEAS-011,79,seasonal,45,5,204.09370276358084,26.84690690296389,5.992018629804306,0.0,403.0,12.0,414.6465722344084,403.0,51.02342569089521,6.0,108.50601808903714
SEAS-011,80,seasonal,69,5,213.5165009139784,26.946052467657367,0.0,0.0,415.0,15.0,429.18148193220725,415.0,53.3791252284946,6.0,108.9067305612397
SEAS-011,81,seasonal,65,5,226.7337191716554,26.158050190019704,147.0,82.0,283.0,81.0,445.82247354972344,365.0,56.68342979291385,6.0,105.72189479224035
SEAS-011,82,seasonal,63,5,224.29390966506267,25.98273588563307,186.0,123.0,260.0,59.0,441.45419881574327,383.0,56.07347741626567,6.0,105.01333431814926
SEAS-011,83,seasonal,36,5,214.78675177488796,24.975372485094816,230.0,194.0,212.0,18.0,423.1220435576397,406.0,53.69668794372199,6.0,100.94191589530777
SEAS-011,84,seasonal,64,5,228.3792220234537,24.303107324805737,239.0,175.0,185.0,81.0,440.7936830164667,360.0,57.09480550586343,6.0,98.22484998128611
SEAS-011,85,seasonal,43,5,200.45993885298114,23.388579286173876,187.0,144.0,254.0,0.0,395.21854862806583,398.0,50.114984713245285,6.0,94.52864034859411
SEAS-011,86,seasonal,67,5,193.97208036144804,22.987733629827414,159.0,92.0,239.0,53.0,383.86667980672746,331.0,48.49302009036201,6.0,92.90855926455536
SEAS-011,87,seasonal,66,5,219.79295739623106,22.53714881973933,173.0,107.0,211.0,103.0,420.7768856224702,318.0,54.948239349057765,6.0,91.08744952812364
SEAS-011,88,seasonal,62,5,211.70619588469728,21.09715012957306,166.0,104.0,255.0,44.0,402.8267610202168,359.0,52.92654897117432,6.0,85.26746719317089
SEAS-011,89,seasonal,66,5,224.31335925970205,20.82805061227991,122.0,56.0,281.0,84.0,420.6498978455181,337.0,56.07833981492551,6.0,84.17985895596507
SEAS-011,90,seasonal,30,5,198.9396003336874,13.336377857535949,137.0,107.0,284.0,0.0,352.31047976759083,391.0,49.73490008342185,6.0,53.90107926705975
SEAS-011,91,seasonal,47,5,190.56421172119173,13.43216575698341,107.0,60.0,284.0,0.0,340.1345387861932,344.0,47.64105293029793,6.0,54.2882212044056
SEAS-011,92,seasonal,33,5,150.3315475133796,14.585292908638138,113.0,80.0,231.0,0.0,284.446088139145,311.0,37.5828868783449,6.0,58.94876686907561
SEAS-011,93,seasonal,31,5,127.1293231045531,15.270635471135714,183.0,152.0,128.0,0.0,252.41267182817066,280.0,31.782330776138274,6.0,61.718687171341024
SEAS-011,94,seasonal,50,5,158.30548220003013,14.745273036572685,196.0,146.0,84.0,68.0,297.0535751451217,230.0,39.57637055000753,6.0,59.59535184507655
SEAS-011,95,seasonal,40,5,144.46806467538175,14.5134773793542,230.0,190.0,68.0,18.0,275.36061006826486,258.0,36.11701616884544,6.0,58.658513055192245
SEAS-011,96,seasonal,42,5,151.4853490728299,14.16206561784343,190.0,148.0,86.0,51.0,284.46625048066903,234.0,37.871337268207476,6.0,57.238226871424146
SEAS-011,97,seasonal,31,5,191.24510319502835,14.266241306862902,148.0,117.0,137.0,91.0,344.5269241787726,254.0,47.81127579875709,6.0,57.659269386230086
SEAS-011,98,seasonal,45,5,183.85811172874412,14.232952015549108,117.0,72.0,228.0,34.0,333.31189304627713,300.0,45.96452793218603,6.0,57.52472545316095
SEAS-011,99,seasonal,50,5,202.95486299094054,12.958513684951571,72.0,22.0,262.0,73.0,356.80617596886793,284.0,50.738715747735135,6.0,52.37388148245712
SEAS-012,75,seasonal,55,9,201.24049072499017,14.1448550037434,438.6415140273419,383.6415140273419,0.0,194.0,576.9056591371623,383.6415140273419,50.31012268124754,10.0,73.80443232468681
SEAS-012,76,seasonal,64,9,207.3127371796903,16.101839359813283,383.6415140273419,319.6415140273419,194.0,89.0,602.2973463262356,513.6415140273418,51.82818429492257,10.0,84.01550337700982
SEAS-012,77,seasonal,45,9,221.028037207146,15.10985414581139,319.6415140273419,274.6415140273419,283.0,74.0,631.4096574704732,557.6415140273418,55.2570093017865,10.0,78.83956445260819
SEAS-012,78,seasonal,85,9,317.9503946609655,19.73802785461974,274.6415140273419,189.64151402734188,357.0,352.0,897.8642421441484,546.6415140273418,79.48759866524138,10.0,102.9882554917346
SEAS-012,79,seasonal,56,9,333.7876534090622,19.21437762958532,189.64151402734188,133.64151402734188,709.0,93.0,934.7251087905821,842.6415140273418,83.44691335226555,10.0,100.25597526792659
SEAS-012,80,seasonal,33,9,262.0312694354756,18.167666403919455,133.64151402734188,100.64151402734188,802.0,0.0,749.8726628394242,902.6415140273418,65.5078173588689,10.0,94.79448925073504
SEAS-012,81,seasonal,72,9,306.8259802058558,18.883244506093863,100.64151402734188,28.641514027341884,802.0,35.0,865.5931532322841,830.6415140273418,76.70649505146395,10.0,98.52820271764455
SEAS-012,82,seasonal,136,9,265.5252158722439,29.710785402455613,28.641514027341884,0.0,837.0,0.0,818.8367320386094,837.0,66.38130396806098,10.0,155.0236923579996
SEAS-012,83,seasonal,159,9,239.45500428796274,39.97739746021879,0.0,0.0,837.0,0.0,807.2299017051081,837.0,59.863751071990684,10.0,208.59239098520126
SEAS-012,84,seasonal,33,9,288.3421697480749,39.35424259538494,0.0,0.0,837.0,90.0,926.1963439873712,837.0,72.08554243701873,10.0,205.34091961718389
SEAS-012,85,seasonal,105,9,343.152645665355,40.09252120296572,194.0,89.0,733.0,246.0,1067.0746929943307,822.0,85.78816141633875,10.0,209.1930788309432
SEAS-012,86,seasonal,85,9,463.39100964213765,39.32637922011257,178.0,93.0,890.0,381.0,1363.6730593694128,983.0,115.84775241053441,10.0,205.19553526406875
SEAS-012,87,seasonal,119,9,475.43171292518394,39.51079047681232,167.0,48.0,1197.0,150.0,1394.7370309126482,1245.0,118.85792823129599,10.0,206.1577485996883
SEAS-012,88,seasonal,192,9,338.44002089605294,49.21121406492211,400.0,208.0,995.0,0.0,1102.872264971123,1203.0,84.61000522401324,10.0,256.77221273099076
SEAS-012,89,seasonal,41,9,345.2712472045689,50.65797833738302,301.0,260.0,902.0,0.0,1127.4991968006623,1162.0,86.31781180114223,10.0,264.32107878924006
SEAS-012,90,seasonal,111,9,273.4847457009474,49.131691166934964,260.0,149.0,902.0,0.0,940.0691457351279,1051.0,68.37118642523686,10.0,256.3572814827594
SEAS-012,91,seasonal,53,9,285.89848122569026,50.42562433667617,184.0,131.0,867.0,0.0,977.8549148750838,998.0,71.47462030642257,10.0,263.1087118108581
SEAS-012,92,seasonal,67,9,278.44729901033804,49.86173189623788,131.0,64.0,867.0,26.0,956.2847049659291,931.0,69.61182475258451,10.0,260.16645744008395
SEAS-012,93,seasonal,74,9,289.5937878758904,46.97953728036198,64.0,0.0,893.0,77.0,969.1123327138408,893.0,72.3984469689726,10.0,245.12786302411476
SEAS-012,94,seasonal,65,9,356.43262383698885,47.315498626310685,90.0,25.0,880.0,233.0,1137.9623876638934,905.0,89.10815595924721,10.0,246.88082807142138
SEAS-012,95,seasonal,68,9,357.9356369295074,46.19676423345064,271.0,203.0,867.0,66.0,1135.8826349111544,1070.0,89.48390923237685,10.0,241.04354258738584
SEAS-012,96,seasonal,37,9,264.71332285881834,43.34965175975819,584.0,547.0,552.0,0.0,887.9713054513835,1099.0,66.17833071470459,10.0,226.18799830433764
SEAS-012,97,seasonal,48,9,220.11227868010585,42.15539020192936,697.0,649.0,402.0,0.0,770.2373270408142,1051.0,55.02806967002646,10.0,219.95663034054962
SEAS-012,98,seasonal,116,9,191.6562451945046,42.76321208342874,649.0,533.0,402.0,0.0,702.2687108962357,935.0,47.91406129862615,10.0,223.12809790997417
SEAS-012,99,seasonal,58,9,193.30983109656947,43.298161268473834,533.0,475.0,402.0,0.0,709.1939111157669,877.0,48.32745777414237,10.0,225.91933337434324
SEAS-013,75,seasonal,10,8,63.56946807301412,7.327503510221442,175.9030995410526,165.9030995410526,0.0,14.0,179.3024455398779,165.9030995410526,15.89236701825353,9.0,36.271142375596135
SEAS-013,76,seasonal,22,8,86.52590161037844,6.075381174070998,165.9030995410526,143.9030995410526,14.0,67.0,224.75641543500294,157.9030995410526,21.63147540259461,9.0,30.073136811651437
SEAS-013,77,seasonal,15,8,84.33468624491691,5.298766184398306,143.9030995410526,128.9030995410526,81.0,7.0,215.98193666383466,209.9030995410526,21.083671561229227,9.0,26.22889261277161
SEAS-013,78,seasonal,5,8,69.7440258561925,6.1394061351491995,128.9030995410526,123.9030995410526,88.0,0.0,187.31411854542165,211.9030995410526,17.436006464048123,9.0,30.390060368988536
SEAS-013,79,seasonal,27,8,80.08739954907944,6.8500421110440515,123.9030995410526,96.9030995410526,88.0,30.0,214.1043574350968,184.9030995410526,20.02184988726986,9.0,33.90770844966806
SEAS-013,80,seasonal,9,8,82.35790805447654,6.473813127535917,96.9030995410526,87.9030995410526,118.0,12.0,217.350668103875,205.9030995410526,20.589477013619135,9.0,32.045374981302785
SEAS-013,81,seasonal,13,8,69.57756638905336,6.499506884648228,87.9030995410526,74.9030995410526,130.0,0.0,188.72208345437878,204.9030995410526,17.39439159726334,9.0,32.17255907900873
SEAS-013,82,seasonal,5,8,77.51784343088063,7.061088751670973,74.9030995410526,69.9030995410526,130.0,10.0,209.36753704025273,199.9030995410526,19.379460857720158,9.0,34.95238932077132
SEAS-013,83,seasonal,8,8,72.34110631576185,7.028330946777898,69.9030995410526,61.9030995410526,140.0,0.0,197.55772739701476,201.9030995410526,18.085276578940462,9.0,34.790238186550596
SEAS-013,84,seasonal,23,8,77.45859583049332,7.136040703574842,75.9030995410526,52.9030995410526,126.0,31.0,209.60524210130544,178.9030995410526,19.36464895762333,9.0,35.323401482695466
SEAS-013,85,seasonal,16,8,71.03155345072204,7.049277104236129,119.9030995410526,103.9030995410526,90.0,1.0,194.71491693009344,193.9030995410526,17.75788836268051,9.0,34.89392166596883
SEAS-013,86,seasonal,35,8,142.42819496220002,9.068118285000983,110.9030995410526,75.9030995410526,84.0,206.0,365.3506241757049,159.9030995410526,35.607048740550006,9.0,44.88718551075486
SEAS-013,87,seasonal,11,8,113.848164415706,9.068118285000983,75.9030995410526,64.9030995410526,290.0,0.0,301.0455554460934,354.9030995410526,28.4620411039265,9.0,44.88718551075486
SEAS-013,88,seasonal,29,8,144.58669587419092,9.653616301278376,94.9030995410526,65.9030995410526,260.0,48.0,373.1054664082575,325.9030995410526,36.14667396854773,9.0,47.785400691327965
SEAS-013,89,seasonal,17,8,117.35578274238027,9.526615886893424,77.9030995410526,60.9030995410526,296.0,0.0,311.20725981047804,356.9030995410526,29.338945685595068,9.0,47.156748640122444
SEAS-013,90,seasonal,58,8,102.50229886432825,14.935330681444666,60.9030995410526,2.9030995410525975,296.0,6.0,304.5600593178897,298.9030995410526,25.625574716082063,9.0,73.92988687315109
SEAS-013,91,seasonal,25,8,103.72421117849339,14.312895386991904,12.903099541052597,0.0,292.0,13.0,304.2283073172201,292.0,25.931052794623348,9.0,70.84883216560992
SEAS-013,92,seasonal,16,8,113.22982107768344,14.268487782163302,0.0,0.0,305.0,21.0,325.3961119464961,305.0,28.30745526942086,9.0,70.62901452170834
SEAS-013,93,seasonal,22,8,131.98300188777068,13.853630460030205,31.0,9.0,295.0,62.0,365.5372250246335,304.0,32.99575047194267,9.0,68.57547077714952
SEAS-013,94,seasonal,19,8,123.39733480875145,13.6494575829112,10.0,0.0,356.0,0.0,345.20881835510124,356.0,30.849333702187863,9.0,67.56481503541045
SEAS-013,95,seasonal,29,8,138.32813651664506,12.776179758862543,206.0,177.0,150.0,48.0,374.48039696882097,327.0,34.582034129161265,9.0,63.24208980636959
SEAS-013,96,seasonal,65,8,114.66420425790702,16.2504437809225,177.0,112.0,198.0,29.0,338.4341562958571,310.0,28.666051064476754,9.0,80.43969671556637
SEAS-013,97,seasonal,43,8,156.62848421319265,16.67102507115494,160.0,117.0,179.0,139.0,434.9356635819004,296.0,39.15712105329816,9.0,82.52157410221695
SEAS-013,98,seasonal,33,8,164.14479213397655,16.173339886273418,117.0,84.0,318.0,48.0,449.38381473850063,402.0,41.03619803349414,9.0,80.05803243705341
SEAS-013,99,seasonal,30,8,159.13083825019038,16.127695560822186,90.0,60.0,360.0,18.0,437.87647908899817,420.0,39.782709562547595,9.0,79.83209302606981
SEAS-014,75,seasonal,11,5,62.458739574563936,5.625035612422867,106.89222013995087,95.89222013995087,0.0,21.0,116.42257997028875,95.89222013995087,15.614684893640984,6.0,22.73447060844284
SEAS-014,76,seasonal,10,5,62.458739574563936,5.529640411177107,95.89222013995087,85.89222013995087,21.0,10.0,116.03702518480107,106.89222013995087,15.614684893640984,6.0,22.348915822955167
SEAS-014,77,seasonal,12,5,74.11563069426776,5.633007121491067,85.89222013995087,73.89222013995087,31.0,30.0,133.94013476384464,104.89222013995087,18.52890767356694,6.0,22.766688722442986
SEAS-014,78,seasonal,11,5,70.85476961963523,5.170180773509672,73.89222013995087,62.892220139950865,61.0,4.0,127.17825730497995,123.89222013995087,17.71369240490881,6.0,20.896102875527113
SEAS-014,79,seasonal,15,5,77.13258473711315,4.687681620413102,62.892220139950865,47.892220139950865,65.0,22.0,134.64488338261768,112.89222013995087,19.283146184278287,6.0,18.946006276947944
SEAS-014,80,seasonal,6,5,71.0589742667379,3.6409353546046486,47.892220139950865,41.892220139950865,87.0,0.0,121.30387717875405,128.89222013995087,17.764743566684476,6.0,14.715415778647186
SEAS-014,81,seasonal,29,5,97.30809845301746,5.808923286082333,62.892220139950865,33.892220139950865,66.0,70.0,169.4398293892167,99.89222013995087,24.327024613254366,6.0,23.47768170969049
SEAS-014,82,seasonal,18,5,93.98675637106588,5.659120163562606,43.892220139950865,25.892220139950865,126.0,12.0,163.85236326640853,151.89222013995087,23.49668909276647,6.0,22.872228709809704
SEAS-014,83,seasonal,39,5,95.14511428152822,9.014233758695749,55.892220139950865,16.892220139950865,108.0,55.0,179.15012208840125,124.89222013995087,23.786278570382056,6.0,36.43245066610889
SEAS-014,84,seasonal,16,5,98.41234427316088,8.987170342729161,20.892220139950865,4.892220139950865,159.0,21.0,183.94158600215573,163.89222013995087,24.60308606829022,6.0,36.32306959241442
SEAS-014,85,seasonal,30,5,154.5750285572114,9.660917830792952,26.892220139950865,0.0,158.0,113.0,270.9086694042745,158.0,38.64375713930285,6.0,39.04612656845743
SEAS-014,86,seasonal,34,5,176.2854051375862,10.593902455222489,0.0,0.0,271.0,37.0,307.24503911656575,271.0,44.07135128439655,6.0,42.81693141018647
SEAS-014,87,seasonal,24,5,151.10182823632383,10.484420676559902,70.0,46.0,238.0,0.0,269.02718584981034,284.0,37.775457059080956,6.0,42.37444349532461
SEAS-014,88,seasonal,20,5,143.2562917847734,10.160254388093298,58.0,38.0,226.0,0.0,255.9487118748689,264.0,35.81407294619335,6.0,41.064274197708805
SEAS-014,89,seasonal,46,5,147.541838758934,11.87758069124024,93.0,47.0,171.0,52.0,269.31787805765066,218.0,36.8854596897335,6.0,48.005119919249616
SEAS-014,90,seasonal,34,5,140.1740558340712,11.734236561971452,68.0,34.0,202.0,22.0,257.6868557127085,236.0,35.0435139585178,6.0,47.42577196160168
SEAS-014,91,seasonal,37,5,142.43209076260692,11.402878628909498,147.0,110.0,111.0,39.0,259.73467263944065,221.0,35.60802269065173,6.0,46.086536495530275
SEAS-014,92,seasonal,39,5,172.88612293536883,11.280798298720272,147.0,108.0,113.0,84.0,304.9223139462033,221.0,43.22153073384221,6.0,45.59312954315003
SEAS-014,93,seasonal,31,5,139.29657148690433,9.005696203101904,108.0,77.0,197.0,0.0,245.3428020159537,274.0,34.82414287172608,6.0,36.39794478559721
SEAS-014,94,seasonal,42,5,200.29943777916355,9.527288741779095,77.0,35.0,197.0,107.0,338.9552001504559,232.0,50.07485944479089,6.0,38.50604348171054
SEAS-014,95,seasonal,53,5,204.55595331713445,10.296875303976494,87.0,34.0,252.0,63.0,348.4503792013846,286.0,51.13898832928361,6.0,41.61644922568293
SEAS-014,96,seasonal,54,5,215.5943463111633,11.629978944796514,56.0,2.0,293.0,76.0,370.39591778794954,295.0,53.89858657779082,6.0,47.00439832120458
SEAS-014,97,seasonal,26,5,198.40107079801143,10.518603787624365,41.0,15.0,330.0,0.0,340.1142061392243,345.0,49.60026769950286,6.0,42.512599942207174
SEAS-014,98,seasonal,74,5,185.96597252273295,14.643629926896455,99.0,25.0,246.0,68.0,338.13350393412475,271.0,46.49149313068324,6.0,59.18454515002531
SEAS-014,99,seasonal,38,5,155.44606635193333,14.559339235499634,25.0,0.0,314.0,0.0,292.0129705243441,314.0,38.86151658798333,6.0,58.843870996444096
SEAS-015,75,seasonal,34,7,173.38158202248238,27.899085547002667,563.4332132772058,529.4332132772058,0.0,0.0,476.96553906761335,529.4332132772058,43.345395505620594,8.0,130.20237502264862
SEAS-015,76,seasonal,12,7,131.9514102462586,30.429826798297057,529.4332132772058,517.4332132772058,0.0,0.0,405.91592389660985,517.4332132772058,32.98785256156465,8.0,142.01310340409265
SEAS-015,77,seasonal,53,7,166.03903584253123,30.404537448149018,517.4332132772058,464.4332132772058,0.0,10.0,473.97315210067734,464.4332132772058,41.50975896063281,8.0,141.89508041561487
SEAS-015,78,seasonal,21,7,127.43449186157618,31.64425657775788,464.4332132772058,443.4332132772058,10.0,0.0,402.54971524063376,453.4332132772058,31.858622965394044,8.0,147.68073151748143
SEAS-015,79,seasonal,74,7,155.20131491112397,32.01682250125583,443.4332132772058,369.4332132772058,10.0,81.0,459.8220910199626,379.4332132772058,38.80032872778099,8.0,149.41946119771464
SEAS-015,80,seasonal,22,7,136.036073064602,32.97259934691692,369.4332132772058,347.4332132772058,91.0,0.0,425.9521268334478,438.4332132772058,34.0090182661505,8.0,153.87998070424376
SEAS-015,81,seasonal,28,7,138.84466527355204,33.51903401092638,347.4332132772058,319.4332132772058,91.0,24.0,434.11946978356457,410.4332132772058,34.71116631838801,8.0,156.43013923646052
SEAS-015,82,seasonal,37,7,159.45734757814822,26.844041500909704,319.4332132772058,282.4332132772058,115.0,47.0,444.1932801026224,397.4332132772058,39.864336894537054,8.0,125.27858494632596
SEAS-015,83,seasonal,61,7,173.00625860239924,25.220565478928528,282.4332132772058,221.43321327720582,162.0,81.0,463.71449418316257,383.4332132772058,43.25156465059981,8.0,117.70197697836409
SEAS-015,84,seasonal,17,7,206.34324337548935,18.897157566749616,221.43321327720582,204.43321327720582,243.0,54.0,500.8777212709343,447.4332132772058,51.58581084387234,8.0,88.19123451995559
SEAS-015,85,seasonal,32,7,246.2069030858404,18.927662567163658,214.43321327720582,182.43321327720582,287.0,112.0,580.7474046231453,469.4332132772058,61.5517257714601,8.0,88.33359845146451
SEAS-015,86,seasonal,41,7,303.1592501928362,18.07002050429493,182.43321327720582,141.43321327720582,399.0,151.0,690.649565015134,540.4332132772058,75.78981254820906,8.0,84.33106462946155
SEAS-015,87,seasonal,100,7,236.58535408561988,25.177574474326445,222.43321327720582,122.43321327720582,469.0,0.0,590.6720502257684,591.4332132772058,59.14633852140497,8.0,117.50134205452865
SEAS-015,88,seasonal,124,7,299.86940999678063,33.95793023199476,122.43321327720582,0.0,469.0,290.0,758.2172460914421,469.0,74.96735249919516,8.0,158.4784260978809
SEAS-015,89,seasonal,50,7,286.7068403968646,32.205470151704134,24.0,0.0,735.0,0.0,723.7135426084974,735.0,71.67671009921615,8.0,150.2998618147682
SEAS-015,90,seasonal,114,7,259.2802504063263,36.6892704220534,47.0,0.0,688.0,2.0,689.785831433311,688.0,64.82006260158157,8.0,171.2253306206585
SEAS-015,91,seasonal,54,7,248.76175856027473,35.21836642056714,81.0,27.0,609.0,26.0,661.8842788613006,636.0,62.19043964006868,8.0,164.36076174075114
SEAS-015,92,seasonal,47,7,211.37960541295857,34.991574077344026,81.0,34.0,581.0,0.0,586.0615543014942,615.0,52.84490135323964,8.0,163.30234347557706
SEAS-015,93,seasonal,42,7,201.1331857077091,33.79500797606892,146.0,104.0,469.0,0.0,559.984454862288,573.0,50.28329642692727,8.0,157.71808344686985
SEAS-015,94,seasonal,42,7,157.72494870437916,32.99145188432748,255.0,213.0,318.0,0.0,469.41786110950295,531.0,39.43123717609479,8.0,153.9679637007446
SEAS-015,95,seasonal,61,7,173.01480826480565,32.35103929690268,213.0,152.0,318.0,28.0,497.0088356804089,470.0,43.25370206620141,8.0,150.97921915079758
SEAS-015,96,seasonal,102,7,207.65756239211828,34.35262092042704,442.0,340.0,56.0,180.0,575.6355347330443,396.0,51.91439059802957,8.0,160.32040994880782
SEAS-015,97,seasonal,71,7,226.8320587907408,31.393695267746043,340.0,269.0,236.0,96.0,600.1755033296415,505.0,56.7080146976852,8.0,146.51138574815988
SEAS-015,98,seasonal,84,7,238.46276033206104,29.736018045978632,271.0,187.0,330.0,99.0,615.7006847023825,517.0,59.61569008301526,8.0,138.77516403826047
SEAS-015,99,seasonal,83,7,262.16619670354834,28.373877476949122,213.0,130.0,403.0,124.0,656.7505771456426,533.0,65.54154917588708,8.0,132.41818373854602
SEAS-016,75,seasonal,32,9,152.12248583557667,10.83560134050045,336.2064523370884,304.2064523370884,0.0,133.0,436.8437616773076,304.2064523370884,38.03062145889417,10.0,56.53754708836595
SEAS-016,76,seasonal,32,9,192.58378442876986,9.870962335856426,304.2064523370884,272.2064523370884,133.0,128.0,532.9637551423443,405.2064523370884,48.145946107192465,10.0,51.504294070419725
SEAS-016,77,seasonal,34,9,210.0870068152905,9.81364826696428,272.2064523370884,238.20645233708842,261.0,78.0,576.4227601591888,499.2064523370884,52.52175170382262,10.0,51.20524312096261
SEAS-016,78,seasonal,52,9,236.77805378683317,9.109026236341494,238.20645233708842,186.20645233708842,339.0,115.0,639.473830252649,525.2064523370884,59.19451344670829,10.0,47.52869578556609
SEAS-016,79,seasonal,42,9,278.571462904049,9.35893923421572,186.20645233708842,144.20645233708842,454.0,148.0,745.2613386244582,598.2064523370884,69.64286572601225,10.0,48.832681364335656
SEAS-016,80,seasonal,58,9,220.0067691020163,10.510678330838486,144.20645233708842,86.20645233708842,602.0,0.0,604.8591001651043,688.2064523370884,55.00169227550408,10.0,54.842177410063584
SEAS-016,81,seasonal,40,9,261.11082545937285,10.3558480938834,86.20645233708842,46.20645233708842,602.0,59.0,706.8113743294169,648.2064523370884,65.27770636484321,10.0,54.03431068098487
SEAS-016,82,seasonal,38,9,314.5964378484575,10.324851771457197,46.20645233708842,8.206452337088422,661.0,172.0,840.3636739885017,669.2064523370884,78.64910946211438,10.0,53.87257936735787
SEAS-016,83,seasonal,109,9,271.64541264323327,22.603324012415854,8.206452337088422,0.0,833.0,0.0,797.0522094485999,833.0,67.91135316080832,10.0,117.93867784051675
SEAS-016,84,seasonal,53,9,273.37223034186223,22.017184430721585,0.0,0.0,833.0,0.0,798.3109191220342,833.0,68.34305758546556,10.0,114.88034326737858
SEAS-016,85,seasonal,127,9,335.37814682327183,31.29737434714995,133.0,6.0,700.0,296.0,1001.7474967960463,706.0,83.84453670581796,10.0,163.3021297378667
SEAS-016,86,seasonal,110,9,258.40034662970163,34.731386824732894,134.0,24.0,868.0,0.0,827.2208428674109,892.0,64.60008665742541,10.0,181.2199762931567
SEAS-016,87,seasonal,51,9,254.447302201882,32.96423858730889,102.0,51.0,790.0,0.0,808.1176796987321,841.0,63.6118255504705,10.0,171.99942419402714
SEAS-016,88,seasonal,69,9,261.87225142585294,31.941051473468562,166.0,97.0,675.0,50.0,821.3413098674149,772.0,65.46806285646323,10.0,166.6606813027826
SEAS-016,89,seasonal,66,9,257.34384075887004,30.581542950458992,245.0,179.0,577.0,47.0,802.926696538607,756.0,64.33596018971751,10.0,159.56709464143182
SEAS-016,90,seasonal,65,9,256.8716638292387,29.11009165044718,179.0,114.0,624.0,57.0,794.068577217341,738.0,64.21791595730967,10.0,151.88941764424425
SEAS-016,91,seasonal,92,9,325.37193462798194,29.42548171838438,173.0,81.0,622.0,264.0,966.9648833082258,703.0,81.34298365699549,10.0,153.53504673827095
SEAS-016,92,seasonal,37,9,284.44492817944774,29.862290773756946,253.0,216.0,714.0,0.0,866.9265311908708,930.0,71.11123204486194,10.0,155.81421074225145
SEAS-016,93,seasonal,99,9,359.54571528217986,30.6012401290519,216.0,117.0,714.0,228.0,1058.5341579608053,831.0,89.88642882054496,10.0,159.66986975535576
SEAS-016,94,seasonal,62,9,347.84626612531406,29.166630036607014,117.0,55.0,942.0,25.0,1021.8000865820966,997.0,86.96156653132851,10.0,152.18442126881138
SEAS-016,95,seasonal,113,9,373.1497472154832,28.600699292150157,351.0,238.0,671.0,174.0,1082.1058995593621,909.0,93.2874368038708,10.0,149.23153152065402
SEAS-016,96,seasonal,62,9,447.40883326977695,27.723451148616803,238.0,176.0,845.0,243.0,1263.1763460540087,1021.0,111.85220831744424,10.0,144.65426287956652
SEAS-016,97,seasonal,165,9,376.7235247247593,35.75378767813743,176.0,11.0,1088.0,30.0,1128.363428479511,1099.0,94.18088118118982,10.0,186.5546166676128
SEAS-016,98,seasonal,61,9,375.1392136077819,34.09413815321125,61.0,0.0,1068.0,48.0,1115.7430008700355,1068.0,93.78480340194548,10.0,177.89496685058063
SEAS-016,99,seasonal,168,9,280.0258499358589,41.258410176064814,47.0,0.0,1069.0,0.0,915.3410303494725,1069.0,70.00646248396473,10.0,215.27640550982528
SEAS-017,75,seasonal,5,7,64.08557182911518,9.560200620145809,143.765471569044,138.765471569044,0.0,35.0,172.78768939908934,138.765471569044,16.021392957278795,8.0,44.61654574085899
SEAS-017,76,seasonal,13,7,69.49697445545765,9.078715598755,138.765471569044,125.765471569044,35.0,21.0,181.36344991558403,160.765471569044,17.37424361386441,8.0,42.369501004668734
SEAS-017,77,seasonal,24,7,70.61528952342994,8.555250299804683,125.765471569044,101.765471569044,56.0,24.0,181.15711735834475,157.765471569044,17.653822380857484,8.0,39.92653831148489
SEAS-017,78,seasonal,13,7,57.411877884118205,8.44970034364748,101.765471569044,88.765471569044,80.0,0.0,154.25770248735347,168.765471569044,14.352969471029551,8.0,39.43394671911707
SEAS-017,79,seasonal,18,7,93.98617176836004,7.20131754326768,88.765471569044,70.765471569044,80.0,71.0,221.58020662764676,150.765471569044,23.49654294209001,8.0,33.60786309092669
SEAS-017,80,seasonal,9,7,88.59324915002452,7.064719131731771,70.765471569044,61.765471569043996,151.0,0.0,210.1568696145398,212.765471569044,22.14831228750613,8.0,32.97037131449076
SEAS-017,81,seasonal,20,7,93.19779379118962,6.787054041637142,61.765471569043996,41.765471569043996,151.0,26.0,218.0701223673791,192.765471569044,23.299448447797406,8.0,31.67453478499984
SEAS-017,82,seasonal,16,7,86.01043033776702,6.7520177421082135,41.765471569043996,25.765471569043996,177.0,1.0,203.53188438763559,202.765471569044,21.502607584441755,8.0,31.511023712101554
SEAS-017,83,seasonal,27,7,82.96539492041724,7.454993164109778,60.765471569043996,33.765471569043996,143.0,24.0,200.7225328931076,176.765471569044,20.74134873010431,8.0,34.79174305227311
SEAS-017,84,seasonal,23,7,93.37057911177665,7.773228217611867,54.765471569043996,31.765471569043996,146.0,46.0,223.01807396048753,177.765471569044,23.342644777944162,8.0,36.276915736934214
SEAS-017,85,seasonal,28,7,148.89187288517513,7.773228217611863,55.765471569043996,27.765471569043996,168.0,139.0,334.06066150728446,195.765471569044,37.22296822129378,8.0,36.27691573693419
SEAS-017,86,seasonal,37,7,177.8708311474653,8.690548948463574,27.765471569043996,0.0,307.0,90.0,396.29962651329924,307.0,44.46770778686633,8.0,40.5579642183686
SEAS-017,87,seasonal,40,7,223.84658819241272,10.31988372027516,71.0,31.0,326.0,139.0,495.8550907986027,357.0,55.96164704810318,8.0,48.16191441377726
SEAS-017,88,seasonal,27,7,215.27189537342446,9.223020251745238,31.0,4.0,465.0,5.0,473.58674782284635,469.0,53.817973843356114,8.0,43.04295707599745
SEAS-017,89,seasonal,82,7,174.76390477233372,18.434568976065954,30.0,0.0,444.0,0.0,435.5601871707682,444.0,43.69097619308343,8.0,86.03237762610074
SEAS-017,90,seasonal,41,7,185.77185487413425,18.72780737915598,1.0,0.0,443.0,16.0,458.94460307234243,443.0,46.44296371853356,8.0,87.40089332407393
SEAS-017,91,seasonal,169,7,290.7180098876371,42.411446205367355,24.0,0.0,435.0,345.0,779.3661997727828,435.0,72.67950247190927,8.0,197.9301799975086
SEAS-017,92,seasonal,31,7,284.7042203181002,41.967020018471274,46.0,15.0,734.0,17.0,765.2645259484678,749.0,71.17605507952506,8.0,195.85608531226737
SEAS-017,93,seasonal,25,7,240.0140851245457,41.135174292842905,154.0,129.0,612.0,0.0,672.0021107883058,741.0,60.00352128113642,8.0,191.97394053921445
SEAS-017,94,seasonal,35,7,240.33838381756664,40.62713505237728,219.0,184.0,522.0,0.0,670.2797374268698,706.0,60.08459595439166,8.0,189.6029697917365
SEAS-017,95,seasonal,61,7,145.79644493910254,39.88910911064605,323.0,262.0,383.0,0.0,477.75156289254926,645.0,36.449111234775636,8.0,186.1586730143442
SEAS-017,96,seasonal,42,7,145.4063422139844,39.440640240291515,267.0,225.0,378.0,0.0,474.87839593841323,603.0,36.3515855534961,8.0,184.06571151044443
SEAS-017,97,seasonal,33,7,158.48946186984776,38.97961334351915,225.0,192.0,378.0,0.0,498.8930666330269,570.0,39.62236546746194,8.0,181.91414289333136
SEAS-017,98,seasonal,40,7,164.78812626807812,38.55299383100271,208.0,168.0,362.0,0.0,509.49940279759426,530.0,41.19703156701953,8.0,179.923150261438
SEAS-017,99,seasonal,59,7,151.71176703697193,38.36965948807428,513.0,454.0,17.0,12.0,482.49108041846193,471.0,37.927941759242984,8.0,179.0675463445181
SEAS-018,75,seasonal,62,8,184.85165503593385,16.034018323232132,427.60634580629926,365.60634580629926,0.0,130.0,495.2846145308502,365.60634580629926,46.21291375898346,9.0,79.36839069999905
SEAS-018,76,seasonal,104,8,197.0948375723619,22.09246303780824,365.60634580629926,261.60634580629926,130.0,162.0,552.8210765749651,391.60634580629926,49.27370939309048,9.0,109.3576920371508
SEAS-018,77,seasonal,35,8,179.82599115795463,22.582611872287032,261.60634580629926,226.60634580629926,292.0,0.0,516.3924088732188,518.6063458062993,44.95649778948866,9.0,111.78392876782081
SEAS-018,78,seasonal,38,8,236.18483366802565,19.985250971910677,226.60634580629926,188.60634580629926,292.0,150.0,630.3428680640155,480.60634580629926,59.04620841700641,9.0,98.92699231095784
SEAS-018,79,seasonal,32,8,198.08886050335946,19.985250971910677,188.60634580629926,156.60634580629926,442.0,0.0,544.6269284435166,598.6063458062993,49.522215125839864,9.0,98.92699231095784
SEAS-018,80,seasonal,60,8,232.1864058319608,20.27060521783788,156.60634580629926,96.60634580629926,442.0,85.0,622.7589089502093,538.6063458062993,58.0466014579902,9.0,100.33949582829749
SEAS-018,81,seasonal,46,8,240.45413010937426,20.064639134301515,96.60634580629926,50.60634580629926,527.0,63.0,640.3417564608845,577.6063458062993,60.113532527343565,9.0,99.3199637147925
SEAS-018,82,seasonal,102,8,258.7895292949109,25.10924847490182,50.60634580629926,0.0,590.0,117.0,706.5672208643135,590.0,64.69738232372772,9.0,124.29077995076398
SEAS-018,83,seasonal,60,8,299.49799668464465,24.402343309083232,0.0,0.0,707.0,88.0,794.6620919204124,707.0,74.87449917116116,9.0,120.79159937996201
SEAS-018,84,seasonal,111,8,245.3781585256061,28.65354499927786,130.0,19.0,665.0,10.0,693.9359044290392,684.0,61.344539631401524,9.0,141.8350477464254
SEAS-018,85,seasonal,51,8,249.40096980823856,28.321415291304994,181.0,130.0,513.0,59.0,701.3431877604964,643.0,62.35024245205964,9.0,140.19100569195973
SEAS-018,86,seasonal,71,8,237.65501215038412,27.635911234182057,130.0,59.0,572.0,41.0,671.5215379475654,631.0,59.41375303759603,9.0,136.79776060920116
SEAS-018,87,seasonal,60,8,235.6949837691314,26.43860813280458,209.0,149.0,463.0,50.0,661.1848237379284,612.0,58.92374594228285,9.0,130.87111025738267
SEAS-018,88,seasonal,54,8,213.57010067337123,26.581755840985068,149.0,95.0,513.0,5.0,612.1124179279614,608.0,53.39252516834281,9.0,131.5796914128761
SEAS-018,89,seasonal,78,8,265.2258004205169,24.13689589797627,180.0,102.0,433.0,182.0,716.2356856411456,535.0,66.30645010512923,9.0,119.47763469498253
SEAS-018,90,seasonal,56,8,225.59921199000837,22.894686428659966,165.0,109.0,552.0,0.0,620.9269247993857,661.0,56.39980299750209,9.0,113.32869782186683
SEAS-018,91,seasonal,55,8,215.45244939990175,21.807432278104244,226.0,171.0,435.0,0.0,592.7148009263949,606.0,53.86311234997544,9.0,107.94678977661601
SEAS-018,92,seasonal,68,8,295.64160109512125,19.529727504761986,259.0,191.0,347.0,224.0,761.8657536125946,538.0,73.91040027378031,9.0,96.67215114857183
SEAS-018,93,seasonal,57,8,257.644530931537,19.637744922496218,201.0,144.0,561.0,0.0,676.9070319623145,705.0,64.41113273288425,9.0,97.20683736635627
SEAS-018,94,seasonal,82,8,345.5720828698237,18.980421761815798,203.0,121.0,502.0,249.0,871.4902741780915,623.0,86.39302071745593,9.0,93.9530877209882
SEAS-018,95,seasonal,120,8,377.793019369326,21.962088546705523,162.0,42.0,710.0,207.0,958.7466318871758,752.0,94.4482548423315,9.0,108.71233830619234
SEAS-018,96,seasonal,107,8,369.19574361556425,23.792640534201837,92.0,0.0,867.0,82.0,948.4639937793187,867.0,92.29893590389106,9.0,117.77357064429908
SEAS-018,97,seasonal,69,8,375.29160651406545,21.14449676842048,5.0,0.0,944.0,6.0,949.0713736603286,944.0,93.82290162851636,9.0,104.66525900368137
SEAS-018,98,seasonal,188,8,276.4974914750226,37.75460576420123,182.0,0.0,768.0,42.0,809.0046543515971,768.0,69.12437286875566,9.0,186.88529853279607
SEAS-018,99,seasonal,80,8,283.56712825077557,37.61989380974394,0.0,0.0,810.0,15.0,824.2445129224775,810.0,70.89178206269389,9.0,186.21847435823253
SEAS-019,75,seasonal,23,8,153.3398370870035,6.152964680458845,222.0558545259974,199.0558545259974,0.0,177.0,375.4718086140292,199.0558545259974,38.334959271750876,9.0,30.457175168271277
SEAS-019,76,seasonal,40,8,134.09234075003968,8.390317985477996,199.0558545259974,159.0558545259974,177.0,8.0,343.2398407157054,336.0558545259974,33.52308518750992,9.0,41.53207402811608
SEAS-019,77,seasonal,29,8,132.7013432813946,8.68759799797151,159.0558545259974,130.0558545259974,185.0,27.0,341.5816324730968,315.0558545259974,33.17533582034865,9.0,43.003610089958975
SEAS-019,78,seasonal,29,8,126.97827195302312,8.845540669941512,130.0558545259974,101.0558545259974,212.0,17.0,329.4865382105125,313.0558545259974,31.74456798825578,9.0,43.785426316210476
SEAS-019,79,seasonal,28,8,134.56812691276446,8.312024036884347,101.0558545259974,73.0558545259974,229.0,42.0,343.9228045362975,302.0558545259974,33.642031728191114,9.0,41.144518982577516
SEAS-019,80,seasonal,31,8,129.456629695942,8.496605657102563,73.0558545259974,42.055854525997404,271.0,21.0,333.3356148185272,313.0558545259974,32.3641574239855,9.0,42.05819800265768
SEAS-019,81,seasonal,37,8,152.84482246642628,9.0794216465531,42.055854525997404,5.055854525997404,292.0,92.0,388.84398769989696,297.0558545259974,38.21120561660657,9.0,44.94313715043785
SEAS-019,82,seasonal,45,8,166.550177290212,9.712534856222286,5.055854525997404,0.0,384.0,39.0,422.8149464412773,384.0,41.637544322553,9.0,48.07704753830031
SEAS-019,83,seasonal,40,8,272.7912896026101,9.63633614808937,0.0,0.0,423.0,239.0,661.4802655389151,423.0,68.19782240065253,9.0,47.69986393304238
SEAS-019,84,seasonal,54,8,271.43684370108275,10.206207261596552,177.0,123.0,485.0,54.0,661.253624272339,608.0,67.85921092527069,9.0,50.520725944902935
SEAS-019,85,seasonal,48,8,266.84723348743705,10.515556241917142,131.0,83.0,531.0,39.0,652.4582787442232,614.0,66.71180837185926,9.0,52.05200339748985
SEAS-019,86,seasonal,59,8,268.5174328208795,10.82553960282383,110.0,51.0,543.0,64.0,657.7506448809568,594.0,67.12935820521987,9.0,53.586421033977956
SEAS-019,87,seasonal,101,8,279.11288242157474,20.37784115789525,68.0,0.0,590.0,139.0,728.8742991801247,590.0,69.77822060539368,9.0,100.87031373158148
SEAS-019,88,seasonal,92,8,282.0986428927476,23.389401500767434,42.0,0.0,687.0,64.0,750.4994839374809,687.0,70.5246607231869,9.0,115.7775374287988
SEAS-019,89,seasonal,78,8,376.26003213481033,24.55788556838196,21.0,0.0,730.0,239.0,968.146605866814,730.0,94.06500803370258,9.0,121.56153356349068
SEAS-019,90,seasonal,85,8,351.7493127126374,25.164331696740703,92.0,7.0,877.0,32.0,915.9993955023006,884.0,87.93732817815935,9.0,124.56344189886647
SEAS-019,91,seasonal,147,8,352.5011097945582,34.275841832598836,46.0,0.0,870.0,93.0,962.7929141091201,870.0,88.12527744863955,9.0,169.66541707136423
SEAS-019,92,seasonal,104,8,486.1493718231785,33.91864323604878,239.0,135.0,724.0,403.0,1261.7333706205932,859.0,121.53734295579463,9.0,167.89728401844147
SEAS-019,93,seasonal,96,8,367.0847456800983,32.30801281892297,189.0,93.0,1073.0,0.0,985.8653412338899,1166.0,91.77118642002458,9.0,159.9246634536687
SEAS-019,94,seasonal,67,8,509.7720128627334,30.31184079378372,132.0,65.0,1034.0,199.0,1297.0306408703796,1099.0,127.44300321568335,9.0,150.0436119292294
SEAS-019,95,seasonal,80,8,503.19492977381213,28.629373476222355,129.0,49.0,1169.0,56.0,1273.903990698378,1218.0,125.79873244345303,9.0,141.71539870730066
SEAS-019,96,seasonal,117,8,378.1284968501707,27.413967991256563,188.0,71.0,1086.0,0.0,986.4882594696039,1157.0,94.53212421254267,9.0,135.69914155671998
SEAS-019,97,seasonal,55,8,369.44085879295125,27.31558210327988,135.0,80.0,1022.0,0.0,966.4540636953757,1102.0,92.36021469823781,9.0,135.2121314112354
SEAS-019,98,seasonal,117,8,296.5238872422223,25.800019876756373,319.0,202.0,783.0,0.0,794.8888446849443,985.0,74.13097181055558,9.0,127.71009838994405
SEAS-019,99,seasonal,71,8,295.68856690178967,24.706482072732545,234.0,163.0,751.0,0.0,787.5963617890528,914.0,73.92214172544742,9.0,122.29708626002609
SEAS-020,75,seasonal,54,9,144.80537077273232,22.70970649812035,510.8168862712465,456.8168862712465,0.0,24.0,480.50718285300877,456.8168862712465,36.20134269318308,10.0,118.49375592117799
SEAS-020,76,seasonal,57,9,180.23491000985518,22.948660650265108,456.8168862712465,399.8168862712465,24.0,147.0,570.3278359180835,423.8168862712465,45.058727502463796,10.0,119.74056089344553
SEAS-020,77,seasonal,43,9,182.67963880326698,21.883725366066823,399.8168862712465,356.8168862712465,171.0,44.0,570.8830831546832,527.8168862712465,45.669909700816746,10.0,114.18398614651579
SEAS-020,78,seasonal,56,9,242.38624552230505,22.289183302842055,356.8168862712465,300.8168862712465,215.0,207.0,722.2651814020221,515.8168862712465,60.59656138057626,10.0,116.29956759625955
SEAS-020,79,seasonal,21,9,174.42925840796062,21.953038455664814,300.8168862712465,279.8168862712465,422.0,0.0,550.6187911038257,701.8168862712465,43.607314601990154,10.0,114.5456450839242
SEAS-020,80,seasonal,70,9,166.26075723825235,22.676939602679866,279.8168862712465,209.81688627124652,422.0,0.0,533.9746792814254,631.8168862712465,41.56518930956309,10.0,118.32278618579454
SEAS-020,81,seasonal,76,9,205.44866091081212,22.64412529236692,209.81688627124652,133.81688627124652,422.0,76.0,631.7732213281047,555.8168862712465,51.36216522770303,10.0,118.15156905107438
SEAS-020,82,seasonal,80,9,190.6072236425579,24.192338265848377,133.81688627124652,53.81688627124652,498.0,51.0,602.7478290011875,551.8168862712465,47.651805910639474,10.0,126.22976989479277
SEAS-020,83,seasonal,54,9,234.8406638054066,24.167948683943877,53.81688627124652,0.0,549.0,165.0,713.2041704688135,549.0,58.71016595135165,10.0,126.10251095529698
SEAS-020,84,seasonal,51,9,214.12950107825796,22.511250748379382,0.0,0.0,714.0,0.0,652.7820145133255,714.0,53.53237526956449,10.0,117.45826181768058
SEAS-020,85,seasonal,49,9,209.7805948722842,20.895036829413947,24.0,0.0,690.0,0.0,633.476735667895,690.0,52.44514871807105,10.0,109.02524848718454
SEAS-020,86,seasonal,57,9,190.09768910502765,17.7976518186083,147.0,90.0,543.0,0.0,568.1080653991454,633.0,47.524422276256914,10.0,92.86384263657627
SEAS-020,87,seasonal,45,9,222.74467693357906,15.148411103952785,134.0,89.0,499.0,48.0,635.9024376687239,588.0,55.686169233394764,10.0,79.04074533477625
SEAS-020,88,seasonal,44,9,238.2230849433937,15.445935487270564,296.0,252.0,340.0,85.0,676.1508679659504,592.0,59.555771235848425,10.0,80.5931556074662
SEAS-020,89,seasonal,31,9,198.89413546177968,16.670640551888145,252.0,221.0,425.0,0.0,584.2187090810386,646.0,49.72353386544492,10.0,86.98337042658936
SEAS-020,90,seasonal,26,9,172.46309954437208,18.051564318888694,221.0,195.0,425.0,0.0,525.3464455125089,620.0,43.11577488609302,10.0,94.18869665157867
SEAS-020,91,seasonal,129,9,214.41094176610113,28.274070752600835,271.0,142.0,349.0,193.0,683.554617215153,491.0,53.60273544152528,10.0,147.52726279990014
SEAS-020,92,seasonal,90,9,176.6049650835129,27.54506796562264,193.0,103.0,491.0,0.0,585.2359152833707,594.0,44.151241270878224,10.0,143.72350257458845
SEAS-020,93,seasonal,39,9,162.3741967259307,28.10214883653509,268.0,229.0,326.0,0.0,552.5657076378545,555.0,40.59354918148267,10.0,146.63021582302787
SEAS-020,94,seasonal,18,9,229.62656330501775,29.78491271837181,229.0,211.0,326.0,193.0,729.4768790265086,537.0,57.40664082625444,10.0,155.41047076396416
SEAS-020,95,seasonal,29,9,155.80118739194404,29.553515127819523,211.0,182.0,519.0,0.0,543.7060625823108,701.0,38.95029684798601,10.0,154.20309410245068
SEAS-020,96,seasonal,34,9,161.8534582226567,29.89854640150718,182.0,148.0,519.0,0.0,560.6370293956816,667.0,40.46336455566418,10.0,156.00338383903983
SEAS-020,97,seasonal,37,9,162.41480609272824,30.087053182901947,196.0,159.0,471.0,0.0,563.0239818637921,630.0,40.60370152318206,10.0,156.98696663197146
SEAS-020,98,seasonal,56,9,153.67886768124387,30.16301862061709,244.0,188.0,386.0,0.0,541.5805051160231,574.0,38.41971692031097,10.0,157.38333591291345
SEAS-020,99,seasonal,25,9,109.35063801433283,30.742311942821487,188.0,163.0,386.0,0.0,433.7825433957068,549.0,27.337659503583208,10.0,160.40594835987474
SEAS-021,75,seasonal,44,6,134.25774177356894,9.06316863139074,327.8241783732257,283.8241783732257,0.0,0.0,274.51621708043314,283.8241783732257,33.564435443392235,7.0,39.56516897668751
SEAS-021,76,seasonal,41,6,152.19548637329183,9.088595276640033,283.8241783732257,242.82417837322572,0.0,64.0,306.0182698869553,242.82417837322572,38.04887159332296,7.0,39.67616873369459
SEAS-021,77,seasonal,29,6,118.6426627763507,10.144469252270213,242.82417837322572,213.82417837322572,64.0,0.0,251.9102355186235,277.8241783732257,29.660665694087676,7.0,44.28557566000976
SEAS-021,78,seasonal,18,6,93.68203239403945,12.419484278487129,213.82417837322572,195.82417837322572,64.0,0.0,218.16068693028217,259.8241783732257,23.420508098509863,7.0,54.217130240713104
SEAS-021,79,seasonal,42,6,141.90132103609625,11.881357947081042,195.82417837322572,153.82417837322572,64.0,83.0,300.1952571166021,217.82417837322572,35.47533025902406,7.0,51.86794530343364
SEAS-021,80,seasonal,28,6,120.08206743880352,9.92342476035154,153.82417837322572,125.82417837322572,147.0,0.0,253.46422623332518,272.8241783732257,30.02051685970088,7.0,43.320608215419
SEAS-021,81,seasonal,20,6,129.21505194223784,10.523478025044225,125.82417837322572,105.82417837322572,147.0,20.0,272.06647543875454,252.82417837322572,32.30376298555946,7.0,45.94013453983828
SEAS-021,82,seasonal,28,6,162.95692578131133,10.566031688435569,105.82417837322572,77.82417837322572,167.0,87.0,331.3005222348017,244.82417837322572,40.73923144532783,7.0,46.12590211750688
SEAS-021,83,seasonal,18,6,118.44185289916234,11.346523244747207,141.82417837322572,123.82417837322572,190.0,0.0,256.8063725123785,313.8241783732257,29.610463224790585,7.0,49.53312993884438
SEAS-021,84,seasonal,25,6,137.03663797656236,8.9399707450906,123.82417837322572,98.82417837322572,190.0,0.0,278.84146633649334,288.8241783732257,34.25915949414059,7.0,39.02734987750919
SEAS-021,85,seasonal,72,6,144.1323397568937,14.557577989592769,98.82417837322572,26.82417837322572,190.0,99.0,315.78255081018267,216.82417837322572,36.03308493922343,7.0,63.55095623561866
SEAS-021,86,seasonal,36,6,144.83153067542187,14.557577989592769,109.82417837322572,73.82417837322572,206.0,38.0,317.00613491760697,279.8241783732257,36.20788266885547,7.0,63.55095623561866
SEAS-021,87,seasonal,26,6,134.42509027679964,14.701735463577917,73.82417837322572,47.82417837322572,244.0,8.0,299.4241821825814,291.8241783732257,33.60627256919991,7.0,64.180274198182
SEAS-021,88,seasonal,20,6,123.20391069175554,14.691267247359304,67.82417837322572,47.82417837322572,232.0,0.0,279.7414190190591,279.8241783732257,30.800977672938885,7.0,64.1345753084869
SEAS-021,89,seasonal,30,6,124.10785078128849,14.380809862719527,134.82417837322572,104.82417837322572,145.0,31.0,279.9680156722152,249.82417837322572,31.026962695322123,7.0,62.7792768049603
SEAS-021,90,seasonal,27,6,110.85663286775072,14.404860290887894,104.82417837322572,77.82417837322572,176.0,4.0,256.88337621908994,253.82417837322572,27.71415821693768,7.0,62.88426870052619
SEAS-021,91,seasonal,29,6,119.38777423670444,13.957352625325878,77.82417837322572,48.82417837322572,180.0,42.0,269.8592835265199,228.82417837322572,29.84694355917611,7.0,60.93067861228713
SEAS-021,92,seasonal,30,6,141.4689605040418,13.549056169228983,147.82417837322572,117.82417837322572,123.0,66.0,306.718945535725,240.82417837322572,35.36724012601045,7.0,59.14826465365184
SEAS-021,93,seasonal,36,6,180.8149914450071,13.635831380443816,155.82417837322572,119.82417837322572,151.0,106.0,375.95331596999955,270.8241783732257,45.20374786125178,7.0,59.5270809412371
SEAS-021,94,seasonal,37,6,222.72838822528155,13.353190341925453,127.82417837322572,90.82417837322572,249.0,109.0,448.06789380341576,339.8241783732257,55.68209705632039,7.0,58.29321440917308
SEAS-021,95,seasonal,29,6,212.58653164125224,13.332051220408232,90.82417837322572,61.82417837322572,358.0,11.0,430.22736216489074,419.8241783732257,53.14663291031306,7.0,58.200931792699336
SEAS-021,96,seasonal,33,6,239.07611977319834,12.658735708734449,92.82417837322572,59.82417837322572,338.0,76.0,473.6447894894742,397.8241783732257,59.769029943299586,7.0,55.26157988637712
SEAS-021,97,seasonal,69,6,196.60758731204635,15.809361069818618,63.82417837322572,0.0,410.0,4.0,413.0788801290652,410.0,49.15189682801159,7.0,69.01560233298407
SEAS-021,98,seasonal,38,6,200.99981615207525,11.724946011575401,42.0,4.0,372.0,27.0,402.9348088819055,376.0,50.249954038018814,7.0,51.185130615773815
SEAS-021,99,seasonal,47,6,205.0692046274575,12.277245995367535,70.0,23.0,333.0,57.0,412.46729858408577,356.0,51.26730115686438,7.0,53.59619048603515
SEAS-022,75,seasonal,38,5,216.61862972437544,35.273110263943366,364.78496405973016,326.78496405973016,0.0,141.0,467.4897955360855,326.78496405973016,54.15465743109386,6.0,142.56185094952235
SEAS-022,76,seasonal,37,5,210.9979805486061,30.68804995851658,326.78496405973016,289.78496405973016,141.0,10.0,440.52757576192585,430.78496405973016,52.74949513715153,6.0,124.03060493901674
SEAS-022,77,seasonal,74,5,222.8242160343241,31.658635958759024,289.78496405973016,215.78496405973016,151.0,96.0,462.1897057364396,366.78496405973016,55.70605400858103,6.0,127.9533816849534
SEAS-022,78,seasonal,36,5,192.3894471846591,31.238741561704646,215.78496405973016,179.78496405973016,247.0,0.0,414.8404828811913,426.78496405973016,48.097361796164776,6.0,126.25631210420264
SEAS-022,79,seasonal,56,5,174.64769377391852,30.97165784622432,179.78496405973016,123.78496405973016,247.0,17.0,387.1483917095502,370.78496405973016,43.66192344347963,6.0,125.17685104867239
SEAS-022,80,seasonal,16,5,94.23779666764239,32.302258395287105,123.78496405973016,107.78496405973016,264.0,0.0,271.91137850464304,371.78496405973016,23.559449166910596,6.0,130.55468350317946
SEAS-022,81,seasonal,21,5,150.54523296050814,16.705979276586653,248.78496405973016,227.78496405973016,123.0,0.0,293.3377054946553,350.78496405973016,37.636308240127036,6.0,67.51985605389311
SEAS-022,82,seasonal,15,5,99.99857456903585,17.80917366602577,237.78496405973016,222.78496405973016,113.0,0.0,221.97645242047156,335.78496405973016,24.999643642258963,6.0,71.97859056691777
SEAS-022,83,seasonal,16,5,67.24367801364558,18.519566921889886,318.78496405973016,302.78496405973016,17.0,0.0,175.7152742267956,319.78496405973016,16.810919503411395,6.0,74.84975720632724
SEAS-022,84,seasonal,13,5,73.10051949949006,19.517579189948137,302.78496405973016,289.78496405973016,17.0,0.0,188.5341607983001,306.78496405973016,18.275129874872516,6.0,78.88338154906499
SEAS-022,85,seasonal,30,5,68.77920776152773,19.42011909440889,306.78496405973016,276.78496405973016,0.0,0.0,181.6582928091724,276.78496405973016,17.194801940381932,6.0,78.48948116688081
SEAS-022,86,seasonal,16,5,53.2526931028174,19.974984355438156,276.78496405973016,260.78496405973016,0.0,0.0,160.61109648421143,260.78496405973016,13.31317327570435,6.0,80.73205682998534
SEAS-022,87,seasonal,9,5,57.92552857221448,19.087517736293854,260.78496405973016,251.78496405973016,0.0,0.0,164.03351306022395,251.78496405973016,14.48138214305362,6.0,77.14522020190223
SEAS-022,88,seasonal,17,5,91.41982507906066,19.15088536481824,251.78496405973016,234.78496405973016,0.0,0.0,214.5310681080499,234.78496405973016,22.854956269765164,6.0,77.40133048945894
SEAS-022,89,seasonal,9,5,64.80770744472659,19.54973932543109,234.78496405973016,225.78496405973016,0.0,0.0,176.2249229874417,225.78496405973016,16.201926861181647,6.0,79.01336182035182
SEAS-022,90,seasonal,9,5,67.20692446813095,13.373816746126499,225.78496405973016,216.78496405973016,0.0,0.0,154.86278115566938,216.78496405973016,16.801731117032737,6.0,54.05239445347295
SEAS-022,91,seasonal,12,5,72.83831588252491,12.652657570239656,216.78496405973016,204.78496405973016,0.0,0.0,160.3951894702498,204.78496405973016,18.209578970631227,6.0,51.13771564646243
SEAS-022,92,seasonal,22,5,76.19393284918918,5.988236331255949,204.78496405973016,182.78496405973016,0.0,0.0,138.49330300055925,182.78496405973016,19.048483212297295,6.0,24.202403726775472
SEAS-022,93,seasonal,7,5,68.3629006865234,6.460927932084454,182.78496405973016,175.78496405973016,0.0,0.0,128.65721258231372,175.78496405973016,17.09072517163085,6.0,26.112861552528628
SEAS-022,94,seasonal,16,5,82.99823195336215,6.223404954746926,175.78496405973016,159.78496405973016,0.0,0.0,149.65022282307692,159.78496405973016,20.749557988340538,6.0,25.152874893033694
SEAS-022,95,seasonal,20,5,71.85203434044085,6.396112601436577,159.78496405973016,139.78496405973016,0.0,0.0,133.62895165865473,139.78496405973016,17.963008585110213,6.0,25.85090014799345
SEAS-022,96,seasonal,13,5,64.08145617651337,6.414127036551817,139.78496405973016,126.78496405973016,0.0,0.0,122.04589259992426,126.78496405973016,16.020364044128343,6.0,25.923708335154195
SEAS-022,97,seasonal,9,5,64.74676124104357,6.603223765901279,126.78496405973016,117.78496405973016,0.0,7.0,123.80811451996288,117.78496405973016,16.186690310260893,6.0,26.68797265839753
SEAS-022,98,seasonal,11,5,58.773439868590195,4.7339472335732475,117.78496405973016,106.78496405973016,7.0,0.0,107.29315586888417,113.78496405973016,14.693359967147549,6.0,19.132996065998878
SEAS-022,99,seasonal,10,5,57.73959258545307,4.717670002915598,106.78496405973016,96.78496405973016,7.0,2.0,105.67659794344272,103.78496405973016,14.434898146363267,6.0,19.067209065263107
SEAS-023,75,seasonal,17,9,91.99002998171933,13.554732355556455,407.393456195985,390.393456195985,0.0,0.0,300.7003900282355,390.393456195985,22.997507495429833,10.0,70.7253150739372
SEAS-023,76,seasonal,28,9,112.51009036673818,13.781723311541894,390.393456195985,362.393456195985,0.0,0.0,353.1849248989181,362.393456195985,28.127522591684546,10.0,71.90969898207267
SEAS-023,77,seasonal,17,9,120.85257633663355,13.446475088575896,362.393456195985,345.393456195985,0.0,27.0,372.29189567959725,345.393456195985,30.213144084158387,10.0,70.16045483801341
SEAS-023,78,seasonal,20,9,122.12805078800673,12.427224043844115,345.393456195985,325.393456195985,27.0,18.0,370.1623763734135,352.393456195985,30.532012697001683,10.0,64.84224940339672
SEAS-023,79,seasonal,37,9,152.62258459468654,12.185005497510408,325.393456195985,288.393456195985,45.0,112.0,445.1348730984963,333.393456195985,38.155646148671636,10.0,63.57841161177999
SEAS-023,80,seasonal,32,9,161.93373998479666,11.821861539385841,288.393456195985,256.393456195985,157.0,54.0,466.5179642305376,413.393456195985,40.483434996199165,10.0,61.68361426854596
SEAS-023,81,seasonal,47,9,150.35119362523278,13.234085750100972,256.393456195985,209.39345619598498,211.0,25.0,444.93024270157196,420.393456195985,37.587798406308195,10.0,69.05225863849003
SEAS-023,82,seasonal,25,9,134.9415854096393,12.22964032848483,209.39345619598498,184.39345619598498,236.0,0.0,401.1652688884903,420.393456195985,33.73539635240982,10.0,63.81130536439206
SEAS-023,83,seasonal,32,9,147.40619919754798,11.086489814646312,184.39345619598498,152.39345619598498,236.0,38.0,426.36212046026145,388.393456195985,36.851549799386994,10.0,57.8466224663915
SEAS-023,84,seasonal,22,9,172.9692905486482,11.250641007379226,152.39345619598498,130.39345619598498,274.0,87.0,491.1263500599663,404.393456195985,43.24232263716205,10.0,58.70312368834583
SEAS-023,85,seasonal,33,9,200.71447592108564,11.217545780309226,130.39345619598498,97.39345619598498,361.0,102.0,560.3166306006442,458.393456195985,50.17861898027141,10.0,58.5304407979301
SEAS-023,86,seasonal,24,9,279.66638796549154,10.650027085556022,97.39345619598498,73.39345619598498,463.0,219.0,754.7352354229181,536.393456195985,69.91659699137288,10.0,55.56926550918924
SEAS-023,87,seasonal,41,9,301.0008250819162,9.245234392613254,100.39345619598498,59.39345619598498,655.0,87.0,800.7414597063796,714.393456195985,75.25020627047905,10.0,48.23939700158909
SEAS-023,88,seasonal,64,9,228.7887493409763,12.751571044485624,77.39345619598498,13.393456195984982,724.0,0.0,638.506486958385,737.393456195985,57.197187335244074,10.0,66.53461360594432
SEAS-023,89,seasonal,51,9,201.0557723800048,13.64523021763678,125.39345619598498,74.39345619598498,612.0,0.0,573.8369419804061,686.393456195985,50.2639430950012,10.0,71.19751103039404
SEAS-023,90,seasonal,69,9,209.45841746780948,15.647970295184441,128.39345619598498,59.39345619598498,558.0,0.0,605.2933680404,617.393456195985,52.36460436695237,10.0,81.64732437087626
SEAS-023,91,seasonal,22,9,156.84159551052275,15.462527076443356,84.39345619598498,62.39345619598498,533.0,0.0,472.783715283223,595.393456195985,39.21039887763069,10.0,80.67972650691608
SEAS-023,92,seasonal,35,9,149.6472960888821,15.4873811330055,62.39345619598498,27.39345619598498,533.0,0.0,454.92764918504247,560.393456195985,37.41182402222052,10.0,80.80940896283728
SEAS-023,93,seasonal,25,9,108.00038246781345,15.839742292645932,65.39345619598498,40.39345619598498,495.0,0.0,352.64890044105016,535.393456195985,27.000095616953363,10.0,82.64794427151652
SEAS-023,94,seasonal,20,9,87.88378179173515,16.281576815214915,127.39345619598498,107.39345619598498,408.0,0.0,304.6627844272026,515.393456195985,21.970945447933786,10.0,84.95332994786476
SEAS-023,95,seasonal,27,9,104.22285141920264,16.18205717326986,209.39345619598498,182.39345619598498,306.0,0.0,344.99118907409456,488.393456195985,26.05571285480066,10.0,84.43406052608795
SEAS-023,96,seasonal,27,9,94.7737462024832,16.33778066088161,401.393456195985,374.393456195985,87.0,0.0,322.1809535272589,461.393456195985,23.6934365506208,10.0,85.24658802105088
SEAS-023,97,seasonal,14,9,69.6294413018719,17.02034981110282,461.393456195985,447.393456195985,0.0,0.0,262.88167201491734,447.393456195985,17.407360325467977,10.0,88.80806876023756
SEAS-023,98,seasonal,21,9,79.81564417199938,17.44441722465077,447.393456195985,426.393456195985,0.0,0.0,290.5598603888783,426.393456195985,19.953911042999845,10.0,91.02074995887986
SEAS-023,99,seasonal,30,9,92.87817436619567,17.2403819340167,426.393456195985,396.393456195985,0.0,0.0,322.1515790759632,396.393456195985,23.219543591548916,10.0,89.95614316047403
SEAS-024,75,seasonal,40,5,187.21194701530806,16.021620008360834,425.5681239836928,385.5681239836928,0.0,0.0,345.57183041382393,385.5681239836928,46.802986753827014,6.0,64.75390989086182
SEAS-024,76,seasonal,55,5,232.9806151355751,15.9120177127952,385.5681239836928,330.5681239836928,0.0,84.0,413.7818575912482,330.5681239836928,58.24515378389378,6.0,64.31093488788554
SEAS-024,77,seasonal,65,5,275.0391451874836,15.072049186048561,330.5681239836928,265.5681239836928,84.0,124.0,473.47478708974205,349.5681239836928,68.7597862968709,6.0,60.91606930851666
SEAS-024,78,seasonal,45,5,263.0675273861978,10.473409554309818,265.5681239836928,220.56812398369277,208.0,9.0,436.931231383458,428.5681239836928,65.76688184654945,6.0,42.32994030416123
SEAS-024,79,seasonal,66,5,291.1714436917975,10.473409554309818,220.56812398369277,154.56812398369277,217.0,108.0,479.08710584185746,371.5681239836928,72.79286092294937,6.0,42.32994030416123
SEAS-024,80,seasonal,197,5,362.4522955679632,40.92676385936226,154.56812398369277,0.0,325.0,385.0,709.090429011993,325.0,90.6130738919908,6.0,165.41198566004823
SEAS-024,81,seasonal,130,5,324.3901347228653,44.025342352226744,0.0,0.0,710.0,0.0,664.5205825328884,710.0,81.09753368071632,6.0,177.93538044859045
SEAS-024,82,seasonal,39,5,323.56494191871764,44.90074523966082,84.0,45.0,626.0,0.0,666.8208724760616,671.0,80.89123547967941,6.0,181.47345959798514
SEAS-024,83,seasonal,35,5,350.52576462138046,45.400355810195016,169.0,134.0,502.0,74.0,709.2813616271067,636.0,87.63144115534512,6.0,183.49271469503591
SEAS-024,84,seasonal,99,5,242.63985460823775,45.744692840557185,143.0,44.0,567.0,0.0,548.8441891468813,611.0,60.65996365205944,6.0,184.88440723452462
SEAS-024,85,seasonal,33,5,211.61131740764242,46.6483022473927,152.0,119.0,459.0,0.0,505.9534636023061,578.0,52.902829351910604,6.0,188.5364874908425
SEAS-024,86,seasonal,50,5,223.656582016368,46.81770429973512,504.0,454.0,74.0,0.0,524.7060256882661,528.0,55.914145504092,6.0,189.22115266371415
SEAS-024,87,seasonal,20,5,154.8677541769289,48.91856131393933,454.0,434.0,74.0,0.0,430.01372964623056,508.0,38.71693854423223,6.0,197.71209838083718
SEAS-024,88,seasonal,29,5,152.70856218072993,49.520262623055736,434.0,405.0,74.0,0.0,429.20681260701684,479.0,38.17714054518248,6.0,200.14396933592195
SEAS-024,89,seasonal,16,5,104.27526028895385,51.412609448037266,479.0,463.0,0.0,0.0,364.20507859636064,463.0,26.06881507223846,6.0,207.79218816292988
SEAS-024,90,seasonal,35,5,126.9909083019039,52.00394462355964,463.0,428.0,0.0,0.0,400.6685252033175,428.0,31.747727075475975,6.0,210.18216275046166
SEAS-024,91,seasonal,26,5,122.76251204259222,52.75499733285695,428.0,402.0,0.0,0.0,397.3614290620769,402.0,30.690628010648055,6.0,213.21766099818856
SEAS-024,92,seasonal,86,5,150.4860035275183,53.246042347211365,402.0,316.0,0.0,125.0,440.9313023372108,316.0,37.62150088187958,6.0,215.20229704593336
SEAS-024,93,seasonal,13,5,109.11079438698357,35.68613176011097,316.0,303.0,125.0,0.0,307.8973341953767,428.0,27.277698596745893,6.0,144.23114261490133
SEAS-024,94,seasonal,20,5,116.83697922227499,26.1266638532853,303.0,283.0,125.0,0.0,280.850510784327,408.0,29.209244805568748,6.0,105.5950419509145
SEAS-024,95,seasonal,17,5,106.9712169409113,26.798153399833847,283.0,266.0,125.0,0.0,268.76579851076514,391.0,26.742804235227826,6.0,108.30897309939819
SEAS-024,96,seasonal,39,5,106.07692335549748,26.798153399833847,266.0,227.0,125.0,0.0,267.42435813264444,352.0,26.51923083887437,6.0,108.30897309939819
SEAS-024,97,seasonal,9,5,69.66790185854903,20.335329872555345,227.0,218.0,125.0,0.0,186.69030298706903,343.0,17.416975464637257,6.0,82.1884501992455
SEAS-024,98,seasonal,16,5,83.12355006409375,20.685991791796134,343.0,327.0,0.0,0.0,208.29103087308832,327.0,20.780887516023437,6.0,83.6057057769477
SEAS-024,99,seasonal,11,5,64.02627564910723,20.19678826967934,327.0,316.0,0.0,0.0,177.66792588483708,316.0,16.00656891227681,6.0,81.6285124111762
SEAS-025,75,seasonal,38,9,198.01867497167095,40.90232267243512,709.6837969952733,671.6837969952733,0.0,37.0,708.4651144686436,671.6837969952733,49.50466874291774,10.0,213.41842703946628
SEAS-025,76,seasonal,134,9,210.34389884432292,44.709030809193756,671.6837969952733,537.6837969952733,37.0,185.0,759.1406565147012,574.6837969952733,52.58597471108073,10.0,233.28090940389382
SEAS-025,77,seasonal,42,9,185.19050502326283,45.09505629849133,537.6837969952733,495.68379699527327,222.0,0.0,698.271359600802,717.6837969952733,46.29762625581571,10.0,235.29509704264495
SEAS-025,78,seasonal,64,9,187.37087555862584,45.111684767520075,495.68379699527327,431.68379699527327,222.0,51.0,703.809049268828,653.6837969952733,46.84271888965646,10.0,235.3818603722634
SEAS-025,79,seasonal,45,9,168.82897191595072,45.55835930500684,431.68379699527327,386.68379699527327,273.0,1.0,659.7849298657198,659.6837969952733,42.20724297898768,10.0,237.7125000758431
SEAS-025,80,seasonal,41,9,161.32628043760923,45.391742160995065,386.68379699527327,345.68379699527327,274.0,21.0,640.1588332105555,619.6837969952733,40.33157010940231,10.0,236.84313211653244
SEAS-025,81,seasonal,69,9,181.02034875907066,45.387929040264694,345.68379699527327,276.68379699527327,295.0,118.0,689.3741080724822,571.6837969952733,45.255087189767664,10.0,236.82323617480552
SEAS-025,82,seasonal,34,9,134.89058435926987,46.21771222244696,276.68379699527327,242.68379699527327,413.0,0.0,578.3793050256476,655.6837969952733,33.72264608981747,10.0,241.1528441274729
SEAS-025,83,seasonal,33,9,175.6518694138676,27.197992007329688,242.68379699527327,209.68379699527327,413.0,0.0,581.0422177029268,622.6837969952733,43.9129673534669,10.0,141.91254416825774
SEAS-025,84,seasonal,31,9,174.10924527918368,27.81970340309001,209.68379699527327,178.68379699527327,413.0,0.0,580.4295970617271,591.6837969952733,43.52731131979592,10.0,145.15648386376793
SEAS-025,85,seasonal,31,9,141.39130679624805,28.35647621954717,215.68379699527327,184.68379699527327,376.0,0.0,501.43550158640045,560.6837969952733,35.34782669906201,10.0,147.95723459578033
SEAS-025,86,seasonal,35,9,144.53916497635177,28.60025102991859,369.68379699527327,334.68379699527327,191.0,0.0,510.5771050376262,525.6837969952733,36.13479124408794,10.0,149.22919259674674
SEAS-025,87,seasonal,51,9,116.78101370923126,28.01739386478263,334.68379699527327,283.68379699527327,191.0,0.0,438.1405191524003,474.68379699527327,29.195253427307815,10.0,146.1879848793222
SEAS-025,88,seasonal,17,9,73.14994078891655,29.331876420695878,334.68379699527327,317.68379699527327,140.0,0.0,335.9214889066686,457.68379699527327,18.287485197229138,10.0,153.04663693437726
SEAS-025,89,seasonal,13,9,75.31694777258694,16.028420271825198,318.68379699527327,305.68379699527327,139.0,0.0,271.924789764549,444.68379699527327,18.829236943146736,10.0,83.63242033308163
SEAS-025,90,seasonal,16,9,64.25936329320277,17.192350714108983,326.68379699527327,310.68379699527327,118.0,0.0,250.353936104868,428.68379699527327,16.064840823300692,10.0,89.7055278718611
SEAS-025,91,seasonal,24,9,60.53291229280103,15.431818610942337,428.68379699527327,404.68379699527327,0.0,0.0,231.85177789310598,404.68379699527327,15.133228073200257,10.0,80.51949716110342
SEAS-025,92,seasonal,23,9,104.7492354948543,15.312555599061824,404.68379699527327,381.68379699527327,0.0,0.0,341.7703003472848,381.68379699527327,26.187308873713576,10.0,79.89721161014907
SEAS-025,93,seasonal,23,9,117.73010413102908,15.25971737480662,381.68379699527327,358.68379699527327,0.0,16.0,373.9467748630492,358.68379699527327,29.43252603275727,10.0,79.6215145354765
SEAS-025,94,seasonal,22,9,134.44515577764682,10.16403917287281,358.68379699527327,336.68379699527327,16.0,37.0,389.1463875663128,352.68379699527327,33.611288944411704,10.0,53.03349812219576
SEAS-025,95,seasonal,29,9,170.58034793864996,9.976253857317472,336.68379699527327,307.68379699527327,53.0,118.0,478.504549610145,360.68379699527327,42.64508698466249,10.0,52.053679763520044
SEAS-025,96,seasonal,51,9,247.7513605305154,11.964155868302049,307.68379699527327,256.68379699527327,171.0,255.0,681.80447298771,427.68379699527327,61.93784013262885,10.0,62.42607166142159
SEAS-025,97,seasonal,24,9,223.15308758113397,11.98289379030559,256.68379699527327,232.68379699527327,426.0,0.0,620.4065605593037,658.6837969952733,55.78827189528349,10.0,62.523841606468714
SEAS-025,98,seasonal,11,9,276.9620989487661,12.770157519659804,232.68379699527327,221.68379699527327,426.0,112.0,759.0368407099802,647.6837969952733,69.24052473719152,10.0,66.63159333806487
SEAS-025,99,seasonal,29,9,207.01547357297656,12.526894145121435,221.68379699527327,192.68379699527327,538.0,0.0,582.9009878180204,730.6837969952733,51.75386839324414,10.0,65.36230388557912
SEAS-026,75,seasonal,70,7,274.502319091527,35.39339355998951,965.7122161853662,895.7122161853662,0.0,0.0,714.1822349131749,895.7122161853662,68.62557977288175,8.0,165.1775967301209
SEAS-026,76,seasonal,91,7,252.45284384589684,33.58723811364316,895.7122161853662,804.7122161853662,0.0,0.0,661.6541289795904,804.7122161853662,63.11321096147421,8.0,156.74844128779668
SEAS-026,77,seasonal,71,7,266.9077068310447,34.14392614078955,804.7122161853662,733.7122161853662,0.0,0.0,693.1618649512899,733.7122161853662,66.72692670776118,8.0,159.34645128920044
SEAS-026,78,seasonal,52,7,241.2335202512041,33.3850880269036,733.7122161853662,681.7122161853662,0.0,0.0,638.2720665890083,681.7122161853662,60.30838006280103,8.0,155.80502608660012
SEAS-026,79,seasonal,70,7,218.3335573319522,33.639872556848744,681.7122161853662,611.7122161853662,0.0,0.0,593.6611958850177,611.7122161853662,54.58338933298805,8.0,156.99408122111333
SEAS-026,80,seasonal,64,7,225.0053074960186,34.35262092042708,611.7122161853662,547.7122161853662,0.0,63.0,610.3310249408452,547.7122161853662,56.25132687400465,8.0,160.320409948808
SEAS-026,81,seasonal,40,7,180.18567481794457,23.12480076144248,547.7122161853662,507.7122161853662,63.0,0.0,468.2925922871143,570.7122161853662,45.04641870448614,8.0,107.92124265122519
SEAS-026,82,seasonal,41,7,163.34062714251036,25.18139321210335,507.7122161853662,466.7122161853662,63.0,0.0,444.2004180250417,529.7122161853662,40.83515678562759,8.0,117.51916374002099
SEAS-026,83,seasonal,26,7,115.93799158759802,23.743285150618703,466.7122161853662,440.7122161853662,63.0,0.0,342.68363356367513,503.7122161853662,28.984497896899505,8.0,110.80765038847908
SEAS-026,84,seasonal,27,7,150.45337378589832,21.525774651774455,440.7122161853662,413.7122161853662,63.0,0.0,401.3654876671138,476.7122161853662,37.61334344647458,8.0,100.4587400953172
SEAS-026,85,seasonal,30,7,144.0558340824259,22.612113839880024,413.7122161853662,383.7122161853662,63.0,0.0,393.6402497835847,446.7122161853662,36.01395852060647,8.0,105.5285816187329
SEAS-026,86,seasonal,30,7,140.31050930976878,23.581283321247057,383.7122161853662,353.7122161853662,63.0,0.0,390.6726219000687,416.7122161853662,35.077627327442194,8.0,110.05160328053115
SEAS-026,87,seasonal,14,7,92.47609189027759,23.201458840074995,353.7122161853662,339.7122161853662,63.0,0.0,293.23118238352333,402.7122161853662,23.119022972569397,8.0,108.27899860296814
SEAS-026,88,seasonal,23,7,67.49362939559695,23.175473330712496,402.7122161853662,379.7122161853662,0.0,0.0,243.14498549693553,379.7122161853662,16.87340734889924,8.0,108.15772670574161
SEAS-026,89,seasonal,12,7,77.64153897517784,20.135438843886664,379.7122161853662,367.7122161853662,0.0,0.0,249.2532532516389,367.7122161853662,19.41038474379446,8.0,93.97017530128322
SEAS-026,90,seasonal,14,7,74.21594843223059,18.607621818588008,367.7122161853662,353.7122161853662,0.0,0.0,235.2718956243382,353.7122161853662,18.553987108057648,8.0,86.83999875987703
SEAS-026,91,seasonal,19,7,159.55107554753783,18.205381002217457,353.7122161853662,334.7122161853662,0.0,70.0,404.0649302760435,334.7122161853662,39.88776888688446,8.0,84.96277918096787
SEAS-026,92,seasonal,17,7,146.85003399549936,14.414202397955776,334.7122161853662,317.7122161853662,70.0,0.0,360.9697777135322,387.7122161853662,36.71250849887484,8.0,67.26970972253349
SEAS-026,93,seasonal,17,7,160.28576010213547,9.564222863064334,317.7122161853662,300.7122161853662,70.0,0.0,365.2068373697355,370.7122161853662,40.07144002553387,8.0,44.63531716546457
SEAS-026,94,seasonal,13,7,171.4970125582012,8.652108087569067,300.7122161853662,287.7122161853662,70.0,26.0,383.37258949824417,357.7122161853662,42.8742531395503,8.0,40.37856438184179
SEAS-026,95,seasonal,33,7,180.4789114902657,7.358058551073738,287.7122161853662,254.71221618536617,96.0,45.0,395.2971814262219,350.7122161853662,45.11972787256642,8.0,34.33935844569056
SEAS-026,96,seasonal,33,7,176.87127026906603,7.972709863284018,254.71221618536617,221.71221618536617,141.0,29.0,390.9504181159547,362.7122161853662,44.21781756726651,8.0,37.20787757782261
SEAS-026,97,seasonal,16,7,146.82686378063272,7.946132747508652,221.71221618536617,205.71221618536617,170.0,0.0,330.7375722710797,375.7122161853662,36.70671594515818,8.0,37.08384470981427
SEAS-026,98,seasonal,58,7,158.9721505087691,12.890565025113146,205.71221618536617,147.71221618536617,170.0,61.0,378.10334023859025,317.7122161853662,39.74303762719227,8.0,60.15903922105205
SEAS-026,99,seasonal,42,7,222.67916381905835,13.829084920687748,217.71221618536617,175.71221618536617,161.0,174.0,509.8973498232681,336.7122161853662,55.669790954764586,8.0,64.53902218515138
SEAS-027,75,seasonal,64,7,280.7304533077102,17.843694569719446,490.5219371601631,426.5219371601631,0.0,219.0,644.7357296644437,426.5219371601631,70.18261332692755,8.0,83.2748230490233
SEAS-027,76,seasonal,54,7,269.2883789628287,17.6540835691538,426.5219371601631,372.5219371601631,219.0,30.0,620.9666844943829,591.5219371601631,67.32209474070717,8.0,82.38992656872556
SEAS-027,77,seasonal,62,7,293.0044586483854,17.622829017047813,372.5219371601631,310.5219371601631,249.0,109.0,668.2529818476316,559.5219371601631,73.25111466209636,8.0,82.24406455086074
SEAS-027,78,seasonal,48,7,269.148593919882,16.333071688118885,310.5219371601631,262.5219371601631,358.0,0.0,614.5220777783782,620.5219371601631,67.2871484799705,8.0,76.22488993861417
SEAS-027,79,seasonal,128,7,179.37715090935004,26.46526509238585,262.5219371601631,134.52193716016308,358.0,0.0,482.2651733426894,492.5219371601631,44.84428772733751,8.0,123.51087152398932
SEAS-027,80,seasonal,70,7,181.48398072283902,26.834010184169326,134.52193716016308,64.52193716016308,358.0,66.0,488.19973119220106,422.5219371601631,45.370995180709755,8.0,125.23176974652304
SEAS-027,81,seasonal,56,7,178.11659892575474,24.730599752180797,64.52193716016308,8.521937160163077,424.0,40.0,471.64855144952026,432.5219371601631,44.529149731438686,8.0,115.4153535980108
SEAS-027,82,seasonal,65,7,199.90882115202209,23.46437561660067,8.521937160163077,0.0,464.0,46.0,509.3236484617678,464.0,49.97720528800552,8.0,109.50600615772363
SEAS-027,83,seasonal,36,7,187.54836247440082,22.643559111384636,219.0,183.0,291.0,7.0,480.77205865466783,474.0,46.887090618600205,8.0,105.67533370586617
SEAS-027,84,seasonal,30,7,140.59791238845364,23.242037511636294,213.0,183.0,268.0,0.0,389.66420017517015,451.0,35.14947809711341,8.0,108.46837539826288
SEAS-027,85,seasonal,73,7,168.21061375942216,23.46137032306294,292.0,219.0,159.0,68.0,445.9132082578641,378.0,42.05265343985554,8.0,109.49198073901974
SEAS-027,86,seasonal,43,7,140.74031759577687,23.97060165264411,219.0,176.0,227.0,0.0,393.3491500444141,403.0,35.18507939894422,8.0,111.86851485286034
SEAS-027,87,seasonal,36,7,129.22111562065425,24.92938745686223,176.0,140.0,227.0,8.0,374.78530812369786,367.0,32.30527890516356,8.0,116.34307688238935
SEAS-027,88,seasonal,52,7,148.4190074304045,24.944810878088262,206.0,154.0,169.0,91.0,413.2530713810693,323.0,37.10475185760112,8.0,116.41505652026031
SEAS-027,89,seasonal,28,7,117.1927810860125,26.291511743214585,194.0,166.0,220.0,0.0,357.08554336442535,386.0,29.298195271503126,8.0,122.69998119240034
SEAS-027,90,seasonal,19,7,76.1952514096956,28.105570211669384,212.0,193.0,174.0,0.0,283.5565221055791,367.0,19.0488128524239,8.0,131.16601928618795
SEAS-027,91,seasonal,33,7,99.20832142029431,28.614143893697594,200.0,167.0,167.0,0.0,331.9561270621246,334.0,24.802080355073578,8.0,133.539484221536
SEAS-027,92,seasonal,15,7,60.71479773711243,18.9611613838826,167.0,152.0,167.0,0.0,209.91952971274972,319.0,15.178699434278107,8.0,88.48993423852487
SEAS-027,93,seasonal,20,7,64.23447777864237,18.02526716612699,220.0,200.0,99.0,0.0,212.591160620011,299.0,16.058619444660593,8.0,84.12220506272628
SEAS-027,94,seasonal,12,7,55.46917155942634,18.67090153427421,200.0,188.0,99.0,0.0,198.0736622848133,287.0,13.867292889856586,8.0,87.13531916596062
SEAS-027,95,seasonal,22,7,59.89670796896774,16.724003937224676,196.0,174.0,91.0,0.0,197.84274944910925,265.0,14.974176992241935,8.0,78.04933351117378
SEAS-027,96,seasonal,19,7,62.056830805122864,17.065860357555618,265.0,246.0,0.0,0.0,203.75840647527343,246.0,15.514207701280716,8.0,79.64474486502769
SEAS-027,97,seasonal,11,7,58.498582547679106,17.942572207905304,246.0,235.0,0.0,0.0,200.73344066427643,235.0,14.624645636919777,8.0,83.73627556891822
SEAS-027,98,seasonal,15,7,61.652942944724565,12.642520845675174,235.0,220.0,0.0,0.0,182.30732654982586,220.0,15.413235736181141,8.0,59.00144066037673
SEAS-027,99,seasonal,16,7,63.99770556012919,11.615087447378697,220.0,204.0,0.0,0.0,182.20191796782547,204.0,15.999426390032298,8.0,54.20650684756708
SEAS-028,75,seasonal,211,8,343.26502377234993,45.99303180220859,1161.8341061377596,950.8341061377596,0.0,50.0,1000.0118109087199,950.8341061377596,85.81625594308748,9.0,227.6655074209325
SEAS-028,76,seasonal,109,8,352.4110149007613,44.328031300457674,950.8341061377596,841.8341061377596,50.0,121.0,1012.3485384639783,891.8341061377596,88.10275372519033,9.0,219.42375493726547
SEAS-028,77,seasonal,217,8,365.0613922360165,52.60459665983179,841.8341061377596,624.8341061377596,171.0,286.0,1081.7808859972045,795.8341061377596,91.26534805900413,9.0,260.39275346616733
SEAS-028,78,seasonal,64,8,351.64500899062824,54.42190358434355,624.8341061377596,560.8341061377596,457.0,43.0,1060.589692971414,1017.8341061377596,87.91125224765706,9.0,269.38842274250055
SEAS-028,79,seasonal,82,8,341.07388627295234,55.027498953029266,560.8341061377596,478.8341061377596,500.0,61.0,1039.8023639316375,978.8341061377596,85.26847156823808,9.0,272.38611981749483
SEAS-028,80,seasonal,59,8,393.121797074035,55.027498953029266,478.8341061377596,419.8341061377596,561.0,177.0,1156.9101632340735,980.8341061377596,98.28044926850875,9.0,272.38611981749483
SEAS-028,81,seasonal,59,8,381.16424157648476,56.50788463250966,419.8341061377596,360.8341061377596,738.0,39.0,1137.3335724780136,1098.8341061377596,95.29106039412119,9.0,279.71402893092284
SEAS-028,82,seasonal,52,8,351.08867927067126,57.830987168844636,360.8341061377596,308.8341061377596,777.0,0.0,1076.2129148447914,1085.8341061377596,87.77216981766782,9.0,286.263386485781
SEAS-028,83,seasonal,36,8,393.8586483675927,60.99390469757127,308.8341061377596,272.8341061377596,777.0,139.0,1188.1017870800613,1049.8341061377596,98.46466209189818,9.0,301.91982825297777
SEAS-028,84,seasonal,103,8,315.582773327812,60.88039977630791,322.8341061377596,219.8341061377596,866.0,0.0,1011.4192188803011,1085.8341061377596,78.895693331953,9.0,301.35797889272413
SEAS-028,85,seasonal,44,8,238.3393270901545,58.49139757044266,340.8341061377596,296.8341061377596,745.0,0.0,825.7959039265388,1041.8341061377596,59.58483177253863,9.0,289.53241797369117
SEAS-028,86,seasonal,39,8,209.49322570281663,60.185077799597344,582.8341061377596,543.8341061377596,459.0,0.0,769.2758929393443,1002.8341061377596,52.37330642570416,9.0,297.91613510800687
SEAS-028,87,seasonal,104,8,279.755982054433,60.019975307371055,586.8341061377596,482.8341061377596,416.0,28.0,926.5498373939608,898.8341061377596,69.93899551360825,9.0,297.0988777714867
SEAS-028,88,seasonal,53,8,233.42304699855308,48.524247177082096,543.8341061377596,490.8341061377596,383.0,0.0,765.3968792733008,873.8341061377596,58.35576174963827,9.0,240.19502352655635
SEAS-028,89,seasonal,39,8,225.3051779509371,48.74567699438609,667.8341061377596,628.8341061377596,206.0,0.0,748.2277515118196,834.8341061377596,56.32629448773427,9.0,241.2911011222111
SEAS-028,90,seasonal,40,8,225.3051779509371,23.29383103103823,667.8341061377596,627.8341061377596,167.0,0.0,622.2411139932477,794.8341061377596,56.32629448773427,9.0,115.30446360363922
SEAS-028,91,seasonal,84,8,173.5103000620283,24.25373352174022,627.8341061377596,543.8341061377596,167.0,0.0,510.4541560721778,710.8341061377596,43.37757501550708,9.0,120.05598093261409
SEAS-028,92,seasonal,35,8,145.16240770376746,24.37763792431962,682.8341061377596,647.8341061377596,28.0,0.0,447.2847250588589,675.8341061377596,36.290601925941864,9.0,120.66930772538211
SEAS-028,93,seasonal,16,8,102.26033766114008,26.934631220314763,647.8341061377596,631.8341061377596,28.0,0.0,363.4121842781233,659.8341061377596,25.56508441528502,9.0,133.3264245405581
SEAS-028,94,seasonal,39,8,164.59146064683452,27.20459048744787,631.8341061377596,592.8341061377596,28.0,0.0,504.99350936824464,620.8341061377596,41.14786516170863,9.0,134.66272291286694
SEAS-028,95,seasonal,33,8,150.72903772213257,27.745408490553675,592.8341061377596,559.8341061377596,28.0,0.0,476.480106903039,587.8341061377596,37.68225943053314,9.0,137.3397720282407
SEAS-028,96,seasonal,36,8,162.91173708779488,27.745408490553675,587.8341061377596,551.8341061377596,0.0,0.0,503.89118047577915,551.8341061377596,40.72793427194872,9.0,137.3397720282407
SEAS-028,97,seasonal,47,8,203.58106982016218,22.959551947741083,551.8341061377596,504.8341061377596,0.0,67.0,571.7071892366832,504.8341061377596,50.895267455040546,9.0,113.64978214131835
SEAS-028,98,seasonal,90,8,220.61536785636505,25.84743205020064,504.8341061377596,414.8341061377596,67.0,143.0,624.3293663253146,481.8341061377596,55.153841964091264,9.0,127.94478864849316
SEAS-028,99,seasonal,38,8,229.17342401703772,25.885596430526732,414.8341061377596,376.8341061377596,210.0,57.0,643.7739063694422,586.8341061377596,57.29335600425943,9.0,128.13370233110732
SEAS-029,75,seasonal,9,7,68.04136697912556,11.29499548813201,144.30943394461593,135.30943394461593,0.0,54.0,188.79540211890648,135.30943394461593,17.01034174478139,8.0,52.712668160655376
SEAS-029,76,seasonal,6,7,68.04136697912556,11.086489814646283,135.30943394461593,129.30943394461593,54.0,5.0,187.82232599969817,183.30943394461593,17.01034174478139,8.0,51.73959204144705
SEAS-029,77,seasonal,7,7,54.84815645538902,8.132713301292808,129.30943394461593,122.30943394461593,59.0,0.0,147.6509112943932,181.30943394461593,13.712039113847254,8.0,37.95459838361518
SEAS-029,78,seasonal,6,7,61.473021992913274,5.484243163547946,122.30943394461593,116.30943394461593,59.0,0.0,148.54048448792327,175.30943394461593,15.368255498228319,8.0,25.59444050209673
SEAS-029,79,seasonal,10,7,61.473021992913274,4.930283187372872,116.30943394461593,106.30943394461593,59.0,0.0,145.95520604057168,165.30943394461593,15.368255498228319,8.0,23.00916205474513
SEAS-029,80,seasonal,10,7,61.473021992913274,4.940673679798707,106.30943394461593,96.30943394461593,59.0,0.0,146.00369747908923,155.30943394461593,15.368255498228319,8.0,23.05765349326269
SEAS-029,81,seasonal,9,7,59.58252440947585,2.640901167093963,96.30943394461593,87.30943394461593,59.0,0.0,131.48988303534273,146.30943394461593,14.895631102368963,8.0,12.324834216391018
SEAS-029,82,seasonal,19,7,69.60818448063829,3.5155332965246746,87.30943394461593,68.30943394461593,59.0,29.0,155.62302802211056,127.30943394461593,17.40204612015957,8.0,16.406659060833988
SEAS-029,83,seasonal,10,7,61.83322632147616,3.4751867686388254,122.30943394461593,112.30943394461593,34.0,0.0,139.88481830091456,146.30943394461593,15.45830658036904,8.0,16.21836565796224
SEAS-029,84,seasonal,15,7,67.3734916678022,3.5787836352162437,117.30943394461593,102.30943394461593,29.0,21.0,151.448825702886,131.30943394461593,16.84337291695055,8.0,16.701842367281607
SEAS-029,85,seasonal,15,7,73.34681304025557,3.7977726265636558,102.30943394461593,87.30943394461593,50.0,28.0,164.41746921298667,137.30943394461593,18.336703260063892,8.0,17.723843132475526
SEAS-029,86,seasonal,23,7,78.45189729353812,5.125351770291485,87.30943394461593,64.30943394461593,78.0,39.0,180.8233231391575,142.30943394461593,19.61297432338453,8.0,23.91952855208126
SEAS-029,87,seasonal,25,7,92.89589350317983,6.318471090625977,64.30943394461593,39.30943394461593,117.0,59.0,215.27948978878408,156.30943394461593,23.22397337579496,8.0,29.487702782424407
SEAS-029,88,seasonal,21,7,100.64543876237578,6.615831827459799,39.30943394461593,18.309433944615932,176.0,38.0,232.1663345441032,194.30943394461593,25.161359690593944,8.0,30.875457019351646
SEAS-029,89,seasonal,24,7,104.5910804611748,6.787998458818503,18.309433944615932,0.0,214.0,27.0,240.86110321238462,214.0,26.1477701152937,8.0,31.678942290035025
SEAS-029,90,seasonal,35,7,136.67713648490295,8.331281798754361,29.0,0.0,212.0,101.0,312.23557161858264,212.0,34.169284121225736,8.0,38.881298648776756
SEAS-029,91,seasonal,22,7,109.01950275031491,7.717778343804768,0.0,0.0,313.0,0.0,254.05714195778344,313.0,27.25487568757873,8.0,36.01813645715362
SEAS-029,92,seasonal,31,7,141.07753704424007,8.0256000654316,21.0,0.0,292.0,28.0,319.60978520224216,292.0,35.26938426106002,8.0,37.45471111376204
SEAS-029,93,seasonal,66,7,177.47256383699147,14.595397939954921,28.0,0.0,292.0,132.0,423.06045973320767,292.0,44.36814095924787,8.0,68.11533205922473
SEAS-029,94,seasonal,56,7,160.08857776247947,16.237026379267387,39.0,0.0,385.0,11.0,395.95381115491875,385.0,40.02214444061987,8.0,75.77665562995983
SEAS-029,95,seasonal,57,7,203.14325537061404,17.851955290452274,59.0,2.0,337.0,151.0,489.599885787126,339.0,50.78581384265351,8.0,83.31337504589791
SEAS-029,96,seasonal,45,7,244.66695563914257,17.081253782121205,40.0,0.0,450.0,120.0,569.0504957896266,450.0,61.16673890978564,8.0,79.71658451134137
SEAS-029,97,seasonal,61,7,223.9661187222586,17.69180601295411,27.0,0.0,543.0,0.0,530.498211065616,543.0,55.99152968056465,8.0,82.5659736210988
SEAS-029,98,seasonal,37,7,212.73483156641748,16.418407430810756,101.0,64.0,442.0,0.0,502.0928068548602,506.0,53.18370789160437,8.0,76.62314372202526
SEAS-029,99,seasonal,34,7,184.9995257922471,15.814631329960346,64.0,30.0,442.0,0.0,443.80442975000346,472.0,46.24988144806178,8.0,73.80537816550925
SEAS-030,75,seasonal,26,7,102.62431855107044,9.843649521261757,268.81275597311446,242.81275597311446,0.0,9.0,251.18801186765302,242.81275597311446,25.65607963776761,8.0,45.93937476551214
SEAS-030,76,seasonal,7,7,79.70136927734397,11.29556300454938,242.81275597311446,235.81275597311446,9.0,0.0,212.11805526041056,244.81275597311446,19.925342319335993,8.0,52.71531670572261
SEAS-030,77,seasonal,14,7,66.2828722008852,10.992421631894148,235.81275597311446,221.81275597311446,9.0,0.0,183.8663291937591,230.81275597311446,16.5707180502213,8.0,51.30058479198871
SEAS-030,78,seasonal,10,7,58.25997945463279,9.28121897387551,221.81275597311446,211.81275597311446,9.0,0.0,159.8345238783561,220.81275597311446,14.564994863658198,8.0,43.31456496909052
SEAS-030,79,seasonal,13,7,57.74298097396392,8.674306297542815,211.81275597311446,198.81275597311446,9.0,0.0,155.96812326146704,207.81275597311446,14.43574524349098,8.0,40.48216131353921
SEAS-030,80,seasonal,13,7,58.77682825710104,8.721473646357238,198.81275597311446,185.81275597311446,9.0,0.0,158.25594335224326,194.81275597311446,14.69420706427526,8.0,40.70228683804119
SEAS-030,81,seasonal,9,7,58.270956070368854,9.286052402973532,185.81275597311446,176.81275597311446,9.0,0.0,159.87903426307275,185.81275597311446,14.567739017592213,8.0,43.337122122335046
SEAS-030,82,seasonal,8,7,71.0197806606368,8.201782170311041,176.81275597311446,168.81275597311446,9.0,3.0,180.31649753818985,177.81275597311446,17.7549451651592,8.0,38.276936216916255
SEAS-030,83,seasonal,17,7,72.75236567577682,7.6853173365908525,177.81275597311446,160.81275597311446,3.0,18.0,181.37137537976156,163.81275597311446,18.188091418944204,8.0,35.86664402820793
SEAS-030,84,seasonal,8,7,72.82021178414345,7.361542480506995,160.81275597311446,152.81275597311446,21.0,7.0,179.9960411808185,173.81275597311446,18.205052946035863,8.0,34.35561761253161
SEAS-030,85,seasonal,22,7,84.7452139600184,7.4893086189410685,152.81275597311446,130.81275597311446,28.0,46.0,204.44231793166057,158.81275597311446,21.1863034900046,8.0,34.951890011623775
SEAS-030,86,seasonal,23,7,78.04062465411481,7.293305676598854,130.81275597311446,107.81275597311446,74.0,9.0,190.11841225607958,181.81275597311446,19.510156163528702,8.0,34.03716294784998
SEAS-030,87,seasonal,19,7,81.61490975575164,6.345804186171534,107.81275597311446,88.81275597311446,83.0,22.0,192.84508324752085,171.81275597311446,20.40372743893791,8.0,29.615263736017557
SEAS-030,88,seasonal,20,7,98.44873506205185,5.619334753947703,88.81275597311446,68.81275597311446,105.0,50.0,223.12237021190987,173.81275597311446,24.612183765512963,8.0,26.22490008780616
SEAS-030,89,seasonal,34,7,154.69923379706867,7.470454625234911,68.81275597311446,34.81275597311446,155.0,155.0,344.2623678128674,189.81275597311446,38.67480844926717,8.0,34.863900218730095
SEAS-030,90,seasonal,40,7,175.96749196261905,9.923424760351654,37.81275597311446,0.0,307.0,92.0,398.2466621334565,307.0,43.99187299065476,8.0,46.31167820821836
SEAS-030,91,seasonal,28,7,181.73793967317636,9.94665257440405,18.0,0.0,381.0,29.0,409.8959595504398,381.0,45.43448491829409,8.0,46.42008020408704
SEAS-030,92,seasonal,30,7,195.483463433727,10.13119073164783,7.0,0.0,403.0,36.0,438.24822907521434,403.0,48.87086585843175,8.0,47.28130220776037
SEAS-030,93,seasonal,53,7,164.40092789816907,13.168532811602727,46.0,0.0,393.0,0.0,390.2581442021263,393.0,41.10023197454227,8.0,61.45628840578815
SEAS-030,94,seasonal,37,7,159.9983705431887,12.809251464348893,9.0,0.0,384.0,0.0,379.7762976639852,384.0,39.99959263579718,8.0,59.779556577607785
SEAS-030,95,seasonal,67,7,211.49675306706354,15.940192708676541,22.0,0.0,362.0,136.0,497.38486729511567,362.0,52.874188266765884,8.0,74.39136116098858
SEAS-030,96,seasonal,38,7,225.84816070581516,15.503514903368703,50.0,12.0,448.0,65.0,524.0497488462618,460.0,56.46204017645379,8.0,72.3534274346315
SEAS-030,97,seasonal,40,7,215.0746277194343,13.780327858851434,167.0,127.0,358.0,10.0,494.46073306025573,485.0,53.76865692985857,8.0,64.31147762138713
SEAS-030,98,seasonal,53,7,230.7819941227248,14.079900203609071,219.0,166.0,276.0,86.0,527.2735414673016,442.0,57.6954985306812,8.0,65.70955322185205
SEAS-030,99,seasonal,77,7,211.18132680156623,17.200551571358847,195.0,118.0,333.0,52.0,502.6359895344271,451.0,52.79533170039156,8.0,80.27333593129465
SEAS-031,75,seasonal,46,7,253.5700210837308,23.064569342919942,623.756300621143,577.756300621143,0.0,38.0,614.7801905251335,577.756300621143,63.3925052709327,8.0,107.64014835767189
SEAS-031,76,seasonal,42,7,208.38761674179733,23.924025045108483,577.756300621143,535.756300621143,38.0,0.0,528.4263797452365,573.756300621143,52.09690418544933,8.0,111.65114626164184
SEAS-031,77,seasonal,60,7,177.83687959485385,23.722757655239718,535.756300621143,475.75630062114305,38.0,0.0,466.3856097123773,513.756300621143,44.459219898713464,8.0,110.71185052266958
SEAS-031,78,seasonal,21,7,113.16984596629196,24.993332444207418,475.75630062114305,454.75630062114305,38.0,0.0,342.9811939805261,492.75630062114305,28.29246149157299,8.0,116.64150204794218
SEAS-031,79,seasonal,18,7,93.27955788204552,27.106154093555848,454.75630062114305,436.75630062114305,38.0,0.0,313.06095521560053,474.75630062114305,23.31988947051138,8.0,126.50183945150951
SEAS-031,80,seasonal,25,7,89.76304130258497,26.971019584656098,436.75630062114305,411.75630062114305,38.0,0.0,305.3972621744183,449.75630062114305,22.44076032564624,8.0,125.87117956924834
SEAS-031,81,seasonal,11,7,49.4538841298791,28.854186915664567,411.75630062114305,400.75630062114305,38.0,0.0,233.56751040211594,438.75630062114305,12.363471032469775,8.0,134.65974214235774
SEAS-031,82,seasonal,11,7,47.39251075601624,26.60947392497847,400.75630062114305,389.75630062114305,38.0,0.0,218.9689019226812,427.75630062114305,11.84812768900406,8.0,124.1838804106487
SEAS-031,83,seasonal,9,7,63.64946183320314,27.998397390034008,427.75630062114305,418.75630062114305,0.0,0.0,257.96477760160826,418.75630062114305,15.912365458300785,8.0,130.66585393520197
SEAS-031,84,seasonal,7,7,51.616609275394346,29.287478728228166,418.75630062114305,411.75630062114305,0.0,0.0,239.9150923138622,411.75630062114305,12.904152318848586,8.0,136.68187376307353
SEAS-031,85,seasonal,8,7,66.13691412876148,27.491024176200092,411.75630062114305,403.75630062114305,0.0,0.0,260.571819728102,403.75630062114305,16.53422853219037,8.0,128.2979914705791
SEAS-031,86,seasonal,5,7,79.11575419744106,17.56343813079795,403.75630062114305,398.75630062114305,0.0,0.0,240.19840133625036,398.75630062114305,19.778938549360266,8.0,81.96689294136824
SEAS-031,87,seasonal,21,7,91.24954414196169,17.242612687980348,398.75630062114305,377.75630062114305,0.0,0.0,262.9687194404145,377.75630062114305,22.812386035490423,8.0,80.46963115649112
SEAS-031,88,seasonal,16,7,88.25849215228493,15.677028760873013,377.75630062114305,361.75630062114305,0.0,0.0,249.68018438599086,361.75630062114305,22.064623038071232,8.0,73.16320008142098
SEAS-031,89,seasonal,14,7,99.83430912400252,14.186486889163904,361.75630062114305,347.75630062114305,0.0,0.0,265.8756013795812,347.75630062114305,24.95857728100063,8.0,66.20698313157618
SEAS-031,90,seasonal,15,7,107.7858732842396,6.116392434292118,347.75630062114305,332.75630062114305,0.0,0.0,244.11636750860714,332.75630062114305,26.9464683210599,8.0,28.54462094012794
SEAS-031,91,seasonal,35,7,116.28606986583347,8.306623862918636,332.75630062114305,297.75630062114305,0.0,0.0,271.33836214242297,297.75630062114305,29.071517466458367,8.0,38.76622241075603
SEAS-031,92,seasonal,27,7,110.90538142578121,8.92920876846199,297.75630062114305,270.75630062114305,0.0,0.0,263.4825297189075,270.75630062114305,27.726345356445304,8.0,41.671766867345035
SEAS-031,93,seasonal,28,7,172.63146586324697,9.223715253461174,270.75630062114305,242.75630062114305,0.0,146.0,388.3091323093048,242.75630062114305,43.15786646581174,8.0,43.04620058281086
SEAS-031,94,seasonal,19,7,153.9081789074157,9.134325231559615,242.75630062114305,223.75630062114305,146.0,0.0,350.445383679306,369.75630062114305,38.477044726853926,8.0,42.62902586447462
SEAS-031,95,seasonal,25,7,157.58927401726353,9.251472509268599,223.75630062114305,198.75630062114305,146.0,14.0,358.3542890864744,344.75630062114305,39.397318504315884,8.0,43.175741051947355
SEAS-031,96,seasonal,42,7,247.25224418332493,11.044200241500862,198.75630062114305,156.75630062114305,160.0,230.0,546.0467189980625,316.75630062114305,61.81306104583123,8.0,51.542230631412615
SEAS-031,97,seasonal,62,7,224.5774487314074,15.299991620577831,156.75630062114305,94.75630062114305,390.0,36.0,520.5585011210673,484.75630062114305,56.14436218285185,8.0,71.40360365825241
SEAS-031,98,seasonal,51,7,301.2781299943953,16.090290112283366,94.75630062114305,43.756300621143055,426.0,208.0,677.6481114365097,469.75630062114305,75.31953249859882,8.0,75.0918514477192
SEAS-031,99,seasonal,60,7,324.4600700589001,16.839742369672123,43.756300621143055,0.0,634.0,94.0,727.5096138697954,634.0,81.11501751472503,8.0,78.58947375199523
SEAS-032,75,seasonal,100,9,178.27810361589025,22.581760282048382,491.1644983588741,391.1644983588741,0.0,173.0,563.5214225506043,391.1644983588741,44.56952590397256,10.0,117.82616351087867
SEAS-032,76,seasonal,50,9,175.30237625680167,22.321945048969884,391.1644983588741,341.1644983588741,173.0,41.0,554.7264511057791,514.1644983588741,43.825594064200416,10.0,116.47051046377497
SEAS-032,77,seasonal,27,9,163.55625913719044,22.609562306517745,341.1644983588741,314.1644983588741,214.0,0.0,526.8618755933181,528.1644983588741,40.88906478429761,10.0,117.9712277503421
SEAS-032,78,seasonal,22,9,133.17922550970113,23.119810575038056,314.1644983588741,292.1644983588741,214.0,0.0,453.5816435807192,506.1644983588741,33.29480637742528,10.0,120.63357980646637
SEAS-032,79,seasonal,36,9,119.44710934870879,22.789448750660352,292.1644983588741,256.1644983588741,214.0,0.0,417.5276050801849,470.1644983588741,29.861777337177198,10.0,118.90983170841294
SEAS-032,80,seasonal,38,9,127.73700854847944,19.165942015286745,256.1644983588741,218.16449835887408,214.0,0.0,419.34577131838785,432.1644983588741,31.93425213711986,10.0,100.00324994718927
SEAS-032,81,seasonal,42,9,129.19660012201314,19.156574823656744,218.16449835887408,176.16449835887408,214.0,33.0,422.9458745118525,390.1644983588741,32.299150030503284,10.0,99.95437420681965
SEAS-032,82,seasonal,32,9,203.16006111781985,19.318185931714915,176.16449835887408,144.16449835887408,247.0,218.0,608.6977746758375,391.1644983588741,50.79001527945496,10.0,100.79762188128788
SEAS-032,83,seasonal,21,9,146.5344411964038,20.101345789874443,144.16449835887408,123.16449835887408,465.0,0.0,471.22006359656496,588.1644983588741,36.63361029910095,10.0,104.88396060555543
SEAS-032,84,seasonal,20,9,126.63598967701017,20.726237552361585,123.16449835887408,103.16449835887408,465.0,0.0,424.7344688779658,568.1644983588741,31.658997419252543,10.0,108.14449468544038
SEAS-032,85,seasonal,17,9,91.16696004228662,21.638936890327816,276.1644983588741,259.1644983588741,292.0,0.0,340.82413919054375,551.1644983588741,22.791740010571655,10.0,112.90673908482718
SEAS-032,86,seasonal,79,9,112.80535249990031,24.45561127996852,300.1644983588741,221.16449835887408,251.0,0.0,409.6168460568211,472.1644983588741,28.201338124975077,10.0,127.60346480707035
SEAS-032,87,seasonal,20,9,81.17791295793491,24.953803471461182,221.16449835887408,201.16449835887408,251.0,0.0,333.14769356399313,452.1644983588741,20.294478239483727,10.0,130.20291116915587
SEAS-032,88,seasonal,20,9,81.41511342794726,17.279749523350855,201.16449835887408,181.16449835887408,251.0,0.0,293.6993372900142,432.1644983588741,20.353778356986815,10.0,90.16155372014606
SEAS-032,89,seasonal,12,9,71.49340134351556,17.30792022641955,181.16449835887408,169.16449835887408,251.0,0.0,269.0420449941608,420.1644983588741,17.87335033587889,10.0,90.30854163537192
SEAS-032,90,seasonal,18,9,63.67614651646765,17.602083210044594,169.16449835887408,151.16449835887408,251.0,0.0,251.03377922862484,402.1644983588741,15.919036629116912,10.0,91.84341293745574
SEAS-032,91,seasonal,16,9,59.63234131281552,17.87743169760591,184.16449835887408,168.16449835887408,218.0,0.0,242.3609680316054,386.1644983588741,14.90808532820388,10.0,93.28011474956664
SEAS-032,92,seasonal,10,9,56.939285200399546,18.41926249254381,386.1644983588741,376.1644983588741,0.0,0.0,238.45546979096412,376.1644983588741,14.234821300099886,10.0,96.10725678996525
SEAS-032,93,seasonal,20,9,65.97605662471055,18.16060825819699,376.1644983588741,356.1644983588741,0.0,0.0,259.6978031152198,356.1644983588741,16.494014156177638,10.0,94.75766155344346
SEAS-032,94,seasonal,18,9,67.20059696443741,17.513730876965358,356.1644983588741,338.1644983588741,0.0,0.0,259.38390424350087,338.1644983588741,16.800149241109352,10.0,91.38241183240737
SEAS-032,95,seasonal,18,9,69.3033240289302,17.364493687569517,338.1644983588741,320.1644983588741,0.0,0.0,263.8620383450798,320.1644983588741,17.32583100723255,10.0,90.60372827275428
SEAS-032,96,seasonal,16,9,67.6776182331425,17.44919364825663,320.1644983588741,304.1644983588741,0.0,0.0,260.23971776488224,304.1644983588741,16.919404558285624,10.0,91.04567218202598
SEAS-032,97,seasonal,15,9,67.3576919208758,17.548102388460638,304.1644983588741,289.1644983588741,0.0,0.0,259.95598386846063,289.1644983588741,16.83942298021895,10.0,91.56175406627115
SEAS-032,98,seasonal,13,9,88.02312164694416,17.667513284020085,289.1644983588741,276.1644983588741,0.0,37.0,312.2426153558553,276.1644983588741,22.00578041173604,10.0,92.18481123849492
SEAS-032,99,seasonal,15,9,94.58190588925602,3.1925393799150217,276.1644983588741,261.1644983588741,37.0,0.0,253.11266305765662,298.1644983588741,23.645476472314005,10.0,16.657898334516588
SEAS-033,75,seasonal,67,7,380.4445507515286,21.796847572586376,840.0622547573482,773.0622547573482,0.0,90.0,862.6129131016886,773.0622547573482,95.11113768788215,8.0,101.72381159863141
SEAS-033,76,seasonal,69,7,439.9120775544788,20.467610435101538,773.0622547573482,704.0622547573482,90.0,182.0,975.3445435890335,794.0622547573482,109.9780193886197,8.0,95.52038848007594
SEAS-033,77,seasonal,79,7,462.2860689437454,19.58479263520814,704.0622547573482,625.0622547573482,272.0,119.0,1015.9724997787118,897.0622547573482,115.57151723593635,8.0,91.400361891221
SEAS-033,78,seasonal,79,7,451.63468660476144,18.976368569949425,625.0622547573482,546.0622547573482,391.0,55.0,991.8302779370258,937.0622547573482,112.90867165119036,8.0,88.56090472750294
SEAS-033,79,seasonal,111,7,390.13241684172544,19.6063830527269,546.0622547573482,435.0622547573482,446.0,0.0,871.7659559968706,881.0622547573482,97.53310421043136,8.0,91.50112231341967
SEAS-033,80,seasonal,96,7,318.16284317048166,19.532681357807512,435.0622547573482,339.0622547573482,446.0,0.0,727.4828498638509,785.0622547573482,79.54071079262042,8.0,91.15716352288756
SEAS-033,81,seasonal,73,7,395.0773287208463,19.10295989953068,339.0622547573482,266.0622547573482,446.0,168.0,879.3063518472653,712.0622547573482,98.76933218021158,8.0,89.1516944055727
SEAS-033,82,seasonal,35,7,290.07603245570823,22.891606344370896,266.0622547573482,231.06225475734823,614.0,0.0,686.985011428577,845.0622547573482,72.51900811392706,8.0,106.83294651716052
SEAS-033,83,seasonal,60,7,360.20437513677484,23.63558811709636,321.0622547573482,261.0622547573482,524.0,46.0,830.7137888640945,785.0622547573482,90.05109378419371,8.0,110.30503859054473
SEAS-033,84,seasonal,50,7,249.1508230792946,22.271633101899884,443.0622547573482,393.0622547573482,388.0,0.0,602.2412366019737,781.0622547573482,62.28770576982365,8.0,103.93959044338445
SEAS-033,85,seasonal,84,7,255.9141903769198,22.356952684418665,512.0622547573482,428.0622547573482,269.0,0.0,616.1661495626465,697.0622547573482,63.97854759422995,8.0,104.3377688088069
SEAS-033,86,seasonal,40,7,283.27410750132117,24.095695966345648,483.0622547573482,443.0622547573482,214.0,22.0,679.0005331030438,657.0622547573482,70.81852687533029,8.0,112.4523181004015
SEAS-033,87,seasonal,83,7,311.145581128536,21.424883687563934,443.0622547573482,360.0622547573482,236.0,127.0,722.2790538316947,596.0622547573482,77.786395282134,8.0,99.98789157462272
SEAS-033,88,seasonal,29,7,262.52371375823213,24.431484520950384,360.0622547573482,331.0622547573482,363.0,0.0,639.0668388193043,694.0622547573482,65.63092843955803,8.0,114.01941130284004
SEAS-033,89,seasonal,36,7,235.0099554309674,26.016513493529008,499.0622547573482,463.0622547573482,195.0,0.0,591.4365014150322,658.0622547573482,58.75248885774185,8.0,121.41659055309746
SEAS-033,90,seasonal,58,7,185.2419064917347,25.777400159332625,463.0622547573482,405.0622547573482,195.0,0.0,490.7844843800232,600.0622547573482,46.31047662293368,8.0,120.30067139655372
SEAS-033,91,seasonal,26,7,147.0193713767553,27.375358562222694,451.0622547573482,425.0622547573482,149.0,0.0,421.7969338201324,574.0622547573482,36.75484284418882,8.0,127.75819106662183
SEAS-033,92,seasonal,40,7,147.10623409083036,23.12119684596252,425.0622547573482,385.0622547573482,149.0,0.0,402.11689170259285,534.0622547573482,36.77655852270759,8.0,107.90442352093214
SEAS-033,93,seasonal,35,7,144.887007215627,20.001922984476444,385.0622547573482,350.0622547573482,149.0,0.0,383.12108393327674,499.0622547573482,36.22175180390675,8.0,93.34706950202278
SEAS-033,94,seasonal,24,7,92.05163795396923,19.90747830107311,372.0622547573482,348.0622547573482,127.0,0.0,277.00958106782326,475.0622547573482,23.01290948849231,8.0,92.90630515988478
SEAS-033,95,seasonal,16,7,109.915283888154,21.43355863820659,475.0622547573482,459.0622547573482,0.0,0.0,319.85894451934155,459.0622547573482,27.4788209720385,8.0,100.02837674303353
SEAS-033,96,seasonal,15,7,94.87867827391207,22.36870524547586,459.0622547573482,444.0622547573482,0.0,0.0,294.14997343972203,444.0622547573482,23.719669568478018,8.0,104.3926168918979
SEAS-033,97,seasonal,19,7,112.91508088388163,22.999442579644494,444.0622547573482,425.0622547573482,0.0,0.0,333.1663697241731,425.0622547573482,28.228770220970407,8.0,107.33620795640982
SEAS-033,98,seasonal,26,7,143.28056974782413,18.74183582940625,425.0622547573482,399.0622547573482,0.0,0.0,374.0275022609121,399.0622547573482,35.82014243695603,8.0,87.46636276526387
SEAS-033,99,seasonal,35,7,169.55168748412726,18.66815470259462,399.0622547573482,364.0622547573482,0.0,63.0,426.2258749323862,364.0622547573482,42.387921871031814,8.0,87.12249996413166
SEAS-034,75,seasonal,36,6,276.8747281068417,18.724041860392685,370.48961119592764,334.48961119592764,0.0,232.0,566.2703853829006,334.48961119592764,69.21868202671043,7.0,81.73961119592767
SEAS-034,76,seasonal,88,6,263.25230335321424,23.970601652643968,334.48961119592764,246.48961119592764,232.0,87.0,565.3349446047831,478.48961119592764,65.81307583830356,7.0,104.64341373665819
SEAS-034,77,seasonal,148,6,209.85368580129898,38.015347777794446,246.48961119592764,98.48961119592764,319.0,116.0,533.1995579213386,417.48961119592764,52.463421450324745,7.0,165.95560776906544
SEAS-034,78,seasonal,52,6,216.90706038790498,37.080128066605866,98.48961119592764,46.48961119592764,435.0,60.0,541.4602714658316,481.48961119592764,54.226765096976244,7.0,161.8729157869979
SEAS-034,79,seasonal,76,6,243.96434666536527,37.69802416096924,46.48961119592764,0.0,495.0,97.0,591.5079414642971,495.0,60.99108666634132,7.0,164.5703347999078
SEAS-034,80,seasonal,53,6,236.2003920540789,37.636759172724155,0.0,0.0,592.0,0.0,577.6535692216423,592.0,59.05009801351972,7.0,164.30288312700435
SEAS-034,81,seasonal,72,6,239.69930237524443,36.8524431225741,0.0,0.0,592.0,0.0,580.3527386740259,592.0,59.92482559381111,7.0,160.87895951734808
SEAS-034,82,seasonal,82,6,378.3925850222591,35.724372202052265,232.0,150.0,360.0,309.0,818.1414013633431,510.0,94.59814625556477,7.0,155.95437757438967
SEAS-034,83,seasonal,66,6,374.73608562408964,34.02110958560719,237.0,171.0,582.0,52.0,804.3069520706442,753.0,93.68402140602241,7.0,148.51880222848735
SEAS-034,84,seasonal,50,6,357.0901898894927,31.307613557514454,287.0,237.0,518.0,7.0,761.580895673173,755.0,89.27254747237318,7.0,136.67306336656074
SEAS-034,85,seasonal,75,6,375.88034483332274,29.182230279787746,297.0,222.0,465.0,99.0,785.1853280955012,687.0,93.97008620833068,7.0,127.39472463718641
SEAS-034,86,seasonal,258,6,348.06448759274167,59.757093774800104,319.0,61.0,467.0,342.0,869.9818284674416,528.0,87.01612189818542,7.0,260.86897518014365
SEAS-034,87,seasonal,102,6,413.1533350552583,58.05092812703561,61.0,0.0,809.0,168.0,976.4390630277264,809.0,103.28833376381458,7.0,253.42072668102432
SEAS-034,88,seasonal,55,6,412.90276648907457,56.829592327435904,0.0,0.0,977.0,0.0,970.668839228387,977.0,103.22569162226864,7.0,248.08899787250658
SEAS-034,89,seasonal,87,6,394.7964295520066,56.83399127373127,309.0,222.0,668.0,50.0,939.0019531430999,890.0,98.69910738800165,7.0,248.1082014270882
SEAS-034,90,seasonal,126,6,380.6712121875439,55.28434655812595,274.0,148.0,666.0,94.0,907.5178647675948,814.0,95.16780304688598,7.0,241.34324343939298
SEAS-034,91,seasonal,281,6,439.512235045979,75.41169058523403,155.0,0.0,753.0,346.0,1098.3553670690055,753.0,109.87805876149476,7.0,329.2089557385423
SEAS-034,92,seasonal,59,6,431.79684323986805,76.12649729065163,99.0,40.0,1000.0,48.0,1087.9739126920385,1040.0,107.94921080996701,7.0,332.3294370222693
SEAS-034,93,seasonal,97,6,553.113532915065,74.58062235439733,382.0,285.0,706.0,303.0,1293.5296185687275,991.0,138.27838322876624,7.0,325.58093596736376
SEAS-034,94,seasonal,100,6,526.265590067241,73.84052462518855,453.0,353.0,841.0,50.0,1243.314829598375,1194.0,131.56639751681024,7.0,322.35004698070315
SEAS-034,95,seasonal,163,6,364.11711778377986,74.6378435668374,353.0,190.0,891.0,0.0,963.0356907004045,1081.0,91.02927944594497,7.0,325.8307345787899
SEAS-034,96,seasonal,95,6,396.2123506400162,73.4148730826635,240.0,145.0,841.0,28.0,1013.8634831916893,986.0,99.05308766000405,7.0,320.49186957166086
SEAS-034,97,seasonal,185,6,327.76110712923565,72.37013125202895,239.0,54.0,775.0,61.0,889.5129973854164,829.0,81.94027678230891,7.0,315.931059909254
SEAS-034,98,seasonal,109,6,330.8388426967523,70.83603313105266,400.0,291.0,490.0,108.0,888.2019451390272,781.0,82.70971067418807,7.0,309.2339704197106
SEAS-034,99,seasonal,82,6,304.69668090536453,60.883242610501874,339.0,257.0,550.0,0.0,799.004357866076,807.0,76.17417022634113,7.0,265.78516628168813
SEAS-035,75,seasonal,21,6,117.11707204319337,19.008095441355813,288.1860576790044,267.1860576790044,0.0,21.0,287.9345202430216,267.1860576790044,29.279268010798344,7.0,82.97964416743322
SEAS-035,76,seasonal,47,6,130.3646963422214,19.02629759044043,267.1860576790044,220.18605767900442,21.0,71.0,311.19732405999866,241.18605767900442,32.59117408555535,7.0,83.05910546111116
SEAS-035,77,seasonal,20,6,86.1218804993451,17.27492624942509,220.18605767900442,200.18605767900442,92.0,0.0,226.1268028492388,292.1860576790044,21.530470124836274,7.0,75.41351197538489
SEAS-035,78,seasonal,25,6,107.64874955132173,15.043526591450924,200.18605767900442,175.18605767900442,92.0,0.0,254.05767154871745,267.1860576790044,26.912187387830432,7.0,65.67235983390442
SEAS-035,79,seasonal,23,6,112.98270084390528,13.417363415576085,175.18605767900442,152.18605767900442,92.0,13.0,256.29308777568855,244.18605767900442,28.24567521097632,7.0,58.57336129885432
SEAS-035,80,seasonal,17,6,84.87162820835027,13.616543482479495,152.18605767900442,135.18605767900442,105.0,0.0,207.9682291866609,240.18605767900442,21.21790705208757,7.0,59.442879822047914
SEAS-035,81,seasonal,18,6,95.40462119023607,14.068058018442159,135.18605767900442,117.18605767900442,105.0,7.0,228.37204894451614,222.18605767900442,23.851155297559018,7.0,61.413961861603006
SEAS-035,82,seasonal,34,6,126.48871415200573,14.006866448007063,138.18605767900442,104.18605767900442,91.0,88.0,282.5020804594002,195.18605767900442,31.62217853800143,7.0,61.146830693390164
SEAS-035,83,seasonal,19,6,101.61520799866277,10.365128915546372,175.18605767900442,156.18605767900442,108.0,0.0,223.07547713679935,264.1860576790044,25.403801999665692,7.0,45.24886313913951
SEAS-035,84,seasonal,24,6,157.8567852334504,9.879400999178143,156.18605767900442,132.18605767900442,108.0,80.0,319.37779709961706,240.18605767900442,39.4641963083626,7.0,43.12842294107886
SEAS-035,85,seasonal,39,6,197.93209061805513,10.571490446309278,132.18605767900442,93.18605767900442,188.0,112.0,392.53089085017524,281.1860576790044,49.48302265451378,7.0,46.14973226857878
SEAS-035,86,seasonal,41,6,225.3656208779311,10.451352507248394,106.18605767900442,65.18605767900442,287.0,88.0,440.01510787382296,352.1860576790044,56.34140521948277,7.0,45.62527133744354
SEAS-035,87,seasonal,50,6,292.8973089270125,11.622259809388247,65.18605767900442,15.18605767900442,375.0,174.0,563.3071456838386,390.1860576790044,73.22432723175312,7.0,50.736855061566715
SEAS-035,88,seasonal,112,6,269.7319646212146,25.486798996282797,22.18605767900442,0.0,542.0,42.0,583.2932956548962,542.0,67.43299115530365,7.0,111.26235756777058
SEAS-035,89,seasonal,52,6,284.02164643748796,25.702189869786636,88.0,36.0,496.0,78.0,609.2405254652153,532.0,71.00541160937199,7.0,112.20264419961141
SEAS-035,90,seasonal,77,6,316.2011068407312,27.46162824089323,36.0,0.0,574.0,100.0,673.2353911930938,574.0,79.0502767101828,7.0,119.88345422181423
SEAS-035,91,seasonal,101,6,277.4595306721319,31.58687653489608,80.0,0.0,594.0,30.0,623.4463616838814,594.0,69.36488266803298,7.0,137.8921830076505
SEAS-035,92,seasonal,48,6,246.75289653800212,30.77482320972361,112.0,64.0,512.0,0.0,566.1647415521006,576.0,61.68822413450053,7.0,134.34717261059694
SEAS-035,93,seasonal,68,6,250.0645189056326,29.63841928031752,152.0,84.0,424.0,59.0,566.9991210883476,508.0,62.51612972640815,7.0,129.3862130034905
SEAS-035,94,seasonal,71,6,249.70511458806615,28.09667376973789,258.0,187.0,309.0,64.0,559.6396894427986,496.0,62.42627864701654,7.0,122.6557389136829
SEAS-035,95,seasonal,61,6,247.61472752725555,27.271427707965156,229.0,168.0,331.0,54.0,552.378908934068,499.0,61.90368188181389,7.0,119.05313576137081
SEAS-035,96,seasonal,78,6,264.4908246907005,24.923729811011608,246.0,168.0,307.0,97.0,571.6632280684968,475.0,66.12270617267512,7.0,108.8042848597709
SEAS-035,97,seasonal,92,6,274.02992106310967,23.07096076823053,268.0,176.0,304.0,101.0,580.2684026155503,480.0,68.50748026577742,7.0,100.71604075510834
SEAS-035,98,seasonal,68,6,267.9594239073521,21.32050896587847,206.0,138.0,375.0,50.0,562.0034533437778,513.0,66.98985597683803,7.0,93.07446150591159
SEAS-035,99,seasonal,75,6,258.6932466720325,19.370874250553875,138.0,63.0,425.0,50.0,537.2765329850928,488.0,64.67331166800813,7.0,84.56335130903588
SEAS-036,75,seasonal,57,9,312.45751264899445,28.529337127298923,858.894950434479,801.894950434479,0.0,129.0,930.0029626266512,801.894950434479,78.11437816224861,10.0,148.85918100416504
SEAS-036,76,seasonal,120,9,340.5897550846077,32.59856847572707,801.894950434479,681.894950434479,129.0,211.0,1021.5658337045497,810.894950434479,85.14743877115193,10.0,170.09144599303048
SEAS-036,77,seasonal,48,9,297.21956960988564,31.37715157603763,681.894950434479,633.894950434479,340.0,0.0,906.7673120479385,973.894950434479,74.30489240247141,10.0,163.7183880232244
SEAS-036,78,seasonal,118,9,316.67407363660055,35.00567719524128,633.894950434479,515.894950434479,340.0,119.0,974.3363411979037,855.894950434479,79.16851840915014,10.0,182.65115710640237
SEAS-036,79,seasonal,58,9,429.72806297775867,33.213566891272386,515.894950434479,457.89495043447903,459.0,331.0,1247.6205164257817,916.894950434479,107.43201574443967,10.0,173.300358981385
SEAS-036,80,seasonal,80,9,304.1657621642448,29.719414357345425,457.89495043447903,377.89495043447903,790.0,0.0,915.4831215682215,1167.8949504344791,76.0414405410612,10.0,155.06871615760937
SEAS-036,81,seasonal,50,9,268.959570222596,29.057855639378722,377.89495043447903,327.89495043447903,790.0,0.0,824.0157883288185,1117.8949504344791,67.239892555649,10.0,151.6168627723284
SEAS-036,82,seasonal,51,9,274.37327008147025,28.476711132486425,327.89495043447903,276.89495043447903,790.0,0.0,834.5177664950702,1066.8949504344791,68.59331752036756,10.0,148.58459129139453
SEAS-036,83,seasonal,103,9,249.36163559423176,29.714021554193508,276.89495043447903,173.89495043447903,790.0,0.0,778.4446668006493,963.894950434479,62.34040889855794,10.0,155.04057781506992
SEAS-036,84,seasonal,71,9,217.08920654129622,29.3329691119579,173.89495043447903,102.89495043447903,790.0,0.0,695.775354686344,892.894950434479,54.272301635324055,10.0,153.0523383331034
SEAS-036,85,seasonal,67,9,228.83668805797203,28.549776594392874,231.89495043447903,164.89495043447903,661.0,0.0,721.0575493448871,825.894950434479,57.20917201449301,10.0,148.965829199957
SEAS-036,86,seasonal,60,9,226.31929034578206,25.654759142636014,375.89495043447903,315.89495043447903,450.0,0.0,699.6585541921564,765.894950434479,56.579822586445516,10.0,133.8603283277013
SEAS-036,87,seasonal,60,9,222.8727119891206,25.29365989273261,315.89495043447903,255.89495043447903,450.0,0.0,689.1579797502321,705.894950434479,55.71817799728015,10.0,131.97619977743068
SEAS-036,88,seasonal,28,9,153.0207253893494,27.92067518102136,374.89495043447903,346.89495043447903,331.0,0.0,528.2351436532801,677.894950434479,38.25518134733735,10.0,145.6833301799066
SEAS-036,89,seasonal,43,9,140.21931511828345,24.452465661423116,677.894950434479,634.894950434479,0.0,0.0,478.1353395260106,634.894950434479,35.05482877957086,10.0,127.58705173030201
SEAS-036,90,seasonal,51,9,150.96178319960362,24.298622942938074,634.894950434479,583.894950434479,0.0,0.0,504.1887956327671,583.894950434479,37.740445799900904,10.0,126.78433763375806
SEAS-036,91,seasonal,29,9,115.26513843428631,20.195518670214287,583.894950434479,554.894950434479,0.0,0.0,393.5381780041637,554.894950434479,28.81628460857158,10.0,105.37533191844788
SEAS-036,92,seasonal,33,9,126.42339300067232,21.330127964322166,554.894950434479,521.894950434479,0.0,0.0,427.3539312993604,521.894950434479,31.60584825016808,10.0,111.29544879767954
SEAS-036,93,seasonal,49,9,145.03566264915517,20.10230245774259,521.894950434479,472.89495043447903,0.0,0.0,467.47810888999896,472.89495043447903,36.25891566228879,10.0,104.88895226711105
SEAS-036,94,seasonal,62,9,145.541174005141,20.20535597945282,472.89495043447903,410.89495043447903,0.0,59.0,469.2795956316483,410.89495043447903,36.38529350128525,10.0,105.42666061879582
SEAS-036,95,seasonal,35,9,135.97433259403795,20.903931663071386,410.89495043447903,375.89495043447903,59.0,15.0,449.00749106299304,434.89495043447903,33.99358314850949,10.0,109.07165957789817
SEAS-036,96,seasonal,24,9,120.03145272977847,16.147556773196044,375.89495043447903,351.89495043447903,74.0,0.0,384.3326776072406,425.89495043447903,30.007863182444616,10.0,84.25404578279444
SEAS-036,97,seasonal,29,9,111.67112457998245,15.13189872337106,351.89495043447903,322.89495043447903,74.0,0.0,358.1323991765532,396.89495043447903,27.91778114499561,10.0,78.9545877265971
SEAS-036,98,seasonal,30,9,117.51788776974513,13.83835250309804,322.89495043447903,292.89495043447903,74.0,0.0,365.99989583159834,366.89495043447903,29.379471942436282,10.0,72.20517640723548
SEAS-036,99,seasonal,19,9,83.69324299314773,13.819347270199081,292.89495043447903,273.89495043447903,74.0,0.0,281.3391191814574,347.89495043447903,20.923310748286934,10.0,72.10601169858806
SEAS-037,75,seasonal,104,8,193.71925609007138,22.454226944882965,368.5505557484396,264.5505557484396,0.0,283.0,547.0167495798313,264.5505557484396,48.429814022517846,9.0,111.14842337717067
SEAS-037,76,seasonal,60,8,200.56536252946256,23.393786157209167,264.5505557484396,204.5505557484396,283.0,80.0,567.0713071694761,487.5505557484396,50.14134063236564,9.0,115.79924147818537
SEAS-037,77,seasonal,47,8,262.20425811602615,22.749189898228057,204.5505557484396,157.5505557484396,363.0,183.0,702.5680707572877,520.5505557484396,65.55106452900654,9.0,112.60848999622888
SEAS-037,78,seasonal,83,8,282.9078057535618,24.719710810689175,157.5505557484396,74.55055574843959,546.0,139.0,758.9051314584253,620.5505557484396,70.72695143839044,9.0,122.3625685129114
SEAS-037,79,seasonal,80,8,311.10114306848294,25.012048378782673,74.55055574843959,0.0,685.0,139.0,823.7872113790609,685.0,77.77528576712074,9.0,123.80963947497422
SEAS-037,80,seasonal,63,8,316.55946073249476,24.533859386779273,0.0,0.0,824.0,10.0,833.7013906126706,824.0,79.13986518312369,9.0,121.4426039645574
SEAS-037,81,seasonal,91,8,235.48380787833239,26.005176999382872,0.0,0.0,834.0,0.0,658.5641938731931,834.0,58.870951969583096,9.0,128.72562614694522
SEAS-037,82,seasonal,41,8,208.31845781907427,24.50667099132243,0.0,0.0,834.0,0.0,590.0245514999631,834.0,52.07961445476857,9.0,121.30802140704601
SEAS-037,83,seasonal,58,8,212.9644232100671,24.03763075487461,0.0,0.0,834.0,0.0,598.1562244592803,834.0,53.24110580251678,9.0,118.9862722366293
SEAS-037,84,seasonal,55,8,209.05103591606044,22.572106680591453,283.0,228.0,551.0,0.0,582.0967588800637,779.0,52.26275897901511,9.0,111.73192806892769
SEAS-037,85,seasonal,61,8,194.95912587128026,21.293432236496255,308.0,247.0,471.0,0.0,544.0605227810371,718.0,48.739781467820066,9.0,105.40248957065646
SEAS-037,86,seasonal,69,8,214.36766625673292,18.717193521821983,430.0,361.0,288.0,0.0,574.9773570106679,649.0,53.59191656418323,9.0,92.6501079330188
SEAS-037,87,seasonal,76,8,317.9761765977567,17.876355964348665,500.0,424.0,149.0,231.0,803.9343593684786,573.0,79.49404414943918,9.0,88.4879620235259
SEAS-037,88,seasonal,58,8,327.8357741750622,14.446186614200618,563.0,505.0,241.0,64.0,809.1391156341831,746.0,81.95894354376556,9.0,71.50862374029305
SEAS-037,89,seasonal,64,8,349.95425965376035,14.37858093636473,515.0,451.0,295.0,113.0,858.5710598559662,746.0,87.48856491344009,9.0,71.1739756350054
SEAS-037,90,seasonal,66,8,468.79938916376193,13.314249162804199,451.0,385.0,408.0,328.0,1120.704158974345,793.0,117.19984729094048,9.0,65.90553335588078
SEAS-037,91,seasonal,128,8,342.0471258488861,21.36586061922154,385.0,257.0,736.0,0.0,875.3670432251403,993.0,85.51178146222152,9.0,105.7610100651466
SEAS-037,92,seasonal,78,8,414.8693524905611,21.294937402452273,257.0,179.0,736.0,124.0,1038.8659832459011,915.0,103.71733812264027,9.0,105.40994014213875
SEAS-037,93,seasonal,157,8,347.6459263137835,32.029833849245286,179.0,22.0,860.0,59.0,940.751011759777,882.0,86.91148157844587,9.0,158.54767755376415
SEAS-037,94,seasonal,97,8,272.9710407900461,32.28935682392213,22.0,0.0,919.0,0.0,774.0171580560183,919.0,68.24276019751153,9.0,159.8323162784145
SEAS-037,95,seasonal,45,8,271.27088857231695,31.929208555402077,0.0,0.0,919.0,0.0,768.4090816369534,919.0,67.81772214307924,9.0,158.04958234924027
SEAS-037,96,seasonal,30,8,264.3307251200181,34.24028965849206,231.0,201.0,688.0,0.0,764.2335653295763,889.0,66.08268128000452,9.0,169.48943380953568
SEAS-037,97,seasonal,38,8,243.0581865809679,35.401361700595814,265.0,227.0,624.0,0.0,722.1176602251271,851.0,60.76454664524198,9.0,175.23674041794925
SEAS-037,98,seasonal,42,8,222.351880859484,36.37870608488238,340.0,298.0,511.0,0.0,680.3663270540068,809.0,55.587970214871,9.0,180.07459512016777
SEAS-037,99,seasonal,47,8,154.25737487052328,37.0813381773857,626.0,579.0,183.0,0.0,530.6317174367366,762.0,38.56434371763082,9.0,183.55262397805922
SEAS-038,75,seasonal,60,5,176.7562483956034,22.22466866875406,510.0201419768847,450.0201419768847,0.0,0.0,354.95888419583684,450.0201419768847,44.18906209890085,6.0,89.82451160243177
SEAS-038,76,seasonal,50,5,172.4655214508293,22.183095897321106,450.0201419768847,400.0201419768847,0.0,0.0,348.35477085128895,400.0201419768847,43.116380362707325,6.0,89.65648867504501
SEAS-038,77,seasonal,66,5,197.6738152170792,21.926158128053608,400.0201419768847,334.0201419768847,0.0,52.0,385.1287568905792,334.0201419768847,49.4184538042698,6.0,88.61803406496037
SEAS-038,78,seasonal,28,5,174.98062663854193,22.976855690801088,334.0201419768847,306.0201419768847,52.0,0.0,355.3355343122567,358.0201419768847,43.745156659635484,6.0,92.86459435444381
SEAS-038,79,seasonal,58,5,195.11317409398137,22.734532639994498,306.0201419768847,248.0201419768847,52.0,85.0,384.55496858022127,300.0201419768847,48.77829352349534,6.0,91.8852074392492
SEAS-038,80,seasonal,32,5,147.1203217134211,22.043081361221642,248.0201419768847,216.0201419768847,137.0,0.0,309.77108036464995,353.0201419768847,36.78008042835528,6.0,89.0905977945183
SEAS-038,81,seasonal,29,5,115.70170280980537,22.92574412292313,216.0201419768847,187.0201419768847,137.0,0.0,266.21057308808173,324.0201419768847,28.925425702451342,6.0,92.65801887337368
SEAS-038,82,seasonal,17,5,111.58543463718495,24.946095732753314,187.0201419768847,170.0201419768847,137.0,0.0,268.201741228557,307.0201419768847,27.896358659296236,6.0,100.82358927277963
SEAS-038,83,seasonal,30,5,148.7704797848554,25.488559525141227,222.0201419768847,192.0201419768847,85.0,50.0,326.1717621172837,277.0201419768847,37.19261994621385,6.0,103.01604244000063
SEAS-038,84,seasonal,24,5,130.12666609529006,25.04483159742925,192.0201419768847,168.0201419768847,135.0,0.0,296.4126450205328,303.0201419768847,32.531666523822516,6.0,101.22264587759771
SEAS-038,85,seasonal,28,5,128.8778455398947,24.380267346717854,253.0201419768847,225.0201419768847,50.0,17.0,291.8534727168022,275.0201419768847,32.21946138497368,6.0,98.53670440696008
SEAS-038,86,seasonal,35,5,143.88702582642304,24.104473465015616,225.0201419768847,190.0201419768847,67.0,57.0,313.2525785774139,257.0201419768847,35.97175645660576,6.0,97.42203983777931
SEAS-038,87,seasonal,20,5,75.59550392502608,16.178095352382186,190.0201419768847,170.0201419768847,124.0,0.0,178.7795856161959,294.0201419768847,18.89887598125652,6.0,65.3863297286568
SEAS-038,88,seasonal,7,5,94.98917353243388,16.49009026424894,170.0201419768847,163.0201419768847,124.0,0.0,209.13106678239757,287.0201419768847,23.74729338310847,6.0,66.64730648374676
SEAS-038,89,seasonal,14,5,94.24298823385543,16.349547159101782,213.0201419768847,199.0201419768847,74.0,0.0,207.44376165864307,273.0201419768847,23.560747058463857,6.0,66.07927930785993
SEAS-038,90,seasonal,19,5,84.88003155083697,12.410706709355509,199.0201419768847,180.0201419768847,74.0,0.0,177.479880321929,254.0201419768847,21.220007887709244,6.0,50.159832995673526
SEAS-038,91,seasonal,14,5,64.41732658095053,12.844234464317434,197.0201419768847,183.0201419768847,57.0,0.0,148.53799381893455,240.0201419768847,16.104331645237632,6.0,51.912003947508765
SEAS-038,92,seasonal,18,5,69.3033240289302,8.311252798280403,240.0201419768847,222.0201419768847,0.0,0.0,137.54622803385394,222.0201419768847,17.32583100723255,6.0,33.59124199045862
SEAS-038,93,seasonal,5,5,62.94151825868149,8.972179222463222,222.0201419768847,217.0201419768847,0.0,0.0,130.67475799815165,217.0201419768847,15.735379564670373,6.0,36.262480610129415
SEAS-038,94,seasonal,6,5,55.934349603090986,9.310870404656507,217.0201419768847,211.0201419768847,0.0,0.0,121.53287896640927,211.0201419768847,13.983587400772747,6.0,37.63135456177279
SEAS-038,95,seasonal,11,5,54.7174949742278,9.523250899367737,211.0201419768847,200.0201419768847,0.0,0.0,120.5659663646624,200.0201419768847,13.67937374355695,6.0,38.48972390332071
SEAS-038,96,seasonal,7,5,56.52273795658988,9.192388155425157,200.0201419768847,193.0201419768847,0.0,0.0,121.9365967572374,193.0201419768847,14.13068448914747,6.0,37.15248982235257
SEAS-038,97,seasonal,5,5,56.52273795658988,9.32394216176281,193.0201419768847,188.0201419768847,0.0,0.0,122.46829306932847,188.0201419768847,14.13068448914747,6.0,37.68418613444366
SEAS-038,98,seasonal,6,5,52.331590024947204,8.64914402167596,188.0201419768847,182.0201419768847,0.0,0.0,113.45426781958781,182.0201419768847,13.082897506236801,6.0,34.956882782167014
SEAS-038,99,seasonal,9,5,52.331590024947204,5.550467755756535,182.0201419768847,173.0201419768847,0.0,0.0,100.93047786578855,173.0201419768847,13.082897506236801,6.0,22.43309282836775
SEAS-039,75,seasonal,82,9,186.2269269658447,15.84055166094532,691.0746095130424,609.0746095130424,0.0,0.0,548.2194847741602,609.0746095130424,46.55673174146118,10.0,82.65216735954833
SEAS-039,76,seasonal,88,9,225.14193428095263,16.728986052925478,609.0746095130424,521.0746095130424,0.0,130.0,650.1426388418987,521.0746095130424,56.285483570238156,10.0,87.28780313951715
SEAS-039,77,seasonal,58,9,235.76886803116363,16.63599742295036,521.0746095130424,463.07460951304245,130.0,84.0,676.2247810365133,593.0746095130424,58.94221700779091,10.0,86.80261095860418
SEAS-039,78,seasonal,68,9,235.69825551305433,16.06517175724382,463.07460951304245,395.07460951304245,214.0,64.0,673.0698194778911,609.0746095130424,58.924563878263584,10.0,83.8241806952552
SEAS-039,79,seasonal,65,9,245.2628847905749,15.999198697883587,395.07460951304245,330.07460951304245,278.0,89.0,696.6371612042425,608.0746095130424,61.315721197643725,10.0,83.47994922780528
SEAS-039,80,seasonal,79,9,244.60120652370313,16.260696676657414,330.07460951304245,251.07460951304245,367.0,79.0,696.347398744215,618.0746095130424,61.15030163092578,10.0,84.84438243495711
SEAS-039,81,seasonal,106,9,275.49120791665416,18.941204575454858,251.07460951304245,145.07460951304245,446.0,197.0,787.5586441329415,591.0746095130424,68.87280197916354,10.0,98.83062434130598
SEAS-039,82,seasonal,49,9,227.04370578024086,20.010894468661277,145.07460951304245,96.07460951304245,643.0,0.0,672.0212719386892,739.0746095130424,56.760926445060214,10.0,104.41200748808701
SEAS-039,83,seasonal,53,9,302.9981345786653,20.430934313512875,96.07460951304245,43.07460951304245,643.0,179.0,864.0990102540457,686.0746095130424,75.74953364466633,10.0,106.60367380738242
SEAS-039,84,seasonal,53,9,304.2191988506563,20.492337529815824,43.07460951304245,0.0,822.0,46.0,867.4720580656658,822.0,76.05479971266408,10.0,106.92406093902498
SEAS-039,85,seasonal,45,9,219.0592078062617,19.505751945884057,0.0,0.0,868.0,0.0,649.4243154940251,868.0,54.764801951565424,10.0,101.77629597837084
SEAS-039,86,seasonal,43,9,194.0244631974706,19.399973565934957,130.0,87.0,738.0,0.0,586.2855279691082,825.0,48.50611579936765,10.0,101.22436997543178
SEAS-039,87,seasonal,51,9,166.74797539114172,19.094233254827074,171.0,120.0,654.0,0.0,516.4990294564976,774.0,41.68699384778543,10.0,99.6290909786433
SEAS-039,88,seasonal,35,9,135.01696573926304,19.958289839896945,184.0,149.0,590.0,0.0,441.67994360634583,739.0,33.75424143481576,10.0,104.13752925818824
SEAS-039,89,seasonal,46,9,162.0754312932921,18.57486584139011,238.0,192.0,501.0,0.0,502.1077356631372,693.0,40.518857823323025,10.0,96.9191574299069
SEAS-039,90,seasonal,44,9,158.0849454357711,18.96217557571131,271.0,227.0,422.0,0.0,494.1524095380106,649.0,39.52123635894277,10.0,98.94004594858289
SEAS-039,91,seasonal,33,9,145.3985932619345,19.693484540155236,424.0,391.0,225.0,0.0,466.25232240497326,616.0,36.34964831548363,10.0,102.755839250137
SEAS-039,92,seasonal,36,9,164.03859742423856,19.983967933295283,391.0,355.0,225.0,0.0,514.3680048996149,580.0,41.00964935605964,10.0,104.27151133901853
SEAS-039,93,seasonal,82,9,138.95757016825468,20.338797080129062,534.0,452.0,46.0,0.0,453.5168494286002,498.0,34.73939254206367,10.0,106.1229240079635
SEAS-039,94,seasonal,23,9,105.41714307932892,14.021046451308221,498.0,475.0,0.0,0.0,336.70128694082825,475.0,26.35428576983223,10.0,73.15842924250595
SEAS-039,95,seasonal,25,9,111.65941794729113,15.078427449803032,475.0,450.0,0.0,0.0,357.82413242194775,450.0,27.914854486822783,10.0,78.67558755371996
SEAS-039,96,seasonal,29,9,127.35671114375894,15.32134425380452,450.0,421.0,0.0,0.0,398.3348465443634,421.0,31.839177785939736,10.0,79.94306868496608
SEAS-039,97,seasonal,14,9,107.0178941547361,16.72553705396597,421.0,407.0,0.0,0.0,354.81454248396403,407.0,26.754473538684024,10.0,87.2698070971238
SEAS-039,98,seasonal,28,9,158.81530274766993,16.87472696835149,407.0,379.0,0.0,107.0,485.0865008563818,379.0,39.70382568691748,10.0,88.04824398720702
SEAS-039,99,seasonal,31,9,164.48027039464566,16.883841463485176,379.0,348.0,107.0,45.0,499.29647720499037,455.0,41.120067598661414,10.0,88.09580121837621
SEAS-040,75,seasonal,42,9,212.54069580411644,27.939953930545837,932.684894752449,890.684894752449,0.0,0.0,677.135661542444,890.684894752449,53.13517395102911,10.0,145.78392203215301
SEAS-040,76,seasonal,86,9,261.71705862769574,27.078707691771562,890.684894752449,804.684894752449,0.0,0.0,795.5827940291055,804.684894752449,65.42926465692393,10.0,141.29014745986615
SEAS-040,77,seasonal,108,9,265.9468209983413,25.749284281813335,804.684894752449,696.684894752449,0.0,103.0,799.2205901378634,696.684894752449,66.48670524958533,10.0,134.35353764201014
SEAS-040,78,seasonal,69,9,268.8041372954482,24.46294948357404,696.684894752449,627.684894752449,103.0,69.0,799.6520970172811,730.684894752449,67.20103432386205,10.0,127.64175377866073
SEAS-040,79,seasonal,73,9,256.1954864021562,24.159724909284574,627.684894752449,554.684894752449,172.0,40.0,766.5483172935233,726.684894752449,64.04887160053904,10.0,126.05960128813282
SEAS-040,80,seasonal,75,9,294.0251194228258,24.151763751488012,554.684894752449,479.68489475244905,212.0,170.0,861.0808604493063,691.684894752449,73.50627985570645,10.0,126.01806189224175
SEAS-040,81,seasonal,41,9,229.99982180255085,25.98076211353312,479.68489475244905,438.68489475244905,382.0,0.0,710.5608874889056,820.684894752449,57.499955450637714,10.0,135.56133298252843
SEAS-040,82,seasonal,51,9,214.01010378282092,26.460178110531,438.68489475244905,387.68489475244905,382.0,0.0,673.0880691600164,769.684894752449,53.50252594570523,10.0,138.0628097029641
SEAS-040,83,seasonal,64,9,219.16056520031253,26.547248638162273,387.68489475244905,323.68489475244905,382.0,0.0,686.4185356579846,705.684894752449,54.79014130007813,10.0,138.5171226572034
SEAS-040,84,seasonal,114,9,246.2140731132247,26.547248638162273,323.68489475244905,209.68489475244905,382.0,163.0,754.0523054402652,591.684894752449,61.55351827830618,10.0,138.5171226572034
SEAS-040,85,seasonal,95,9,257.99126866170235,25.715155662939875,209.68489475244905,114.68489475244905,545.0,120.0,779.1536344173567,659.684894752449,64.49781716542559,10.0,134.1754627631008
SEAS-040,86,seasonal,55,9,260.69975100590653,23.89158203861123,114.68489475244905,59.684894752449054,665.0,52.0,776.4098741569541,724.684894752449,65.17493775147663,10.0,124.66049664218767
SEAS-040,87,seasonal,22,9,193.10397842839205,27.12577542315963,162.68489475244905,140.68489475244905,614.0,0.0,624.2956815693938,754.684894752449,48.27599460709801,10.0,141.53573549841357
SEAS-040,88,seasonal,29,9,143.1581254457213,28.40729411567314,209.68489475244905,180.68489475244905,545.0,0.0,506.1177037012159,725.684894752449,35.78953136143033,10.0,148.2223900869126
SEAS-040,89,seasonal,42,9,141.18881299689176,28.683954238724304,220.68489475244905,178.68489475244905,505.0,0.0,502.63796818800586,683.684894752449,35.29720324922294,10.0,149.66593569577645
SEAS-040,90,seasonal,68,9,147.70711808158217,25.60448678629867,348.68489475244905,280.68489475244905,335.0,0.0,502.8658145351968,615.684894752449,36.92677952039554,10.0,133.5980193312414
SEAS-040,91,seasonal,41,9,149.49457449747578,26.083691731788544,280.68489475244905,239.68489475244905,335.0,0.0,509.83483107964287,574.684894752449,37.373643624368945,10.0,136.0983948359534
SEAS-040,92,seasonal,25,9,115.95509003507661,27.339273901036535,239.68489475244905,214.68489475244905,335.0,0.0,432.5374440067708,549.684894752449,28.988772508769152,10.0,142.64971891907922
SEAS-040,93,seasonal,28,9,122.64295528517657,27.6570109811284,214.68489475244905,186.68489475244905,335.0,0.0,450.91498236782036,521.684894752449,30.660738821294142,10.0,144.30759415487893
SEAS-040,94,seasonal,24,9,86.39757563782494,28.602268154636693,349.68489475244905,325.68489475244905,172.0,0.0,365.233656560225,497.68489475244905,21.599393909456236,10.0,149.23971746566258
SEAS-040,95,seasonal,26,9,93.53099249870019,29.403470927155922,445.68489475244905,419.68489475244905,52.0,0.0,387.2476809999372,471.68489475244905,23.382748124675047,10.0,153.42019975318672
SEAS-040,96,seasonal,36,9,119.06509531886108,29.213625201879662,471.68489475244905,435.68489475244905,0.0,15.0,450.0923689720721,435.68489475244905,29.76627382971527,10.0,152.42963067491942
SEAS-040,97,seasonal,27,9,119.24580132373997,21.388650237318878,435.68489475244905,408.68489475244905,15.0,0.0,409.7153071732871,423.68489475244905,29.811450330934992,10.0,111.60080386393719
SEAS-040,98,seasonal,39,9,155.13385748759782,13.562296908558665,408.68489475244905,369.68489475244905,15.0,74.0,458.59942880092905,384.68489475244905,38.783464371899456,10.0,70.76478508193446
SEAS-040,99,seasonal,38,9,176.73818542121884,12.289249001694273,369.68489475244905,331.68489475244905,89.0,86.0,505.9677925572493,420.68489475244905,44.18454635530471,10.0,64.12232900420219
INT-001,75,intermittent,0,6,10.11165436023317,4.399883448339783,54.207645713261016,54.207645713261016,0.0,0.0,36.90304084366906,54.207645713261016,2.5279135900582923,7.0,19.207645713261016
INT-001,76,intermittent,7,6,10.11165436023317,4.460654200611826,54.207645713261016,47.207645713261016,0.0,0.0,37.168334934540994,47.207645713261016,2.5279135900582923,7.0,19.472939804132945
INT-001,77,intermittent,16,6,11.508910947589156,5.547001962252293,47.207645713261016,31.207645713261016,0.0,14.0,44.355973886557344,31.207645713261016,2.877227736897289,7.0,24.21537972827632
INT-001,78,intermittent,0,6,9.532132757148782,5.547001962252293,31.207645713261016,31.207645713261016,14.0,0.0,40.89661205328669,45.207645713261016,2.3830331892871954,7.0,24.21537972827632
INT-001,79,intermittent,0,6,9.532132757148782,5.547001962252293,31.207645713261016,31.207645713261016,14.0,0.0,40.89661205328669,45.207645713261016,2.3830331892871954,7.0,24.21537972827632
INT-001,80,intermittent,0,6,9.532132757148782,5.547001962252293,31.207645713261016,31.207645713261016,14.0,0.0,40.89661205328669,45.207645713261016,2.3830331892871954,7.0,24.21537972827632
INT-001,81,intermittent,0,6,10.340123794099595,5.627314338711379,31.207645713261016,31.207645713261016,14.0,0.0,42.661199217214325,45.207645713261016,2.585030948524899,7.0,24.565982577540034
INT-001,82,intermittent,0,6,9.620915480761864,5.51338697149365,31.207645713261016,31.207645713261016,14.0,0.0,40.90523592492226,45.207645713261016,2.405228870190466,7.0,24.068633833588997
INT-001,83,intermittent,0,6,9.620915480761864,5.51338697149365,31.207645713261016,31.207645713261016,14.0,0.0,40.90523592492226,45.207645713261016,2.405228870190466,7.0,24.068633833588997
INT-001,84,intermittent,10,6,10.340123794099595,5.707619738290481,45.207645713261016,35.207645713261016,0.0,8.0,43.01177160898058,35.207645713261016,2.585030948524899,7.0,24.91655496930629
INT-001,85,intermittent,0,6,9.620915480761864,5.605629039017561,35.207645713261016,35.207645713261016,8.0,0.0,41.307917717215304,43.207645713261016,2.405228870190466,7.0,24.471315625882045
INT-001,86,intermittent,0,6,9.620915480761864,5.605629039017561,35.207645713261016,35.207645713261016,8.0,0.0,41.307917717215304,43.207645713261016,2.405228870190466,7.0,24.471315625882045
INT-001,87,intermittent,11,6,9.810547652189333,5.605629039017561,35.207645713261016,24.207645713261016,8.0,10.0,41.639774017213384,32.207645713261016,2.4526369130473333,7.0,24.471315625882045
INT-001,88,intermittent,0,6,9.810547652189333,5.605629039017561,24.207645713261016,24.207645713261016,18.0,0.0,41.639774017213384,42.207645713261016,2.4526369130473333,7.0,24.471315625882045
INT-001,89,intermittent,12,6,13.94991470191796,6.029840326159092,24.207645713261016,12.207645713261016,18.0,21.0,50.73555634329159,30.207645713261016,3.48747867547949,7.0,26.323205614935166
INT-001,90,intermittent,0,6,13.94991470191796,4.841063667821098,12.207645713261016,12.207645713261016,39.0,0.0,45.545964129396395,51.207645713261016,3.48747867547949,7.0,21.133613401039963
INT-001,91,intermittent,0,6,17.010603373695552,4.841063667821098,20.207645713261016,20.207645713261016,31.0,0.0,50.90216930500718,51.207645713261016,4.252650843423888,7.0,21.133613401039963
INT-001,92,intermittent,0,6,16.582700354953623,4.841063667821098,20.207645713261016,20.207645713261016,31.0,0.0,50.1533390222088,51.207645713261016,4.145675088738406,7.0,21.133613401039963
INT-001,93,intermittent,0,6,12.436126461240315,4.841063667821098,20.207645713261016,20.207645713261016,31.0,0.0,42.89683470821051,51.207645713261016,3.1090316153100788,7.0,21.133613401039963
INT-001,94,intermittent,0,6,12.436126461240315,4.841063667821098,30.207645713261016,30.207645713261016,21.0,0.0,42.89683470821051,51.207645713261016,3.1090316153100788,7.0,21.133613401039963
INT-001,95,intermittent,0,6,9.538790048178095,4.841063667821098,30.207645713261016,30.207645713261016,21.0,0.0,37.82649598535163,51.207645713261016,2.3846975120445237,7.0,21.133613401039963
INT-001,96,intermittent,0,6,9.538790048178095,4.841063667821098,51.207645713261016,51.207645713261016,0.0,0.0,37.82649598535163,51.207645713261016,2.3846975120445237,7.0,21.133613401039963
INT-001,97,intermittent,0,6,9.538790048178095,4.323460152737356,51.207645713261016,51.207645713261016,0.0,0.0,35.56690319058828,51.207645713261016,2.3846975120445237,7.0,18.874020606276616
INT-001,98,intermittent,9,6,9.538790048178095,4.719028583218244,51.207645713261016,42.207645713261016,0.0,0.0,37.29375308496323,42.207645713261016,2.3846975120445237,7.0,20.600870500651563
INT-001,99,intermittent,0,6,9.538790048178095,4.719028583218244,42.207645713261016,42.207645713261016,0.0,0.0,37.29375308496323,42.207645713261016,2.3846975120445237,7.0,20.600870500651563
INT-002,75,intermittent,0,12,10.766642108943637,8.690548948463558,51.70146274526476,51.70146274526476,0.0,35.0,86.69304959933159,51.70146274526476,2.6916605272359093,13.0,51.70146274526476
INT-002,76,intermittent,6,12,10.982035981276235,8.63282346776772,51.70146274526476,45.70146274526476,35.0,7.0,87.04966158650561,80.70146274526476,2.745508995319059,13.0,51.35804464735784
INT-002,77,intermittent,0,12,7.116580313418476,8.056690164717546,45.70146274526476,45.70146274526476,42.0,0.0,71.05942169264566,87.70146274526476,1.779145078354619,13.0,47.93053567403561
INT-002,78,intermittent,0,12,7.161251191532797,2.075498086651093,45.70146274526476,45.70146274526476,42.0,0.0,35.621535748835655,87.70146274526476,1.7903127978831992,13.0,12.347469376354065
INT-002,79,intermittent,0,12,7.161251191532797,2.075498086651093,45.70146274526476,45.70146274526476,42.0,0.0,35.621535748835655,87.70146274526476,1.7903127978831992,13.0,12.347469376354065
INT-002,80,intermittent,0,12,7.161251191532797,2.075498086651093,45.70146274526476,45.70146274526476,42.0,0.0,35.621535748835655,87.70146274526476,1.7903127978831992,13.0,12.347469376354065
INT-002,81,intermittent,0,12,7.161251191532797,1.6641005886756992,45.70146274526476,45.70146274526476,42.0,0.0,33.17406637248166,87.70146274526476,1.7903127978831992,13.0,9.90000000000007
INT-002,82,intermittent,0,12,7.161251191532797,1.6641005886756992,45.70146274526476,45.70146274526476,42.0,0.0,33.17406637248166,87.70146274526476,1.7903127978831992,13.0,9.90000000000007
INT-002,83,intermittent,1,12,7.161251191532797,1.6641005886756992,45.70146274526476,44.70146274526476,42.0,0.0,33.17406637248166,86.70146274526476,1.7903127978831992,13.0,9.90000000000007
INT-002,84,intermittent,9,12,7.161251191532797,2.862220762329093,44.70146274526476,35.70146274526476,42.0,0.0,40.30187451093562,77.70146274526476,1.7903127978831992,13.0,17.027808138454034
INT-002,85,intermittent,0,12,7.161251191532797,2.862220762329093,35.70146274526476,35.70146274526476,42.0,0.0,40.30187451093562,77.70146274526476,1.7903127978831992,13.0,17.027808138454034
INT-002,86,intermittent,0,12,7.161251191532797,2.862220762329093,35.70146274526476,35.70146274526476,42.0,0.0,40.30187451093562,77.70146274526476,1.7903127978831992,13.0,17.027808138454034
INT-002,87,intermittent,0,12,7.161251191532797,2.862220762329093,35.70146274526476,35.70146274526476,42.0,0.0,40.30187451093562,77.70146274526476,1.7903127978831992,13.0,17.027808138454034
INT-002,88,intermittent,22,12,12.883993447649242,6.39611260143663,70.70146274526476,48.70146274526476,7.0,25.0,79.92447341925991,55.70146274526476,3.2209983619123106,13.0,38.05149471439987
INT-002,89,intermittent,0,12,7.696660949118422,6.3720141323261466,55.70146274526476,55.70146274526476,25.0,0.0,62.922277160071985,80.70146274526476,1.9241652372796054,13.0,37.90812907543712
INT-002,90,intermittent,0,12,7.696660949118422,6.3720141323261466,55.70146274526476,55.70146274526476,25.0,0.0,62.922277160071985,80.70146274526476,1.9241652372796054,13.0,37.90812907543712
INT-002,91,intermittent,0,12,7.696660949118422,6.3720141323261466,55.70146274526476,55.70146274526476,25.0,0.0,62.922277160071985,80.70146274526476,1.9241652372796054,13.0,37.90812907543712
INT-002,92,intermittent,0,12,7.079125758949027,6.3720141323261466,55.70146274526476,55.70146274526476,25.0,0.0,60.91528779202145,80.70146274526476,1.7697814397372567,13.0,37.90812907543712
INT-002,93,intermittent,0,12,7.079125758949027,6.3720141323261466,55.70146274526476,55.70146274526476,25.0,0.0,60.91528779202145,80.70146274526476,1.7697814397372567,13.0,37.90812907543712
INT-002,94,intermittent,0,12,7.079125758949027,6.3720141323261466,55.70146274526476,55.70146274526476,25.0,0.0,60.91528779202145,80.70146274526476,1.7697814397372567,13.0,37.90812907543712
INT-002,95,intermittent,0,12,7.079125758949027,6.3720141323261466,55.70146274526476,55.70146274526476,25.0,0.0,60.91528779202145,80.70146274526476,1.7697814397372567,13.0,37.90812907543712
INT-002,96,intermittent,0,12,7.079125758949027,6.397114734243631,55.70146274526476,55.70146274526476,25.0,0.0,61.06461527899798,80.70146274526476,1.7697814397372567,13.0,38.05745656241364
INT-002,97,intermittent,0,12,10.471882549769441,6.101702158477523,55.70146274526476,55.70146274526476,25.0,0.0,70.3336182867507,80.70146274526476,2.6179706374423604,13.0,36.30000000000002
INT-002,98,intermittent,0,12,10.471882549769441,6.101702158477523,55.70146274526476,55.70146274526476,25.0,0.0,70.3336182867507,80.70146274526476,2.6179706374423604,13.0,36.30000000000002
INT-002,99,intermittent,0,12,10.471882549769441,6.101702158477523,55.70146274526476,55.70146274526476,25.0,0.0,70.3336182867507,80.70146274526476,2.6179706374423604,13.0,36.30000000000002
INT-003,75,intermittent,0,6,9.593899282862798,5.203549084703928,22.716039741523204,22.716039741523204,0.0,17.0,39.5053634865331,22.716039741523204,2.3984748207156996,7.0,22.716039741523204
INT-003,76,intermittent,0,6,9.593899282862798,5.203549084703928,22.716039741523204,22.716039741523204,17.0,0.0,39.5053634865331,39.716039741523204,2.3984748207156996,7.0,22.716039741523204
INT-003,77,intermittent,0,6,9.593899282862798,5.203549084703928,22.716039741523204,22.716039741523204,17.0,0.0,39.5053634865331,39.716039741523204,2.3984748207156996,7.0,22.716039741523204
INT-003,78,intermittent,0,6,10.014250597400785,1.9414506867883048,22.716039741523204,22.716039741523204,17.0,0.0,26.000321450348096,39.716039741523204,2.5035626493501963,7.0,8.475382904896723
INT-003,79,intermittent,0,6,10.014250597400785,0.0,22.716039741523204,22.716039741523204,17.0,0.0,17.524938545451374,39.716039741523204,2.5035626493501963,7.0,0.0
INT-003,80,intermittent,0,6,10.014250597400785,0.0,22.716039741523204,22.716039741523204,17.0,0.0,17.524938545451374,39.716039741523204,2.5035626493501963,7.0,0.0
INT-003,81,intermittent,0,6,10.014250597400785,0.0,22.716039741523204,22.716039741523204,17.0,0.0,17.524938545451374,39.716039741523204,2.5035626493501963,7.0,0.0
INT-003,82,intermittent,0,6,10.014250597400785,0.0,39.716039741523204,39.716039741523204,0.0,0.0,17.524938545451374,39.716039741523204,2.5035626493501963,7.0,0.0
INT-003,83,intermittent,0,6,10.014250597400785,0.0,39.716039741523204,39.716039741523204,0.0,0.0,17.524938545451374,39.716039741523204,2.5035626493501963,7.0,0.0
INT-003,84,intermittent,9,6,10.014250597400785,2.4961508830135313,39.716039741523204,30.716039741523204,0.0,0.0,28.421859423175718,30.716039741523204,2.5035626493501963,7.0,10.896920877724343
INT-003,85,intermittent,0,6,10.014250597400785,2.4961508830135313,30.716039741523204,30.716039741523204,0.0,0.0,28.421859423175718,30.716039741523204,2.5035626493501963,7.0,10.896920877724343
INT-003,86,intermittent,30,6,6.846193318276698,8.48528137423857,30.716039741523204,0.716039741523204,0.0,49.0,49.023246436046236,0.716039741523204,1.7115483295691745,7.0,37.04240812906201
INT-003,87,intermittent,0,6,3.1199759418772297,8.48528137423857,0.716039741523204,0.716039741523204,49.0,0.0,42.502366027347165,49.716039741523204,0.7799939854693074,7.0,37.04240812906201
INT-003,88,intermittent,0,6,2.40241700443488,8.48528137423857,0.716039741523204,0.716039741523204,49.0,0.0,41.24663788682305,49.716039741523204,0.60060425110872,7.0,37.04240812906201
INT-003,89,intermittent,0,6,2.40241700443488,8.48528137423857,0.716039741523204,0.716039741523204,49.0,0.0,41.24663788682305,49.716039741523204,0.60060425110872,7.0,37.04240812906201
INT-003,90,intermittent,0,6,10.518065038405918,8.48528137423857,0.716039741523204,0.716039741523204,49.0,6.0,55.44902194627237,49.716039741523204,2.6295162596014796,7.0,37.04240812906201
INT-003,91,intermittent,0,6,10.518065038405918,8.48528137423857,0.716039741523204,0.716039741523204,55.0,0.0,55.44902194627237,55.716039741523204,2.6295162596014796,7.0,37.04240812906201
INT-003,92,intermittent,0,6,13.23736764800926,8.48528137423857,0.716039741523204,0.716039741523204,55.0,5.0,60.207801513078216,55.716039741523204,3.309341912002315,7.0,37.04240812906201
INT-003,93,intermittent,24,6,19.128607400815962,10.213113742032462,49.716039741523204,25.716039741523204,11.0,42.0,78.06030542193432,36.716039741523204,4.782151850203991,7.0,44.58524247050639
INT-003,94,intermittent,0,6,12.401569690277642,10.213113742032462,25.716039741523204,25.716039741523204,53.0,0.0,66.28798942849227,78.7160397415232,3.1003924225694104,7.0,44.58524247050639
INT-003,95,intermittent,10,6,12.644770483391044,10.194266865404149,25.716039741523204,15.716039741523204,53.0,0.0,66.63131497133514,68.7160397415232,3.161192620847761,7.0,44.502966625400816
INT-003,96,intermittent,0,6,9.843342441203934,10.194266865404149,15.716039741523204,15.716039741523204,53.0,0.0,61.7288158975077,68.7160397415232,2.4608356103009834,7.0,44.502966625400816
INT-003,97,intermittent,0,6,14.09170956614536,10.250703540583109,21.716039741523204,21.716039741523204,47.0,1.0,69.40983208827751,68.7160397415232,3.52292739153634,7.0,44.74934034752312
INT-003,98,intermittent,0,6,14.09170956614536,10.250703540583109,21.716039741523204,21.716039741523204,48.0,0.0,69.40983208827751,69.7160397415232,3.52292739153634,7.0,44.74934034752312
INT-003,99,intermittent,0,6,13.876315693812762,6.9945033364118805,26.716039741523204,26.716039741523204,43.0,0.0,54.81798447889202,69.7160397415232,3.4690789234531905,7.0,30.534432014719687
INT-004,75,intermittent,0,10,9.14939587641237,4.262237284181474,45.324799034504025,45.324799034504025,0.0,4.0,48.485637694638044,45.324799034504025,2.2873489691030926,11.0,23.324799034504025
INT-004,76,intermittent,6,10,9.574171910877757,4.351539662682328,45.324799034504025,39.324799034504025,4.0,7.0,50.14247288533436,43.324799034504025,2.3935429777194392,11.0,23.813500130420525
INT-004,77,intermittent,0,10,9.14939587641237,4.351539662682328,39.324799034504025,39.324799034504025,11.0,0.0,48.97433879055454,50.324799034504025,2.2873489691030926,11.0,23.813500130420525
INT-004,78,intermittent,8,10,9.618842788992078,4.536179347967083,39.324799034504025,31.324799034504025,11.0,9.0,51.27574572002182,42.324799034504025,2.4047106972480194,11.0,24.823928050293606
INT-004,79,intermittent,0,10,9.618842788992078,4.6160255965161525,31.324799034504025,31.324799034504025,20.0,1.0,51.712698798157106,51.324799034504025,2.4047106972480194,11.0,25.260881128428895
INT-004,80,intermittent,2,10,9.454680402418422,4.546060565661952,31.324799034504025,29.324799034504025,21.0,1.0,50.878373438027666,50.324799034504025,2.3636701006046055,11.0,24.878002331377008
INT-004,81,intermittent,0,10,9.194066754526691,3.174416966455899,29.324799034504025,29.324799034504025,22.0,0.0,42.65546108463789,51.324799034504025,2.298516688631673,11.0,17.371777509689494
INT-004,82,intermittent,0,10,9.194066754526691,3.210559500724493,29.324799034504025,29.324799034504025,22.0,0.0,42.853248606121355,51.324799034504025,2.298516688631673,11.0,17.56956503117295
INT-004,83,intermittent,2,10,9.194066754526691,3.1622776601683786,29.324799034504025,27.324799034504025,22.0,0.0,42.589029569755894,49.324799034504025,2.298516688631673,11.0,17.305345994807496
INT-004,84,intermittent,0,10,9.194066754526691,3.1622776601683786,27.324799034504025,27.324799034504025,22.0,0.0,42.589029569755894,49.324799034504025,2.298516688631673,11.0,17.305345994807496
INT-004,85,intermittent,0,10,6.734402465297622,3.1622776601683786,27.324799034504025,27.324799034504025,22.0,0.0,35.82495277437596,49.324799034504025,1.6836006163244055,11.0,17.305345994807496
INT-004,86,intermittent,0,10,6.734402465297622,2.631174057921087,31.324799034504025,31.324799034504025,18.0,0.0,32.918525008166256,49.324799034504025,1.6836006163244055,11.0,14.3989182285978
INT-004,87,intermittent,0,10,6.734402465297622,2.631174057921087,38.324799034504025,38.324799034504025,11.0,0.0,32.918525008166256,49.324799034504025,1.6836006163244055,11.0,14.3989182285978
INT-004,88,intermittent,3,10,6.734402465297622,2.631174057921087,38.324799034504025,35.324799034504025,11.0,0.0,32.918525008166256,46.324799034504025,1.6836006163244055,11.0,14.3989182285978
INT-004,89,intermittent,3,10,10.384464260822785,2.3287500774185537,44.324799034504025,41.324799034504025,2.0,0.0,41.301200608821574,43.324799034504025,2.5961160652056963,11.0,12.74392389155891
INT-004,90,intermittent,0,10,10.384464260822785,2.3287500774185537,42.324799034504025,42.324799034504025,1.0,0.0,41.301200608821574,43.324799034504025,2.5961160652056963,11.0,12.74392389155891
INT-004,91,intermittent,12,10,12.28103533901638,3.3262745773767026,43.324799034504025,31.324799034504025,0.0,21.0,51.97565497500827,31.324799034504025,3.070258834754095,11.0,18.202807792713227
INT-004,92,intermittent,0,10,9.595717949158239,3.3262745773767026,31.324799034504025,31.324799034504025,21.0,0.0,44.59103215289838,52.324799034504025,2.3989294872895597,11.0,18.202807792713227
INT-004,93,intermittent,11,10,9.647351079528548,4.213835575388562,31.324799034504025,20.324799034504025,21.0,9.0,49.59013949619861,41.324799034504025,2.411837769882137,11.0,23.059924027495104
INT-004,94,intermittent,2,10,9.647351079528548,4.1556263991401785,20.324799034504025,18.324799034504025,30.0,1.0,49.27159380119554,48.324799034504025,2.411837769882137,11.0,22.741378332492037
INT-004,95,intermittent,0,10,9.647351079528548,4.1556263991401785,18.324799034504025,18.324799034504025,31.0,0.0,49.27159380119554,49.324799034504025,2.411837769882137,11.0,22.741378332492037
INT-004,96,intermittent,0,10,12.544687492590768,4.213835575388562,18.324799034504025,18.324799034504025,31.0,9.0,57.557814632119715,49.324799034504025,3.136171873147692,11.0,23.059924027495104
INT-004,97,intermittent,4,10,13.152040221813778,4.171023363328944,18.324799034504025,14.324799034504025,40.0,5.0,58.99374776513564,54.324799034504025,3.2880100554534444,11.0,22.825637155147746
INT-004,98,intermittent,0,10,10.548848264539401,4.171023363328944,14.324799034504025,14.324799034504025,45.0,0.0,51.8349698826311,59.324799034504025,2.6372120661348504,11.0,22.825637155147746
INT-004,99,intermittent,0,10,10.045033823534268,4.171023363328944,14.324799034504025,14.324799034504025,45.0,0.0,50.44948016986699,59.324799034504025,2.511258455883567,11.0,22.825637155147746
INT-005,75,intermittent,0,6,10.040440133502734,5.345738777467814,72.15810001174202,72.15810001174202,0.0,0.0,40.90753760913536,72.15810001174202,2.5101100333756836,7.0,23.336767375505577
INT-005,76,intermittent,0,6,10.040440133502734,5.345738777467814,72.15810001174202,72.15810001174202,0.0,0.0,40.90753760913536,72.15810001174202,2.5101100333756836,7.0,23.336767375505577
INT-005,77,intermittent,0,6,10.008844816922243,5.345738777467814,72.15810001174202,72.15810001174202,0.0,0.0,40.8522458051195,72.15810001174202,2.502211204230561,7.0,23.336767375505577
INT-005,78,intermittent,0,6,10.053515695036564,5.345738777467814,72.15810001174202,72.15810001174202,0.0,0.0,40.930419841819564,72.15810001174202,2.513378923759141,7.0,23.336767375505577
INT-005,79,intermittent,0,6,6.034600314761041,5.385164807134504,72.15810001174202,72.15810001174202,0.0,0.0,34.06943185131058,72.15810001174202,1.5086500786902604,7.0,23.508881300478762
INT-005,80,intermittent,3,6,6.034600314761041,5.309642896872416,72.15810001174202,69.15810001174202,0.0,0.0,33.73974173271204,69.15810001174202,1.5086500786902604,7.0,23.17919118188022
INT-005,81,intermittent,0,6,6.034600314761041,5.376825867578046,69.15810001174202,69.15810001174202,0.0,0.0,34.03302829687434,69.15810001174202,1.5086500786902604,7.0,23.47247774604252
INT-005,82,intermittent,0,6,9.549701254031431,5.376825867578046,69.15810001174202,69.15810001174202,0.0,0.0,40.184454940597526,69.15810001174202,2.387425313507858,7.0,23.47247774604252
INT-005,83,intermittent,0,6,9.549701254031431,5.284229075567875,69.15810001174202,69.15810001174202,0.0,0.0,39.780224602226404,69.15810001174202,2.387425313507858,7.0,23.0682474076714
INT-005,84,intermittent,0,6,9.549701254031431,4.446260312805669,69.15810001174202,69.15810001174202,0.0,0.0,36.12208063025609,69.15810001174202,2.387425313507858,7.0,19.410103435701092
INT-005,85,intermittent,0,6,9.549701254031431,4.446260312805669,69.15810001174202,69.15810001174202,0.0,0.0,36.12208063025609,69.15810001174202,2.387425313507858,7.0,19.410103435701092
INT-005,86,intermittent,0,6,6.034600314761041,0.832050294337838,69.15810001174202,69.15810001174202,0.0,0.0,14.192857510073244,69.15810001174202,1.5086500786902604,7.0,3.6323069592414217
INT-005,87,intermittent,2,6,6.034600314761041,0.9607689228305181,69.15810001174202,67.15810001174202,0.0,0.0,14.754777352226602,67.15810001174202,1.5086500786902604,7.0,4.19422680139478
INT-005,88,intermittent,0,6,6.034600314761041,0.9607689228305181,67.15810001174202,67.15810001174202,0.0,0.0,14.754777352226602,67.15810001174202,1.5086500786902604,7.0,4.19422680139478
INT-005,89,intermittent,18,6,10.26995985928315,4.969135507541296,67.15810001174202,49.15810001174202,0.0,0.0,39.665139447238246,49.15810001174202,2.5674899648207874,7.0,21.692709693492738
INT-005,90,intermittent,0,6,6.224232486188512,4.969135507541296,49.15810001174202,49.15810001174202,0.0,0.0,32.58511654432263,49.15810001174202,1.556058121547128,7.0,21.692709693492738
INT-005,91,intermittent,0,6,6.224232486188512,4.969135507541296,49.15810001174202,49.15810001174202,0.0,0.0,32.58511654432263,49.15810001174202,1.556058121547128,7.0,21.692709693492738
INT-005,92,intermittent,0,6,6.142107053604742,4.969135507541296,49.15810001174202,49.15810001174202,0.0,0.0,32.44139703730104,49.15810001174202,1.5355267634011855,7.0,21.692709693492738
INT-005,93,intermittent,0,6,5.952474882177271,4.976869575268249,49.15810001174202,49.15810001174202,0.0,0.0,32.1433037300199,49.15810001174202,1.4881187205443178,7.0,21.72647268620968
INT-005,94,intermittent,0,6,5.952474882177271,4.976869575268249,49.15810001174202,49.15810001174202,0.0,0.0,32.1433037300199,49.15810001174202,1.4881187205443178,7.0,21.72647268620968
INT-005,95,intermittent,0,6,5.952474882177271,4.976869575268249,49.15810001174202,49.15810001174202,0.0,0.0,32.1433037300199,49.15810001174202,1.4881187205443178,7.0,21.72647268620968
INT-005,96,intermittent,5,6,5.952474882177271,5.040858697707803,49.15810001174202,44.15810001174202,0.0,0.0,32.422647582590635,44.15810001174202,1.4881187205443178,7.0,22.00581653878041
INT-005,97,intermittent,0,6,9.210270816742915,5.040858697707803,44.15810001174202,44.15810001174202,0.0,0.0,38.123790468080514,44.15810001174202,2.3025677041857286,7.0,22.00581653878041
INT-005,98,intermittent,6,6,9.635046851208301,5.124100921762788,44.15810001174202,38.15810001174202,0.0,2.0,39.23054159705347,38.15810001174202,2.4087617128020753,7.0,22.36920960743894
INT-005,99,intermittent,4,6,10.416901815780347,5.0889523379017705,38.15810001174202,34.15810001174202,2.0,5.0,40.44534700553116,36.15810001174202,2.604225453945087,7.0,22.215768827915557
INT-006,75,intermittent,0,7,9.50503037591711,0.2773500981126146,3.2943664919120144,3.2943664919120144,0.0,18.0,20.304427243746236,3.2943664919120144,2.3762575939792776,8.0,1.2943664919120146
INT-006,76,intermittent,0,7,9.50503037591711,0.2773500981126146,3.2943664919120144,3.2943664919120144,18.0,0.0,20.304427243746236,21.294366491912015,2.3762575939792776,8.0,1.2943664919120146
INT-006,77,intermittent,1,7,5.563080710411546,0.3755338080994054,3.2943664919120144,2.2943664919120144,18.0,0.0,12.878741935817613,20.294366491912015,1.3907701776028865,8.0,1.7525805149945215
INT-006,78,intermittent,0,7,5.607751588525867,0.3755338080994054,2.2943664919120144,2.2943664919120144,18.0,0.0,12.968083692046255,20.294366491912015,1.4019378971314667,8.0,1.7525805149945215
INT-006,79,intermittent,5,7,9.549701254031431,1.3913653136029502,2.2943664919120144,0.0,18.0,8.0,25.59277190721506,18.0,2.387425313507858,8.0,6.493369399152197
INT-006,80,intermittent,1,7,9.549701254031431,1.3867504905630728,0.0,0.0,26.0,0.0,25.571234967622935,26.0,2.387425313507858,8.0,6.471832459560073
INT-006,81,intermittent,0,7,9.549701254031431,1.3867504905630728,0.0,0.0,26.0,0.0,25.571234967622935,26.0,2.387425313507858,8.0,6.471832459560073
INT-006,82,intermittent,0,7,9.549701254031431,1.3867504905630728,0.0,0.0,26.0,0.0,25.571234967622935,26.0,2.387425313507858,8.0,6.471832459560073
INT-006,83,intermittent,10,7,6.032527622991256,2.930826434598881,18.0,8.0,8.0,10.0,25.742943072127872,16.0,1.508131905747814,8.0,13.677887826145358
INT-006,84,intermittent,3,7,6.032527622991256,2.930826434598881,8.0,5.0,18.0,3.0,25.742943072127872,23.0,1.508131905747814,8.0,13.677887826145358
INT-006,85,intermittent,0,7,6.032527622991256,2.930826434598881,5.0,5.0,21.0,0.0,25.742943072127872,26.0,1.508131905747814,8.0,13.677887826145358
INT-006,86,intermittent,0,7,6.032527622991256,2.9612887007569473,5.0,5.0,21.0,0.0,25.885107566934344,26.0,1.508131905747814,8.0,13.820052320951833
INT-006,87,intermittent,0,7,5.607751588525867,2.9612887007569473,13.0,13.0,13.0,0.0,25.035555498003568,26.0,1.4019378971314667,8.0,13.820052320951833
INT-006,88,intermittent,0,7,5.607751588525867,2.9612887007569473,13.0,13.0,13.0,0.0,25.035555498003568,26.0,1.4019378971314667,8.0,13.820052320951833
INT-006,89,intermittent,0,7,5.607751588525867,2.9612887007569473,13.0,13.0,13.0,0.0,25.035555498003568,26.0,1.4019378971314667,8.0,13.820052320951833
INT-006,90,intermittent,0,7,5.607751588525867,2.989297147474208,13.0,13.0,13.0,0.0,25.166268251191795,26.0,1.4019378971314667,8.0,13.950765074140062
INT-006,91,intermittent,0,7,5.607751588525867,2.989297147474208,23.0,23.0,3.0,0.0,25.166268251191795,26.0,1.4019378971314667,8.0,13.950765074140062
INT-006,92,intermittent,0,7,5.5256261559420965,2.81251780621144,26.0,26.0,0.0,0.0,24.177005037552334,26.0,1.3814065389855241,8.0,13.125752725668141
INT-006,93,intermittent,0,7,5.5256261559420965,2.8284271247461903,26.0,26.0,0.0,0.0,24.251252311884194,26.0,1.3814065389855241,8.0,13.2
INT-006,94,intermittent,0,7,5.5256261559420965,2.8284271247461903,26.0,26.0,0.0,0.0,24.251252311884194,26.0,1.3814065389855241,8.0,13.2
INT-006,95,intermittent,0,7,5.5256261559420965,2.8284271247461903,26.0,26.0,0.0,0.0,24.251252311884194,26.0,1.3814065389855241,8.0,13.2
INT-006,96,intermittent,2,7,5.5256261559420965,0.9607689228305227,26.0,24.0,0.0,0.0,15.535069367096792,24.0,1.3814065389855241,8.0,4.483817055212599
INT-006,97,intermittent,0,7,5.5256261559420965,0.5547001962252293,24.0,24.0,0.0,0.0,13.639985295708223,24.0,1.3814065389855241,8.0,2.58873298382403
INT-006,98,intermittent,4,7,5.5256261559420965,1.1982893790305562,24.0,20.0,0.0,0.0,16.643554713743928,20.0,1.3814065389855241,8.0,5.592302401859735
INT-006,99,intermittent,0,7,5.5256261559420965,1.1982893790305562,20.0,20.0,0.0,0.0,16.643554713743928,20.0,1.3814065389855241,8.0,5.592302401859735
INT-007,75,intermittent,0,12,7.116580313418476,2.66265724225699,32.09057290630614,32.09057290630614,0.0,7.0,38.96945892491619,32.09057290630614,1.779145078354619,13.0,15.840572906306145
INT-007,76,intermittent,0,12,7.116580313418476,2.66265724225699,32.09057290630614,32.09057290630614,7.0,0.0,38.96945892491619,39.09057290630614,1.779145078354619,13.0,15.840572906306145
INT-007,77,intermittent,9,12,7.541356347883865,3.3531462454819576,32.09057290630614,23.090572906306143,7.0,15.0,44.45781032227691,30.090572906306143,1.8853390869709663,13.0,19.94840219165435
INT-007,78,intermittent,0,12,7.161251191532797,3.3531462454819576,23.090572906306143,23.090572906306143,22.0,0.0,43.22246856413594,45.09057290630614,1.7903127978831992,13.0,19.94840219165435
INT-007,79,intermittent,0,12,7.161251191532797,3.3531462454819576,23.090572906306143,23.090572906306143,22.0,0.0,43.22246856413594,45.09057290630614,1.7903127978831992,13.0,19.94840219165435
INT-007,80,intermittent,0,12,7.161251191532797,3.3531462454819576,23.090572906306143,23.090572906306143,22.0,0.0,43.22246856413594,45.09057290630614,1.7903127978831992,13.0,19.94840219165435
INT-007,81,intermittent,0,12,7.161251191532797,3.044541142640509,23.090572906306143,23.090572906306143,22.0,0.0,41.38652755256422,45.09057290630614,1.7903127978831992,13.0,18.112461180082626
INT-007,82,intermittent,0,12,7.161251191532797,3.044541142640509,23.090572906306143,23.090572906306143,22.0,0.0,41.38652755256422,45.09057290630614,1.7903127978831992,13.0,18.112461180082626
INT-007,83,intermittent,0,12,7.161251191532797,2.752621128474292,23.090572906306143,23.090572906306143,22.0,0.0,39.64984879653694,45.09057290630614,1.7903127978831992,13.0,16.375782424055352
INT-007,84,intermittent,0,12,7.161251191532797,2.752621128474292,23.090572906306143,23.090572906306143,22.0,0.0,39.64984879653694,45.09057290630614,1.7903127978831992,13.0,16.375782424055352
INT-007,85,intermittent,8,12,7.161251191532797,3.326274577376704,23.090572906306143,15.090572906306143,22.0,6.0,43.06260472173821,37.09057290630614,1.7903127978831992,13.0,19.788538349256626
INT-007,86,intermittent,0,12,7.161251191532797,3.326274577376704,15.090572906306143,15.090572906306143,28.0,0.0,43.06260472173821,43.09057290630614,1.7903127978831992,13.0,19.788538349256626
INT-007,87,intermittent,9,12,7.586027225998186,3.8078865529319548,15.090572906306143,6.090572906306143,28.0,14.0,47.30831334377498,34.09057290630614,1.8965068064995465,13.0,22.65372485928087
INT-007,88,intermittent,0,12,7.586027225998186,3.8078865529319548,13.090572906306143,13.090572906306143,35.0,0.0,47.30831334377498,48.09057290630614,1.8965068064995465,13.0,22.65372485928087
INT-007,89,intermittent,0,12,7.161251191532797,3.8078865529319548,13.090572906306143,13.090572906306143,35.0,0.0,45.927791231762455,48.09057290630614,1.7903127978831992,13.0,22.65372485928087
INT-007,90,intermittent,0,12,7.161251191532797,3.198557367121815,28.090572906306143,28.090572906306143,20.0,0.0,42.30279465368841,48.09057290630614,1.7903127978831992,13.0,19.028728281206817
INT-007,91,intermittent,5,12,7.161251191532797,3.326274577376704,28.090572906306143,23.090572906306143,20.0,0.0,43.06260472173821,43.09057290630614,1.7903127978831992,13.0,19.788538349256626
INT-007,92,intermittent,9,12,8.007716234419544,3.8414073275832465,23.090572906306143,14.090572906306143,20.0,15.0,48.878223059611926,34.09057290630614,2.001929058604886,13.0,22.853145297748405
INT-007,93,intermittent,0,12,7.503901793414416,3.8414073275832465,14.090572906306143,14.090572906306143,35.0,0.0,47.240826126345254,49.09057290630614,1.875975448353604,13.0,22.853145297748405
INT-007,94,intermittent,0,12,7.503901793414416,3.8414073275832465,14.090572906306143,14.090572906306143,35.0,0.0,47.240826126345254,49.09057290630614,1.875975448353604,13.0,22.853145297748405
INT-007,95,intermittent,0,12,7.079125758949027,3.8414073275832465,14.090572906306143,14.090572906306143,35.0,0.0,45.86030401433274,49.09057290630614,1.7697814397372567,13.0,22.853145297748405
INT-007,96,intermittent,0,12,7.079125758949027,3.8414073275832465,14.090572906306143,14.090572906306143,35.0,0.0,45.86030401433274,49.09057290630614,1.7697814397372567,13.0,22.853145297748405
INT-007,97,intermittent,3,12,7.079125758949027,3.775766181374353,14.090572906306143,11.090572906306143,35.0,0.0,45.469794358912694,46.09057290630614,1.7697814397372567,13.0,22.462635642328355
INT-007,98,intermittent,0,12,7.079125758949027,3.4641016151377553,17.090572906306143,17.090572906306143,29.0,0.0,43.615652111299056,46.09057290630614,1.7697814397372567,13.0,20.608493394714717
INT-007,99,intermittent,9,12,7.503901793414416,3.9026618135279456,17.090572906306143,8.090572906306143,29.0,11.0,47.60523883972283,37.09057290630614,1.875975448353604,13.0,23.217558011125977
INT-008,75,intermittent,0,8,7.338589276583295,2.4961508830135304,32.60594687091697,32.60594687091697,0.0,0.0,28.867772743229388,32.60594687091697,1.8346473191458237,9.0,12.355946870916974
INT-008,76,intermittent,0,8,7.338589276583295,2.4961508830135304,32.60594687091697,32.60594687091697,0.0,0.0,28.867772743229388,32.60594687091697,1.8346473191458237,9.0,12.355946870916974
INT-008,77,intermittent,0,8,7.338589276583295,2.4961508830135304,32.60594687091697,32.60594687091697,0.0,0.0,28.867772743229388,32.60594687091697,1.8346473191458237,9.0,12.355946870916974
INT-008,78,intermittent,16,8,9.024586533853208,4.906824133482172,32.60594687091697,16.605946870916974,0.0,28.0,44.59409916190647,16.605946870916974,2.256146633463302,9.0,24.288779460736748
INT-008,79,intermittent,0,8,7.5728923261250864,4.906824133482172,16.605946870916974,16.605946870916974,28.0,0.0,41.327787194518194,44.60594687091697,1.8932230815312716,9.0,24.288779460736748
INT-008,80,intermittent,0,8,7.5728923261250864,4.906824133482172,16.605946870916974,16.605946870916974,28.0,0.0,41.327787194518194,44.60594687091697,1.8932230815312716,9.0,24.288779460736748
INT-008,81,intermittent,0,8,7.5728923261250864,4.906824133482172,16.605946870916974,16.605946870916974,28.0,0.0,41.327787194518194,44.60594687091697,1.8932230815312716,9.0,24.288779460736748
INT-008,82,intermittent,0,8,7.3832601546976155,4.906824133482172,16.605946870916974,16.605946870916974,28.0,0.0,40.90111480880638,44.60594687091697,1.8458150386744039,9.0,24.288779460736748
INT-008,83,intermittent,7,8,7.3832601546976155,5.059897637557907,16.605946870916974,9.605946870916974,28.0,5.0,41.658828653981274,37.60594687091697,1.8458150386744039,9.0,25.04649330591164
INT-008,84,intermittent,4,8,8.311850630168134,4.698608632023215,9.605946870916974,5.6059468709169735,33.0,4.0,41.959776646393216,38.60594687091697,2.0779626575420336,9.0,23.258112728514913
INT-008,85,intermittent,0,8,8.311850630168134,4.698608632023215,5.6059468709169735,5.6059468709169735,37.0,0.0,41.959776646393216,42.60594687091697,2.0779626575420336,9.0,23.258112728514913
INT-008,86,intermittent,0,8,7.808036189163005,4.698608632023215,5.6059468709169735,5.6059468709169735,37.0,0.0,40.82619415413167,42.60594687091697,1.9520090472907512,9.0,23.258112728514913
INT-008,87,intermittent,6,8,7.3832601546976155,4.771711513621791,33.60594687091697,27.605946870916974,9.0,4.0,40.2323073404975,36.60594687091697,1.8458150386744039,9.0,23.619971992427864
INT-008,88,intermittent,0,8,7.3832601546976155,4.771711513621791,27.605946870916974,27.605946870916974,13.0,0.0,40.2323073404975,40.60594687091697,1.8458150386744039,9.0,23.619971992427864
INT-008,89,intermittent,8,8,8.068649837054734,4.930283187372942,27.605946870916974,19.605946870916974,13.0,10.0,42.55936391086921,32.60594687091697,2.0171624592636834,9.0,24.40490177749606
INT-008,90,intermittent,0,8,8.068649837054734,4.930283187372942,19.605946870916974,19.605946870916974,23.0,0.0,42.55936391086921,42.60594687091697,2.0171624592636834,9.0,24.40490177749606
INT-008,91,intermittent,0,8,7.3832601546976155,3.121472367904245,19.605946870916974,19.605946870916974,23.0,0.0,32.06362356919565,42.60594687091697,1.8458150386744039,9.0,15.451288221126013
INT-008,92,intermittent,0,8,7.301134722113845,3.121472367904245,24.605946870916974,24.605946870916974,18.0,0.0,31.878841345882165,42.60594687091697,1.8252836805284613,9.0,15.451288221126013
INT-008,93,intermittent,0,8,7.301134722113845,3.121472367904245,28.605946870916974,28.605946870916974,14.0,0.0,31.878841345882165,42.60594687091697,1.8252836805284613,9.0,15.451288221126013
INT-008,94,intermittent,0,8,7.301134722113845,3.121472367904245,28.605946870916974,28.605946870916974,14.0,0.0,31.878841345882165,42.60594687091697,1.8252836805284613,9.0,15.451288221126013
INT-008,95,intermittent,15,8,8.839884308224688,4.716311031260527,28.605946870916974,13.605946870916974,14.0,16.0,43.23547929824515,27.605946870916974,2.209971077056172,9.0,23.345739604739606
INT-008,96,intermittent,0,8,7.490766893541316,4.629891730472477,17.605946870916974,17.605946870916974,26.0,0.0,39.77218957630672,43.60594687091697,1.872691723385329,9.0,22.91796406583876
INT-008,97,intermittent,13,8,8.342416666431657,5.464336589099756,17.605946870916974,4.6059468709169735,26.0,16.0,45.81890361551502,30.605946870916974,2.085604166607914,9.0,27.04846611604379
INT-008,98,intermittent,0,8,7.83654447969947,5.464336589099756,14.605946870916974,14.605946870916974,32.0,0.0,44.6806911953676,46.60594687091697,1.9591361199248676,9.0,27.04846611604379
INT-008,99,intermittent,0,8,7.83654447969947,5.464336589099756,14.605946870916974,14.605946870916974,32.0,0.0,44.6806911953676,46.60594687091697,1.9591361199248676,9.0,27.04846611604379
INT-009,75,intermittent,0,10,6.0075841168619775,3.3512339862756866,18.630186422949343,18.630186422949343,0.0,17.0,34.860252754690194,18.630186422949343,1.5018960292154944,11.0,18.33939643331976
INT-009,76,intermittent,0,10,6.0075841168619775,3.3512339862756866,18.630186422949343,18.630186422949343,17.0,0.0,34.860252754690194,35.63018642294934,1.5018960292154944,11.0,18.33939643331976
INT-009,77,intermittent,4,10,6.6544782251792505,3.4043712473441534,18.630186422949343,14.630186422949343,17.0,6.0,36.93000154219229,31.630186422949343,1.6636195562948126,11.0,18.630186422949343
INT-009,78,intermittent,0,10,6.427935431399962,3.4043712473441534,14.630186422949343,14.630186422949343,23.0,0.0,36.30700885929924,37.63018642294934,1.6069838578499904,11.0,18.630186422949343
INT-009,79,intermittent,0,10,6.427935431399962,3.158220855855235,14.630186422949343,14.630186422949343,23.0,0.0,34.95996784986231,37.63018642294934,1.6069838578499904,11.0,17.28314541351242
INT-009,80,intermittent,0,10,6.427935431399962,3.158220855855235,14.630186422949343,14.630186422949343,23.0,0.0,34.95996784986231,37.63018642294934,1.6069838578499904,11.0,17.28314541351242
INT-009,81,intermittent,0,10,9.847127999795243,3.158220855855235,14.630186422949343,14.630186422949343,23.0,7.0,44.36274741294933,37.63018642294934,2.4617819999488106,11.0,17.28314541351242
INT-009,82,intermittent,0,10,9.847127999795243,1.109400392450458,14.630186422949343,14.630186422949343,30.0,0.0,33.15071899208839,44.63018642294934,2.4617819999488106,11.0,6.071116992651477
INT-009,83,intermittent,0,10,9.847127999795243,1.109400392450458,14.630186422949343,14.630186422949343,30.0,0.0,33.15071899208839,44.63018642294934,2.4617819999488106,11.0,6.071116992651477
INT-009,84,intermittent,0,10,9.847127999795243,1.109400392450458,14.630186422949343,14.630186422949343,30.0,0.0,33.15071899208839,44.63018642294934,2.4617819999488106,11.0,6.071116992651477
INT-009,85,intermittent,0,10,6.427935431399962,1.109400392450458,14.630186422949343,14.630186422949343,30.0,0.0,23.74793942900137,44.63018642294934,1.6069838578499904,11.0,6.071116992651477
INT-009,86,intermittent,0,10,6.427935431399962,1.109400392450458,31.630186422949343,31.630186422949343,13.0,0.0,23.74793942900137,44.63018642294934,1.6069838578499904,11.0,6.071116992651477
INT-009,87,intermittent,0,10,6.427935431399962,1.109400392450458,31.630186422949343,31.630186422949343,13.0,0.0,23.74793942900137,44.63018642294934,1.6069838578499904,11.0,6.071116992651477
INT-009,88,intermittent,0,10,6.427935431399962,1.109400392450458,37.63018642294934,37.63018642294934,7.0,0.0,23.74793942900137,44.63018642294934,1.6069838578499904,11.0,6.071116992651477
INT-009,89,intermittent,0,10,6.427935431399962,1.109400392450458,37.63018642294934,37.63018642294934,7.0,0.0,23.74793942900137,44.63018642294934,1.6069838578499904,11.0,6.071116992651477
INT-009,90,intermittent,0,10,6.427935431399962,0.0,37.63018642294934,37.63018642294934,7.0,0.0,17.676822436349894,44.63018642294934,1.6069838578499904,11.0,0.0
INT-009,91,intermittent,0,10,6.427935431399962,0.0,37.63018642294934,37.63018642294934,7.0,0.0,17.676822436349894,44.63018642294934,1.6069838578499904,11.0,0.0
INT-009,92,intermittent,0,10,6.345809998816192,0.0,44.63018642294934,44.63018642294934,0.0,0.0,17.450977496744528,44.63018642294934,1.586452499704048,11.0,0.0
INT-009,93,intermittent,0,10,8.868749516703224,0.0,44.63018642294934,44.63018642294934,0.0,0.0,24.389061170933864,44.63018642294934,2.217187379175806,11.0,0.0
INT-009,94,intermittent,0,10,8.868749516703224,0.0,44.63018642294934,44.63018642294934,0.0,0.0,24.389061170933864,44.63018642294934,2.217187379175806,11.0,0.0
INT-009,95,intermittent,10,10,8.868749516703224,2.7735009811261455,44.63018642294934,34.63018642294934,0.0,5.0,39.56685365256256,34.63018642294934,2.217187379175806,11.0,15.177792481628696
INT-009,96,intermittent,0,10,8.868749516703224,2.7735009811261455,34.63018642294934,34.63018642294934,5.0,0.0,39.56685365256256,39.63018642294934,2.217187379175806,11.0,15.177792481628696
INT-009,97,intermittent,0,10,6.345809998816192,2.7735009811261455,34.63018642294934,34.63018642294934,5.0,0.0,32.62876997837323,39.63018642294934,1.586452499704048,11.0,15.177792481628696
INT-009,98,intermittent,0,10,6.345809998816192,2.7735009811261455,34.63018642294934,34.63018642294934,5.0,0.0,32.62876997837323,39.63018642294934,1.586452499704048,11.0,15.177792481628696
INT-009,99,intermittent,0,10,6.345809998816192,2.7735009811261455,34.63018642294934,34.63018642294934,5.0,0.0,32.62876997837323,39.63018642294934,1.586452499704048,11.0,15.177792481628696
INT-010,75,intermittent,29,9,6.840929471301087,8.211155638707435,37.53917960119246,8.539179601192458,0.0,52.0,59.94614784499545,8.539179601192458,1.7102323678252718,10.0,42.843824166742735
INT-010,76,intermittent,0,9,1.6535969727702626,8.211155638707435,8.539179601192458,8.539179601192458,52.0,0.0,46.97781659866839,60.53917960119246,0.41339924319256566,10.0,42.843824166742735
INT-010,77,intermittent,0,9,1.6535969727702626,8.220518418988128,8.539179601192458,8.539179601192458,52.0,0.0,47.026669321684246,60.53917960119246,0.41339924319256566,10.0,42.89267688975859
INT-010,78,intermittent,0,9,1.6982678508845832,8.220518418988128,8.539179601192458,8.539179601192458,52.0,0.0,47.138346516970046,60.53917960119246,0.4245669627211458,10.0,42.89267688975859
INT-010,79,intermittent,0,9,7.665065632537928,8.220518418988128,8.539179601192458,8.539179601192458,52.0,2.0,62.05534097110341,60.53917960119246,1.916266408134482,10.0,42.89267688975859
INT-010,80,intermittent,0,9,7.665065632537928,8.220518418988128,8.539179601192458,8.539179601192458,54.0,0.0,62.05534097110341,62.53917960119246,1.916266408134482,10.0,42.89267688975859
INT-010,81,intermittent,0,9,7.665065632537928,8.220518418988128,8.539179601192458,8.539179601192458,54.0,0.0,62.05534097110341,62.53917960119246,1.916266408134482,10.0,42.89267688975859
INT-010,82,intermittent,0,9,7.665065632537928,8.220518418988128,8.539179601192458,8.539179601192458,54.0,0.0,62.05534097110341,62.53917960119246,1.916266408134482,10.0,42.89267688975859
INT-010,83,intermittent,0,9,7.161251191532797,8.220518418988128,8.539179601192458,8.539179601192458,54.0,0.0,60.79580486859058,62.53917960119246,1.7903127978831992,10.0,42.89267688975859
INT-010,84,intermittent,0,9,7.161251191532797,8.220518418988128,8.539179601192458,8.539179601192458,54.0,0.0,60.79580486859058,62.53917960119246,1.7903127978831992,10.0,42.89267688975859
INT-010,85,intermittent,11,9,7.350883362960268,8.361235339963612,60.53917960119246,49.53917960119246,2.0,11.0,62.00411215691321,51.53917960119246,1.837720840740067,10.0,43.626903749512536
INT-010,86,intermittent,0,9,7.350883362960268,8.361235339963612,49.53917960119246,49.53917960119246,13.0,0.0,62.00411215691321,62.53917960119246,1.837720840740067,10.0,43.626903749512536
INT-010,87,intermittent,0,9,7.350883362960268,8.361235339963612,49.53917960119246,49.53917960119246,13.0,0.0,62.00411215691321,62.53917960119246,1.837720840740067,10.0,43.626903749512536
INT-010,88,intermittent,6,9,7.350883362960268,3.3512339862756884,49.53917960119246,43.53917960119246,13.0,0.0,35.86313681591511,56.53917960119246,1.837720840740067,10.0,17.485928408514447
INT-010,89,intermittent,14,9,8.202533135850603,4.822490047310649,45.53917960119246,31.53917960119246,11.0,4.0,45.66891953556795,42.53917960119246,2.0506332839626507,10.0,25.162586695941446
INT-010,90,intermittent,0,9,7.696660949118422,4.822490047310649,31.53917960119246,31.53917960119246,15.0,0.0,44.404239068737496,46.53917960119246,1.9241652372796054,10.0,25.162586695941446
INT-010,91,intermittent,0,9,7.696660949118422,4.822490047310649,31.53917960119246,31.53917960119246,15.0,0.0,44.404239068737496,46.53917960119246,1.9241652372796054,10.0,25.162586695941446
INT-010,92,intermittent,9,9,7.6145355165346515,5.0902118237119,31.53917960119246,22.53917960119246,15.0,9.0,45.59583296515762,37.53917960119246,1.9036338791336629,10.0,26.55949417382099
INT-010,93,intermittent,9,9,7.6145355165346515,5.246488447108316,22.53917960119246,13.539179601192458,24.0,9.0,46.41124658886312,37.53917960119246,1.9036338791336629,10.0,27.374907797526493
INT-010,94,intermittent,21,9,12.850007187738079,6.946683399753457,13.539179601192458,0.0,33.0,36.0,68.37113181939495,33.0,3.2125017969345198,10.0,36.24611385004976
INT-010,95,intermittent,0,9,7.662674689207258,6.946683399753457,11.0,11.0,58.0,0.0,55.40280057306791,69.0,1.9156686723018146,10.0,36.24611385004976
INT-010,96,intermittent,0,9,7.662674689207258,6.946683399753457,11.0,11.0,58.0,0.0,55.40280057306791,69.0,1.9156686723018146,10.0,36.24611385004976
INT-010,97,intermittent,0,9,7.662674689207258,6.946683399753457,11.0,11.0,58.0,0.0,55.40280057306791,69.0,1.9156686723018146,10.0,36.24611385004976
INT-010,98,intermittent,0,9,7.798334072286757,6.875262232761073,11.0,11.0,58.0,0.0,55.36929065537542,69.0,1.9495835180716892,10.0,35.87345547465853
INT-010,99,intermittent,0,9,7.798334072286757,6.875262232761073,15.0,15.0,54.0,0.0,55.36929065537542,69.0,1.9495835180716892,10.0,35.87345547465853
INT-011,75,intermittent,0,8,6.0075841168619775,1.4806443503784732,13.7266180569714,13.7266180569714,0.0,8.0,20.84625379731289,13.7266180569714,1.5018960292154944,9.0,7.329189534373441
INT-011,76,intermittent,0,8,6.0075841168619775,0.7679476477883037,13.7266180569714,13.7266180569714,8.0,0.0,17.31840511949155,21.7266180569714,1.5018960292154944,9.0,3.801340856552103
INT-011,77,intermittent,8,8,6.0075841168619775,2.2360679774997894,13.7266180569714,5.7266180569714,8.0,11.0,24.585600751563405,13.7266180569714,1.5018960292154944,9.0,11.068536488623955
INT-011,78,intermittent,0,8,6.332027060524851,2.2360679774997894,5.7266180569714,5.7266180569714,19.0,1.0,25.31559737480487,24.7266180569714,1.5830067651312127,9.0,11.068536488623955
INT-011,79,intermittent,0,8,6.332027060524851,2.2360679774997894,5.7266180569714,5.7266180569714,20.0,0.0,25.31559737480487,25.7266180569714,1.5830067651312127,9.0,11.068536488623955
INT-011,80,intermittent,0,8,6.332027060524851,2.230327100305911,5.7266180569714,5.7266180569714,20.0,0.0,25.287180032695176,25.7266180569714,1.5830067651312127,9.0,11.04011914651426
INT-011,81,intermittent,0,8,6.332027060524851,2.230327100305911,5.7266180569714,5.7266180569714,20.0,0.0,25.287180032695176,25.7266180569714,1.5830067651312127,9.0,11.04011914651426
INT-011,82,intermittent,6,8,6.332027060524851,2.6505925800924257,5.7266180569714,0.0,20.0,8.0,27.36749415763842,20.0,1.5830067651312127,9.0,13.120433271457506
INT-011,83,intermittent,1,8,6.332027060524851,2.6262969933798224,0.0,0.0,28.0,0.0,27.247231003411034,28.0,1.5830067651312127,9.0,13.00017011723012
INT-011,84,intermittent,0,8,9.833617609424092,2.6262969933798224,8.0,8.0,20.0,8.0,35.12580973843433,28.0,2.458404402356023,9.0,13.00017011723012
INT-011,85,intermittent,3,8,9.833617609424092,2.633609203336257,8.0,5.0,28.0,3.0,35.16200517771868,33.0,2.458404402356023,9.0,13.036365556514472
INT-011,86,intermittent,0,8,9.833617609424092,2.662657242256988,16.0,16.0,20.0,0.0,35.305792970376295,36.0,2.458404402356023,9.0,13.18015334917209
INT-011,87,intermittent,0,8,9.833617609424092,2.662657242256988,17.0,17.0,19.0,0.0,35.305792970376295,36.0,2.458404402356023,9.0,13.18015334917209
INT-011,88,intermittent,7,8,6.978921168842124,3.040327242845701,17.0,10.0,19.0,2.0,30.752192481980995,29.0,1.744730292210531,9.0,15.049619852086217
INT-011,89,intermittent,0,8,6.978921168842124,3.040327242845701,10.0,10.0,21.0,0.0,30.752192481980995,31.0,1.744730292210531,9.0,15.049619852086217
INT-011,90,intermittent,0,8,6.978921168842124,2.4625398604088753,10.0,10.0,21.0,0.0,27.892144938918708,31.0,1.744730292210531,9.0,12.18957230902393
INT-011,91,intermittent,0,8,6.332027060524851,2.4625398604088753,18.0,18.0,13.0,0.0,26.436633195204845,31.0,1.5830067651312127,9.0,12.18957230902393
INT-011,92,intermittent,0,8,6.249901627941081,2.4625398604088753,18.0,18.0,13.0,0.0,26.25185097189136,31.0,1.5624754069852702,9.0,12.18957230902393
INT-011,93,intermittent,7,8,6.896795736258354,2.8823067684915684,26.0,19.0,5.0,6.0,29.785208910614557,24.0,1.7241989340645885,9.0,14.267418504033262
INT-011,94,intermittent,0,8,6.896795736258354,2.8823067684915684,22.0,22.0,8.0,0.0,29.785208910614557,30.0,1.7241989340645885,9.0,14.267418504033262
INT-011,95,intermittent,0,8,6.896795736258354,2.6311740579210876,22.0,22.0,8.0,0.0,28.54210199329068,30.0,1.7241989340645885,9.0,13.024311586709382
INT-011,96,intermittent,0,8,6.249901627941081,2.6578379491802284,22.0,22.0,8.0,0.0,27.21857651130956,30.0,1.5624754069852702,9.0,13.15629784844213
INT-011,97,intermittent,0,8,6.249901627941081,2.6578379491802284,24.0,24.0,6.0,0.0,27.21857651130956,30.0,1.5624754069852702,9.0,13.15629784844213
INT-011,98,intermittent,3,8,6.896795736258354,2.6578379491802284,24.0,21.0,6.0,2.0,28.674088255023428,27.0,1.7241989340645885,9.0,13.15629784844213
INT-011,99,intermittent,0,8,6.249901627941081,2.6578379491802284,21.0,21.0,8.0,0.0,27.21857651130956,29.0,1.5624754069852702,9.0,13.15629784844213
INT-012,75,intermittent,0,8,9.798253565812365,3.74508224551091,50.038157115279006,50.038157115279006,0.0,0.0,40.58422763835682,50.038157115279006,2.449563391453091,9.0,18.538157115279002
INT-012,76,intermittent,3,8,9.798253565812365,3.688165411497174,50.038157115279006,47.038157115279006,0.0,0.0,40.30248930998883,47.038157115279006,2.449563391453091,9.0,18.25641878691101
INT-012,77,intermittent,0,8,9.798253565812365,3.688165411497174,47.038157115279006,47.038157115279006,0.0,0.0,40.30248930998883,47.038157115279006,2.449563391453091,9.0,18.25641878691101
INT-012,78,intermittent,0,8,9.842924443926686,3.688165411497174,47.038157115279006,47.038157115279006,0.0,0.0,40.40299878574605,47.038157115279006,2.4607311109816714,9.0,18.25641878691101
INT-012,79,intermittent,0,8,9.842924443926686,3.688165411497174,47.038157115279006,47.038157115279006,0.0,0.0,40.40299878574605,47.038157115279006,2.4607311109816714,9.0,18.25641878691101
INT-012,80,intermittent,3,8,9.842924443926686,3.5391582368751244,47.038157115279006,44.038157115279006,0.0,0.0,39.66541327136691,44.038157115279006,2.4607311109816714,9.0,17.518833272531865
INT-012,81,intermittent,0,8,9.842924443926686,2.9330128030003744,44.038157115279006,44.038157115279006,0.0,0.0,36.6649933736869,44.038157115279006,2.4607311109816714,9.0,14.518413374851853
INT-012,82,intermittent,0,8,7.3832601546976155,2.9330128030003744,44.038157115279006,44.038157115279006,0.0,0.0,31.13074872292149,44.038157115279006,1.8458150386744039,9.0,14.518413374851853
INT-012,83,intermittent,0,8,7.3832601546976155,2.9330128030003744,44.038157115279006,44.038157115279006,0.0,0.0,31.13074872292149,44.038157115279006,1.8458150386744039,9.0,14.518413374851853
INT-012,84,intermittent,1,8,7.3832601546976155,1.4632243987255165,44.038157115279006,43.038157115279006,0.0,0.0,23.85529612176094,43.038157115279006,1.8458150386744039,9.0,7.242960773691306
INT-012,85,intermittent,10,8,10.267700478392072,2.9022537661405376,43.038157115279006,33.038157115279006,0.0,5.0,37.46848221877782,33.038157115279006,2.566925119598018,9.0,14.366156142395662
INT-012,86,intermittent,0,8,7.808036189163005,2.9022537661405376,33.038157115279006,33.038157115279006,5.0,0.0,31.93423756801242,38.038157115279006,1.9520090472907512,9.0,14.366156142395662
INT-012,87,intermittent,0,8,7.808036189163005,2.839736354681993,33.038157115279006,33.038157115279006,5.0,0.0,31.624776381292627,38.038157115279006,1.9520090472907512,9.0,14.056694955675866
INT-012,88,intermittent,6,8,10.809240295288175,3.0863637221884654,33.038157115279006,27.038157115279006,5.0,8.0,39.598291089231296,32.038157115279006,2.702310073822044,9.0,15.277500424832903
INT-012,89,intermittent,0,8,10.384464260822785,3.098800429612097,27.038157115279006,27.038157115279006,13.0,0.0,38.704106713431145,40.038157115279006,2.5961160652056963,9.0,15.33906212657988
INT-012,90,intermittent,0,8,10.384464260822785,3.098800429612097,27.038157115279006,27.038157115279006,13.0,0.0,38.704106713431145,40.038157115279006,2.5961160652056963,9.0,15.33906212657988
INT-012,91,intermittent,0,8,9.488211210314535,3.098800429612097,27.038157115279006,27.038157115279006,13.0,0.0,36.68753734978758,40.038157115279006,2.372052802578634,9.0,15.33906212657988
INT-012,92,intermittent,0,8,7.301134722113845,3.098800429612097,27.038157115279006,27.038157115279006,13.0,0.0,31.76661525133603,40.038157115279006,1.8252836805284613,9.0,15.33906212657988
INT-012,93,intermittent,0,8,7.301134722113845,3.0925883276153283,27.038157115279006,27.038157115279006,13.0,0.0,31.735865346452027,40.038157115279006,1.8252836805284613,9.0,15.308312221695875
INT-012,94,intermittent,5,8,7.301134722113845,3.2245055275865027,32.038157115279006,27.038157115279006,8.0,0.0,32.38885548630934,35.038157115279006,1.8252836805284613,9.0,15.961302361553187
INT-012,95,intermittent,0,8,9.406085777730766,3.2245055275865027,27.038157115279006,27.038157115279006,8.0,3.0,37.12499536144741,35.038157115279006,2.3515214444326915,9.0,15.961302361553187
INT-012,96,intermittent,0,8,9.406085777730766,3.2245055275865027,27.038157115279006,27.038157115279006,11.0,0.0,37.12499536144741,38.038157115279006,2.3515214444326915,9.0,15.961302361553187
INT-012,97,intermittent,0,8,10.045033823534268,3.2541886223363883,35.038157115279006,35.038157115279006,3.0,1.0,38.70955978351722,38.038157115279006,2.511258455883567,9.0,16.10823368056512
INT-012,98,intermittent,0,8,10.045033823534268,2.075498086651085,35.038157115279006,35.038157115279006,4.0,0.0,32.87504163187498,39.038157115279006,2.511258455883567,9.0,10.273715528922871
INT-012,99,intermittent,33,8,5.59460887378103,9.133623427921526,35.038157115279006,2.038157115279006,4.0,52.0,57.799305934218864,6.038157115279006,1.3986522184452574,9.0,45.211435968211546
INT-013,75,intermittent,1,7,9.860036614253982,2.0412414523193165,19.613812179119414,18.613812179119414,0.0,11.0,29.246352670136794,18.613812179119414,2.4650091535634955,8.0,9.526279441628832
INT-013,76,intermittent,0,7,9.860036614253982,1.3913653136029527,18.613812179119414,18.613812179119414,11.0,0.0,26.21344262766017,29.613812179119414,2.4650091535634955,8.0,6.493369399152209
INT-013,77,intermittent,0,7,9.078181649681937,1.3913653136029527,18.613812179119414,18.613812179119414,11.0,0.0,24.649732698516083,29.613812179119414,2.2695454124204844,8.0,6.493369399152209
INT-013,78,intermittent,0,7,9.122852527796258,1.3913653136029527,18.613812179119414,18.613812179119414,11.0,0.0,24.739074454744724,29.613812179119414,2.2807131319490646,8.0,6.493369399152209
INT-013,79,intermittent,4,7,6.25464569684314,1.6908501882113522,18.613812179119414,14.613812179119414,11.0,0.0,20.400328178447943,25.613812179119414,1.563661424210785,8.0,7.8910367847616625
INT-013,80,intermittent,0,7,5.607751588525867,1.6908501882113522,14.613812179119414,14.613812179119414,11.0,0.0,19.106539961813397,25.613812179119414,1.4019378971314667,8.0,7.8910367847616625
INT-013,81,intermittent,0,7,5.607751588525867,1.6908501882113522,14.613812179119414,14.613812179119414,11.0,0.0,19.106539961813397,25.613812179119414,1.4019378971314667,8.0,7.8910367847616625
INT-013,82,intermittent,0,7,5.607751588525867,1.6908501882113522,14.613812179119414,14.613812179119414,11.0,0.0,19.106539961813397,25.613812179119414,1.4019378971314667,8.0,7.8910367847616625
INT-013,83,intermittent,1,7,5.607751588525867,1.6756169931378453,25.613812179119414,24.613812179119414,0.0,0.0,19.03544809127834,24.613812179119414,1.4019378971314667,8.0,7.819944914226608
INT-013,84,intermittent,5,7,6.25464569684314,2.0064000163579125,24.613812179119414,19.613812179119414,0.0,3.0,21.872969172126844,19.613812179119414,1.563661424210785,8.0,9.363677778440566
INT-013,85,intermittent,0,7,5.607751588525867,1.6756169931378453,19.613812179119414,19.613812179119414,3.0,0.0,19.03544809127834,22.613812179119414,1.4019378971314667,8.0,7.819944914226608
INT-013,86,intermittent,3,7,6.25464569684314,1.75411603861406,19.613812179119414,16.613812179119414,3.0,2.0,20.695583876574045,19.613812179119414,1.563661424210785,8.0,8.186292482887765
INT-013,87,intermittent,0,7,5.607751588525867,1.75411603861406,16.613812179119414,16.613812179119414,5.0,0.0,19.4017956599395,21.613812179119414,1.4019378971314667,8.0,8.186292482887765
INT-013,88,intermittent,1,7,5.607751588525867,1.75411603861406,16.613812179119414,15.613812179119414,5.0,0.0,19.4017956599395,20.613812179119414,1.4019378971314667,8.0,8.186292482887765
INT-013,89,intermittent,8,7,6.679421731308529,2.562050460881395,15.613812179119414,7.613812179119414,5.0,13.0,25.315688943183993,12.613812179119414,1.6698554328271322,8.0,11.956845480566935
INT-013,90,intermittent,0,7,9.904707492368303,2.562050460881395,7.613812179119414,7.613812179119414,18.0,7.0,31.76626046530354,25.613812179119414,2.4761768730920757,8.0,11.956845480566935
INT-013,91,intermittent,0,7,9.008454441860053,2.562050460881395,7.613812179119414,7.613812179119414,25.0,0.0,29.97375436428704,32.613812179119414,2.2521136104650132,8.0,11.956845480566935
INT-013,92,intermittent,0,7,8.926329009276284,2.5012817227194266,10.613812179119414,10.613812179119414,22.0,0.0,29.52590158598555,32.613812179119414,2.231582252319071,8.0,11.673243567432984
INT-013,93,intermittent,0,7,8.926329009276284,2.5012817227194266,10.613812179119414,10.613812179119414,22.0,0.0,29.52590158598555,32.613812179119414,2.231582252319071,8.0,11.673243567432984
INT-013,94,intermittent,10,7,6.1725202642593695,3.4118947288897474,12.613812179119414,2.6138121791194138,20.0,6.0,28.26802826516975,22.613812179119414,1.5431300660648424,8.0,15.922987736651011
INT-013,95,intermittent,0,7,6.1725202642593695,3.4118947288897474,2.6138121791194138,2.6138121791194138,26.0,0.0,28.26802826516975,28.613812179119414,1.5431300660648424,8.0,15.922987736651011
INT-013,96,intermittent,0,7,6.1725202642593695,3.451123934351882,2.6138121791194138,2.6138121791194138,26.0,0.0,28.451107230708466,28.613812179119414,1.5431300660648424,8.0,16.10606670218973
INT-013,97,intermittent,0,7,6.1725202642593695,3.376008871054089,15.613812179119414,15.613812179119414,13.0,0.0,28.100552384569433,28.613812179119414,1.5431300660648424,8.0,15.755511856050695
INT-013,98,intermittent,0,7,9.565277055079786,3.376008871054089,22.613812179119414,22.613812179119414,6.0,7.0,34.88606596621027,28.613812179119414,2.3913192637699465,8.0,15.755511856050695
INT-013,99,intermittent,0,7,10.807397029326195,3.381700376422702,22.613812179119414,22.613812179119414,13.0,2.0,37.3968676281757,35.613812179119414,2.7018492573315487,8.0,15.782073569523313
INT-014,75,intermittent,0,8,6.636823544963994,4.27425207132555,21.15754775306147,21.15754775306147,0.0,15.0,36.09040072923045,21.15754775306147,1.6592058862409984,9.0,21.15754775306147
INT-014,76,intermittent,0,8,6.636823544963994,1.386750490563067,21.15754775306147,21.15754775306147,15.0,0.0,21.79726790445617,36.157547753061465,1.6592058862409984,9.0,6.864414928287182
INT-014,77,intermittent,0,8,6.636823544963994,1.386750490563067,21.15754775306147,21.15754775306147,15.0,0.0,21.79726790445617,36.157547753061465,1.6592058862409984,9.0,6.864414928287182
INT-014,78,intermittent,0,8,6.681494423078314,1.386750490563067,21.15754775306147,21.15754775306147,15.0,0.0,21.89777738021339,36.157547753061465,1.6703736057695786,9.0,6.864414928287182
INT-014,79,intermittent,0,8,6.681494423078314,1.386750490563067,21.15754775306147,21.15754775306147,15.0,0.0,21.89777738021339,36.157547753061465,1.6703736057695786,9.0,6.864414928287182
INT-014,80,intermittent,9,8,6.681494423078314,2.7526211284742876,21.15754775306147,12.157547753061468,15.0,2.0,28.65883703787393,27.15754775306147,1.6703736057695786,9.0,13.625474585947723
INT-014,81,intermittent,0,8,6.681494423078314,2.7526211284742876,12.157547753061468,12.157547753061468,17.0,0.0,28.65883703787393,29.15754775306147,1.6703736057695786,9.0,13.625474585947723
INT-014,82,intermittent,0,8,10.331556218603476,2.7526211284742876,12.157547753061468,12.157547753061468,17.0,8.0,36.871476077805546,29.15754775306147,2.582889054650869,9.0,13.625474585947723
INT-014,83,intermittent,4,8,10.756332253068864,2.6457513110645876,12.157547753061468,8.157547753061468,25.0,5.0,37.29821655917465,33.157547753061465,2.689083063267216,9.0,13.096468989769708
INT-014,84,intermittent,0,8,11.146827466614711,2.6457513110645876,23.15754775306147,23.15754775306147,15.0,1.0,38.17683078965281,38.157547753061465,2.786706866653678,9.0,13.096468989769708
INT-014,85,intermittent,0,8,11.146827466614711,2.6457513110645876,23.15754775306147,23.15754775306147,16.0,0.0,38.17683078965281,39.157547753061465,2.786706866653678,9.0,13.096468989769708
INT-014,86,intermittent,0,8,10.331556218603476,2.6457513110645876,23.15754775306147,23.15754775306147,16.0,0.0,36.34247048162753,39.157547753061465,2.582889054650869,9.0,13.096468989769708
INT-014,87,intermittent,0,8,10.331556218603476,2.6457513110645876,23.15754775306147,23.15754775306147,16.0,0.0,36.34247048162753,39.157547753061465,2.582889054650869,9.0,13.096468989769708
INT-014,88,intermittent,18,8,10.916853967600424,5.378017936291855,23.15754775306147,5.157547753061468,16.0,31.0,51.18411021174564,21.15754775306147,2.729213491900106,9.0,26.621188784644687
INT-014,89,intermittent,4,8,7.216904180663939,5.34453950907864,7.157547753061468,3.1575477530614684,45.0,0.0,42.69350497643313,48.157547753061465,1.8042260451659848,9.0,26.455470569939266
INT-014,90,intermittent,0,8,7.216904180663939,5.34453950907864,3.1575477530614684,3.1575477530614684,45.0,0.0,42.69350497643313,48.157547753061465,1.8042260451659848,9.0,26.455470569939266
INT-014,91,intermittent,0,8,9.624935339522697,5.34453950907864,11.157547753061468,11.157547753061468,37.0,0.0,48.11157508386533,48.157547753061465,2.406233834880674,9.0,26.455470569939266
INT-014,92,intermittent,0,8,9.353177735511457,5.34453950907864,16.15754775306147,16.15754775306147,32.0,0.0,47.500120474840045,48.157547753061465,2.338294433877864,9.0,26.455470569939266
INT-014,93,intermittent,0,8,9.353177735511457,5.0332229568471645,17.15754775306147,17.15754775306147,31.0,0.0,45.95910354129424,48.157547753061465,2.338294433877864,9.0,24.91445363639346
INT-014,94,intermittent,0,8,9.353177735511457,5.0332229568471645,17.15754775306147,17.15754775306147,31.0,0.0,45.95910354129424,48.157547753061465,2.338294433877864,9.0,24.91445363639346
INT-014,95,intermittent,0,8,6.599368990494544,5.0332229568471645,17.15754775306147,17.15754775306147,31.0,0.0,39.763033865006186,48.157547753061465,1.649842247623636,9.0,24.91445363639346
INT-014,96,intermittent,0,8,6.599368990494544,5.023023913019847,17.15754775306147,17.15754775306147,31.0,0.0,39.71254859806096,48.157547753061465,1.649842247623636,9.0,24.863968369448237
INT-014,97,intermittent,0,8,6.599368990494544,5.023023913019847,48.157547753061465,48.157547753061465,0.0,0.0,39.71254859806096,48.157547753061465,1.649842247623636,9.0,24.863968369448237
INT-014,98,intermittent,0,8,6.599368990494544,5.023023913019847,48.157547753061465,48.157547753061465,0.0,0.0,39.71254859806096,48.157547753061465,1.649842247623636,9.0,24.863968369448237
INT-014,99,intermittent,0,8,6.599368990494544,5.023023913019847,48.157547753061465,48.157547753061465,0.0,0.0,39.71254859806096,48.157547753061465,1.649842247623636,9.0,24.863968369448237
INT-015,75,intermittent,0,10,13.369834066218013,4.600724580614084,25.1771473761425,25.1771473761425,0.0,37.0,61.94419105824203,25.1771473761425,3.3424585165545033,11.0,25.1771473761425
INT-015,76,intermittent,0,10,13.369834066218013,4.600724580614084,25.1771473761425,25.1771473761425,37.0,0.0,61.94419105824203,62.1771473761425,3.3424585165545033,11.0,25.1771473761425
INT-015,77,intermittent,0,10,13.369834066218013,4.600724580614084,25.1771473761425,25.1771473761425,37.0,0.0,61.94419105824203,62.1771473761425,3.3424585165545033,11.0,25.1771473761425
INT-015,78,intermittent,0,10,9.620915480761864,4.600724580614084,25.1771473761425,25.1771473761425,37.0,0.0,51.63466494823763,62.1771473761425,2.405228870190466,11.0,25.1771473761425
INT-015,79,intermittent,0,10,9.620915480761864,4.600724580614084,25.1771473761425,25.1771473761425,37.0,0.0,51.63466494823763,62.1771473761425,2.405228870190466,11.0,25.1771473761425
INT-015,80,intermittent,0,10,9.620915480761864,4.537592267904154,25.1771473761425,25.1771473761425,37.0,0.0,51.289177729117355,62.1771473761425,2.405228870190466,11.0,24.83166015702223
INT-015,81,intermittent,1,10,9.620915480761864,4.423132664085776,25.1771473761425,24.1771473761425,37.0,0.0,50.662805455912185,61.1771473761425,2.405228870190466,11.0,24.205287883817057
INT-015,82,intermittent,0,10,9.620915480761864,0.277350098112563,24.1771473761425,24.1771473761425,37.0,0.0,27.975296820257714,61.1771473761425,2.405228870190466,11.0,1.5177792481625876
INT-015,83,intermittent,0,10,9.620915480761864,0.277350098112563,24.1771473761425,24.1771473761425,37.0,0.0,27.975296820257714,61.1771473761425,2.405228870190466,11.0,1.5177792481625876
INT-015,84,intermittent,0,10,9.620915480761864,0.277350098112563,24.1771473761425,24.1771473761425,37.0,0.0,27.975296820257714,61.1771473761425,2.405228870190466,11.0,1.5177792481625876
INT-015,85,intermittent,0,10,9.620915480761864,0.277350098112563,24.1771473761425,24.1771473761425,37.0,0.0,27.975296820257714,61.1771473761425,2.405228870190466,11.0,1.5177792481625876
INT-015,86,intermittent,9,10,9.620915480761864,2.4884347876341195,61.1771473761425,52.1771473761425,0.0,0.0,40.07530500674778,52.1771473761425,2.405228870190466,11.0,13.617787434652657
INT-015,87,intermittent,5,10,10.04569151522725,2.7339273901036485,52.1771473761425,47.1771473761425,0.0,0.0,42.58688040600644,47.1771473761425,2.5114228788068127,11.0,14.961228739131506
INT-015,88,intermittent,0,10,10.04569151522725,2.7339273901036485,47.1771473761425,47.1771473761425,0.0,0.0,42.58688040600644,47.1771473761425,2.5114228788068127,11.0,14.961228739131506
INT-015,89,intermittent,0,10,10.04569151522725,2.7339273901036485,47.1771473761425,47.1771473761425,0.0,0.0,42.58688040600644,47.1771473761425,2.5114228788068127,11.0,14.961228739131506
INT-015,90,intermittent,0,10,9.620915480761864,2.7339273901036485,47.1771473761425,47.1771473761425,0.0,0.0,41.418746311226634,47.1771473761425,2.405228870190466,11.0,14.961228739131506
INT-015,91,intermittent,0,10,9.620915480761864,2.7339273901036485,47.1771473761425,47.1771473761425,0.0,0.0,41.418746311226634,47.1771473761425,2.405228870190466,11.0,14.961228739131506
INT-015,92,intermittent,0,10,7.079125758949027,2.7339273901036485,47.1771473761425,47.1771473761425,0.0,0.0,34.428824576241325,47.1771473761425,1.7697814397372567,11.0,14.961228739131506
INT-015,93,intermittent,0,10,7.079125758949027,2.7339273901036485,47.1771473761425,47.1771473761425,0.0,0.0,34.428824576241325,47.1771473761425,1.7697814397372567,11.0,14.961228739131506
INT-015,94,intermittent,10,10,9.538790048178095,3.6707436541331715,47.1771473761425,37.1771473761425,0.0,10.0,46.319563646347206,37.1771473761425,2.3846975120445237,11.0,20.087891013857444
INT-015,95,intermittent,15,10,10.507784773462385,5.115336417740933,37.1771473761425,22.1771473761425,10.0,25.0,56.889733224265704,32.1771473761425,2.626946193365596,11.0,27.993325097244146
INT-015,96,intermittent,0,10,9.158667358779004,5.115336417740933,22.1771473761425,22.1771473761425,35.0,0.0,53.1796603338864,57.1771473761425,2.289666839694751,11.0,27.993325097244146
INT-015,97,intermittent,0,10,9.158667358779004,5.115336417740933,22.1771473761425,22.1771473761425,35.0,0.0,53.1796603338864,57.1771473761425,2.289666839694751,11.0,27.993325097244146
INT-015,98,intermittent,0,10,9.158667358779004,5.115336417740933,22.1771473761425,22.1771473761425,35.0,0.0,53.1796603338864,57.1771473761425,2.289666839694751,11.0,27.993325097244146
INT-015,99,intermittent,26,10,10.138733972486186,8.086868114260048,22.1771473761425,0.0,35.0,38.0,72.13634541008469,35.0,2.5346834931215465,11.0,44.25482698574767
INT-016,75,intermittent,0,8,5.563080710411546,2.154303980645637,30.12708513305381,30.12708513305381,0.0,0.0,23.18073630262188,30.12708513305381,1.3907701776028865,9.0,10.663804704195904
INT-016,76,intermittent,0,8,5.563080710411546,2.154303980645637,30.12708513305381,30.12708513305381,0.0,0.0,23.18073630262188,30.12708513305381,1.3907701776028865,9.0,10.663804704195904
INT-016,77,intermittent,0,8,5.563080710411546,2.154303980645637,30.12708513305381,30.12708513305381,0.0,0.0,23.18073630262188,30.12708513305381,1.3907701776028865,9.0,10.663804704195904
INT-016,78,intermittent,0,8,5.607751588525867,2.154303980645637,30.12708513305381,30.12708513305381,0.0,0.0,23.281245778379102,30.12708513305381,1.4019378971314667,9.0,10.663804704195904
INT-016,79,intermittent,1,8,9.122852527796258,2.1393744592574424,30.12708513305381,29.12708513305381,0.0,2.0,31.11632176086592,29.12708513305381,2.2807131319490646,9.0,10.589903573324339
INT-016,80,intermittent,4,8,9.122852527796258,2.1393744592574424,29.12708513305381,25.12708513305381,2.0,4.0,31.11632176086592,27.12708513305381,2.2807131319490646,9.0,10.589903573324339
INT-016,81,intermittent,0,8,9.122852527796258,2.1393744592574424,25.12708513305381,25.12708513305381,6.0,0.0,31.11632176086592,31.12708513305381,2.2807131319490646,9.0,10.589903573324339
INT-016,82,intermittent,0,8,9.122852527796258,2.1393744592574424,25.12708513305381,25.12708513305381,6.0,0.0,31.11632176086592,31.12708513305381,2.2807131319490646,9.0,10.589903573324339
INT-016,83,intermittent,0,8,5.607751588525867,2.1393744592574424,25.12708513305381,25.12708513305381,6.0,0.0,23.20734464750754,31.12708513305381,1.4019378971314667,9.0,10.589903573324339
INT-016,84,intermittent,2,8,5.607751588525867,2.1393744592574424,25.12708513305381,23.12708513305381,6.0,0.0,23.20734464750754,29.12708513305381,1.4019378971314667,9.0,10.589903573324339
INT-016,85,intermittent,0,8,5.607751588525867,2.1393744592574424,23.12708513305381,23.12708513305381,6.0,0.0,23.20734464750754,29.12708513305381,1.4019378971314667,9.0,10.589903573324339
INT-016,86,intermittent,5,8,5.607751588525867,1.705947364444873,23.12708513305381,18.12708513305381,6.0,0.0,21.06188052818532,24.12708513305381,1.4019378971314667,9.0,8.444439454002122
INT-016,87,intermittent,0,8,5.607751588525867,1.705947364444873,18.12708513305381,18.12708513305381,6.0,0.0,21.06188052818532,24.12708513305381,1.4019378971314667,9.0,8.444439454002122
INT-016,88,intermittent,0,8,5.607751588525867,1.705947364444873,20.12708513305381,20.12708513305381,4.0,0.0,21.06188052818532,24.12708513305381,1.4019378971314667,9.0,8.444439454002122
INT-016,89,intermittent,0,8,5.607751588525867,1.705947364444873,24.12708513305381,24.12708513305381,0.0,0.0,21.06188052818532,24.12708513305381,1.4019378971314667,9.0,8.444439454002122
INT-016,90,intermittent,0,8,9.122852527796258,1.705947364444873,24.12708513305381,24.12708513305381,0.0,5.0,28.970857641543702,24.12708513305381,2.2807131319490646,9.0,8.444439454002122
INT-016,91,intermittent,0,8,8.226599477288008,1.705947364444873,24.12708513305381,24.12708513305381,5.0,0.0,26.95428827790014,29.12708513305381,2.056649869322002,9.0,8.444439454002122
INT-016,92,intermittent,0,8,9.386594018950648,1.724632997005152,24.12708513305381,24.12708513305381,5.0,1.0,29.656769877814458,29.12708513305381,2.346648504737662,9.0,8.536933335175501
INT-016,93,intermittent,0,8,9.386594018950648,1.4500221041639676,24.12708513305381,24.12708513305381,6.0,0.0,28.2974459582506,30.12708513305381,2.346648504737662,9.0,7.17760941561164
INT-016,94,intermittent,0,8,8.14447404470424,1.4500221041639676,24.12708513305381,24.12708513305381,6.0,0.0,25.502676016196176,30.12708513305381,2.03611851117606,9.0,7.17760941561164
INT-016,95,intermittent,10,8,8.14447404470424,2.9828570025121715,24.12708513305381,14.12708513305381,6.0,13.0,33.09020876301979,20.12708513305381,2.03611851117606,9.0,14.765142162435248
INT-016,96,intermittent,10,8,5.715258327369567,3.7960843523631573,14.12708513305381,4.127085133053811,19.0,9.0,31.649948780779155,23.12708513305381,1.4288145818423919,9.0,18.790617544197627
INT-016,97,intermittent,7,8,6.454216631412617,4.033513452218893,4.127085133053811,0.0,28.0,7.0,34.48787900916191,28.0,1.6135541578531543,9.0,19.96589158848352
INT-016,98,intermittent,0,8,6.454216631412617,4.033513452218893,0.0,0.0,35.0,0.0,34.48787900916191,35.0,1.6135541578531543,9.0,19.96589158848352
INT-016,99,intermittent,0,8,6.454216631412617,4.009603855360662,5.0,5.0,30.0,0.0,34.36952650471366,35.0,1.6135541578531543,9.0,19.847539084035272
INT-017,75,intermittent,4,12,6.0075841168619775,1.5358952955766092,9.137286249209884,5.137286249209884,0.0,24.0,28.661934629011313,5.137286249209884,1.5018960292154944,13.0,9.137286249209884
INT-017,76,intermittent,0,12,6.0075841168619775,1.502135232397622,5.137286249209884,5.137286249209884,24.0,0.0,28.461090624900983,29.137286249209886,1.5018960292154944,13.0,8.936442245099558
INT-017,77,intermittent,1,12,6.0075841168619775,1.4935759876113541,5.137286249209884,4.137286249209884,24.0,1.0,28.41017031157336,28.137286249209886,1.5018960292154944,13.0,8.885521931771933
INT-017,78,intermittent,4,12,6.332027060524851,1.7320508075688776,4.137286249209884,0.1372862492098843,25.0,6.0,30.883334644063126,25.137286249209886,1.5830067651312127,13.0,10.304246697357359
INT-017,79,intermittent,0,12,6.332027060524851,1.7320508075688776,0.1372862492098843,0.1372862492098843,31.0,0.0,30.883334644063126,31.137286249209886,1.5830067651312127,13.0,10.304246697357359
INT-017,80,intermittent,3,12,6.332027060524851,1.7867030229749132,0.1372862492098843,0.0,31.0,1.0,31.208469396253996,31.0,1.5830067651312127,13.0,10.629381449548228
INT-017,81,intermittent,0,12,6.332027060524851,1.7867030229749132,0.0,0.0,32.0,0.0,31.208469396253996,32.0,1.5830067651312127,13.0,10.629381449548228
INT-017,82,intermittent,0,12,6.332027060524851,1.7867030229749132,0.0,0.0,32.0,0.0,31.208469396253996,32.0,1.5830067651312127,13.0,10.629381449548228
INT-017,83,intermittent,0,12,6.332027060524851,1.605279750362247,0.0,0.0,32.0,0.0,30.129153391507703,32.0,1.5830067651312127,13.0,9.550065444801938
INT-017,84,intermittent,0,12,6.332027060524851,1.605279750362247,0.0,0.0,32.0,0.0,30.129153391507703,32.0,1.5830067651312127,13.0,9.550065444801938
INT-017,85,intermittent,1,12,6.332027060524851,1.58113883008419,0.0,0.0,32.0,0.0,29.985535203773654,32.0,1.5830067651312127,13.0,9.406447257067889
INT-017,86,intermittent,0,12,6.332027060524851,1.58113883008419,0.0,0.0,32.0,0.0,29.985535203773654,32.0,1.5830067651312127,13.0,9.406447257067889
INT-017,87,intermittent,3,12,6.332027060524851,1.6408253082847344,0.0,0.0,32.0,0.0,30.340619588820132,32.0,1.5830067651312127,13.0,9.761531642114369
INT-017,88,intermittent,0,12,9.833617609424092,1.4411533842457847,24.0,24.0,8.0,9.0,40.53290872809424,32.0,2.458404402356023,13.0,8.573651497465944
INT-017,89,intermittent,1,12,9.833617609424092,1.4142135623730956,24.0,23.0,17.0,1.0,40.372639428056395,40.0,2.458404402356023,13.0,8.413382197428097
INT-017,90,intermittent,6,12,9.833617609424092,1.9806758753205744,24.0,18.0,17.0,9.0,43.742614137724004,35.0,2.458404402356023,13.0,11.783356907095701
INT-017,91,intermittent,0,12,8.937364558915842,1.8466879569262402,24.0,24.0,20.0,0.0,40.032676211967484,44.0,2.2343411397289605,13.0,10.986241395491
INT-017,92,intermittent,0,12,6.249901627941081,1.8466879569262402,24.0,24.0,20.0,0.0,31.298421686299513,44.0,1.5624754069852702,13.0,10.986241395491
INT-017,93,intermittent,0,12,6.249901627941081,1.7722938923964169,25.0,25.0,19.0,0.0,30.85583952278296,44.0,1.5624754069852702,13.0,10.543659231974448
INT-017,94,intermittent,0,12,6.249901627941081,1.7722938923964169,25.0,25.0,19.0,0.0,30.85583952278296,44.0,1.5624754069852702,13.0,10.543659231974448
INT-017,95,intermittent,0,12,6.249901627941081,1.7722938923964169,25.0,25.0,19.0,0.0,30.85583952278296,44.0,1.5624754069852702,13.0,10.543659231974448
INT-017,96,intermittent,0,12,6.249901627941081,1.7722938923964169,25.0,25.0,19.0,0.0,30.85583952278296,44.0,1.5624754069852702,13.0,10.543659231974448
INT-017,97,intermittent,0,12,6.249901627941081,1.7722938923964169,25.0,25.0,19.0,0.0,30.85583952278296,44.0,1.5624754069852702,13.0,10.543659231974448
INT-017,98,intermittent,0,12,6.249901627941081,1.7867030229749132,25.0,25.0,19.0,0.0,30.94156174035674,44.0,1.5624754069852702,13.0,10.629381449548228
INT-017,99,intermittent,0,12,6.249901627941081,1.7867030229749132,25.0,25.0,19.0,0.0,30.94156174035674,44.0,1.5624754069852702,13.0,10.629381449548228
INT-018,75,intermittent,0,11,6.636823544963994,1.4051188470584892,14.03133287146709,14.03133287146709,0.0,14.0,27.94180350635907,14.03133287146709,1.6592058862409984,12.0,8.03133287146709
INT-018,76,intermittent,4,11,6.636823544963994,1.6329931618554534,14.03133287146709,10.03133287146709,14.0,6.0,29.244280146554413,24.03133287146709,1.6592058862409984,12.0,9.333809511662434
INT-018,77,intermittent,0,11,6.636823544963994,1.6329931618554534,10.03133287146709,10.03133287146709,20.0,0.0,29.244280146554413,30.03133287146709,1.6592058862409984,12.0,9.333809511662434
INT-018,78,intermittent,0,11,6.681494423078314,1.6329931618554534,10.03133287146709,10.03133287146709,20.0,0.0,29.37829278089738,30.03133287146709,1.6703736057695786,12.0,9.333809511662434
INT-018,79,intermittent,0,11,6.681494423078314,1.6329931618554534,10.03133287146709,10.03133287146709,20.0,0.0,29.37829278089738,30.03133287146709,1.6703736057695786,12.0,9.333809511662434
INT-018,80,intermittent,0,11,6.681494423078314,1.53589529557661,10.03133287146709,10.03133287146709,20.0,0.0,28.823303936482475,30.03133287146709,1.6703736057695786,12.0,8.778820667247532
INT-018,81,intermittent,2,11,6.681494423078314,1.552500051612371,10.03133287146709,8.03133287146709,20.0,1.0,28.918212864116516,28.03133287146709,1.6703736057695786,12.0,8.87372959488157
INT-018,82,intermittent,0,11,6.681494423078314,1.552500051612371,8.03133287146709,8.03133287146709,21.0,0.0,28.918212864116516,29.03133287146709,1.6703736057695786,12.0,8.87372959488157
INT-018,83,intermittent,5,11,6.681494423078314,1.7320508075688787,8.03133287146709,3.0313328714670895,21.0,6.0,29.94448326923495,24.03133287146709,1.6703736057695786,12.0,9.900000000000007
INT-018,84,intermittent,0,11,6.681494423078314,1.7320508075688787,3.0313328714670895,3.0313328714670895,27.0,0.0,29.94448326923495,30.03133287146709,1.6703736057695786,12.0,9.900000000000007
INT-018,85,intermittent,0,11,6.681494423078314,1.7246329970051537,3.0313328714670895,3.0313328714670895,27.0,0.0,29.902084787469885,30.03133287146709,1.6703736057695786,12.0,9.85760151823494
INT-018,86,intermittent,0,11,6.681494423078314,1.7246329970051537,3.0313328714670895,3.0313328714670895,27.0,0.0,29.902084787469885,30.03133287146709,1.6703736057695786,12.0,9.85760151823494
INT-018,87,intermittent,3,11,6.681494423078314,1.8009968749527991,17.03133287146709,14.03133287146709,13.0,4.0,30.33856297181531,27.03133287146709,1.6703736057695786,12.0,10.294079702580365
INT-018,88,intermittent,0,11,6.681494423078314,1.8009968749527991,20.03133287146709,20.03133287146709,11.0,0.0,30.33856297181531,31.03133287146709,1.6703736057695786,12.0,10.294079702580365
INT-018,89,intermittent,0,11,6.681494423078314,1.5892265495016844,20.03133287146709,20.03133287146709,11.0,0.0,29.12813299320011,31.03133287146709,1.6703736057695786,12.0,9.083649723965166
INT-018,90,intermittent,0,11,6.681494423078314,1.5892265495016844,20.03133287146709,20.03133287146709,11.0,0.0,29.12813299320011,31.03133287146709,1.6703736057695786,12.0,9.083649723965166
INT-018,91,intermittent,0,11,6.681494423078314,1.5892265495016844,20.03133287146709,20.03133287146709,11.0,0.0,29.12813299320011,31.03133287146709,1.6703736057695786,12.0,9.083649723965166
INT-018,92,intermittent,0,11,6.599368990494544,1.5892265495016844,20.03133287146709,20.03133287146709,11.0,0.0,28.8817566954488,31.03133287146709,1.649842247623636,12.0,9.083649723965166
INT-018,93,intermittent,0,11,6.599368990494544,1.5892265495016844,21.03133287146709,21.03133287146709,10.0,0.0,28.8817566954488,31.03133287146709,1.649842247623636,12.0,9.083649723965166
INT-018,94,intermittent,0,11,6.599368990494544,1.5566235649883136,21.03133287146709,21.03133287146709,10.0,0.0,28.69540561078552,31.03133287146709,1.649842247623636,12.0,8.897298639301885
INT-018,95,intermittent,0,11,6.599368990494544,1.5566235649883136,27.03133287146709,27.03133287146709,4.0,0.0,28.69540561078552,31.03133287146709,1.649842247623636,12.0,8.897298639301885
INT-018,96,intermittent,0,11,6.599368990494544,0.8320502943378455,27.03133287146709,27.03133287146709,4.0,0.0,24.553913139494732,31.03133287146709,1.649842247623636,12.0,4.755806168011097
INT-018,97,intermittent,0,11,6.599368990494544,0.8320502943378455,27.03133287146709,27.03133287146709,4.0,0.0,24.553913139494732,31.03133287146709,1.649842247623636,12.0,4.755806168011097
INT-018,98,intermittent,2,11,6.599368990494544,0.9607689228305245,27.03133287146709,25.03133287146709,4.0,0.0,25.28963891411341,29.03133287146709,1.649842247623636,12.0,5.491531942629778
INT-018,99,intermittent,0,11,6.599368990494544,0.9607689228305245,29.03133287146709,29.03133287146709,0.0,0.0,25.28963891411341,29.03133287146709,1.649842247623636,12.0,5.491531942629778
INT-019,75,intermittent,0,10,9.078181649681937,0.0,0.0,0.0,0.0,25.0,24.964999536625328,0.0,2.2695454124204844,11.0,0.0
INT-019,76,intermittent,0,10,9.078181649681937,0.0,0.0,0.0,25.0,0.0,24.964999536625328,25.0,2.2695454124204844,11.0,0.0
INT-019,77,intermittent,0,10,9.078181649681937,0.0,0.0,0.0,25.0,0.0,24.964999536625328,25.0,2.2695454124204844,11.0,0.0
INT-019,78,intermittent,0,10,9.122852527796258,0.0,0.0,0.0,25.0,1.0,25.08784445143971,25.0,2.2807131319490646,11.0,0.0
INT-019,79,intermittent,0,10,5.607751588525867,0.0,0.0,0.0,26.0,0.0,15.421316868446134,26.0,1.4019378971314667,11.0,0.0
INT-019,80,intermittent,0,10,5.607751588525867,0.0,0.0,0.0,26.0,0.0,15.421316868446134,26.0,1.4019378971314667,11.0,0.0
INT-019,81,intermittent,0,10,5.607751588525867,0.0,0.0,0.0,26.0,0.0,15.421316868446134,26.0,1.4019378971314667,11.0,0.0
INT-019,82,intermittent,0,10,5.607751588525867,0.0,0.0,0.0,26.0,0.0,15.421316868446134,26.0,1.4019378971314667,11.0,0.0
INT-019,83,intermittent,17,10,7.146501174636711,4.714951667914447,0.0,0.0,26.0,20.0,45.45512544901974,26.0,1.7866252936591778,11.0,25.802247218768784
INT-019,84,intermittent,0,10,5.7973837599533375,4.714951667914447,0.0,0.0,46.0,0.0,41.74505255864047,46.0,1.4493459399883344,11.0,25.802247218768784
INT-019,85,intermittent,3,10,5.7973837599533375,4.719028583218242,0.0,0.0,46.0,0.0,41.767363195942295,46.0,1.4493459399883344,11.0,25.824557856070616
INT-019,86,intermittent,0,10,5.7973837599533375,4.719028583218242,25.0,25.0,21.0,0.0,41.767363195942295,46.0,1.4493459399883344,11.0,25.824557856070616
INT-019,87,intermittent,0,10,5.607751588525867,4.719028583218242,25.0,25.0,21.0,0.0,41.24587472451675,46.0,1.4019378971314667,11.0,25.824557856070616
INT-019,88,intermittent,6,10,6.111566029530998,4.847679857416329,25.0,19.0,21.0,4.0,43.335399646052565,40.0,1.5278915073827495,11.0,26.52859306484232
INT-019,89,intermittent,0,10,6.111566029530998,4.847679857416329,20.0,20.0,24.0,0.0,43.335399646052565,44.0,1.5278915073827495,11.0,26.52859306484232
INT-019,90,intermittent,0,10,6.111566029530998,4.847679857416329,20.0,20.0,24.0,0.0,43.335399646052565,44.0,1.5278915073827495,11.0,26.52859306484232
INT-019,91,intermittent,0,10,5.607751588525867,4.847679857416329,20.0,20.0,24.0,0.0,41.94990993328845,44.0,1.4019378971314667,11.0,26.52859306484232
INT-019,92,intermittent,0,10,5.5256261559420965,4.847679857416329,20.0,20.0,24.0,0.0,41.724064993683086,44.0,1.3814065389855241,11.0,26.52859306484232
INT-019,93,intermittent,0,10,5.5256261559420965,4.847679857416329,20.0,20.0,24.0,0.0,41.724064993683086,44.0,1.3814065389855241,11.0,26.52859306484232
INT-019,94,intermittent,0,10,5.5256261559420965,4.847679857416329,40.0,40.0,4.0,0.0,41.724064993683086,44.0,1.3814065389855241,11.0,26.52859306484232
INT-019,95,intermittent,0,10,5.5256261559420965,4.847679857416329,40.0,40.0,4.0,0.0,41.724064993683086,44.0,1.3814065389855241,11.0,26.52859306484232
INT-019,96,intermittent,0,10,8.14447404470424,1.797434068545834,40.0,40.0,4.0,0.0,32.233637367704645,44.0,2.03611851117606,11.0,9.836333744767991
INT-019,97,intermittent,0,10,8.783422090507742,1.797434068545834,40.0,40.0,4.0,0.0,33.99074449366428,44.0,2.1958555226269354,11.0,9.836333744767991
INT-019,98,intermittent,0,10,8.783422090507742,1.6641005886756874,40.0,40.0,4.0,0.0,33.261086237873506,44.0,2.1958555226269354,11.0,9.106675488977219
INT-019,99,intermittent,7,10,8.783422090507742,2.449489742783178,44.0,37.0,0.0,1.0,37.559074116545624,37.0,2.1958555226269354,11.0,13.404663367649333
INT-020,75,intermittent,17,12,14.64782343750357,6.4807406984078595,32.70997554263836,15.709975542638361,0.0,71.0,86.16038694219475,15.709975542638361,3.6619558593758925,13.0,38.554960770308135
INT-020,76,intermittent,0,12,13.29870602282019,6.610015710443333,15.709975542638361,15.709975542638361,71.0,0.0,82.54483302394846,86.70997554263836,3.3246765057050474,13.0,39.32403844978284
INT-020,77,intermittent,0,12,13.29870602282019,6.601281926786878,15.709975542638361,15.709975542638361,71.0,0.0,82.4928743510249,86.70997554263836,3.3246765057050474,13.0,39.27207977685928
INT-020,78,intermittent,0,12,13.26386098995376,6.601281926786878,15.709975542638361,15.709975542638361,71.0,0.0,82.37962799420899,86.70997554263836,3.31596524748844,13.0,39.27207977685928
INT-020,79,intermittent,13,12,10.959624170843496,6.343783551130173,15.709975542638361,2.709975542638361,71.0,0.0,73.35895939741539,73.70997554263836,2.739906042710874,13.0,37.740180842174034
INT-020,80,intermittent,13,12,10.335431689644787,6.689064937910959,2.709975542638361,0.0,71.0,3.0,73.38446791194697,71.0,2.583857922411197,13.0,39.79431492060141
INT-020,81,intermittent,0,12,9.829559502912593,6.689064937910959,0.0,0.0,74.0,0.0,71.74038330506734,74.0,2.4573898757281483,13.0,39.79431492060141
INT-020,82,intermittent,4,12,10.501891156783907,6.34277299221478,0.0,0.0,74.0,0.0,71.86531512544428,74.0,2.625472789195977,13.0,37.73416886589659
INT-020,83,intermittent,0,12,10.453751984111301,6.278779891274811,0.0,0.0,74.0,0.0,71.32815764317857,74.0,2.6134379960278253,13.0,37.353463694816845
INT-020,84,intermittent,0,12,10.422156667530809,6.278779891274811,0.0,0.0,74.0,0.0,71.22547286429197,74.0,2.605539166882702,13.0,37.353463694816845
INT-020,85,intermittent,0,12,10.422156667530809,6.278779891274811,0.0,0.0,74.0,0.0,71.22547286429197,74.0,2.605539166882702,13.0,37.353463694816845
INT-020,86,intermittent,0,12,10.422156667530809,6.278779891274811,0.0,0.0,74.0,0.0,71.22547286429197,74.0,2.605539166882702,13.0,37.353463694816845
INT-020,87,intermittent,0,12,9.918342226525676,6.278779891274811,0.0,0.0,74.0,0.0,69.58807593102529,74.0,2.479585556631419,13.0,37.353463694816845
INT-020,88,intermittent,0,12,9.918342226525676,4.871423737550372,71.0,71.0,3.0,0.0,61.21548955212143,74.0,2.479585556631419,13.0,28.980877315912984
INT-020,89,intermittent,0,12,9.918342226525676,4.871423737550372,71.0,71.0,3.0,0.0,61.21548955212143,74.0,2.479585556631419,13.0,28.980877315912984
INT-020,90,intermittent,0,12,13.698421299724995,4.871423737550372,71.0,71.0,3.0,0.0,73.50074654001921,74.0,3.4246053249312487,13.0,28.980877315912984
INT-020,91,intermittent,0,12,12.802168249216745,4.871423737550372,71.0,71.0,3.0,0.0,70.5879241258674,74.0,3.2005420623041863,13.0,28.980877315912984
INT-020,92,intermittent,0,12,12.720042816632976,3.6829475375170055,71.0,71.0,3.0,0.0,63.250581869803476,74.0,3.180010704158244,13.0,21.910442715746306
INT-020,93,intermittent,0,12,12.720042816632976,1.109400392450465,74.0,74.0,0.0,0.0,47.940139154057206,74.0,3.180010704158244,13.0,6.60000000000004
INT-020,94,intermittent,0,12,9.836216793941906,1.109400392450465,74.0,74.0,0.0,0.0,38.567704580311236,74.0,2.4590541984854766,13.0,6.60000000000004
INT-020,95,intermittent,4,12,9.836216793941906,1.1094003924504583,74.0,70.0,0.0,0.0,38.567704580311194,70.0,2.4590541984854766,13.0,6.6
INT-020,96,intermittent,0,12,9.836216793941906,1.1094003924504583,70.0,70.0,0.0,0.0,38.567704580311194,70.0,2.4590541984854766,13.0,6.6
INT-020,97,intermittent,0,12,9.836216793941906,1.1094003924504583,70.0,70.0,0.0,0.0,38.567704580311194,70.0,2.4590541984854766,13.0,6.6
INT-020,98,intermittent,0,12,9.836216793941906,1.1094003924504583,70.0,70.0,0.0,0.0,38.567704580311194,70.0,2.4590541984854766,13.0,6.6
INT-020,99,intermittent,7,12,13.358990862436478,2.154303980645638,70.0,63.0,0.0,0.0,56.2330185204227,63.0,3.3397477156091195,13.0,12.816298217504148
INT-021,75,intermittent,7,6,7.583068700649771,3.7450822455109076,44.51739628038956,37.51739628038956,0.0,0.0,29.619488056960687,37.51739628038956,1.8957671751624428,7.0,16.349117830823587
INT-021,76,intermittent,0,6,7.189887982764875,3.7450822455109076,37.51739628038956,37.51739628038956,0.0,0.0,28.93142180066212,37.51739628038956,1.7974719956912188,7.0,16.349117830823587
INT-021,77,intermittent,0,6,6.0075841168619775,3.7450822455109076,37.51739628038956,37.51739628038956,0.0,0.0,26.862390035332048,37.51739628038956,1.5018960292154944,7.0,16.349117830823587
INT-021,78,intermittent,0,6,6.332027060524851,3.7450822455109076,37.51739628038956,37.51739628038956,0.0,0.0,27.430165186742077,37.51739628038956,1.5830067651312127,7.0,16.349117830823587
INT-021,79,intermittent,0,6,6.332027060524851,3.6829475375170038,37.51739628038956,37.51739628038956,0.0,0.0,27.158916761265225,37.51739628038956,1.5830067651312127,7.0,16.077869405346735
INT-021,80,intermittent,0,6,6.332027060524851,3.6829475375170038,37.51739628038956,37.51739628038956,0.0,0.0,27.158916761265225,37.51739628038956,1.5830067651312127,7.0,16.077869405346735
INT-021,81,intermittent,0,6,6.332027060524851,3.6829475375170038,37.51739628038956,37.51739628038956,0.0,0.0,27.158916761265225,37.51739628038956,1.5830067651312127,7.0,16.077869405346735
INT-021,82,intermittent,0,6,6.332027060524851,3.443686158605972,37.51739628038956,37.51739628038956,0.0,0.0,26.1144236848126,37.51739628038956,1.5830067651312127,7.0,15.033376328894112
INT-021,83,intermittent,0,6,6.332027060524851,3.477030858324899,37.51739628038956,37.51739628038956,0.0,0.0,26.25998962675997,37.51739628038956,1.5830067651312127,7.0,15.178942270841482
INT-021,84,intermittent,0,6,6.332027060524851,3.477030858324899,37.51739628038956,37.51739628038956,0.0,0.0,26.25998962675997,37.51739628038956,1.5830067651312127,7.0,15.178942270841482
INT-021,85,intermittent,11,6,7.168553340269595,4.342692063567753,37.51739628038956,26.517396280389562,0.0,5.0,31.50294565968318,26.517396280389562,1.7921383350673987,7.0,18.95797731421139
INT-021,86,intermittent,0,6,10.023249780851561,3.477030858324899,26.517396280389562,26.517396280389562,5.0,2.0,32.719629387331715,31.517396280389562,2.5058124452128903,7.0,15.178942270841482
INT-021,87,intermittent,6,6,10.805104745423607,3.670743654133174,26.517396280389562,20.517396280389562,7.0,8.0,34.933526783074356,27.517396280389562,2.701276186355902,7.0,16.02459347858304
INT-021,88,intermittent,0,6,10.805104745423607,3.351233986275686,20.517396280389562,20.517396280389562,15.0,0.0,33.53871063073195,35.51739628038956,2.701276186355902,7.0,14.629777326240633
INT-021,89,intermittent,0,6,10.615472573996136,3.351233986275686,20.517396280389562,20.517396280389562,15.0,0.0,33.206854330733876,35.51739628038956,2.653868143499034,7.0,14.629777326240633
INT-021,90,intermittent,0,6,6.978921168842124,3.351233986275686,20.517396280389562,20.517396280389562,15.0,0.0,26.84288937171435,35.51739628038956,1.744730292210531,7.0,14.629777326240633
INT-021,91,intermittent,0,6,6.332027060524851,3.351233986275686,20.517396280389562,20.517396280389562,15.0,0.0,25.71082468215912,35.51739628038956,1.5830067651312127,7.0,14.629777326240633
INT-021,92,intermittent,0,6,6.249901627941081,3.351233986275686,25.517396280389562,25.517396280389562,10.0,0.0,25.567105175137527,35.51739628038956,1.5624754069852702,7.0,14.629777326240633
INT-021,93,intermittent,0,6,6.249901627941081,3.351233986275686,27.517396280389562,27.517396280389562,8.0,0.0,25.567105175137527,35.51739628038956,1.5624754069852702,7.0,14.629777326240633
INT-021,94,intermittent,9,6,6.896795736258354,3.9370039370059047,35.51739628038956,26.517396280389562,0.0,3.0,29.256342529651832,26.517396280389562,1.7241989340645885,7.0,17.186949991199715
INT-021,95,intermittent,0,6,6.896795736258354,3.9370039370059047,26.517396280389562,26.517396280389562,3.0,0.0,29.256342529651832,29.517396280389562,1.7241989340645885,7.0,17.186949991199715
INT-021,96,intermittent,0,6,6.896795736258354,3.9370039370059047,26.517396280389562,26.517396280389562,3.0,0.0,29.256342529651832,29.517396280389562,1.7241989340645885,7.0,17.186949991199715
INT-021,97,intermittent,0,6,6.896795736258354,3.9370039370059047,26.517396280389562,26.517396280389562,3.0,0.0,29.256342529651832,29.517396280389562,1.7241989340645885,7.0,17.186949991199715
INT-021,98,intermittent,0,6,6.249901627941081,2.8823067684915675,26.517396280389562,26.517396280389562,3.0,0.0,23.520008253081294,29.517396280389562,1.5624754069852702,7.0,12.5826804041844
INT-021,99,intermittent,10,6,6.896795736258354,3.7519225840791375,26.517396280389562,16.517396280389562,3.0,9.0,28.44837179658849,19.517396280389562,1.7241989340645885,7.0,16.37897925813637
INT-022,75,intermittent,0,11,13.369834066218013,0.0,0.0,0.0,0.0,41.0,40.10950219865404,0.0,3.3424585165545033,12.0,0.0
INT-022,76,intermittent,0,11,14.185105314229245,0.0,0.0,0.0,41.0,2.0,42.555315942687734,41.0,3.5462763285573113,12.0,0.0
INT-022,77,intermittent,0,11,14.185105314229245,0.0,0.0,0.0,43.0,0.0,42.555315942687734,43.0,3.5462763285573113,12.0,0.0
INT-022,78,intermittent,0,11,14.229776192343566,0.0,0.0,0.0,43.0,0.0,42.6893285770307,43.0,3.5574440480858915,12.0,0.0
INT-022,79,intermittent,0,11,13.414504944332334,0.0,0.0,0.0,43.0,0.0,40.243514832997,43.0,3.3536262360830835,12.0,0.0
INT-022,80,intermittent,0,11,9.194066754526691,0.0,0.0,0.0,43.0,0.0,27.582200263580074,43.0,2.298516688631673,12.0,0.0
INT-022,81,intermittent,0,11,9.194066754526691,0.0,0.0,0.0,43.0,0.0,27.582200263580074,43.0,2.298516688631673,12.0,0.0
INT-022,82,intermittent,0,11,9.194066754526691,0.0,0.0,0.0,43.0,0.0,27.582200263580074,43.0,2.298516688631673,12.0,0.0
INT-022,83,intermittent,0,11,6.734402465297622,0.0,0.0,0.0,43.0,0.0,20.203207395892868,43.0,1.6836006163244055,12.0,0.0
INT-022,84,intermittent,0,11,6.734402465297622,0.0,0.0,0.0,43.0,0.0,20.203207395892868,43.0,1.6836006163244055,12.0,0.0
INT-022,85,intermittent,0,11,6.734402465297622,0.0,0.0,0.0,43.0,0.0,20.203207395892868,43.0,1.6836006163244055,12.0,0.0
INT-022,86,intermittent,0,11,6.734402465297622,0.0,0.0,0.0,43.0,0.0,20.203207395892868,43.0,1.6836006163244055,12.0,0.0
INT-022,87,intermittent,0,11,6.734402465297622,0.0,41.0,41.0,2.0,0.0,20.203207395892868,43.0,1.6836006163244055,12.0,0.0
INT-022,88,intermittent,20,11,12.437584648482316,5.547001962252291,43.0,23.0,0.0,47.0,69.0181283988542,23.0,3.109396162120579,12.0,31.70537445340725
INT-022,89,intermittent,0,11,8.711367272082846,5.547001962252291,23.0,23.0,47.0,0.0,57.83947626965579,70.0,2.1778418180207115,12.0,31.70537445340725
INT-022,90,intermittent,0,11,6.924034636725093,5.547001962252291,23.0,23.0,47.0,0.0,52.47747836358253,70.0,1.7310086591812732,12.0,31.70537445340725
INT-022,91,intermittent,0,11,6.924034636725093,5.547001962252291,23.0,23.0,47.0,0.0,52.47747836358253,70.0,1.7310086591812732,12.0,31.70537445340725
INT-022,92,intermittent,0,11,6.652277032713852,5.547001962252291,23.0,23.0,47.0,0.0,51.66220555154881,70.0,1.663069258178463,12.0,31.70537445340725
INT-022,93,intermittent,0,11,6.652277032713852,5.547001962252291,23.0,23.0,47.0,0.0,51.66220555154881,70.0,1.663069258178463,12.0,31.70537445340725
INT-022,94,intermittent,0,11,6.652277032713852,5.547001962252291,23.0,23.0,47.0,0.0,51.66220555154881,70.0,1.663069258178463,12.0,31.70537445340725
INT-022,95,intermittent,8,11,7.156091473718983,5.800088416655874,23.0,15.0,47.0,0.0,54.62023224708794,62.0,1.7890228684297458,12.0,33.15195782593099
INT-022,96,intermittent,0,11,6.652277032713852,5.800088416655874,15.0,15.0,47.0,0.0,53.10878892407255,62.0,1.663069258178463,12.0,33.15195782593099
INT-022,97,intermittent,0,11,6.652277032713852,5.800088416655874,15.0,15.0,47.0,0.0,53.10878892407255,62.0,1.663069258178463,12.0,33.15195782593099
INT-022,98,intermittent,18,11,16.98387998385279,7.2182105886822185,15.0,0.0,47.0,46.0,92.20925463334493,47.0,4.245969995963198,12.0,41.25761468178655
INT-022,99,intermittent,0,11,16.89509433304397,7.2182105886822185,0.0,0.0,93.0,0.0,91.94289768091846,93.0,4.223773583260993,12.0,41.25761468178655
INT-023,75,intermittent,0,11,6.209974818728819,1.2608503439122287,14.031332871467074,14.031332871467074,0.0,12.0,25.836652082295476,14.031332871467074,1.5524937046822047,12.0,7.206727626109019
INT-023,76,intermittent,0,11,6.209974818728819,1.2608503439122287,14.031332871467074,14.031332871467074,12.0,0.0,25.836652082295476,26.03133287146707,1.5524937046822047,12.0,7.206727626109019
INT-023,77,intermittent,0,11,6.209974818728819,1.1982893790305544,14.031332871467074,14.031332871467074,12.0,0.0,25.479068142135024,26.03133287146707,1.5524937046822047,12.0,6.849143685948564
INT-023,78,intermittent,0,11,6.25464569684314,1.1982893790305544,14.031332871467074,14.031332871467074,12.0,0.0,25.613080776477982,26.03133287146707,1.563661424210785,12.0,6.849143685948564
INT-023,79,intermittent,0,11,5.607751588525867,1.1982893790305544,14.031332871467074,14.031332871467074,12.0,0.0,23.672398451526167,26.03133287146707,1.4019378971314667,12.0,6.849143685948564
INT-023,80,intermittent,0,11,5.607751588525867,1.1982893790305544,14.031332871467074,14.031332871467074,12.0,0.0,23.672398451526167,26.03133287146707,1.4019378971314667,12.0,6.849143685948564
INT-023,81,intermittent,0,11,9.122852527796258,1.1982893790305544,14.031332871467074,14.031332871467074,12.0,9.0,34.21770126933734,26.03133287146707,2.2807131319490646,12.0,6.849143685948564
INT-023,82,intermittent,1,11,9.122852527796258,0.5991446895152744,14.031332871467074,13.031332871467074,21.0,0.0,30.79312942636304,34.03133287146707,2.2807131319490646,12.0,3.424571842974266
INT-023,83,intermittent,0,11,9.122852527796258,0.5991446895152744,13.031332871467074,13.031332871467074,21.0,0.0,30.79312942636304,34.03133287146707,2.2807131319490646,12.0,3.424571842974266
INT-023,84,intermittent,4,11,9.122852527796258,1.1982893790305544,13.031332871467074,9.031332871467074,21.0,5.0,34.21770126933734,30.03133287146707,2.2807131319490646,12.0,6.849143685948564
INT-023,85,intermittent,0,11,5.607751588525867,1.1982893790305544,9.031332871467074,9.031332871467074,26.0,0.0,23.672398451526167,35.03133287146707,1.4019378971314667,12.0,6.849143685948564
INT-023,86,intermittent,4,11,5.607751588525867,1.5191090506254987,9.031332871467074,5.0313328714670735,26.0,0.0,25.506129156717183,31.03133287146707,1.4019378971314667,12.0,8.682874391139581
INT-023,87,intermittent,0,11,5.607751588525867,1.4935759876113524,17.03133287146707,17.03133287146707,14.0,0.0,25.3601881007531,31.03133287146707,1.4019378971314667,12.0,8.536933335175496
INT-023,88,intermittent,0,11,5.607751588525867,1.4935759876113524,17.03133287146707,17.03133287146707,14.0,0.0,25.3601881007531,31.03133287146707,1.4019378971314667,12.0,8.536933335175496
INT-023,89,intermittent,0,11,5.607751588525867,1.4935759876113524,17.03133287146707,17.03133287146707,14.0,0.0,25.3601881007531,31.03133287146707,1.4019378971314667,12.0,8.536933335175496
INT-023,90,intermittent,0,11,5.607751588525867,1.4935759876113524,17.03133287146707,17.03133287146707,14.0,0.0,25.3601881007531,31.03133287146707,1.4019378971314667,12.0,8.536933335175496
INT-023,91,intermittent,0,11,5.607751588525867,1.4935759876113524,17.03133287146707,17.03133287146707,14.0,0.0,25.3601881007531,31.03133287146707,1.4019378971314667,12.0,8.536933335175496
INT-023,92,intermittent,5,11,5.5256261559420965,1.8912755158683445,17.03133287146707,12.031332871467072,14.0,2.0,27.386969906989826,26.03133287146707,1.3814065389855241,12.0,10.810091439163536
INT-023,93,intermittent,0,11,5.5256261559420965,1.8912755158683445,21.03133287146707,21.03133287146707,7.0,0.0,27.386969906989826,28.03133287146707,1.3814065389855241,12.0,10.810091439163536
INT-023,94,intermittent,4,11,5.5256261559420965,2.0223114472661194,21.03133287146707,17.03133287146707,7.0,5.0,28.13594084662341,24.03133287146707,1.3814065389855241,12.0,11.559062378797119
INT-023,95,intermittent,0,11,5.5256261559420965,2.056883378018605,17.03133287146707,17.03133287146707,12.0,0.0,28.333545970534303,29.03133287146707,1.3814065389855241,12.0,11.75666750270801
INT-023,96,intermittent,3,11,5.5256261559420965,2.0662116951635827,22.03133287146707,19.03133287146707,7.0,3.0,28.38686446404022,26.03133287146707,1.3814065389855241,12.0,11.809985996213928
INT-023,97,intermittent,1,11,5.5256261559420965,1.9315199276138022,19.03133287146707,18.03133287146707,10.0,0.0,27.616997614340544,28.03133287146707,1.3814065389855241,12.0,11.040119146514254
INT-023,98,intermittent,0,11,5.5256261559420965,1.9315199276138022,18.03133287146707,18.03133287146707,10.0,0.0,27.616997614340544,28.03133287146707,1.3814065389855241,12.0,11.040119146514254
INT-023,99,intermittent,0,11,5.5256261559420965,1.7795130420052176,18.03133287146707,18.03133287146707,10.0,0.0,26.748161572725095,28.03133287146707,1.3814065389855241,12.0,10.171283104898805
INT-024,75,intermittent,0,10,12.099015204242646,8.687597997971531,49.53559617549321,49.53559617549321,0.0,32.0,80.8145715780459,49.53559617549321,3.0247538010606614,11.0,47.54227976637863
INT-024,76,intermittent,0,10,11.595200763237512,8.053506960261123,49.53559617549321,49.53559617549321,32.0,0.0,75.95906247451113,81.53559617549321,2.898800190809378,11.0,44.07226037560797
INT-024,77,intermittent,4,10,11.379806890904915,6.6284159069793915,49.53559617549321,45.53559617549321,32.0,0.0,67.56801700448048,77.53559617549321,2.8449517227262286,11.0,36.27354805449197
INT-024,78,intermittent,0,10,11.424477769019235,6.6284159069793915,45.53559617549321,45.53559617549321,32.0,0.0,67.69086191929486,77.53559617549321,2.856119442254809,11.0,36.27354805449197
INT-024,79,intermittent,0,10,11.424477769019235,6.6284159069793915,45.53559617549321,45.53559617549321,32.0,0.0,67.69086191929486,77.53559617549321,2.856119442254809,11.0,36.27354805449197
INT-024,80,intermittent,0,10,11.424477769019235,6.036215489518033,45.53559617549321,45.53559617549321,32.0,0.0,64.45008605336645,77.53559617549321,2.856119442254809,11.0,33.032772188563555
INT-024,81,intermittent,0,10,11.424477769019235,5.837544267662821,45.53559617549321,45.53559617549321,32.0,0.0,63.36287151913339,77.53559617549321,2.856119442254809,11.0,31.945557654330493
INT-024,82,intermittent,0,10,11.424477769019235,1.1094003924504527,45.53559617549321,45.53559617549321,32.0,0.0,37.48843085745435,77.53559617549321,2.856119442254809,11.0,6.071116992651448
INT-024,83,intermittent,0,10,11.424477769019235,1.1094003924504527,45.53559617549321,45.53559617549321,32.0,0.0,37.48843085745435,77.53559617549321,2.856119442254809,11.0,6.071116992651448
INT-024,84,intermittent,0,10,11.424477769019235,1.1094003924504527,45.53559617549321,45.53559617549321,32.0,0.0,37.48843085745435,77.53559617549321,2.856119442254809,11.0,6.071116992651448
INT-024,85,intermittent,0,10,11.424477769019235,1.1094003924504527,45.53559617549321,45.53559617549321,32.0,0.0,37.48843085745435,77.53559617549321,2.856119442254809,11.0,6.071116992651448
INT-024,86,intermittent,26,10,10.741208590902586,7.20398749981119,77.53559617549321,51.53559617549321,0.0,18.0,68.96164745160105,51.53559617549321,2.6853021477256465,11.0,39.42332382661894
INT-024,87,intermittent,0,10,7.014991214503122,7.20398749981119,51.53559617549321,51.53559617549321,18.0,0.0,58.71454966650253,69.53559617549321,1.7537478036257805,11.0,39.42332382661894
INT-024,88,intermittent,0,10,7.014991214503122,7.20398749981119,51.53559617549321,51.53559617549321,18.0,0.0,58.71454966650253,69.53559617549321,1.7537478036257805,11.0,39.42332382661894
INT-024,89,intermittent,0,10,7.014991214503122,7.20398749981119,51.53559617549321,51.53559617549321,18.0,0.0,58.71454966650253,69.53559617549321,1.7537478036257805,11.0,39.42332382661894
INT-024,90,intermittent,0,10,11.928292210024368,7.211102550927978,51.53559617549321,51.53559617549321,18.0,3.0,72.26506402980162,69.53559617549321,2.982073052506092,11.0,39.46226045223461
INT-024,91,intermittent,0,10,11.928292210024368,7.211102550927978,51.53559617549321,51.53559617549321,21.0,0.0,72.26506402980162,72.53559617549321,2.982073052506092,11.0,39.46226045223461
INT-024,92,intermittent,0,10,11.8461667774406,7.211102550927978,51.53559617549321,51.53559617549321,21.0,0.0,72.03921909019626,72.53559617549321,2.96154169436015,11.0,39.46226045223461
INT-024,93,intermittent,0,10,12.513092176010275,7.211102550927978,51.53559617549321,51.53559617549321,21.0,2.0,73.87326393626287,72.53559617549321,3.128273044002569,11.0,39.46226045223461
INT-024,94,intermittent,6,10,12.009277735005142,7.264243303278791,51.53559617549321,45.53559617549321,23.0,5.0,72.77858331892975,68.53559617549321,3.0023194337512855,11.0,39.753069547665596
INT-024,95,intermittent,0,10,12.009277735005142,7.264243303278791,45.53559617549321,45.53559617549321,28.0,0.0,72.77858331892975,73.53559617549321,3.0023194337512855,11.0,39.753069547665596
INT-024,96,intermittent,0,10,12.009277735005142,7.264243303278791,45.53559617549321,45.53559617549321,28.0,0.0,72.77858331892975,73.53559617549321,3.0023194337512855,11.0,39.753069547665596
INT-024,97,intermittent,0,10,12.614688025418157,7.264243303278791,63.53559617549321,63.53559617549321,10.0,1.0,74.44346161756553,73.53559617549321,3.1536720063545394,11.0,39.753069547665596
INT-024,98,intermittent,0,10,12.614688025418157,7.264243303278791,63.53559617549321,63.53559617549321,11.0,0.0,74.44346161756553,74.53559617549321,3.1536720063545394,11.0,39.753069547665596
INT-024,99,intermittent,13,10,13.31019238357782,3.84307569132209,63.53559617549321,50.53559617549321,11.0,0.0,57.63399523477325,61.53559617549321,3.327548095894455,11.0,21.03096617993425
INT-025,75,intermittent,3,11,9.576244602647543,5.423122385697782,31.38004633030849,28.38004633030849,0.0,32.0,59.726041383328536,28.38004633030849,2.394061150661886,12.0,30.997307575385907
INT-025,76,intermittent,0,11,9.576244602647543,5.423122385697782,28.38004633030849,28.38004633030849,32.0,0.0,59.726041383328536,60.38004633030849,2.394061150661886,12.0,30.997307575385907
INT-025,77,intermittent,4,11,9.576244602647543,5.346937776872252,28.38004633030849,24.38004633030849,32.0,3.0,59.29058785963463,56.38004633030849,2.394061150661886,12.0,30.561854051692
INT-025,78,intermittent,6,11,10.04569151522725,4.915960401250875,24.38004633030849,18.38004633030849,35.0,5.0,58.23556204946031,53.38004633030849,2.5114228788068127,12.0,28.09848750377856
INT-025,79,intermittent,0,11,9.620915480761864,4.915960401250875,18.38004633030849,18.38004633030849,40.0,0.0,56.961233946064155,58.38004633030849,2.405228870190466,12.0,28.09848750377856
INT-025,80,intermittent,4,11,10.04569151522725,4.313068988848208,18.38004633030849,14.380046330308492,40.0,1.0,54.78957480895666,54.38004633030849,2.5114228788068127,12.0,24.652500263274902
INT-025,81,intermittent,0,11,9.620915480761864,4.313068988848208,14.380046330308492,14.380046330308492,41.0,0.0,53.51524670556049,55.38004633030849,2.405228870190466,12.0,24.652500263274902
INT-025,82,intermittent,0,11,9.620915480761864,2.136376035276227,14.380046330308492,14.380046330308492,41.0,0.0,41.07377550494984,55.38004633030849,2.405228870190466,12.0,12.21102906266425
INT-025,83,intermittent,0,11,9.620915480761864,2.136376035276227,14.380046330308492,14.380046330308492,41.0,0.0,41.07377550494984,55.38004633030849,2.405228870190466,12.0,12.21102906266425
INT-025,84,intermittent,0,11,9.620915480761864,2.136376035276227,14.380046330308492,14.380046330308492,41.0,0.0,41.07377550494984,55.38004633030849,2.405228870190466,12.0,12.21102906266425
INT-025,85,intermittent,0,11,9.620915480761864,2.136376035276227,14.380046330308492,14.380046330308492,41.0,0.0,41.07377550494984,55.38004633030849,2.405228870190466,12.0,12.21102906266425
INT-025,86,intermittent,9,11,9.620915480761864,2.9720924166878357,14.380046330308492,5.380046330308492,41.0,0.0,45.85053617491414,46.38004633030849,2.405228870190466,12.0,16.987789732628553
INT-025,87,intermittent,9,11,9.810547652189333,3.4733416998767295,37.38004633030849,28.380046330308488,9.0,12.0,49.28445713414068,37.38004633030849,2.4526369130473333,12.0,19.852814177572682
INT-025,88,intermittent,0,11,9.810547652189333,3.550009028518675,28.380046330308488,28.380046330308488,21.0,1.0,49.7226697721525,49.38004633030849,2.4526369130473333,12.0,20.2910268155845
INT-025,89,intermittent,20,11,13.258350133548252,5.930148958219065,31.380046330308488,11.380046330308488,19.0,44.0,73.67040406453208,30.380046330308488,3.314587533387063,12.0,33.89535366388732
INT-025,90,intermittent,0,11,9.483993584476176,6.033028749926184,16.380046330308488,16.380046330308488,58.0,0.0,62.935371404135,74.38004633030849,2.370998396119044,12.0,34.48339065070647
INT-025,91,intermittent,0,11,9.483993584476176,6.071159226949526,16.380046330308488,16.380046330308488,58.0,0.0,63.15331635175517,74.38004633030849,2.370998396119044,12.0,34.701335598326644
INT-025,92,intermittent,10,11,9.450007324565012,6.258327785172862,17.380046330308488,7.380046330308488,57.0,0.0,64.12116956501505,64.38004633030849,2.362501831141253,12.0,35.771147591320016
INT-025,93,intermittent,0,11,10.042604489183228,6.355897725533026,7.380046330308488,7.380046330308488,57.0,3.0,66.45664816905409,64.38004633030849,2.510651122295807,12.0,36.328834701504405
INT-025,94,intermittent,0,11,10.042604489183228,6.355897725533026,7.380046330308488,7.380046330308488,60.0,0.0,66.45664816905409,67.38004633030849,2.510651122295807,12.0,36.328834701504405
INT-025,95,intermittent,0,11,10.042604489183228,6.355897725533026,7.380046330308488,7.380046330308488,60.0,0.0,66.45664816905409,67.38004633030849,2.510651122295807,12.0,36.328834701504405
INT-025,96,intermittent,0,11,10.042604489183228,6.355897725533026,7.380046330308488,7.380046330308488,60.0,0.0,66.45664816905409,67.38004633030849,2.510651122295807,12.0,36.328834701504405
INT-025,97,intermittent,4,11,9.754183920510693,6.258327785172862,7.380046330308488,3.3800463303084882,60.0,2.0,65.0336993528521,63.38004633030849,2.438545980127673,12.0,35.771147591320016
INT-025,98,intermittent,0,11,9.754183920510693,6.258327785172862,3.3800463303084882,3.3800463303084882,62.0,0.0,65.0336993528521,65.38004633030849,2.438545980127673,12.0,35.771147591320016
INT-025,99,intermittent,0,11,9.538790048178095,6.156089334751072,15.380046330308488,15.380046330308488,50.0,0.0,63.80314650681605,65.38004633030849,2.3846975120445237,12.0,35.18677636228176
INT-026,75,intermittent,0,11,6.636823544963994,0.0,0.0,0.0,0.0,20.0,19.91047063489198,0.0,1.6592058862409984,12.0,0.0
INT-026,76,intermittent,0,11,6.636823544963994,0.0,0.0,0.0,20.0,0.0,19.91047063489198,20.0,1.6592058862409984,12.0,0.0
INT-026,77,intermittent,1,11,10.286885340489155,0.2773500981126146,0.0,0.0,20.0,13.0,32.44592474413783,20.0,2.5717213351222887,12.0,1.5852687226703623
INT-026,78,intermittent,0,11,10.331556218603476,0.2773500981126146,0.0,0.0,33.0,0.0,32.57993737848079,33.0,2.582889054650869,12.0,1.5852687226703623
INT-026,79,intermittent,15,11,12.350062573168819,4.146360776911205,0.0,0.0,33.0,28.0,60.749822575505654,33.0,3.0875156432922046,12.0,23.6996348559992
INT-026,80,intermittent,0,11,11.00094515848543,4.146360776911205,0.0,0.0,61.0,0.0,56.702470331455494,61.0,2.7502362896213577,12.0,23.6996348559992
INT-026,81,intermittent,12,11,7.696660949118422,5.080127194046652,0.0,0.0,61.0,0.0,52.12680959705895,61.0,1.9241652372796054,12.0,29.036826749703685
INT-026,82,intermittent,0,11,7.696660949118422,5.080127194046652,0.0,0.0,61.0,0.0,52.12680959705895,61.0,1.9241652372796054,12.0,29.036826749703685
INT-026,83,intermittent,0,11,7.696660949118422,5.080127194046652,0.0,0.0,61.0,0.0,52.12680959705895,61.0,1.9241652372796054,12.0,29.036826749703685
INT-026,84,intermittent,4,11,7.696660949118422,5.059897637557908,0.0,0.0,61.0,0.0,52.01118215220376,61.0,1.9241652372796054,12.0,28.921199304848493
INT-026,85,intermittent,0,11,7.665065632537928,5.059897637557908,0.0,0.0,61.0,0.0,51.91639620246228,61.0,1.916266408134482,12.0,28.921199304848493
INT-026,86,intermittent,6,11,7.665065632537928,5.090211823711899,0.0,0.0,61.0,0.0,52.08966504747136,61.0,1.916266408134482,12.0,29.094468149857576
INT-026,87,intermittent,0,11,7.161251191532797,5.090211823711899,20.0,20.0,41.0,0.0,50.578221724455965,61.0,1.7903127978831992,12.0,29.094468149857576
INT-026,88,intermittent,16,11,9.093917536474395,6.148796004722576,20.0,4.0,41.0,18.0,62.42684199175806,45.0,2.2734793841185987,12.0,35.145089382334874
INT-026,89,intermittent,5,11,7.7448001217910285,6.022394106103549,17.0,12.0,46.0,0.0,57.65700586278959,58.0,1.9362000304477571,12.0,34.422605497416505
INT-026,90,intermittent,0,11,7.7448001217910285,6.077491047784228,12.0,12.0,46.0,0.0,57.97192718048715,58.0,1.9362000304477571,12.0,34.737526815114066
INT-026,91,intermittent,3,11,7.7448001217910285,5.949574429943364,40.0,37.0,18.0,3.0,57.24078551241908,55.0,1.9362000304477571,12.0,34.006385147046
INT-026,92,intermittent,0,11,7.582940199954158,5.189980485117206,37.0,37.0,21.0,0.0,52.413543238558574,58.0,1.8957350499885395,12.0,29.664722638696098
INT-026,93,intermittent,6,11,7.798334072286757,5.115336417740935,37.0,31.0,21.0,1.0,52.63307670886469,52.0,1.9495835180716892,12.0,29.238074492004426
INT-026,94,intermittent,0,11,7.582940199954158,4.609076886274489,31.0,31.0,22.0,0.0,49.09323323182443,53.0,1.8957350499885395,12.0,26.34441263196196
INT-026,95,intermittent,8,11,8.007716234419544,4.697244145677608,31.0,23.0,22.0,6.0,50.8715049056266,45.0,2.001929058604886,12.0,26.84835620236797
INT-026,96,intermittent,0,11,7.503901793414416,4.697244145677608,23.0,23.0,28.0,0.0,49.36006158261122,51.0,1.875975448353604,12.0,26.84835620236797
INT-026,97,intermittent,0,11,7.079125758949027,4.8051788301522755,23.0,23.0,28.0,0.0,48.70266305866488,51.0,1.7697814397372567,12.0,27.465285781817798
INT-026,98,intermittent,0,11,7.079125758949027,4.8051788301522755,23.0,23.0,28.0,0.0,48.70266305866488,51.0,1.7697814397372567,12.0,27.465285781817798
INT-026,99,intermittent,0,11,7.079125758949027,4.821160622048362,23.0,23.0,28.0,0.0,48.79401126801292,51.0,1.7697814397372567,12.0,27.556633991165846
INT-027,75,intermittent,0,6,7.116580313418476,3.8196522864972384,21.724630544383423,21.724630544383423,0.0,8.0,29.128668122420365,21.724630544383423,1.779145078354619,7.0,16.674652573938033
INT-027,76,intermittent,0,6,7.116580313418476,3.316624790355399,21.724630544383423,21.724630544383423,8.0,0.0,26.93270678767933,29.724630544383423,1.779145078354619,7.0,14.478691239196996
INT-027,77,intermittent,0,6,7.116580313418476,3.316624790355399,21.724630544383423,21.724630544383423,8.0,0.0,26.93270678767933,29.724630544383423,1.779145078354619,7.0,14.478691239196996
INT-027,78,intermittent,0,6,7.161251191532797,0.27735009811260275,21.724630544383423,21.724630544383423,8.0,0.0,13.742958571596159,29.724630544383423,1.7903127978831992,7.0,1.210768986413764
INT-027,79,intermittent,11,6,7.350883362960268,3.0403272428457,21.724630544383423,10.724630544383423,8.0,8.0,26.136563036740732,18.724630544383423,1.837720840740067,7.0,13.272517151560265
INT-027,80,intermittent,5,6,7.350883362960268,3.2245055275864996,10.724630544383423,5.724630544383423,16.0,6.0,26.940591434973022,21.724630544383423,1.837720840740067,7.0,14.076545549792552
INT-027,81,intermittent,0,6,7.350883362960268,3.2245055275864996,5.724630544383423,5.724630544383423,22.0,0.0,26.940591434973022,27.724630544383423,1.837720840740067,7.0,14.076545549792552
INT-027,82,intermittent,0,6,7.350883362960268,3.2245055275864996,13.724630544383423,13.724630544383423,14.0,0.0,26.940591434973022,27.724630544383423,1.837720840740067,7.0,14.076545549792552
INT-027,83,intermittent,0,6,7.161251191532797,3.2245055275864996,13.724630544383423,13.724630544383423,14.0,0.0,26.608735134974946,27.724630544383423,1.7903127978831992,7.0,14.076545549792552
INT-027,84,intermittent,5,6,7.161251191532797,3.3512339862756853,13.724630544383423,8.724630544383423,14.0,5.0,27.161966911423022,22.724630544383423,1.7903127978831992,7.0,14.629777326240628
INT-027,85,intermittent,5,6,7.665065632537928,3.4268921406413906,8.724630544383423,3.724630544383423,19.0,6.0,28.37392707400656,22.724630544383423,1.916266408134482,7.0,14.960062217065186
INT-027,86,intermittent,1,6,8.089841667003313,3.4268921406413906,11.724630544383423,10.724630544383423,17.0,2.0,29.117285134320984,27.724630544383423,2.022460416750828,7.0,14.960062217065186
INT-027,87,intermittent,0,6,7.586027225998186,3.4268921406413906,16.724630544383423,16.724630544383423,13.0,0.0,28.23560986256201,29.724630544383423,1.8965068064995465,7.0,14.960062217065186
INT-027,88,intermittent,2,6,7.161251191532797,3.3703077543414857,16.724630544383423,14.724630544383423,13.0,0.0,27.245233248753628,27.724630544383423,1.7903127978831992,7.0,14.713043663571232
INT-027,89,intermittent,0,6,7.161251191532797,3.3703077543414857,14.724630544383423,14.724630544383423,13.0,0.0,27.245233248753628,27.724630544383423,1.7903127978831992,7.0,14.713043663571232
INT-027,90,intermittent,0,6,7.161251191532797,3.3703077543414857,14.724630544383423,14.724630544383423,13.0,0.0,27.245233248753628,27.724630544383423,1.7903127978831992,7.0,14.713043663571232
INT-027,91,intermittent,1,6,7.161251191532797,3.3262745773767017,19.724630544383423,18.724630544383423,8.0,1.0,27.053006869873517,26.724630544383423,1.7903127978831992,7.0,14.520817284691123
INT-027,92,intermittent,0,6,7.079125758949027,2.1061570302086756,24.724630544383423,24.724630544383423,3.0,0.0,21.582876822731933,27.724630544383423,1.7697814397372567,7.0,9.194406744571138
INT-027,93,intermittent,0,6,7.079125758949027,1.8466879569262378,26.724630544383423,26.724630544383423,1.0,0.0,20.45016726538269,27.724630544383423,1.7697814397372567,7.0,8.061697187221894
INT-027,94,intermittent,0,6,7.079125758949027,1.8466879569262378,26.724630544383423,26.724630544383423,1.0,0.0,20.45016726538269,27.724630544383423,1.7697814397372567,7.0,8.061697187221894
INT-027,95,intermittent,2,6,7.079125758949027,1.8327504901034268,26.724630544383423,24.724630544383423,1.0,0.0,20.389323398035728,25.724630544383423,1.7697814397372567,7.0,8.00085331987493
INT-027,96,intermittent,0,6,7.079125758949027,1.8327504901034268,24.724630544383423,24.724630544383423,1.0,0.0,20.389323398035728,25.724630544383423,1.7697814397372567,7.0,8.00085331987493
INT-027,97,intermittent,0,6,7.079125758949027,1.4632243987255111,24.724630544383423,24.724630544383423,1.0,0.0,18.77616106582183,25.724630544383423,1.7697814397372567,7.0,6.387690987661035
INT-027,98,intermittent,0,6,7.079125758949027,0.7762500258061801,25.724630544383423,25.724630544383423,0.0,0.0,15.777181541920324,25.724630544383423,1.7697814397372567,7.0,3.3887114637595284
INT-027,99,intermittent,0,6,7.079125758949027,0.7679476477882997,25.724630544383423,25.724630544383423,0.0,0.0,15.74093759650282,25.724630544383423,1.7697814397372567,7.0,3.352467518342023
INT-028,75,intermittent,0,10,6.689731587183301,1.3867504905630739,7.588896240814354,7.588896240814354,0.0,19.0,25.985658105568433,7.588896240814354,1.6724328967958253,11.0,7.588896240814354
INT-028,76,intermittent,0,10,6.209974818728819,1.3867504905630739,7.588896240814354,7.588896240814354,19.0,0.0,24.666326992318606,26.588896240814353,1.5524937046822047,11.0,7.588896240814354
INT-028,77,intermittent,0,10,6.209974818728819,1.3867504905630739,7.588896240814354,7.588896240814354,19.0,0.0,24.666326992318606,26.588896240814353,1.5524937046822047,11.0,7.588896240814354
INT-028,78,intermittent,1,10,6.25464569684314,1.3913653136029511,7.588896240814354,6.588896240814354,19.0,0.0,24.814426207353304,25.588896240814353,1.563661424210785,11.0,7.614150541034668
INT-028,79,intermittent,0,10,6.25464569684314,1.3913653136029511,6.588896240814354,6.588896240814354,19.0,0.0,24.814426207353304,25.588896240814353,1.563661424210785,11.0,7.614150541034668
INT-028,80,intermittent,3,10,6.25464569684314,0.8548504142651118,6.588896240814354,3.5888962408143543,19.0,0.0,21.878385491714102,22.588896240814353,1.563661424210785,11.0,4.678109825395468
INT-028,81,intermittent,0,10,6.25464569684314,0.8548504142651118,3.5888962408143543,3.5888962408143543,19.0,0.0,21.878385491714102,22.588896240814353,1.563661424210785,11.0,4.678109825395468
INT-028,82,intermittent,0,10,6.25464569684314,0.8548504142651118,3.5888962408143543,3.5888962408143543,19.0,0.0,21.878385491714102,22.588896240814353,1.563661424210785,11.0,4.678109825395468
INT-028,83,intermittent,0,10,6.25464569684314,0.8548504142651118,3.5888962408143543,3.5888962408143543,19.0,0.0,21.878385491714102,22.588896240814353,1.563661424210785,11.0,4.678109825395468
INT-028,84,intermittent,0,10,6.25464569684314,0.8548504142651118,3.5888962408143543,3.5888962408143543,19.0,0.0,21.878385491714102,22.588896240814353,1.563661424210785,11.0,4.678109825395468
INT-028,85,intermittent,0,10,6.25464569684314,0.8548504142651118,3.5888962408143543,3.5888962408143543,19.0,0.0,21.878385491714102,22.588896240814353,1.563661424210785,11.0,4.678109825395468
INT-028,86,intermittent,0,10,6.25464569684314,0.8548504142651118,22.588896240814353,22.588896240814353,0.0,0.0,21.878385491714102,22.588896240814353,1.563661424210785,11.0,4.678109825395468
INT-028,87,intermittent,0,10,6.25464569684314,0.8548504142651118,22.588896240814353,22.588896240814353,0.0,0.0,21.878385491714102,22.588896240814353,1.563661424210785,11.0,4.678109825395468
INT-028,88,intermittent,0,10,6.25464569684314,0.8548504142651118,22.588896240814353,22.588896240814353,0.0,0.0,21.878385491714102,22.588896240814353,1.563661424210785,11.0,4.678109825395468
INT-028,89,intermittent,0,10,6.25464569684314,0.8548504142651118,22.588896240814353,22.588896240814353,0.0,0.0,21.878385491714102,22.588896240814353,1.563661424210785,11.0,4.678109825395468
INT-028,90,intermittent,0,10,6.25464569684314,0.8548504142651118,22.588896240814353,22.588896240814353,0.0,0.0,21.878385491714102,22.588896240814353,1.563661424210785,11.0,4.678109825395468
INT-028,91,intermittent,0,10,6.25464569684314,0.832050294337845,22.588896240814353,22.588896240814353,0.0,0.0,21.75361341080725,22.588896240814353,1.563661424210785,11.0,4.5533377444886165
INT-028,92,intermittent,0,10,6.1725202642593695,0.832050294337845,22.588896240814353,22.588896240814353,0.0,0.0,21.52776847120188,22.588896240814353,1.5431300660648424,11.0,4.5533377444886165
INT-028,93,intermittent,0,10,6.1725202642593695,0.0,22.588896240814353,22.588896240814353,0.0,0.0,16.974430726713265,22.588896240814353,1.5431300660648424,11.0,0.0
INT-028,94,intermittent,0,10,6.1725202642593695,0.0,22.588896240814353,22.588896240814353,0.0,0.0,16.974430726713265,22.588896240814353,1.5431300660648424,11.0,0.0
INT-028,95,intermittent,5,10,6.1725202642593695,1.3867504905630728,22.588896240814353,17.588896240814353,0.0,7.0,24.563326967527615,17.588896240814353,1.5431300660648424,11.0,7.588896240814348
INT-028,96,intermittent,0,10,6.1725202642593695,1.3867504905630728,17.588896240814353,17.588896240814353,7.0,0.0,24.563326967527615,24.588896240814353,1.5431300660648424,11.0,7.588896240814348
INT-028,97,intermittent,0,10,6.1725202642593695,1.3867504905630728,17.588896240814353,17.588896240814353,7.0,0.0,24.563326967527615,24.588896240814353,1.5431300660648424,11.0,7.588896240814348
INT-028,98,intermittent,0,10,6.1725202642593695,1.3867504905630728,17.588896240814353,17.588896240814353,7.0,0.0,24.563326967527615,24.588896240814353,1.5431300660648424,11.0,7.588896240814348
INT-028,99,intermittent,0,10,6.1725202642593695,1.3867504905630728,17.588896240814353,17.588896240814353,7.0,0.0,24.563326967527615,24.588896240814353,1.5431300660648424,11.0,7.588896240814348
INT-029,75,intermittent,0,9,5.989929436646721,5.750139351711623,32.502836404375046,32.502836404375046,0.0,13.0,44.97765999599184,32.502836404375046,1.4974823591616802,10.0,30.002836404375046
INT-029,76,intermittent,0,9,9.50503037591711,5.750139351711623,32.502836404375046,32.502836404375046,13.0,9.0,53.76541234416782,45.502836404375046,2.3762575939792776,10.0,30.002836404375046
INT-029,77,intermittent,0,9,9.50503037591711,5.775722842984622,32.502836404375046,32.502836404375046,22.0,0.0,53.898900813988654,54.502836404375046,2.3762575939792776,10.0,30.13632487419588
INT-029,78,intermittent,0,9,9.549701254031431,5.530799543442484,32.502836404375046,32.502836404375046,22.0,0.0,52.73262746958969,54.502836404375046,2.387425313507858,10.0,28.858374334511105
INT-029,79,intermittent,0,9,9.549701254031431,0.27735009811260947,32.502836404375046,32.502836404375046,22.0,0.0,25.32139886693515,54.502836404375046,2.387425313507858,10.0,1.4471457318565717
INT-029,80,intermittent,14,9,6.730104672920702,3.8696716881873803,32.502836404375046,18.502836404375046,22.0,0.0,37.01627262967442,40.502836404375046,1.6825261682301755,10.0,20.191010947372668
INT-029,81,intermittent,0,9,9.7393334254589,3.8696716881873803,18.502836404375046,18.502836404375046,22.0,5.0,44.53934451101992,40.502836404375046,2.434833356364725,10.0,20.191010947372668
INT-029,82,intermittent,0,9,9.7393334254589,3.8696716881873803,18.502836404375046,18.502836404375046,27.0,0.0,44.53934451101992,45.502836404375046,2.434833356364725,10.0,20.191010947372668
INT-029,83,intermittent,0,9,9.7393334254589,3.8696716881873803,18.502836404375046,18.502836404375046,27.0,0.0,44.53934451101992,45.502836404375046,2.434833356364725,10.0,20.191010947372668
INT-029,84,intermittent,0,9,9.549701254031431,3.8696716881873803,18.502836404375046,18.502836404375046,27.0,0.0,44.06526408245125,45.502836404375046,2.387425313507858,10.0,20.191010947372668
INT-029,85,intermittent,0,9,6.034600314761041,3.8829013735766034,31.502836404375046,31.502836404375046,14.0,0.0,35.346541032894976,45.502836404375046,1.5086500786902604,10.0,20.260040245992375
INT-029,86,intermittent,0,9,6.034600314761041,3.8829013735766034,40.502836404375046,40.502836404375046,5.0,0.0,35.346541032894976,45.502836404375046,1.5086500786902604,10.0,20.260040245992375
INT-029,87,intermittent,0,9,6.034600314761041,3.8829013735766034,40.502836404375046,40.502836404375046,5.0,0.0,35.346541032894976,45.502836404375046,1.5086500786902604,10.0,20.260040245992375
INT-029,88,intermittent,0,9,6.034600314761041,3.8829013735766034,40.502836404375046,40.502836404375046,5.0,0.0,35.346541032894976,45.502836404375046,1.5086500786902604,10.0,20.260040245992375
INT-029,89,intermittent,14,9,6.730104672920702,5.2574733133916745,40.502836404375046,26.502836404375046,5.0,13.0,44.25748585528713,31.502836404375046,1.6825261682301755,10.0,27.43222417298537
INT-029,90,intermittent,0,9,6.224232486188512,5.2574733133916745,26.502836404375046,26.502836404375046,18.0,0.0,42.99280538845665,44.502836404375046,1.556058121547128,10.0,27.43222417298537
INT-029,91,intermittent,0,9,6.224232486188512,5.2574733133916745,31.502836404375046,31.502836404375046,13.0,0.0,42.99280538845665,44.502836404375046,1.556058121547128,10.0,27.43222417298537
INT-029,92,intermittent,0,9,6.142107053604742,5.2574733133916745,31.502836404375046,31.502836404375046,13.0,0.0,42.787491806997224,44.502836404375046,1.5355267634011855,10.0,27.43222417298537
INT-029,93,intermittent,0,9,5.952474882177271,3.882901373576603,31.502836404375046,31.502836404375046,13.0,0.0,35.14122745143555,44.502836404375046,1.4881187205443178,10.0,20.26004024599237
INT-029,94,intermittent,0,9,5.952474882177271,3.882901373576603,31.502836404375046,31.502836404375046,13.0,0.0,35.14122745143555,44.502836404375046,1.4881187205443178,10.0,20.26004024599237
INT-029,95,intermittent,0,9,8.571322770939412,3.882901373576603,31.502836404375046,31.502836404375046,13.0,0.0,41.6883471733409,44.502836404375046,2.142830692734853,10.0,20.26004024599237
INT-029,96,intermittent,0,9,8.571322770939412,3.882901373576603,31.502836404375046,31.502836404375046,13.0,0.0,41.6883471733409,44.502836404375046,2.142830692734853,10.0,20.26004024599237
INT-029,97,intermittent,0,9,9.210270816742915,3.882901373576603,31.502836404375046,31.502836404375046,13.0,0.0,43.28571728784966,44.502836404375046,2.3025677041857286,10.0,20.26004024599237
INT-029,98,intermittent,0,9,9.210270816742915,3.882901373576603,31.502836404375046,31.502836404375046,13.0,0.0,43.28571728784966,44.502836404375046,2.3025677041857286,10.0,20.26004024599237
INT-029,99,intermittent,0,9,5.952474882177271,3.882901373576603,44.502836404375046,44.502836404375046,0.0,0.0,35.14122745143555,44.502836404375046,1.4881187205443178,10.0,20.26004024599237
INT-030,75,intermittent,4,8,9.576244602647543,4.879312688042477,37.00862095609131,33.00862095609131,0.0,13.0,45.69914816176723,33.00862095609131,2.394061150661886,9.0,24.15259780581026
INT-030,76,intermittent,0,8,9.576244602647543,4.879312688042477,33.00862095609131,33.00862095609131,13.0,0.0,45.69914816176723,46.00862095609131,2.394061150661886,9.0,24.15259780581026
INT-030,77,intermittent,0,8,9.576244602647543,4.879312688042477,33.00862095609131,33.00862095609131,13.0,0.0,45.69914816176723,46.00862095609131,2.394061150661886,9.0,24.15259780581026
INT-030,78,intermittent,0,8,9.620915480761864,4.4245816838344245,33.00862095609131,33.00862095609131,13.0,0.0,43.548739166694595,46.00862095609131,2.405228870190466,9.0,21.9016793349804
INT-030,79,intermittent,1,8,9.620915480761864,2.1213203435596406,33.00862095609131,32.00862095609131,13.0,0.0,32.147595532334414,45.00862095609131,2.405228870190466,9.0,10.50053570062022
INT-030,80,intermittent,0,8,9.620915480761864,2.1213203435596406,32.00862095609131,32.00862095609131,13.0,0.0,32.147595532334414,45.00862095609131,2.405228870190466,9.0,10.50053570062022
INT-030,81,intermittent,0,8,9.620915480761864,2.1213203435596406,32.00862095609131,32.00862095609131,13.0,0.0,32.147595532334414,45.00862095609131,2.405228870190466,9.0,10.50053570062022
INT-030,82,intermittent,3,8,9.620915480761864,2.166173513896725,32.00862095609131,29.008620956091313,13.0,0.0,32.36961872550298,42.00862095609131,2.405228870190466,9.0,10.722558893788786
INT-030,83,intermittent,9,8,10.04569151522725,2.631174057921086,29.008620956091313,20.008620956091313,13.0,3.0,35.62711749597069,33.00862095609131,2.5114228788068127,9.0,13.024311586709374
INT-030,84,intermittent,0,8,10.04569151522725,2.631174057921086,33.00862095609131,33.00862095609131,3.0,0.0,35.62711749597069,36.00862095609131,2.5114228788068127,9.0,13.024311586709374
INT-030,85,intermittent,6,8,10.04569151522725,2.8823067684915666,33.00862095609131,27.008620956091313,3.0,7.0,36.870224413294565,30.008620956091313,2.5114228788068127,9.0,14.267418504033255
INT-030,86,intermittent,0,8,10.04569151522725,2.8823067684915666,27.008620956091313,27.008620956091313,10.0,0.0,36.870224413294565,37.00862095609131,2.5114228788068127,9.0,14.267418504033255
INT-030,87,intermittent,0,8,9.620915480761864,2.919870035744916,27.008620956091313,27.008620956091313,10.0,0.0,36.10041650865153,37.00862095609131,2.405228870190466,9.0,14.453356676937332
INT-030,88,intermittent,0,8,9.620915480761864,2.875627021925959,27.008620956091313,27.008620956091313,10.0,0.0,35.88141359024769,37.00862095609131,2.405228870190466,9.0,14.234353758533494
INT-030,89,intermittent,3,8,9.620915480761864,2.8689317229186933,27.008620956091313,24.008620956091313,10.0,2.0,35.84827186016173,34.00862095609131,2.405228870190466,9.0,14.201212028447532
INT-030,90,intermittent,5,8,9.620915480761864,2.9569561619323568,24.008620956091313,19.008620956091313,12.0,6.0,36.283992833279356,31.008620956091313,2.405228870190466,9.0,14.636933001565165
INT-030,91,intermittent,0,8,9.620915480761864,2.9569561619323568,19.008620956091313,19.008620956091313,18.0,0.0,36.283992833279356,37.00862095609131,2.405228870190466,9.0,14.636933001565165
INT-030,92,intermittent,0,8,12.436126461240315,2.9999999999999982,22.008620956091313,22.008620956091313,15.0,6.0,42.8312845377907,37.00862095609131,3.1090316153100788,9.0,14.84999999999999
INT-030,93,intermittent,0,8,9.832934503965939,2.9999999999999982,22.008620956091313,22.008620956091313,21.0,0.0,36.97410263392335,43.00862095609131,2.4582336259914848,9.0,14.84999999999999
INT-030,94,intermittent,0,8,9.832934503965939,2.9999999999999982,29.008620956091313,29.008620956091313,14.0,0.0,36.97410263392335,43.00862095609131,2.4582336259914848,9.0,14.84999999999999
INT-030,95,intermittent,10,8,12.436126461240315,3.733081493337297,29.008620956091313,19.008620956091313,14.0,14.0,46.460037929810326,33.00862095609131,3.1090316153100788,9.0,18.47875339201962
INT-030,96,intermittent,0,8,9.538790048178095,3.2364114346539696,19.008620956091313,19.008620956091313,28.0,0.0,37.48251420993786,47.00862095609131,2.3846975120445237,9.0,16.02023660153715
INT-030,97,intermittent,0,8,7.079125758949027,3.2364114346539696,19.008620956091313,19.008620956091313,28.0,0.0,31.94826955917246,47.00862095609131,1.7697814397372567,9.0,16.02023660153715
INT-030,98,intermittent,0,8,7.079125758949027,3.0149201630795432,21.008620956091313,21.008620956091313,26.0,0.0,30.851887764879045,47.00862095609131,1.7697814397372567,9.0,14.923854807243737
INT-030,99,intermittent,0,8,10.471882549769441,3.0149201630795432,27.008620956091313,27.008620956091313,20.0,0.0,38.48559054422498,47.00862095609131,2.6179706374423604,9.0,14.923854807243737
INT-031,75,intermittent,0,10,6.71378925973395,8.179868972682655,44.763767757486114,44.763767757486114,0.0,19.0,63.22668822175448,44.763767757486114,1.6784473149334875,11.0,44.763767757486114
INT-031,76,intermittent,0,10,6.71378925973395,8.179868972682655,44.763767757486114,44.763767757486114,19.0,0.0,63.22668822175448,63.763767757486114,1.6784473149334875,11.0,44.763767757486114
INT-031,77,intermittent,2,10,6.209974818728819,8.179868972682655,44.763767757486114,42.763767757486114,19.0,1.0,61.84119850899037,61.763767757486114,1.5524937046822047,11.0,44.763767757486114
INT-031,78,intermittent,0,10,6.25464569684314,8.179868972682655,42.763767757486114,42.763767757486114,20.0,0.0,61.96404342380475,62.763767757486114,1.563661424210785,11.0,44.763767757486114
INT-031,79,intermittent,0,10,6.25464569684314,8.016009621776302,42.763767757486114,42.763767757486114,20.0,0.0,61.06733444798128,62.763767757486114,1.563661424210785,11.0,43.86705878166264
INT-031,80,intermittent,15,10,7.793395282953983,8.694973496369274,42.763767757486114,27.763767757486114,20.0,22.0,69.01447869986693,47.763767757486114,1.9483488207384958,11.0,47.582641671743474
INT-031,81,intermittent,0,10,6.4442778682706106,8.694973496369274,27.763767757486114,27.763767757486114,42.0,0.0,65.30440580948766,69.76376775748611,1.6110694670676526,11.0,47.582641671743474
INT-031,82,intermittent,0,10,6.4442778682706106,4.1509961733021665,27.763767757486114,27.763767757486114,42.0,0.0,40.43780387926738,69.76376775748611,1.6110694670676526,11.0,22.7160397415232
INT-031,83,intermittent,0,10,6.4442778682706106,4.1509961733021665,27.763767757486114,27.763767757486114,42.0,0.0,40.43780387926738,69.76376775748611,1.6110694670676526,11.0,22.7160397415232
INT-031,84,intermittent,8,10,6.5152593447348695,4.517771177279391,27.763767757486114,19.763767757486114,42.0,0.0,42.64015380615547,61.763767757486114,1.6288148361837174,11.0,24.72319060813458
INT-031,85,intermittent,0,10,6.25464569684314,4.517771177279391,19.763767757486114,19.763767757486114,42.0,0.0,41.92346627445322,61.763767757486114,1.563661424210785,11.0,24.72319060813458
INT-031,86,intermittent,0,10,6.25464569684314,4.517771177279391,38.763767757486114,38.763767757486114,23.0,0.0,41.92346627445322,61.763767757486114,1.563661424210785,11.0,24.72319060813458
INT-031,87,intermittent,7,10,7.6629929407681425,4.683577418586933,38.763767757486114,31.763767757486114,23.0,0.0,46.70378439426877,54.763767757486114,1.9157482351920356,11.0,25.63055380715638
INT-031,88,intermittent,0,10,6.25464569684314,4.683577418586933,32.763767757486114,32.763767757486114,22.0,0.0,42.83082947347502,54.763767757486114,1.563661424210785,11.0,25.63055380715638
INT-031,89,intermittent,0,10,9.904707492368303,4.683577418586933,32.763767757486114,32.763767757486114,22.0,0.0,52.86849941116921,54.763767757486114,2.4761768730920757,11.0,25.63055380715638
INT-031,90,intermittent,0,10,9.904707492368303,4.732592935953387,32.763767757486114,32.763767757486114,22.0,0.0,53.13673344318518,54.763767757486114,2.4761768730920757,11.0,25.89878783917235
INT-031,91,intermittent,0,10,9.008454441860053,4.732592935953387,54.763767757486114,54.763767757486114,0.0,0.0,50.6720375542875,54.763767757486114,2.2521136104650132,11.0,25.89878783917235
INT-031,92,intermittent,13,10,10.10159013589043,5.513386971493648,54.763767757486114,41.763767757486114,0.0,17.0,57.951002122687896,41.763767757486114,2.5253975339726074,11.0,30.171629248989216
INT-031,93,intermittent,28,10,7.379265372025763,8.290402235764514,41.763767757486114,13.763767757486114,17.0,35.0,65.66163317537564,30.763767757486114,1.8448163430064408,11.0,45.368653402304794
INT-031,94,intermittent,0,10,2.191932873494939,8.290402235764514,13.763767757486114,13.763767757486114,52.0,0.0,51.396468804415875,65.76376775748611,0.5479832183737348,11.0,45.368653402304794
INT-031,95,intermittent,2,10,7.064446435316249,8.222077845810274,13.763767757486114,11.763767757486114,52.0,1.0,64.42198059633603,63.763767757486114,1.7661116088290623,11.0,44.99475289921635
INT-031,96,intermittent,0,10,2.191932873494939,8.222077845810274,11.763767757486114,11.763767757486114,53.0,0.0,51.02256830132743,64.76376775748611,0.5479832183737348,11.0,44.99475289921635
INT-031,97,intermittent,0,10,7.156091473718983,8.234542628931633,11.763767757486114,11.763767757486114,53.0,0.0,64.74221711630962,64.76376775748611,1.7890228684297458,11.0,45.06296556358242
INT-031,98,intermittent,0,10,7.156091473718983,8.234542628931633,11.763767757486114,11.763767757486114,53.0,0.0,64.74221711630962,64.76376775748611,1.7890228684297458,11.0,45.06296556358242
INT-031,99,intermittent,0,10,7.156091473718983,8.234542628931633,11.763767757486114,11.763767757486114,53.0,0.0,64.74221711630962,64.76376775748611,1.7890228684297458,11.0,45.06296556358242
INT-032,75,intermittent,0,12,7.189887982764875,6.5896188754037155,100.95269442270518,100.95269442270518,0.0,0.0,62.56983036669103,100.95269442270518,1.7974719956912188,13.0,39.202694422705186
INT-032,76,intermittent,0,12,7.189887982764875,6.5896188754037155,100.95269442270518,100.95269442270518,0.0,0.0,62.56983036669103,100.95269442270518,1.7974719956912188,13.0,39.202694422705186
INT-032,77,intermittent,0,12,6.844110396606721,6.5896188754037155,100.95269442270518,100.95269442270518,0.0,0.0,61.446053211677025,100.95269442270518,1.7110275991516803,13.0,39.202694422705186
INT-032,78,intermittent,0,12,6.965410778470973,6.5896188754037155,100.95269442270518,100.95269442270518,0.0,0.0,61.84027945273585,100.95269442270518,1.7413526946177433,13.0,39.202694422705186
INT-032,79,intermittent,7,12,7.469225219476105,6.64772951407529,100.95269442270518,93.95269442270518,0.0,0.0,63.82338585018006,93.95269442270518,1.8673063048690262,13.0,39.54840388688272
INT-032,80,intermittent,0,12,7.469225219476105,6.64772951407529,93.95269442270518,93.95269442270518,0.0,0.0,63.82338585018006,93.95269442270518,1.8673063048690262,13.0,39.54840388688272
INT-032,81,intermittent,0,12,7.469225219476105,6.64772951407529,93.95269442270518,93.95269442270518,0.0,0.0,63.82338585018006,93.95269442270518,1.8673063048690262,13.0,39.54840388688272
INT-032,82,intermittent,0,12,6.965410778470973,5.461989869391313,93.95269442270518,93.95269442270518,0.0,0.0,55.131834521286805,93.95269442270518,1.7413526946177433,13.0,32.49424949125614
INT-032,83,intermittent,0,12,6.965410778470973,5.461989869391313,93.95269442270518,93.95269442270518,0.0,0.0,55.131834521286805,93.95269442270518,1.7413526946177433,13.0,32.49424949125614
INT-032,84,intermittent,0,12,10.6099078823951,5.461989869391313,93.95269442270518,93.95269442270518,0.0,0.0,66.97645010904023,93.95269442270518,2.652476970598775,13.0,32.49424949125614
INT-032,85,intermittent,16,12,12.14865746850596,6.64772951407529,93.95269442270518,77.95269442270518,0.0,2.0,79.03154065952708,77.95269442270518,3.03716436712649,13.0,39.54840388688272
INT-032,86,intermittent,0,12,10.799540053822572,6.64772951407529,77.95269442270518,77.95269442270518,2.0,0.0,74.64690906180607,79.95269442270518,2.699885013455643,13.0,39.54840388688272
INT-032,87,intermittent,6,12,10.799540053822572,4.798504040390195,77.95269442270518,71.95269442270518,2.0,0.0,63.64557157411751,73.95269442270518,2.699885013455643,13.0,28.54706639919415
INT-032,88,intermittent,0,12,10.799540053822572,4.798504040390195,71.95269442270518,71.95269442270518,2.0,0.0,63.64557157411751,73.95269442270518,2.699885013455643,13.0,28.54706639919415
INT-032,89,intermittent,0,12,10.6099078823951,4.798504040390195,71.95269442270518,71.95269442270518,2.0,0.0,63.02926701697823,73.95269442270518,2.652476970598775,13.0,28.54706639919415
INT-032,90,intermittent,0,12,10.6099078823951,4.798504040390195,71.95269442270518,71.95269442270518,2.0,0.0,63.02926701697823,73.95269442270518,2.652476970598775,13.0,28.54706639919415
INT-032,91,intermittent,0,12,9.713654831886851,4.798504040390195,71.95269442270518,71.95269442270518,2.0,0.0,60.11644460282642,73.95269442270518,2.4284137079717127,13.0,28.54706639919415
INT-032,92,intermittent,0,12,6.883285345887203,4.6076858867298265,71.95269442270518,71.95269442270518,2.0,0.0,49.78253612176306,73.95269442270518,1.7208213364718008,13.0,27.411858747629644
INT-032,93,intermittent,0,12,6.883285345887203,4.6076858867298265,71.95269442270518,71.95269442270518,2.0,0.0,49.78253612176306,73.95269442270518,1.7208213364718008,13.0,27.411858747629644
INT-032,94,intermittent,0,12,6.883285345887203,4.6076858867298265,71.95269442270518,71.95269442270518,2.0,0.0,49.78253612176306,73.95269442270518,1.7208213364718008,13.0,27.411858747629644
INT-032,95,intermittent,0,12,6.883285345887203,4.6076858867298265,71.95269442270518,71.95269442270518,2.0,0.0,49.78253612176306,73.95269442270518,1.7208213364718008,13.0,27.411858747629644
INT-032,96,intermittent,22,12,12.260250015845497,7.2288595405091565,71.95269442270518,49.95269442270518,2.0,31.0,82.85145171661202,51.95269442270518,3.065062503961374,13.0,43.00563916511415
INT-032,97,intermittent,0,12,7.072917517314674,7.2288595405091565,49.95269442270518,49.95269442270518,33.0,0.0,65.99262109638684,82.95269442270518,1.7682293793286685,13.0,43.00563916511415
INT-032,98,intermittent,0,12,7.072917517314674,6.189320827658904,51.95269442270518,51.95269442270518,31.0,0.0,59.80823937856799,82.95269442270518,1.7682293793286685,13.0,36.821257447295295
INT-032,99,intermittent,0,12,7.072917517314674,6.189320827658904,51.95269442270518,51.95269442270518,31.0,0.0,59.80823937856799,82.95269442270518,1.7682293793286685,13.0,36.821257447295295
INT-033,75,intermittent,0,6,10.784296789158896,4.802510027485894,20.96530788267572,20.96530788267572,0.0,19.0,39.83782726370379,20.96530788267572,2.696074197289724,7.0,20.96530788267572
INT-033,76,intermittent,0,6,10.784296789158896,4.802510027485894,20.96530788267572,20.96530788267572,19.0,0.0,39.83782726370379,39.96530788267572,2.696074197289724,7.0,20.96530788267572
INT-033,77,intermittent,0,6,10.784296789158896,4.802510027485894,20.96530788267572,20.96530788267572,19.0,0.0,39.83782726370379,39.96530788267572,2.696074197289724,7.0,20.96530788267572
INT-033,78,intermittent,0,6,11.095229342450619,4.802510027485894,20.96530788267572,20.96530788267572,19.0,1.0,40.3819592319643,39.96530788267572,2.7738073356126547,7.0,20.96530788267572
INT-033,79,intermittent,0,6,7.458677937296606,1.3867504905630732,20.96530788267572,20.96530788267572,20.0,0.0,19.106531322338142,40.96530788267572,1.8646694843241516,7.0,6.05384493206908
INT-033,80,intermittent,0,6,7.458677937296606,1.3867504905630732,20.96530788267572,20.96530788267572,20.0,0.0,19.106531322338142,40.96530788267572,1.8646694843241516,7.0,6.05384493206908
INT-033,81,intermittent,0,6,7.458677937296606,1.3867504905630732,20.96530788267572,20.96530788267572,20.0,0.0,19.106531322338142,40.96530788267572,1.8646694843241516,7.0,6.05384493206908
INT-033,82,intermittent,0,6,7.458677937296606,1.3867504905630732,39.96530788267572,39.96530788267572,1.0,0.0,19.106531322338142,40.96530788267572,1.8646694843241516,7.0,6.05384493206908
INT-033,83,intermittent,0,6,7.458677937296606,0.0,39.96530788267572,39.96530788267572,1.0,0.0,13.052686390269061,40.96530788267572,1.8646694843241516,7.0,0.0
INT-033,84,intermittent,0,6,7.458677937296606,0.0,39.96530788267572,39.96530788267572,1.0,0.0,13.052686390269061,40.96530788267572,1.8646694843241516,7.0,0.0
INT-033,85,intermittent,0,6,7.458677937296606,0.0,40.96530788267572,40.96530788267572,0.0,0.0,13.052686390269061,40.96530788267572,1.8646694843241516,7.0,0.0
INT-033,86,intermittent,0,6,6.978921168842124,0.0,40.96530788267572,40.96530788267572,0.0,0.0,12.213112045473718,40.96530788267572,1.744730292210531,7.0,0.0
INT-033,87,intermittent,5,6,7.458677937296606,1.3867504905630728,40.96530788267572,35.96530788267572,0.0,0.0,19.10653132233814,35.96530788267572,1.8646694843241516,7.0,6.053844932069078
INT-033,88,intermittent,0,6,7.458677937296606,1.3867504905630728,35.96530788267572,35.96530788267572,0.0,0.0,19.10653132233814,35.96530788267572,1.8646694843241516,7.0,6.053844932069078
INT-033,89,intermittent,0,6,6.978921168842124,1.3867504905630728,35.96530788267572,35.96530788267572,0.0,0.0,18.266956977542797,35.96530788267572,1.744730292210531,7.0,6.053844932069078
INT-033,90,intermittent,5,6,7.458677937296606,1.8776690404970269,35.96530788267572,30.965307882675717,0.0,0.0,21.249631177575722,30.965307882675717,1.8646694843241516,7.0,8.196944787306661
INT-033,91,intermittent,0,6,7.458677937296606,1.8776690404970269,30.965307882675717,30.965307882675717,0.0,0.0,21.249631177575722,30.965307882675717,1.8646694843241516,7.0,8.196944787306661
INT-033,92,intermittent,10,6,7.801328539178225,3.152125859780576,30.965307882675717,20.965307882675717,0.0,7.0,27.41289780171774,20.965307882675717,1.9503321347945564,7.0,13.760572858155847
INT-033,93,intermittent,0,6,7.801328539178225,3.152125859780576,20.965307882675717,20.965307882675717,7.0,0.0,27.41289780171774,27.965307882675717,1.9503321347945564,7.0,13.760572858155847
INT-033,94,intermittent,2,6,7.801328539178225,3.1194180916910175,20.965307882675717,18.965307882675717,7.0,2.0,27.270112378214577,25.965307882675717,1.9503321347945564,7.0,13.617787434652685
INT-033,95,intermittent,10,6,7.9119622622984584,3.821330148333706,18.965307882675717,8.965307882675717,9.0,13.0,30.52791122146381,17.965307882675717,1.9779905655746146,7.0,16.681977262441507
INT-033,96,intermittent,0,6,8.305142980183351,3.821330148333706,8.965307882675717,8.965307882675717,22.0,1.0,31.215977477762372,30.965307882675717,2.076285745045838,7.0,16.681977262441507
INT-033,97,intermittent,5,6,8.305142980183351,3.804518231571374,8.965307882675717,3.9653078826757167,23.0,5.0,31.142585228916882,26.965307882675717,2.076285745045838,7.0,16.608585013596016
INT-033,98,intermittent,16,6,9.309218849654437,5.155281086121597,3.9653078826757167,0.0,28.0,11.0,38.796459279541224,28.0,2.3273047124136093,7.0,22.505326292645957
INT-033,99,intermittent,0,6,7.960101434971065,5.155281086121597,7.0,7.0,32.0,0.0,36.43550380384532,39.0,1.9900253587427663,7.0,22.505326292645957
INT-034,75,intermittent,0,10,6.209974818728819,2.0662116951635823,19.557200734997956,19.557200734997956,0.0,9.0,28.384631486502208,19.557200734997956,1.5524937046822047,11.0,11.307200734997954
INT-034,76,intermittent,0,10,6.209974818728819,2.0662116951635823,19.557200734997956,19.557200734997956,9.0,0.0,28.384631486502208,28.557200734997956,1.5524937046822047,11.0,11.307200734997954
INT-034,77,intermittent,0,10,6.209974818728819,2.0662116951635823,19.557200734997956,19.557200734997956,9.0,0.0,28.384631486502208,28.557200734997956,1.5524937046822047,11.0,11.307200734997954
INT-034,78,intermittent,0,10,6.25464569684314,2.0662116951635823,19.557200734997956,19.557200734997956,9.0,0.0,28.507476401316588,28.557200734997956,1.563661424210785,11.0,11.307200734997954
INT-034,79,intermittent,0,10,6.25464569684314,2.0662116951635823,19.557200734997956,19.557200734997956,9.0,0.0,28.507476401316588,28.557200734997956,1.563661424210785,11.0,11.307200734997954
INT-034,80,intermittent,0,10,6.25464569684314,1.9644272343292215,19.557200734997956,19.557200734997956,9.0,0.0,27.950467972290863,28.557200734997956,1.563661424210785,11.0,10.750192305972227
INT-034,81,intermittent,3,10,6.25464569684314,1.8639632438326057,19.557200734997956,16.557200734997956,9.0,2.0,27.400685725949337,25.557200734997956,1.563661424210785,11.0,10.200410059630702
INT-034,82,intermittent,10,10,6.679421731308529,2.9330128030003717,16.557200734997956,6.557200734997956,11.0,17.0,34.41911966631879,17.557200734997956,1.6698554328271322,11.0,16.050709905220337
INT-034,83,intermittent,0,10,6.679421731308529,2.862220762329085,6.557200734997956,6.557200734997956,28.0,0.0,34.031715115185904,34.557200734997956,1.6698554328271322,11.0,15.663305354087445
INT-034,84,intermittent,0,10,6.679421731308529,2.862220762329085,6.557200734997956,6.557200734997956,28.0,0.0,34.031715115185904,34.557200734997956,1.6698554328271322,11.0,15.663305354087445
INT-034,85,intermittent,0,10,6.25464569684314,2.8284271247461894,6.557200734997956,6.557200734997956,28.0,0.0,32.67864767373595,34.557200734997956,1.563661424210785,11.0,15.478372007417313
INT-034,86,intermittent,0,10,6.25464569684314,2.8284271247461894,15.557200734997956,15.557200734997956,19.0,0.0,32.67864767373595,34.557200734997956,1.563661424210785,11.0,15.478372007417313
INT-034,87,intermittent,1,10,9.904707492368303,2.812517806211439,15.557200734997956,14.557200734997956,19.0,10.0,42.62925496501762,33.557200734997956,2.4761768730920757,11.0,15.391309361004792
INT-034,88,intermittent,0,10,9.904707492368303,2.812517806211439,14.557200734997956,14.557200734997956,29.0,0.0,42.62925496501762,43.557200734997956,2.4761768730920757,11.0,15.391309361004792
INT-034,89,intermittent,0,10,9.904707492368303,2.812517806211439,14.557200734997956,14.557200734997956,29.0,0.0,42.62925496501762,43.557200734997956,2.4761768730920757,11.0,15.391309361004792
INT-034,90,intermittent,0,10,9.904707492368303,2.812517806211439,14.557200734997956,14.557200734997956,29.0,0.0,42.62925496501762,43.557200734997956,2.4761768730920757,11.0,15.391309361004792
INT-034,91,intermittent,17,10,7.793395282953983,5.204780839741821,14.557200734997956,0.0,29.0,21.0,49.91464054452341,29.0,1.9483488207384958,11.0,28.482803516399954
INT-034,92,intermittent,5,10,6.36215243568684,5.198619146046479,2.0,0.0,48.0,0.0,45.945003271538866,48.0,1.59053810892171,11.0,28.44908407340005
INT-034,93,intermittent,0,10,6.36215243568684,5.198619146046479,17.0,17.0,31.0,0.0,45.945003271538866,48.0,1.59053810892171,11.0,28.44908407340005
INT-034,94,intermittent,0,10,6.36215243568684,5.253814243248812,17.0,17.0,31.0,0.0,46.247054627222965,48.0,1.59053810892171,11.0,28.75113542908415
INT-034,95,intermittent,4,10,6.676334705264501,4.786465962508916,17.0,13.0,31.0,1.0,44.55352469406887,44.0,1.6690836763161252,11.0,26.19360425459149
INT-034,96,intermittent,0,10,6.676334705264501,4.786465962508916,13.0,13.0,32.0,0.0,44.55352469406887,45.0,1.6690836763161252,11.0,26.19360425459149
INT-034,97,intermittent,0,10,6.676334705264501,4.786465962508916,13.0,13.0,32.0,0.0,44.55352469406887,45.0,1.6690836763161252,11.0,26.19360425459149
INT-034,98,intermittent,0,10,6.676334705264501,4.786465962508916,23.0,23.0,22.0,0.0,44.55352469406887,45.0,1.6690836763161252,11.0,26.19360425459149
INT-034,99,intermittent,0,10,6.1725202642593695,4.786465962508916,23.0,23.0,22.0,0.0,43.16803498130476,45.0,1.5431300660648424,11.0,26.19360425459149
INT-035,75,intermittent,0,11,7.116580313418476,1.7867030229749108,13.21237936563718,13.21237936563718,0.0,19.0,31.56212030589261,13.21237936563718,1.779145078354619,12.0,10.21237936563718
INT-035,76,intermittent,0,11,7.116580313418476,0.854850414265106,13.21237936563718,13.21237936563718,19.0,0.0,26.235867296504367,32.212379365637176,1.779145078354619,12.0,4.886126356248938
INT-035,77,intermittent,0,11,7.116580313418476,0.854850414265106,13.21237936563718,13.21237936563718,19.0,0.0,26.235867296504367,32.212379365637176,1.779145078354619,12.0,4.886126356248938
INT-035,78,intermittent,0,11,7.161251191532797,0.854850414265106,13.21237936563718,13.21237936563718,19.0,0.0,26.369879930847326,32.212379365637176,1.7903127978831992,12.0,4.886126356248938
INT-035,79,intermittent,8,11,7.161251191532797,2.2130151145972525,13.21237936563718,5.2123793656371795,19.0,10.0,34.13283380871938,24.21237936563718,1.7903127978831992,12.0,12.649080234120998
INT-035,80,intermittent,0,11,7.161251191532797,2.2130151145972525,5.2123793656371795,5.2123793656371795,29.0,0.0,34.13283380871938,34.212379365637176,1.7903127978831992,12.0,12.649080234120998
INT-035,81,intermittent,0,11,7.161251191532797,2.2130151145972525,5.2123793656371795,5.2123793656371795,29.0,0.0,34.13283380871938,34.212379365637176,1.7903127978831992,12.0,12.649080234120998
INT-035,82,intermittent,0,11,7.161251191532797,2.2130151145972525,5.2123793656371795,5.2123793656371795,29.0,0.0,34.13283380871938,34.212379365637176,1.7903127978831992,12.0,12.649080234120998
INT-035,83,intermittent,0,11,7.161251191532797,2.2130151145972525,5.2123793656371795,5.2123793656371795,29.0,0.0,34.13283380871938,34.212379365637176,1.7903127978831992,12.0,12.649080234120998
INT-035,84,intermittent,0,11,7.161251191532797,2.2130151145972525,5.2123793656371795,5.2123793656371795,29.0,0.0,34.13283380871938,34.212379365637176,1.7903127978831992,12.0,12.649080234120998
INT-035,85,intermittent,20,11,12.883993447649242,5.775722842984622,5.2123793656371795,0.0,29.0,43.0,71.66467021074996,29.0,3.2209983619123106,12.0,33.01268986780224
INT-035,86,intermittent,0,11,7.696660949118422,5.775722842984622,0.0,0.0,72.0,0.0,56.1026727151575,72.0,1.9241652372796054,12.0,33.01268986780224
INT-035,87,intermittent,0,11,7.350883362960268,5.800088416655874,19.0,19.0,53.0,0.0,55.204607914811795,72.0,1.837720840740067,12.0,33.15195782593099
INT-035,88,intermittent,1,11,7.350883362960268,5.775722842984622,19.0,18.0,53.0,0.0,55.06533995668304,71.0,1.837720840740067,12.0,33.01268986780224
INT-035,89,intermittent,0,11,7.161251191532797,5.775722842984622,18.0,18.0,53.0,0.0,54.496443442400626,71.0,1.7903127978831992,12.0,33.01268986780224
INT-035,90,intermittent,19,11,13.64431452130056,7.352829561747135,18.0,0.0,53.0,30.0,82.96000901902512,53.0,3.41107863032514,12.0,42.02706545512344
INT-035,91,intermittent,0,11,10.450469694135334,7.352829561747135,10.0,10.0,73.0,0.0,73.37847453752944,83.0,2.6126174235338335,12.0,42.02706545512344
INT-035,92,intermittent,0,11,10.368344261551565,7.296820522911999,10.0,10.0,73.0,0.0,72.81196358665781,83.0,2.592086065387891,12.0,41.706930802003114
INT-035,93,intermittent,0,11,10.022566675393412,7.296820522911999,10.0,10.0,73.0,0.0,71.77463082818335,83.0,2.505641668848353,12.0,41.706930802003114
INT-035,94,intermittent,0,11,9.832934503965939,7.296820522911999,10.0,10.0,73.0,0.0,71.20573431390093,83.0,2.4582336259914848,12.0,41.706930802003114
INT-035,95,intermittent,0,11,7.079125758949027,7.296820522911999,10.0,10.0,73.0,0.0,62.9443080788502,83.0,1.7697814397372567,12.0,41.706930802003114
INT-035,96,intermittent,3,11,7.079125758949027,7.238607317532558,10.0,7.0,73.0,0.0,62.6115749218677,80.0,1.7697814397372567,12.0,41.37419764502062
INT-035,97,intermittent,0,11,7.079125758949027,7.238607317532558,50.0,50.0,30.0,0.0,62.6115749218677,80.0,1.7697814397372567,12.0,41.37419764502062
INT-035,98,intermittent,0,11,7.079125758949027,5.246488447108315,50.0,50.0,30.0,0.0,51.225086297505726,80.0,1.7697814397372567,12.0,29.98770902065865
INT-035,99,intermittent,0,11,7.079125758949027,5.246488447108315,50.0,50.0,30.0,0.0,51.225086297505726,80.0,1.7697814397372567,12.0,29.98770902065865
INT-036,75,intermittent,0,6,5.989929436646721,1.1982893790305573,5.231119897748037,5.231119897748037,0.0,11.0,15.713496411879799,5.231119897748037,1.4974823591616802,7.0,5.231119897748037
INT-036,76,intermittent,0,6,5.989929436646721,1.1094003924504594,5.231119897748037,5.231119897748037,11.0,0.0,15.32545245978703,16.231119897748037,1.4974823591616802,7.0,4.843075945655268
INT-036,77,intermittent,0,6,9.50503037591711,1.1094003924504594,5.231119897748037,5.231119897748037,11.0,6.0,21.47687910351021,16.231119897748037,2.3762575939792776,7.0,4.843075945655268
INT-036,78,intermittent,0,6,9.549701254031431,1.1094003924504594,5.231119897748037,5.231119897748037,17.0,0.0,21.555053140210273,22.231119897748037,2.387425313507858,7.0,4.843075945655268
INT-036,79,intermittent,0,6,9.549701254031431,1.1094003924504594,5.231119897748037,5.231119897748037,17.0,0.0,21.555053140210273,22.231119897748037,2.387425313507858,7.0,4.843075945655268
INT-036,80,intermittent,0,6,9.549701254031431,1.1094003924504594,5.231119897748037,5.231119897748037,17.0,0.0,21.555053140210273,22.231119897748037,2.387425313507858,7.0,4.843075945655268
INT-036,81,intermittent,0,6,6.034600314761041,0.0,5.231119897748037,5.231119897748037,17.0,0.0,10.560550550831822,22.231119897748037,1.5086500786902604,7.0,0.0
INT-036,82,intermittent,0,6,6.034600314761041,0.0,16.231119897748037,16.231119897748037,6.0,0.0,10.560550550831822,22.231119897748037,1.5086500786902604,7.0,0.0
INT-036,83,intermittent,1,6,6.034600314761041,0.2773500981126146,16.231119897748037,15.231119897748037,6.0,0.0,11.771319537245638,21.231119897748037,1.5086500786902604,7.0,1.2107689864138156
INT-036,84,intermittent,0,6,6.034600314761041,0.2773500981126146,21.231119897748037,21.231119897748037,0.0,0.0,11.771319537245638,21.231119897748037,1.5086500786902604,7.0,1.2107689864138156
INT-036,85,intermittent,0,6,6.034600314761041,0.2773500981126146,21.231119897748037,21.231119897748037,0.0,0.0,11.771319537245638,21.231119897748037,1.5086500786902604,7.0,1.2107689864138156
INT-036,86,intermittent,0,6,6.034600314761041,0.2773500981126146,21.231119897748037,21.231119897748037,0.0,0.0,11.771319537245638,21.231119897748037,1.5086500786902604,7.0,1.2107689864138156
INT-036,87,intermittent,0,6,6.034600314761041,0.2773500981126146,21.231119897748037,21.231119897748037,0.0,0.0,11.771319537245638,21.231119897748037,1.5086500786902604,7.0,1.2107689864138156
INT-036,88,intermittent,7,6,6.034600314761041,1.9381460874790262,21.231119897748037,14.231119897748037,0.0,5.0,19.021507261602682,14.231119897748037,1.5086500786902604,7.0,8.46095671077086
INT-036,89,intermittent,0,6,6.034600314761041,1.9381460874790262,14.231119897748037,14.231119897748037,5.0,0.0,19.021507261602682,19.231119897748037,1.5086500786902604,7.0,8.46095671077086
INT-036,90,intermittent,0,6,6.034600314761041,1.9381460874790262,14.231119897748037,14.231119897748037,5.0,0.0,19.021507261602682,19.231119897748037,1.5086500786902604,7.0,8.46095671077086
INT-036,91,intermittent,0,6,6.034600314761041,1.9381460874790262,14.231119897748037,14.231119897748037,5.0,0.0,19.021507261602682,19.231119897748037,1.5086500786902604,7.0,8.46095671077086
INT-036,92,intermittent,0,6,5.952474882177271,1.9381460874790262,14.231119897748037,14.231119897748037,5.0,0.0,18.877787754581085,19.231119897748037,1.4881187205443178,7.0,8.46095671077086
INT-036,93,intermittent,0,6,5.952474882177271,1.9381460874790262,14.231119897748037,14.231119897748037,5.0,0.0,18.877787754581085,19.231119897748037,1.4881187205443178,7.0,8.46095671077086
INT-036,94,intermittent,0,6,5.952474882177271,1.9381460874790262,14.231119897748037,14.231119897748037,5.0,0.0,18.877787754581085,19.231119897748037,1.4881187205443178,7.0,8.46095671077086
INT-036,95,intermittent,5,6,5.952474882177271,2.273030282830976,19.231119897748037,14.231119897748037,0.0,7.0,20.339721247778016,14.231119897748037,1.4881187205443178,7.0,9.922890203967793
INT-036,96,intermittent,0,6,5.952474882177271,2.2898885875932358,14.231119897748037,14.231119897748037,7.0,0.0,20.413316002957693,21.231119897748037,1.4881187205443178,7.0,9.996484959147468
INT-036,97,intermittent,0,6,5.952474882177271,2.2898885875932358,14.231119897748037,14.231119897748037,7.0,0.0,20.413316002957693,21.231119897748037,1.4881187205443178,7.0,9.996484959147468
INT-036,98,intermittent,6,6,6.3772509166426605,2.6626572422569885,14.231119897748037,8.231119897748037,7.0,8.0,22.783991771992795,15.231119897748037,1.5943127291606651,7.0,11.623802667868139
INT-036,99,intermittent,0,6,5.952474882177271,2.6626572422569885,8.231119897748037,8.231119897748037,15.0,0.0,22.040633711678364,23.231119897748037,1.4881187205443178,7.0,11.623802667868139
INT-037,75,intermittent,6,10,14.089042379555744,8.368132469412814,65.06079189280788,59.060791892807885,0.0,26.0,84.53889327888189,59.060791892807885,3.522260594888936,11.0,45.7940267351036
INT-037,76,intermittent,0,10,14.089042379555744,8.368132469412814,59.060791892807885,59.060791892807885,26.0,0.0,84.53889327888189,85.06079189280788,3.522260594888936,11.0,45.7940267351036
INT-037,77,intermittent,0,10,14.904313627566976,8.56199114153316,59.060791892807885,59.060791892807885,26.0,3.0,87.8417673992493,85.06079189280788,3.726078406891744,11.0,46.85490492344013
INT-037,78,intermittent,4,10,14.445170064676164,8.148462179910752,59.060791892807885,55.060791892807885,29.0,1.0,84.31611393198236,84.06079189280788,3.611292516169041,11.0,44.59189625412291
INT-037,79,intermittent,0,10,13.629898816664932,8.148462179910752,55.060791892807885,55.060791892807885,30.0,0.0,82.07411799995147,85.06079189280788,3.407474704166233,11.0,44.59189625412291
INT-037,80,intermittent,17,10,14.674839635402632,8.77350323270921,55.060791892807885,38.060791892807885,30.0,21.0,88.36819922513715,68.06079189280788,3.668709908850658,11.0,48.0123902277799
INT-037,81,intermittent,0,10,9.532132757148782,8.668392333127615,38.060791892807885,38.060791892807885,51.0,0.0,73.6505431747124,89.06079189280788,2.3830331892871954,11.0,47.43717809255325
INT-037,82,intermittent,0,10,9.532132757148782,8.78299639308964,38.060791892807885,38.060791892807885,51.0,0.0,74.27770597418237,89.06079189280788,2.3830331892871954,11.0,48.06434089202321
INT-037,83,intermittent,0,10,9.13821599831802,5.008966319485846,38.060791892807885,38.060791892807885,51.0,0.0,52.54131607965685,89.06079189280788,2.284553999579505,11.0,27.411222084282304
INT-037,84,intermittent,0,10,9.620915480761864,4.872739449589906,38.060791892807885,38.060791892807885,51.0,0.0,53.12324752359193,89.06079189280788,2.405228870190466,11.0,26.6657299514968
INT-037,85,intermittent,0,10,9.620915480761864,4.872739449589906,38.060791892807885,38.060791892807885,51.0,0.0,53.12324752359193,89.06079189280788,2.405228870190466,11.0,26.6657299514968
INT-037,86,intermittent,0,10,9.620915480761864,4.872739449589906,64.06079189280788,64.06079189280788,25.0,0.0,53.12324752359193,89.06079189280788,2.405228870190466,11.0,26.6657299514968
INT-037,87,intermittent,0,10,9.620915480761864,4.872739449589906,64.06079189280788,64.06079189280788,25.0,0.0,53.12324752359193,89.06079189280788,2.405228870190466,11.0,26.6657299514968
INT-037,88,intermittent,0,10,9.620915480761864,4.752866881130124,67.06079189280788,67.06079189280788,22.0,0.0,52.4672531754004,89.06079189280788,2.405228870190466,11.0,26.009735603305277
INT-037,89,intermittent,0,10,9.620915480761864,4.752866881130124,68.06079189280788,68.06079189280788,21.0,0.0,52.4672531754004,89.06079189280788,2.405228870190466,11.0,26.009735603305277
INT-037,90,intermittent,0,10,9.620915480761864,4.752866881130124,68.06079189280788,68.06079189280788,21.0,0.0,52.4672531754004,89.06079189280788,2.405228870190466,11.0,26.009735603305277
INT-037,91,intermittent,1,10,9.620915480761864,4.699972722233991,89.06079189280788,88.06079189280788,0.0,0.0,52.17779354561155,88.06079189280788,2.405228870190466,11.0,25.72027597351642
INT-037,92,intermittent,0,10,9.538790048178095,4.699972722233991,88.06079189280788,88.06079189280788,0.0,0.0,51.951948606006184,88.06079189280788,2.3846975120445237,11.0,25.72027597351642
INT-037,93,intermittent,0,10,9.538790048178095,0.27735009811261524,88.06079189280788,88.06079189280788,0.0,0.0,27.749451880652636,88.06079189280788,2.3846975120445237,11.0,1.5177792481628734
INT-037,94,intermittent,0,10,9.538790048178095,0.27735009811261524,88.06079189280788,88.06079189280788,0.0,0.0,27.749451880652636,88.06079189280788,2.3846975120445237,11.0,1.5177792481628734
INT-037,95,intermittent,0,10,9.538790048178095,0.27735009811261524,88.06079189280788,88.06079189280788,0.0,0.0,27.749451880652636,88.06079189280788,2.3846975120445237,11.0,1.5177792481628734
INT-037,96,intermittent,0,10,9.538790048178095,0.27735009811261524,88.06079189280788,88.06079189280788,0.0,0.0,27.749451880652636,88.06079189280788,2.3846975120445237,11.0,1.5177792481628734
INT-037,97,intermittent,12,10,9.728422219605564,3.3166247903554,88.06079189280788,76.06079189280788,0.0,0.0,44.903161103915295,76.06079189280788,2.432105554901391,11.0,18.15
INT-037,98,intermittent,0,10,9.728422219605564,3.3166247903554,76.06079189280788,76.06079189280788,0.0,0.0,44.903161103915295,76.06079189280788,2.432105554901391,11.0,18.15
INT-037,99,intermittent,0,10,9.728422219605564,3.3166247903554,76.06079189280788,76.06079189280788,0.0,0.0,44.903161103915295,76.06079189280788,2.432105554901391,11.0,18.15
INT-038,75,intermittent,0,9,6.91509187307098,3.731363949426124,36.7892457084252,36.7892457084252,0.0,0.0,36.75708430040346,36.7892457084252,1.728772968267745,10.0,19.46935461772601
INT-038,76,intermittent,2,9,7.158292666184382,3.654993072356548,36.7892457084252,34.7892457084252,0.0,3.0,36.9666015177534,34.7892457084252,1.7895731665460954,10.0,19.070869852292446
INT-038,77,intermittent,0,9,6.6544782251792505,3.5913000288803354,34.7892457084252,34.7892457084252,3.0,0.0,35.374730519227185,37.7892457084252,1.6636195562948126,10.0,18.73853495627906
INT-038,78,intermittent,0,9,7.074829539717235,3.5913000288803354,34.7892457084252,34.7892457084252,3.0,0.0,36.425608805572146,37.7892457084252,1.7687073849293087,10.0,18.73853495627906
INT-038,79,intermittent,0,9,7.074829539717235,3.5913000288803354,34.7892457084252,34.7892457084252,3.0,0.0,36.425608805572146,37.7892457084252,1.7687073849293087,10.0,18.73853495627906
INT-038,80,intermittent,0,9,7.074829539717235,3.6391743216820136,34.7892457084252,34.7892457084252,3.0,0.0,36.67540528650028,37.7892457084252,1.7687073849293087,10.0,18.98833143720719
INT-038,81,intermittent,0,9,7.074829539717235,3.6391743216820136,34.7892457084252,34.7892457084252,3.0,0.0,36.67540528650028,37.7892457084252,1.7687073849293087,10.0,18.98833143720719
INT-038,82,intermittent,0,9,7.074829539717235,3.0149201630795455,34.7892457084252,34.7892457084252,3.0,0.0,33.418198069474215,37.7892457084252,1.7687073849293087,10.0,15.73112422018113
INT-038,83,intermittent,0,9,7.074829539717235,1.9741924671712991,34.7892457084252,34.7892457084252,3.0,0.0,27.987932663377105,37.7892457084252,1.7687073849293087,10.0,10.30085881408402
INT-038,84,intermittent,0,9,7.074829539717235,1.9741924671712991,34.7892457084252,34.7892457084252,3.0,0.0,27.987932663377105,37.7892457084252,1.7687073849293087,10.0,10.30085881408402
INT-038,85,intermittent,0,9,7.074829539717235,1.9741924671712991,34.7892457084252,34.7892457084252,3.0,0.0,27.987932663377105,37.7892457084252,1.7687073849293087,10.0,10.30085881408402
INT-038,86,intermittent,0,9,7.074829539717235,0.5547001962252333,37.7892457084252,37.7892457084252,0.0,0.0,20.5813653130063,37.7892457084252,1.7687073849293087,10.0,2.894291463713218
INT-038,87,intermittent,0,9,7.074829539717235,0.5547001962252333,37.7892457084252,37.7892457084252,0.0,0.0,20.5813653130063,37.7892457084252,1.7687073849293087,10.0,2.894291463713218
INT-038,88,intermittent,0,9,7.074829539717235,0.5547001962252333,37.7892457084252,37.7892457084252,0.0,0.0,20.5813653130063,37.7892457084252,1.7687073849293087,10.0,2.894291463713218
INT-038,89,intermittent,0,9,7.074829539717235,0.0,37.7892457084252,37.7892457084252,0.0,0.0,17.687073849293085,37.7892457084252,1.7687073849293087,10.0,0.0
INT-038,90,intermittent,0,9,7.074829539717235,0.0,37.7892457084252,37.7892457084252,0.0,0.0,17.687073849293085,37.7892457084252,1.7687073849293087,10.0,0.0
INT-038,91,intermittent,0,9,7.074829539717235,0.0,37.7892457084252,37.7892457084252,0.0,0.0,17.687073849293085,37.7892457084252,1.7687073849293087,10.0,0.0
INT-038,92,intermittent,0,9,6.345809998816192,0.0,37.7892457084252,37.7892457084252,0.0,0.0,15.86452499704048,37.7892457084252,1.586452499704048,10.0,0.0
INT-038,93,intermittent,0,9,6.345809998816192,0.0,37.7892457084252,37.7892457084252,0.0,0.0,15.86452499704048,37.7892457084252,1.586452499704048,10.0,0.0
INT-038,94,intermittent,0,9,6.345809998816192,0.0,37.7892457084252,37.7892457084252,0.0,0.0,15.86452499704048,37.7892457084252,1.586452499704048,10.0,0.0
INT-038,95,intermittent,0,9,6.345809998816192,0.0,37.7892457084252,37.7892457084252,0.0,0.0,15.86452499704048,37.7892457084252,1.586452499704048,10.0,0.0
INT-038,96,intermittent,0,9,6.345809998816192,0.0,37.7892457084252,37.7892457084252,0.0,0.0,15.86452499704048,37.7892457084252,1.586452499704048,10.0,0.0
INT-038,97,intermittent,0,9,6.345809998816192,0.0,37.7892457084252,37.7892457084252,0.0,0.0,15.86452499704048,37.7892457084252,1.586452499704048,10.0,0.0
INT-038,98,intermittent,0,9,6.345809998816192,0.0,37.7892457084252,37.7892457084252,0.0,0.0,15.86452499704048,37.7892457084252,1.586452499704048,10.0,0.0
INT-038,99,intermittent,0,9,6.345809998816192,0.0,37.7892457084252,37.7892457084252,0.0,0.0,15.86452499704048,37.7892457084252,1.586452499704048,10.0,0.0
INT-039,75,intermittent,0,9,5.989929436646721,0.0,0.0,0.0,0.0,15.0,14.9748235916168,0.0,1.4974823591616802,10.0,0.0
INT-039,76,intermittent,0,9,5.989929436646721,0.0,0.0,0.0,15.0,0.0,14.9748235916168,15.0,1.4974823591616802,10.0,0.0
INT-039,77,intermittent,0,9,5.989929436646721,0.0,0.0,0.0,15.0,0.0,14.9748235916168,15.0,1.4974823591616802,10.0,0.0
INT-039,78,intermittent,0,9,6.034600314761041,0.0,0.0,0.0,15.0,1.0,15.086500786902604,15.0,1.5086500786902604,10.0,0.0
INT-039,79,intermittent,4,9,6.034600314761041,1.1094003924504583,0.0,0.0,16.0,5.0,20.875083714328998,16.0,1.5086500786902604,10.0,5.7885829274263925
INT-039,80,intermittent,3,9,6.034600314761041,1.3301243435223526,0.0,0.0,21.0,2.0,22.026767906567933,21.0,1.5086500786902604,10.0,6.94026711966533
INT-039,81,intermittent,0,9,6.034600314761041,1.3301243435223526,0.0,0.0,23.0,0.0,22.026767906567933,23.0,1.5086500786902604,10.0,6.94026711966533
INT-039,82,intermittent,0,9,6.034600314761041,1.3301243435223526,0.0,0.0,23.0,0.0,22.026767906567933,23.0,1.5086500786902604,10.0,6.94026711966533
INT-039,83,intermittent,0,9,6.034600314761041,1.3301243435223526,0.0,0.0,23.0,0.0,22.026767906567933,23.0,1.5086500786902604,10.0,6.94026711966533
INT-039,84,intermittent,5,9,6.034600314761041,1.8009968749527976,0.0,0.0,23.0,2.0,24.483666890001494,23.0,1.5086500786902604,10.0,9.397166103098888
INT-039,85,intermittent,0,9,6.034600314761041,1.8009968749527976,15.0,15.0,10.0,0.0,24.483666890001494,25.0,1.5086500786902604,10.0,9.397166103098888
INT-039,86,intermittent,3,9,6.034600314761041,1.863963243832607,15.0,12.0,10.0,3.0,24.812210173724885,22.0,1.5086500786902604,10.0,9.725709386822283
INT-039,87,intermittent,9,9,6.459376349226431,2.8238907511373337,12.0,3.0,13.0,15.0,30.882819824244272,16.0,1.6148440873066077,10.0,14.734378951178197
INT-039,88,intermittent,5,9,6.459376349226431,2.8911890908369102,4.0,0.0,27.0,5.0,31.233966283971622,27.0,1.6148440873066077,10.0,15.085525410905547
INT-039,89,intermittent,0,9,6.459376349226431,2.8911890908369102,5.0,5.0,27.0,0.0,31.233966283971622,32.0,1.6148440873066077,10.0,15.085525410905547
INT-039,90,intermittent,0,9,6.459376349226431,2.8911890908369102,7.0,7.0,25.0,0.0,31.233966283971622,32.0,1.6148440873066077,10.0,15.085525410905547
INT-039,91,intermittent,0,9,6.034600314761041,2.8911890908369102,7.0,7.0,25.0,0.0,30.17202619780815,32.0,1.5086500786902604,10.0,15.085525410905547
INT-039,92,intermittent,0,9,5.952474882177271,2.900044208327937,7.0,7.0,25.0,0.0,30.01291647771179,32.0,1.4881187205443178,10.0,15.131729272268611
INT-039,93,intermittent,0,9,5.952474882177271,2.926448797451027,7.0,7.0,25.0,0.0,30.150689237523082,32.0,1.4881187205443178,10.0,15.269502032079904
INT-039,94,intermittent,0,9,5.952474882177271,2.926448797451027,9.0,9.0,23.0,0.0,30.150689237523082,32.0,1.4881187205443178,10.0,15.269502032079904
INT-039,95,intermittent,0,9,5.952474882177271,2.926448797451027,9.0,9.0,23.0,0.0,30.150689237523082,32.0,1.4881187205443178,10.0,15.269502032079904
INT-039,96,intermittent,0,9,5.952474882177271,2.926448797451027,12.0,12.0,20.0,0.0,30.150689237523082,32.0,1.4881187205443178,10.0,15.269502032079904
INT-039,97,intermittent,4,9,5.952474882177271,2.8442474557857285,27.0,23.0,5.0,2.0,29.72178251798941,28.0,1.4881187205443178,10.0,14.840595312546233
INT-039,98,intermittent,0,9,5.952474882177271,2.8442474557857285,28.0,28.0,2.0,0.0,29.72178251798941,30.0,1.4881187205443178,10.0,14.840595312546233
INT-039,99,intermittent,6,9,5.952474882177271,3.078044667375536,28.0,22.0,2.0,7.0,30.941679821702593,24.0,1.4881187205443178,10.0,16.060492616259413
INT-040,75,intermittent,0,8,5.563080710411546,1.9935794376846319,23.368218216538928,23.368218216538928,0.0,0.0,22.385149814964905,23.368218216538928,1.3907701776028865,9.0,9.868218216538928
INT-040,76,intermittent,0,8,5.563080710411546,1.3774744634423883,23.368218216538928,23.368218216538928,0.0,0.0,19.3354301924658,23.368218216538928,1.3907701776028865,9.0,6.818498594039822
INT-040,77,intermittent,9,8,5.987856744876935,2.662657242256988,23.368218216538928,14.368218216538928,0.0,13.0,26.652831025145193,14.368218216538928,1.4969641862192338,9.0,13.18015334917209
INT-040,78,intermittent,2,8,6.032527622991256,2.633609203336257,14.368218216538928,12.368218216538928,13.0,2.0,26.6095527082448,25.368218216538928,1.508131905747814,9.0,13.036365556514472
INT-040,79,intermittent,6,8,6.032527622991256,2.8577380332470406,12.368218216538928,6.368218216538928,15.0,7.0,27.71899041630317,21.368218216538928,1.508131905747814,9.0,14.145803264572848
INT-040,80,intermittent,0,8,6.032527622991256,2.8577380332470406,6.368218216538928,6.368218216538928,22.0,0.0,27.71899041630317,28.368218216538928,1.508131905747814,9.0,14.145803264572848
INT-040,81,intermittent,1,8,5.607751588525867,2.8125178062114395,6.368218216538928,5.368218216538928,22.0,0.0,26.539404214929824,27.368218216538928,1.4019378971314667,9.0,13.921963140746623
INT-040,82,intermittent,0,8,5.607751588525867,2.8125178062114395,5.368218216538928,5.368218216538928,22.0,0.0,26.539404214929824,27.368218216538928,1.4019378971314667,9.0,13.921963140746623
INT-040,83,intermittent,0,8,5.607751588525867,2.853248261372578,5.368218216538928,5.368218216538928,22.0,0.0,26.741019967977458,27.368218216538928,1.4019378971314667,9.0,14.12357889379426
INT-040,84,intermittent,0,8,5.607751588525867,2.853248261372578,5.368218216538928,5.368218216538928,22.0,0.0,26.741019967977458,27.368218216538928,1.4019378971314667,9.0,14.12357889379426
INT-040,85,intermittent,0,8,5.607751588525867,2.853248261372578,5.368218216538928,5.368218216538928,22.0,0.0,26.741019967977458,27.368218216538928,1.4019378971314667,9.0,14.12357889379426
INT-040,86,intermittent,0,8,5.607751588525867,2.8170724939016805,18.368218216538928,18.368218216538928,9.0,0.0,26.56194991899652,27.368218216538928,1.4019378971314667,9.0,13.944508844813319
INT-040,87,intermittent,0,8,5.607751588525867,2.844247455785728,20.368218216538928,20.368218216538928,7.0,0.0,26.69646598032255,27.368218216538928,1.4019378971314667,9.0,14.079024906139352
INT-040,88,intermittent,0,8,5.607751588525867,2.844247455785728,27.368218216538928,27.368218216538928,0.0,0.0,26.69646598032255,27.368218216538928,1.4019378971314667,9.0,14.079024906139352
INT-040,89,intermittent,0,8,5.607751588525867,2.844247455785728,27.368218216538928,27.368218216538928,0.0,0.0,26.69646598032255,27.368218216538928,1.4019378971314667,9.0,14.079024906139352
INT-040,90,intermittent,1,8,5.607751588525867,1.6908501882113491,27.368218216538928,26.368218216538928,0.0,0.0,20.98714950582938,26.368218216538928,1.4019378971314667,9.0,8.369708431646178
INT-040,91,intermittent,0,8,5.607751588525867,1.660244035197914,26.368218216538928,26.368218216538928,0.0,0.0,20.835649048412876,26.368218216538928,1.4019378971314667,9.0,8.218207974229674
INT-040,92,intermittent,6,8,5.5256261559420965,1.660244035197914,26.368218216538928,20.368218216538928,0.0,1.0,20.650866825099392,20.368218216538928,1.3814065389855241,9.0,8.218207974229674
INT-040,93,intermittent,0,8,5.5256261559420965,1.660244035197914,20.368218216538928,20.368218216538928,1.0,0.0,20.650866825099392,21.368218216538928,1.3814065389855241,9.0,8.218207974229674
INT-040,94,intermittent,2,8,5.5256261559420965,1.7021856236720756,20.368218216538928,18.368218216538928,1.0,2.0,20.85847768804649,19.368218216538928,1.3814065389855241,9.0,8.425818837176774
INT-040,95,intermittent,0,8,5.5256261559420965,1.7021856236720756,18.368218216538928,18.368218216538928,3.0,0.0,20.85847768804649,21.368218216538928,1.3814065389855241,9.0,8.425818837176774
INT-040,96,intermittent,0,8,5.5256261559420965,1.7021856236720756,18.368218216538928,18.368218216538928,3.0,0.0,20.85847768804649,21.368218216538928,1.3814065389855241,9.0,8.425818837176774
INT-040,97,intermittent,0,8,5.5256261559420965,1.7021856236720756,18.368218216538928,18.368218216538928,3.0,0.0,20.85847768804649,21.368218216538928,1.3814065389855241,9.0,8.425818837176774
INT-040,98,intermittent,0,8,5.5256261559420965,1.7021856236720756,18.368218216538928,18.368218216538928,3.0,0.0,20.85847768804649,21.368218216538928,1.3814065389855241,9.0,8.425818837176774
INT-040,99,intermittent,0,8,5.5256261559420965,1.7021856236720756,18.368218216538928,18.368218216538928,3.0,0.0,20.85847768804649,21.368218216538928,1.3814065389855241,9.0,8.425818837176774
PROMO-001,75,promotion_driven,48,5,288.5854483942408,69.83240009167737,951.5031853520269,903.5031853520269,0.0,0.0,715.1168563598776,903.5031853520269,72.1463620985602,6.0,282.23868376851635
PROMO-001,76,promotion_driven,270,5,176.26013914654854,89.6526058940271,903.5031853520269,633.5031853520269,0.0,0.0,626.7353873293061,633.5031853520269,44.065034786637135,6.0,362.3451786094834
PROMO-001,77,promotion_driven,18,5,163.47983021958402,89.63573005539756,633.5031853520269,615.5031853520269,0.0,0.0,607.4967175693799,615.5031853520269,40.869957554896004,6.0,362.2769722400039
PROMO-001,78,promotion_driven,35,5,187.46566016175433,89.05011553570876,615.5031853520269,580.5031853520269,0.0,61.0,641.108608829951,580.5031853520269,46.86641504043858,6.0,359.9101185873196
PROMO-001,79,promotion_driven,38,5,191.8579898328536,88.75246475450696,580.5031853520269,542.5031853520269,61.0,43.0,646.4941006530494,603.5031853520269,47.9644974582134,6.0,358.707115903769
PROMO-001,80,promotion_driven,46,5,320.49781841007956,88.28406947505832,542.5031853520269,496.5031853520269,104.0,238.0,837.5607499551354,600.5031853520269,80.12445460251989,6.0,356.8140223400161
PROMO-001,81,promotion_driven,34,5,318.94490558589257,87.94068513813218,496.5031853520269,462.5031853520269,342.0,30.0,833.8435386404856,804.5031853520269,79.73622639647314,6.0,355.42618026164666
PROMO-001,82,promotion_driven,38,5,270.174676686341,87.38839035724808,462.5031853520269,424.5031853520269,372.0,0.0,758.4560086298906,796.5031853520269,67.54366917158525,6.0,353.19399360037903
PROMO-001,83,promotion_driven,40,5,373.7402665283234,86.79588493140467,424.5031853520269,384.5031853520269,372.0,155.0,911.4096890536719,756.5031853520269,93.43506663208085,6.0,350.7992892611868
PROMO-001,84,promotion_driven,324,5,327.83480066980275,108.17513103462817,445.5031853520269,121.50318535202689,466.0,342.0,928.9590929290582,587.5031853520269,81.95870016745069,6.0,437.206891924354
PROMO-001,85,promotion_driven,29,5,297.25156482573834,102.21263658140845,164.5031853520269,135.5031853520269,765.0,0.0,858.985875305432,900.5031853520269,74.31289120643459,6.0,413.1085280668246
PROMO-001,86,promotion_driven,26,5,292.47891893800585,101.90474435999985,373.5031853520269,347.5031853520269,527.0,0.0,850.5825113907654,874.5031853520269,73.11972973450146,6.0,411.8641329837565
PROMO-001,87,promotion_driven,153,5,310.1658001690228,100.62605310804237,377.5031853520269,224.5031853520269,497.0,151.0,871.9448004126276,721.5031853520269,77.5414500422557,6.0,406.69610015909336
PROMO-001,88,promotion_driven,32,5,264.9376450688649,101.20637711740683,224.5031853520269,192.5031853520269,648.0,0.0,806.4480389812989,840.5031853520269,66.23441126721623,6.0,409.0415713780014
PROMO-001,89,promotion_driven,25,5,248.00300757678247,85.06920259864454,347.5031853520269,322.5031853520269,493.0,0.0,715.8251410321781,815.5031853520269,62.000751894195616,6.0,343.82062966700437
PROMO-001,90,promotion_driven,32,5,446.90908366502237,84.5188493617601,664.5031853520269,632.5031853520269,151.0,229.0,1011.9599155602557,783.5031853520269,111.72727091625559,6.0,341.59629006272206
PROMO-001,91,promotion_driven,167,5,269.8056011381113,88.38493896528658,632.5031853520269,465.5031853520269,380.0,0.0,761.930104036945,845.5031853520269,67.45140028452782,6.0,357.22170232977805
PROMO-001,92,promotion_driven,28,5,234.3532818550545,88.78293899398834,465.5031853520269,437.5031853520269,380.0,0.0,710.3602051424482,817.5031853520269,58.58832046376362,6.0,358.8302823598665
PROMO-001,93,promotion_driven,15,5,353.9494695282561,90.03204557694572,588.5031853520269,573.5031853520269,229.0,93.0,894.8029483605358,802.5031853520269,88.48736738206402,6.0,363.8787440681516
PROMO-001,94,promotion_driven,125,5,244.1092204240396,90.32313784833447,573.5031853520269,448.5031853520269,322.0,0.0,731.2190701336118,770.5031853520269,61.0273051060099,6.0,365.0552394975524
PROMO-001,95,promotion_driven,28,5,201.15745319556882,90.7479603500393,448.5031853520269,420.5031853520269,322.0,0.0,668.5084065856142,742.5031853520269,50.289363298892205,6.0,366.77222679226105
PROMO-001,96,promotion_driven,39,5,205.2580401855749,90.7839785933111,649.5031853520269,610.5031853520269,93.0,0.0,674.8048604944115,703.5031853520269,51.31451004639373,6.0,366.91780021604916
PROMO-001,97,promotion_driven,192,5,149.26623253025662,64.69365680473807,610.5031853520269,418.5031853520269,93.0,0.0,485.36898925984764,511.5031853520269,37.316558132564154,6.0,261.4696404644627
PROMO-001,98,promotion_driven,23,5,139.41791517111665,65.01981946358298,418.5031853520269,395.5031853520269,93.0,0.0,471.9147511652148,488.5031853520269,34.85447879277916,6.0,262.7878784085398
PROMO-001,99,promotion_driven,31,5,130.93275660719294,64.76446477379318,488.5031853520269,457.5031853520269,0.0,1.0,458.1549569752,457.5031853520269,32.733189151798236,6.0,261.75582206441055
PROMO-002,75,promotion_driven,21,4,78.91661168192107,27.864369307828905,327.28686330045593,306.28686330045593,0.0,0.0,201.45169407446724,306.28686330045593,19.729152920480267,5.0,102.80592947206591
PROMO-002,76,promotion_driven,21,4,78.94498827228875,27.54506796562263,306.28686330045593,285.28686330045593,0.0,0.0,200.3090986267346,285.28686330045593,19.73624706807219,5.0,101.62786328637365
PROMO-002,77,promotion_driven,22,4,79.66062509227699,28.010300303226376,285.28686330045593,263.28686330045593,0.0,0.0,202.92012501987153,263.28686330045593,19.915156273069247,5.0,103.3443436545253
PROMO-002,78,promotion_driven,15,4,89.22047261073226,28.447657737839002,263.28686330045593,248.28686330045593,0.0,0.0,216.48356999246755,248.28686330045593,22.305118152683065,5.0,104.95797922905223
PROMO-002,79,promotion_driven,27,4,100.72532006117642,28.447657737839002,248.28686330045593,221.28686330045593,0.0,10.0,230.86462930552275,221.28686330045593,25.181330015294105,5.0,104.95797922905223
PROMO-002,80,promotion_driven,15,4,84.74442455461121,26.703260148605505,221.28686330045593,206.28686330045593,10.0,0.0,204.45253379995006,216.28686330045593,21.186106138652804,5.0,98.52200310668603
PROMO-002,81,promotion_driven,20,4,135.92960125619067,23.728971797448423,206.28686330045593,186.28686330045593,10.0,62.0,257.4603316294339,196.28686330045593,33.982400314047666,5.0,87.54833005919556
PROMO-002,82,promotion_driven,18,4,140.7800355084485,19.003710838702677,186.28686330045593,168.28686330045593,72.0,6.0,246.089466664707,240.28686330045593,35.19500887711212,5.0,70.1144222791464
PROMO-002,83,promotion_driven,27,4,159.15599073183884,18.951016480416705,168.28686330045593,141.28686330045593,78.0,50.0,268.864994218134,219.28686330045593,39.78899768295971,5.0,69.92000580333543
PROMO-002,84,promotion_driven,20,4,139.3600845253275,14.751358042653695,151.28686330045593,131.28686330045593,118.0,0.0,228.62542057394901,249.28686330045593,34.84002113133187,5.0,54.42531491728965
PROMO-002,85,promotion_driven,54,4,148.0741599920586,16.68908748331199,131.28686330045593,77.28686330045593,118.0,52.0,246.66729124703198,195.28686330045593,37.01853999801465,5.0,61.574591256958726
PROMO-002,86,promotion_driven,23,4,154.27769553309932,16.665256350586663,139.28686330045593,116.28686330045593,108.0,31.0,254.3337854192877,224.28686330045593,38.56942388327483,5.0,61.486666002913545
PROMO-002,87,promotion_driven,24,4,194.46002311977807,9.870312909076219,122.28686330045593,98.28686330045593,133.0,49.0,279.491668429138,231.28686330045593,48.61500577994452,5.0,36.416639529415406
PROMO-002,88,promotion_driven,12,4,177.71211003081967,10.371929573465236,148.28686330045593,136.28686330045593,132.0,0.0,260.4074978523039,268.28686330045593,44.42802750770492,5.0,38.2673603137793
PROMO-002,89,promotion_driven,62,4,175.35964052211287,14.958061028876354,136.28686330045593,74.28686330045593,132.0,69.0,274.38749875170174,206.28686330045593,43.83991013052822,5.0,55.18794809906066
PROMO-002,90,promotion_driven,13,4,166.81228836843158,15.365212123161312,126.28686330045593,113.28686330045593,149.0,3.0,265.2054974740922,262.28686330045593,41.703072092107895,5.0,56.690137013552736
PROMO-002,91,promotion_driven,55,4,147.38720289135236,17.027504145819414,144.28686330045593,89.28686330045593,121.0,37.0,247.05718726358975,210.28686330045593,36.84680072283809,5.0,62.823183649399304
PROMO-002,92,promotion_driven,26,4,158.47951205431994,17.036913166897637,138.28686330045593,112.28686330045593,109.0,40.0,260.95728841500807,221.28686330045593,39.619878013579985,5.0,62.857898347108154
PROMO-002,93,promotion_driven,36,4,161.56962193933853,16.65332799572906,112.28686330045593,76.28686330045593,149.0,39.0,263.4046836167565,225.28686330045593,40.39240548483463,5.0,61.442656192583335
PROMO-002,94,promotion_driven,15,4,136.33662094090798,16.958471145411178,145.28686330045593,130.28686330045593,119.0,0.0,232.98926173088836,249.28686330045593,34.084155235226994,5.0,62.568485554753394
PROMO-002,95,promotion_driven,9,4,134.86050904888768,17.642097090300506,133.28686330045593,124.28686330045593,116.0,0.0,233.66636810438885,240.28686330045593,33.71512726222192,5.0,65.09073179327925
PROMO-002,96,promotion_driven,23,4,145.68204006639374,17.71317053089057,161.28686330045593,138.28686330045593,79.0,31.0,247.4555081997858,217.28686330045593,36.420510016598435,5.0,65.35295811679363
PROMO-002,97,promotion_driven,42,4,71.79166099529387,17.8716937053385,178.28686330045593,136.28686330045593,70.0,0.0,155.6774075411341,206.28686330045593,17.947915248823467,5.0,65.93783129701677
PROMO-002,98,promotion_driven,14,4,72.25794301517452,16.867887864983,175.28686330045593,161.28686330045593,31.0,0.0,152.5567062088287,192.28686330045593,18.06448575379363,5.0,62.23427743986054
PROMO-002,99,promotion_driven,13,4,118.57903332675104,17.299399722800516,161.28686330045593,148.28686330045593,31.0,33.0,212.05013734614172,179.28686330045593,29.64475833168776,5.0,63.826345687702904
PROMO-003,75,promotion_driven,16,5,122.48775052932956,3.927222545651904,122.33947114501747,106.33947114501747,0.0,94.0,199.6041165102763,106.33947114501747,30.62193763233239,6.0,15.872490716281947
PROMO-003,76,promotion_driven,18,5,121.45345851690772,3.2522181779399078,106.33947114501747,88.33947114501747,94.0,13.0,195.3245416378203,182.33947114501746,30.36336462922693,6.0,13.14435386245872
PROMO-003,77,promotion_driven,17,5,122.48775052932956,2.902253766140484,88.33947114501747,71.33947114501747,107.0,18.0,195.46154316533404,178.33947114501746,30.62193763233239,6.0,11.72991737133969
PROMO-003,78,promotion_driven,48,5,67.54449569147215,8.577699171509966,71.33947114501747,23.33947114501747,125.0,0.0,135.98487066374238,148.33947114501746,16.886123922868038,6.0,34.66812712653415
PROMO-003,79,promotion_driven,11,5,67.72070908247987,8.922026905505486,23.33947114501747,12.33947114501747,125.0,1.0,137.64084571700732,137.33947114501746,16.930177270619968,6.0,36.05978209328752
PROMO-003,80,promotion_driven,21,5,67.44295547846914,8.910523884566809,12.33947114501747,0.0,126.0,12.0,137.17772403352072,126.0,16.860738869617286,6.0,36.01329081581701
PROMO-003,81,promotion_driven,11,5,66.29512562046726,9.30467211012418,94.0,83.0,44.0,11.0,137.0489916053222,127.0,16.573781405116815,6.0,37.60630317462131
PROMO-003,82,promotion_driven,12,5,67.3455718960643,9.476692055126197,96.0,84.0,42.0,14.0,139.3199068185981,126.0,16.836392974016075,6.0,38.30154897450164
PROMO-003,83,promotion_driven,27,5,79.40815495844555,9.639661660197241,102.0,75.0,38.0,46.0,158.07244883258144,113.0,19.852038739611388,6.0,38.96021639491311
PROMO-003,84,promotion_driven,25,5,77.85015030484104,9.762565867009146,75.0,50.0,84.0,23.0,156.23217863216024,134.0,19.46253757621026,6.0,39.4569531748987
PROMO-003,85,promotion_driven,10,5,74.52123130529756,10.133721315109637,51.0,41.0,106.0,6.0,152.73888354696047,147.0,18.63030782632439,6.0,40.957036589014116
PROMO-003,86,promotion_driven,33,5,92.702121883605,10.720218137849464,53.0,20.0,100.0,63.0,182.38063903435722,120.0,23.17553047090125,6.0,43.32745620894973
PROMO-003,87,promotion_driven,24,5,85.30257593606495,10.747092630102326,31.0,7.0,152.0,13.0,171.38993762168838,159.0,21.32564398401624,6.0,43.43607371759094
PROMO-003,88,promotion_driven,27,5,91.89283665523627,10.75365173515608,21.0,0.0,151.0,31.0,181.3018383603545,151.0,22.973209163809067,6.0,43.46258337750011
PROMO-003,89,promotion_driven,26,5,106.94624811389484,10.744109895002804,46.0,20.0,136.0,48.0,203.84339069303087,156.0,26.73656202847371,6.0,43.42401852218862
PROMO-003,90,promotion_driven,33,5,110.7989955606785,10.980168603628194,43.0,10.0,161.0,40.0,210.57658044923605,171.0,27.699748890169626,6.0,44.378087108218295
PROMO-003,91,promotion_driven,26,5,174.65264053576286,8.28653526310402,16.0,0.0,195.0,101.0,295.47030296844855,195.0,43.663160133940714,6.0,33.49134216480425
PROMO-003,92,promotion_driven,33,5,180.94489804768304,8.097166329284727,63.0,30.0,233.0,42.0,304.14332475569176,263.0,45.23622451192076,6.0,32.72597768416722
PROMO-003,93,promotion_driven,26,5,175.04005850783494,8.077350416045443,43.0,17.0,262.0,17.0,295.20597630015084,279.0,43.760014626958736,6.0,32.64588853839843
PROMO-003,94,promotion_driven,28,5,217.6388970652932,7.100920850359952,48.0,20.0,248.0,88.0,355.1578396969384,268.0,54.4097242663233,6.0,28.69949409899864
PROMO-003,95,promotion_driven,66,5,169.12608278680165,12.420516525862789,68.0,2.0,288.0,14.0,303.8886050999827,290.0,42.28152069670041,6.0,50.19948091978025
PROMO-003,96,promotion_driven,23,5,132.53500597906284,12.537635650006246,42.0,19.0,262.0,0.0,249.47534534227523,281.0,33.13375149476571,6.0,50.672836373680944
PROMO-003,97,promotion_driven,35,5,173.9836976052076,12.563173696695161,120.0,85.0,161.0,66.0,311.75159883412744,246.0,43.4959244013019,6.0,50.776052426316056
PROMO-003,98,promotion_driven,65,5,94.8352682627068,14.394176172754994,127.0,62.0,185.0,0.0,200.4292407641729,247.0,23.7088170656767,6.0,58.176338370112674
PROMO-003,99,promotion_driven,31,5,113.57260824119402,14.419093467006043,79.0,48.0,168.0,13.0,228.63595791543537,216.0,28.393152060298505,6.0,58.27704555364433
PROMO-004,75,promotion_driven,30,6,201.72023158060173,24.373430258461834,366.5326010494564,336.5326010494564,0.0,123.0,459.4123631174732,336.5326010494564,50.43005789515043,7.0,106.40195785142016
PROMO-004,76,promotion_driven,23,6,196.82008027824025,24.4726430205292,336.5326010494564,313.5326010494564,123.0,15.0,451.2702106256088,436.5326010494564,49.205020069560064,7.0,106.83507013868838
PROMO-004,77,promotion_driven,19,6,199.91440143195533,19.334770061558363,313.5326010494564,294.5326010494564,138.0,2.0,434.2559413510975,432.5326010494564,49.97860035798883,7.0,84.4057388451757
PROMO-004,78,promotion_driven,72,6,176.67064421539342,22.49244887535052,294.5326010494564,222.5326010494564,140.0,45.0,407.3641804436081,362.5326010494564,44.167661053848356,7.0,98.19055306666965
PROMO-004,79,promotion_driven,92,6,163.83873842270486,27.813711800163684,222.5326010494564,130.5326010494564,185.0,93.0,408.1382636001455,315.5326010494564,40.959684605676216,7.0,121.42047136041198
PROMO-004,80,promotion_driven,18,6,164.201217105182,28.312586672760307,130.5326010494564,112.53260104945639,278.0,21.0,410.95043439405947,390.5326010494564,41.0503042762955,7.0,123.59830445999097
PROMO-004,81,promotion_driven,32,6,223.75748979627383,27.47866305111884,112.53260104945639,80.53260104945639,299.0,133.0,511.53342665324885,379.5326010494564,55.93937244906846,7.0,119.95781950976966
PROMO-004,82,promotion_driven,130,6,182.7691127539732,37.10795063055896,203.5326010494564,73.53260104945639,309.0,100.0,481.8403222217935,382.5326010494564,45.6922781884933,7.0,161.9943749023404
PROMO-004,83,promotion_driven,18,6,218.28014850894075,37.798046347560195,88.53260104945639,70.53260104945639,394.0,83.0,546.9972405122132,464.5326010494564,54.57003712723519,7.0,165.00698062156695
PROMO-004,84,promotion_driven,24,6,229.69258261452592,37.41743046447876,72.53260104945639,48.53260104945639,475.0,42.0,565.307425493724,523.5326010494564,57.42314565363148,7.0,163.34540591830367
PROMO-004,85,promotion_driven,63,6,167.05278525371807,37.32738047778513,93.53260104945639,30.53260104945639,472.0,0.0,455.29466782622285,502.5326010494564,41.76319631342952,7.0,162.95229363221623
PROMO-004,86,promotion_driven,17,6,128.06453021979914,36.056935034783045,123.53260104945639,106.53260104945639,379.0,0.0,381.5191050677077,485.5326010494564,32.016132554949785,7.0,157.4061771830592
PROMO-004,87,promotion_driven,72,6,138.00140830602763,35.829367699466744,127.53260104945639,55.53260104945639,358.0,0.0,397.9151988685894,413.5326010494564,34.50035207650691,7.0,156.41273433304104
PROMO-004,88,promotion_driven,26,6,141.21521879938228,36.00356107743249,188.5326010494564,162.5326010494564,225.0,17.0,404.29980662287727,387.5326010494564,35.30380469984557,7.0,157.17317372395826
PROMO-004,89,promotion_driven,21,6,125.07505658942222,36.11697519776398,262.5326010494564,241.5326010494564,142.0,0.0,376.5496309254216,383.5326010494564,31.268764147355554,7.0,157.66828189393271
PROMO-004,90,promotion_driven,11,6,109.4060072822109,36.6875232057761,324.5326010494564,313.5326010494564,59.0,0.0,351.61951606917034,372.5326010494564,27.351501820552723,7.0,160.15900332530128
PROMO-004,91,promotion_driven,66,6,127.26163320663409,36.36742695860878,355.5326010494564,289.5326010494564,17.0,75.0,381.4694845786548,306.5326010494564,31.815408301658522,7.0,158.76162646704512
PROMO-004,92,promotion_driven,15,6,159.6641595676819,34.35747222127813,289.5326010494564,274.5326010494564,92.0,63.0,429.3994690810579,366.5326010494564,39.91603989192048,7.0,149.98718983761458
PROMO-004,93,promotion_driven,18,6,165.091504060342,34.35747222127813,274.5326010494564,256.5326010494564,155.0,28.0,438.8973219432131,411.5326010494564,41.2728760150855,7.0,149.98718983761458
PROMO-004,94,promotion_driven,11,6,217.438011385624,35.220368524113425,256.5326010494564,245.5326010494564,183.0,106.0,534.2706746529464,428.5326010494564,54.359502846406,7.0,153.75415472810437
PROMO-004,95,promotion_driven,50,6,214.0601220009898,22.451371952825138,262.5326010494564,212.5326010494564,272.0,0.0,472.61644568771885,484.5326010494564,53.51503050024745,7.0,98.01123218598671
PROMO-004,96,promotion_driven,33,6,258.2137950739513,22.07127150032427,212.5326010494564,179.5326010494564,272.0,97.0,548.2260489690098,451.5326010494564,64.55344876848783,7.0,96.35190758959502
PROMO-004,97,promotion_driven,10,6,204.24133906846276,22.866109733817314,179.5326010494564,169.5326010494564,369.0,0.0,457.24410905167986,538.5326010494564,51.06033476711569,7.0,99.82176568187002
PROMO-004,98,promotion_driven,58,6,266.68833414429463,22.332854950865794,244.5326010494564,186.5326010494564,294.0,84.0,564.1984321915286,480.5326010494564,66.67208353607366,7.0,97.49384743901304
PROMO-004,99,promotion_driven,30,6,264.5232148693881,21.922357163173494,249.5326010494564,219.5326010494564,315.0,25.0,558.6174496114818,534.5326010494564,66.13080371734702,7.0,95.70182359005261
PROMO-005,75,promotion_driven,23,5,63.25287905129294,17.70810331675652,215.75858565624478,192.75858565624478,0.0,0.0,166.44941735053018,192.75858565624478,15.813219762823236,6.0,71.57009877359077
PROMO-005,76,promotion_driven,13,5,70.0375808425596,17.849441562765048,192.75858565624478,179.75858565624478,0.0,0.0,177.1977109008006,179.75858565624478,17.5093952106399,6.0,72.14133963696119
PROMO-005,77,promotion_driven,21,5,140.4269373437635,17.705207114698187,179.75858565624478,158.75858565624478,0.0,124.0,282.19879933079847,158.75858565624478,35.10673433594088,6.0,71.55839331515317
PROMO-005,78,promotion_driven,13,5,126.88724578203312,17.81781016214841,158.75858565624478,145.75858565624478,124.0,0.0,262.34436500426636,269.7585856562448,31.72181144550828,6.0,72.01349633121667
PROMO-005,79,promotion_driven,15,5,120.27627883226836,17.712808635097655,145.75858565624478,130.75858565624478,124.0,0.0,252.00353430986502,254.75858565624478,30.06906970806709,6.0,71.58911606146246
PROMO-005,80,promotion_driven,16,5,125.37939231047164,17.529096690053116,130.75858565624478,114.75858565624478,124.0,21.0,258.9157036608979,238.75858565624478,31.34484807761791,6.0,70.84661519519044
PROMO-005,81,promotion_driven,78,5,73.0381114356656,21.948365980882713,114.75858565624478,36.758585656244776,145.0,17.0,198.26495776618708,181.75858565624478,18.2595278589164,6.0,88.70779061268868
PROMO-005,82,promotion_driven,24,5,78.82983872840795,21.76947992971483,36.758585656244776,12.758585656244776,162.0,32.0,206.22955245198713,174.75858565624478,19.707459682101987,6.0,87.9847943593752
PROMO-005,83,promotion_driven,15,5,79.66744941112704,21.73264117192599,136.75858565624478,121.75858565624478,70.0,16.0,207.3370788131537,191.75858565624478,19.91686235278176,6.0,87.83590469646315
PROMO-005,84,promotion_driven,19,5,130.19042682161364,17.942214939161698,121.75858565624478,102.75858565624478,86.0,80.0,267.80193813529513,188.75858565624478,32.54760670540341,6.0,72.51629790287467
PROMO-005,85,promotion_driven,16,5,140.7706173919832,17.471588658631205,102.75858565624478,86.75858565624478,166.0,30.0,281.77011348355745,252.75858565624478,35.1926543479958,6.0,70.61418739558266
PROMO-005,86,promotion_driven,18,5,130.38507785403584,17.231084017271133,107.75858565624478,89.75858565624478,175.0,1.0,265.2197666506661,264.7585856562448,32.59626946350896,6.0,69.64214986961231
PROMO-005,87,promotion_driven,19,5,218.23326013416062,17.094758530928992,106.75858565624478,87.75858565624478,159.0,150.0,396.4410590680694,246.75858565624478,54.558315033540154,6.0,69.09116886682855
PROMO-005,88,promotion_driven,95,5,154.29268381954543,26.44442648853805,119.75858565624478,24.758585656244776,277.0,37.0,338.31835560112336,301.7585856562448,38.57317095488636,6.0,106.87932987180524
PROMO-005,89,promotion_driven,13,5,133.05269106396594,26.44442648853805,40.758585656244776,27.758585656244776,298.0,0.0,306.45836646775416,325.7585856562448,33.263172765991484,6.0,106.87932987180524
PROMO-005,90,promotion_driven,19,5,137.51614451579115,26.49334701198466,107.75858565624478,88.75858565624478,218.0,7.0,313.35126667414215,306.7585856562448,34.37903612894779,6.0,107.07704990045542
PROMO-005,91,promotion_driven,76,5,80.33387804421524,29.205066297406315,118.75858565624478,42.758585656244776,195.0,1.0,238.53770911544194,237.75858565624478,20.08346951105381,6.0,118.03689204911909
PROMO-005,92,promotion_driven,20,5,70.77487636973629,28.986955510084027,43.758585656244776,23.758585656244776,195.0,5.0,223.31767737876862,218.75858565624478,17.693719092434073,6.0,117.15536282416417
PROMO-005,93,promotion_driven,20,5,72.77125379667932,28.81305793719765,173.75858565624478,153.75858565624478,50.0,22.0,225.60940898940106,203.75858565624478,18.19281344916983,6.0,116.45252829438208
PROMO-005,94,promotion_driven,18,5,73.35088291621454,25.67923435235322,190.75858565624478,172.75858565624478,35.0,7.0,213.81300926953594,207.75858565624478,18.337720729053636,6.0,103.78668489521414
PROMO-005,95,promotion_driven,16,5,74.66958829787335,25.894014752448115,172.75858565624478,156.75858565624478,42.0,18.0,216.6591362805466,198.75858565624478,18.667397074468337,6.0,104.65475383373659
PROMO-005,96,promotion_driven,18,5,141.65738419743525,25.7816273282411,163.75858565624478,145.75858565624478,53.0,118.0,316.6865985892482,198.75858565624478,35.41434604935881,6.0,104.2005222930953
PROMO-005,97,promotion_driven,27,5,155.66617608239198,25.63801264348883,146.75858565624478,119.75858565624478,170.0,48.0,337.11934496628066,289.7585856562448,38.916544020597996,6.0,103.62008084269266
PROMO-005,98,promotion_driven,22,5,215.40910747011537,25.440730516845814,124.75858565624478,102.75858565624478,213.0,111.0,425.936395147549,315.7585856562448,53.85227686752884,6.0,102.82273394237592
PROMO-005,99,promotion_driven,16,5,199.77461216916774,25.5207306382026,124.75858565624478,108.75858565624478,302.0,0.0,402.8079853326575,410.7585856562448,49.943653042291935,6.0,103.14606707890592
PROMO-006,75,promotion_driven,18,5,131.05117276778466,28.64616142003258,222.84266243598063,204.84266243598063,0.0,108.0,312.3547487896706,204.84266243598063,32.762793191946166,6.0,115.77798963799364
PROMO-006,76,promotion_driven,97,5,148.1822288394625,27.402741768119764,204.84266243598063,107.84266243598063,108.0,118.0,333.0258558196839,215.84266243598063,37.04555720986563,6.0,110.7525125604901
PROMO-006,77,promotion_driven,15,5,130.99003709552275,22.069528825149437,107.84266243598063,92.84266243598063,226.0,0.0,285.6825450439651,318.8426624359806,32.74750927388069,6.0,89.19748940068101
PROMO-006,78,promotion_driven,15,5,117.26821331481251,22.201293563606498,92.84266243598063,77.84266243598063,226.0,0.0,265.63235739216304,303.8426624359806,29.31705332870313,6.0,89.7300374199443
PROMO-006,79,promotion_driven,18,5,116.68496326995255,22.240526649362984,77.84266243598063,59.84266243598063,226.0,0.0,264.9160490427512,285.8426624359806,29.171240817488137,6.0,89.8886041378224
PROMO-006,80,promotion_driven,53,5,128.60253340320784,23.48212631790945,59.84266243598063,6.842662435980628,226.0,55.0,287.8105255696676,232.84266243598063,32.15063335080196,6.0,94.90672546485588
PROMO-006,81,promotion_driven,15,5,120.89767824141154,23.48212631790945,114.84266243598063,99.84266243598063,173.0,4.0,276.2532428269732,272.8426624359806,30.224419560352885,6.0,94.90672546485588
PROMO-006,82,promotion_driven,21,5,129.9981522590001,23.501227463851578,217.84266243598063,196.84266243598063,59.0,35.0,289.9811541541061,255.84266243598063,32.49953806475003,6.0,94.98392576560595
PROMO-006,83,promotion_driven,15,5,121.49614984884546,23.72924194062934,196.84266243598063,181.84266243598063,94.0,3.0,278.1497070902949,275.8426624359806,30.374037462211366,6.0,95.90548231702672
PROMO-006,84,promotion_driven,45,5,69.45234179296664,24.10447346501558,181.84266243598063,136.84266243598063,97.0,0.0,201.60055252722913,233.84266243598063,17.36308544824166,6.0,97.42203983777917
PROMO-006,85,promotion_driven,13,5,69.0075508372621,24.10447346501558,136.84266243598063,123.84266243598063,97.0,0.0,200.9333660936723,220.84266243598063,17.251887709315525,6.0,97.42203983777917
PROMO-006,86,promotion_driven,11,5,67.0760951885173,24.354486766118164,178.84266243598063,167.84266243598063,42.0,0.0,199.04665089796185,209.84266243598063,16.769023797129325,6.0,98.4325081151859
PROMO-006,87,promotion_driven,12,5,67.0760951885173,24.74925536305366,171.84266243598063,159.84266243598063,38.0,3.0,200.6421705857564,197.84266243598063,16.769023797129325,6.0,100.02802780298045
PROMO-006,88,promotion_driven,25,5,75.49656372727077,24.618369210085824,194.84266243598063,169.84266243598063,6.0,37.0,212.74387631676097,175.84266243598063,18.874140931817692,6.0,99.49903072585481
PROMO-006,89,promotion_driven,19,5,74.03900058899511,12.963953971073106,172.84266243598063,153.84266243598063,40.0,0.0,163.4543701422864,193.84266243598063,18.509750147248777,6.0,52.39586925879375
PROMO-006,90,promotion_driven,20,5,78.11053891434395,12.834748506720683,153.84266243598063,133.84266243598063,40.0,0.0,169.03947332189904,173.84266243598063,19.527634728585987,6.0,51.87366495038313
PROMO-006,91,promotion_driven,14,5,80.69940768744891,12.881113186486504,133.84266243598063,119.84266243598063,40.0,14.0,173.11016666395426,159.84266243598063,20.174851921862228,6.0,52.06105513278091
PROMO-006,92,promotion_driven,14,5,75.78542285586501,13.021678177719727,119.84266243598063,105.84266243598063,54.0,7.0,166.30730504854174,159.84266243598063,18.946355713966252,6.0,52.629170764744224
PROMO-006,93,promotion_driven,11,5,74.01773740398397,9.13292157035503,108.84266243598063,97.84266243598063,58.0,0.0,147.93875232455196,155.84266243598063,18.504434350995993,6.0,36.912146218576005
PROMO-006,94,promotion_driven,9,5,68.04441603153057,9.44756107450013,134.84266243598063,125.84266243598063,21.0,0.0,140.25043555870025,146.84266243598063,17.011104007882643,6.0,38.183811511404386
PROMO-006,95,promotion_driven,22,5,71.93474081761117,9.481425836731294,125.84266243598063,103.84266243598063,21.0,22.0,146.22279252757073,124.84266243598063,17.983685204402793,6.0,38.320681301153975
PROMO-006,96,promotion_driven,19,5,72.6950618912625,9.451631252505207,103.84266243598063,84.84266243598063,43.0,20.0,147.24285461610145,127.84266243598063,18.173765472815624,6.0,38.20026177920769
PROMO-006,97,promotion_driven,15,5,75.4574908325538,4.854287029431049,98.84266243598063,83.84266243598063,49.0,0.0,132.80560462257338,132.84266243598063,18.86437270813845,6.0,19.61936837374268
PROMO-006,98,promotion_driven,13,5,75.78542285586501,4.854287029431049,90.84266243598063,77.84266243598063,42.0,14.0,133.29750265754018,119.84266243598063,18.946355713966252,6.0,19.61936837374268
PROMO-006,99,promotion_driven,29,5,85.53107918643133,5.866025606000733,77.84266243598063,48.84266243598063,56.0,48.0,152.00508854177073,104.84266243598063,21.382769796607832,6.0,23.708469762123745
PROMO-007,75,promotion_driven,35,5,210.00851530158283,32.034836806682314,298.62092916720167,263.62092916720167,0.0,181.0,444.4866298323815,263.62092916720167,52.50212882539571,6.0,129.47385688000722
PROMO-007,76,promotion_driven,32,5,213.66716131914822,21.087728841492314,263.62092916720167,231.62092916720167,181.0,0.0,405.7301315468392,412.62092916720167,53.416790329787055,6.0,85.22938956811687
PROMO-007,77,promotion_driven,44,5,240.38518503815675,21.34034339953918,231.62092916720167,187.62092916720167,181.0,79.0,446.82814879389423,368.62092916720167,60.09629625953919,6.0,86.25037123665916
PROMO-007,78,promotion_driven,103,5,100.2331368937203,29.093130742672834,187.62092916720167,84.62092916720167,260.0,0.0,267.93419215096503,344.62092916720167,25.058284223430075,6.0,117.58448681038462
PROMO-007,79,promotion_driven,27,5,106.26658481431787,28.651307751958452,84.62092916720167,57.620929167201666,260.0,0.0,275.19866657345835,317.62092916720167,26.566646203579467,6.0,115.79878935198153
PROMO-007,80,promotion_driven,19,5,102.05870972104267,29.01149197588199,57.620929167201666,38.620929167201666,260.0,0.0,270.34259541086703,298.62092916720167,25.51467743026067,6.0,117.25453082930301
PROMO-007,81,promotion_driven,30,5,194.03200557027506,28.35444160928509,219.62092916720167,189.62092916720167,79.0,138.0,405.6469662644884,268.62092916720167,48.508001392568765,6.0,114.5989579090758
PROMO-007,82,promotion_driven,27,5,204.45523471545874,28.099639563342127,189.62092916720167,162.62092916720167,217.0,41.0,420.25198723560106,379.62092916720167,51.113808678864686,6.0,113.569135162413
PROMO-007,83,promotion_driven,15,5,163.21176059017964,23.02395630864867,241.62092916720167,226.62092916720167,179.0,0.0,337.87259983220235,405.62092916720167,40.80294014754491,6.0,93.05495894693289
PROMO-007,84,promotion_driven,56,5,195.4883557995461,22.818121453499742,226.62092916720167,170.62092916720167,179.0,36.0,385.455578541701,349.62092916720167,48.872088949886525,6.0,92.22304484238185
PROMO-007,85,promotion_driven,158,5,98.65650195860874,40.27326529393781,170.62092916720167,12.620929167201666,215.0,84.0,310.75552084362573,227.62092916720167,24.664125489652186,6.0,162.77076790571257
PROMO-007,86,promotion_driven,42,5,194.73543379388516,39.78870474947662,12.620929167201666,0.0,299.0,154.0,452.9154905589054,299.0,48.68385844847129,6.0,160.81233986807763
PROMO-007,87,promotion_driven,47,5,197.57582014386392,39.57449968908038,138.0,91.0,315.0,51.0,456.31032647169036,406.0,49.39395503596598,6.0,159.94659625589443
PROMO-007,88,promotion_driven,32,5,195.93788630759843,39.670598813937865,132.0,100.0,325.0,30.0,454.2418255213297,425.0,48.98447157689961,6.0,160.33499605993205
PROMO-007,89,promotion_driven,33,5,214.13490094367094,39.63665100086157,100.0,67.0,355.0,60.0,481.40014202257,422.0,53.533725235917736,6.0,160.19779060706355
PROMO-007,90,promotion_driven,132,5,97.99538290659056,45.80323020744165,103.0,0.0,379.0,0.0,332.114069616003,379.0,24.49884572664764,6.0,185.12099525611714
PROMO-007,91,promotion_driven,51,5,101.21762517736927,43.51937381713913,84.0,33.0,295.0,0.0,327.71686639881193,328.0,25.304406294342318,6.0,175.890428632758
PROMO-007,92,promotion_driven,32,5,94.54744705654898,43.30674726846103,187.0,155.0,141.0,21.0,316.8522354100313,296.0,23.636861764137244,6.0,175.03106482520786
PROMO-007,93,promotion_driven,22,5,92.6881423285202,43.124744518009464,206.0,184.0,111.0,19.0,313.32768543184557,295.0,23.17203558213005,6.0,174.2954719390653
PROMO-007,94,promotion_driven,41,5,98.67918493946297,42.76186295143046,214.0,173.0,100.0,48.0,320.8476061342121,273.0,24.669796234865743,6.0,172.82882872501764
PROMO-007,95,promotion_driven,37,5,96.2427095494896,42.3445876419183,233.0,196.0,88.0,32.0,315.50640892481704,284.0,24.0606773873724,6.0,171.14234460058262
PROMO-007,96,promotion_driven,33,5,182.66006924298753,41.254215013865604,196.0,163.0,120.0,158.0,440.72553512749,283.0,45.66501731074688,6.0,166.7354312630087
PROMO-007,97,promotion_driven,18,5,168.17274033552155,42.51048136214201,163.0,145.0,278.0,2.0,424.0719407978971,423.0,42.04318508388039,6.0,171.8128302946148
PROMO-007,98,promotion_driven,36,5,181.0403567962296,28.281778132906933,166.0,130.0,259.0,0.0,385.8658121773158,389.0,45.2600891990574,6.0,114.30527698297142
PROMO-007,99,promotion_driven,12,5,143.68701691966137,29.54548861393048,149.0,137.0,240.0,0.0,334.9432880333029,377.0,35.921754229915344,6.0,119.4127626538108
PROMO-008,75,promotion_driven,42,6,121.08396550059399,37.05816633763321,566.596797184326,524.596797184326,0.0,0.0,373.67398171222,524.596797184326,30.270991375148498,7.0,161.77704208618053
PROMO-008,76,promotion_driven,42,6,153.00206675591113,36.411114110518916,524.596797184326,482.59679718432596,0.0,0.0,426.7059590999704,482.59679718432596,38.25051668897778,7.0,158.95234227712592
PROMO-008,77,promotion_driven,49,6,229.2986207683491,35.939764421413024,482.59679718432596,433.59679718432596,0.0,125.0,558.1672564261659,433.59679718432596,57.32465519208728,7.0,156.89467008155495
PROMO-008,78,promotion_driven,39,6,237.0972908184245,35.96633040882711,433.59679718432596,394.59679718432596,125.0,53.0,571.9309025572483,519.596797184326,59.27432270460613,7.0,157.01064362500537
PROMO-008,79,promotion_driven,39,6,234.56477577174692,35.71091192855805,394.59679718432596,355.59679718432596,178.0,33.0,566.3839744901431,533.596797184326,58.64119394293673,7.0,155.89561688958605
PROMO-008,80,promotion_driven,59,6,298.16408024234875,34.701474142928085,355.59679718432596,296.59679718432596,211.0,166.0,673.2760670948281,507.59679718432596,74.54102006058719,7.0,151.48892667071786
PROMO-008,81,promotion_driven,188,6,235.83688347140847,50.14479035752366,296.59679718432596,108.59679718432596,377.0,147.0,631.6211100469022,485.59679718432596,58.95922086785212,7.0,218.90656397193746
PROMO-008,82,promotion_driven,25,6,254.5277835154909,50.73321371999779,108.59679718432596,83.59679718432596,524.0,60.0,666.898941230546,607.596797184326,63.63194587887273,7.0,221.47532007843697
PROMO-008,83,promotion_driven,23,6,263.4356973329333,47.29083502036177,83.59679718432596,60.596797184325965,584.0,23.0,667.4601217807946,644.596797184326,65.85892433323332,7.0,206.4476514481613
PROMO-008,84,promotion_driven,258,6,177.87489360872067,72.17153711284502,185.59679718432596,0.0,482.0,145.0,626.3451630627244,482.0,44.46872340218017,7.0,315.06409924746316
PROMO-008,85,promotion_driven,25,6,157.0097160062263,71.57701607897069,53.0,28.0,574.0,0.0,587.2357268303922,602.0,39.25242900155658,7.0,312.4687238194962
PROMO-008,86,promotion_driven,38,6,169.19749953463597,71.64093157492492,61.0,23.0,541.0,45.0,608.8433704420192,564.0,42.29937488365899,7.0,312.7477462564063
PROMO-008,87,promotion_driven,44,6,174.78218763954314,71.39210974143663,189.0,145.0,420.0,53.0,617.5303454835212,565.0,43.695546909885785,7.0,311.6615171143206
PROMO-008,88,promotion_driven,54,6,156.83672353948617,71.11898660983756,292.0,238.0,326.0,21.0,584.9334671006294,564.0,39.20918088487154,7.0,310.4692009065286
PROMO-008,89,promotion_driven,34,6,130.25760245461024,71.39606036678379,298.0,264.0,287.0,0.0,539.6295678240049,551.0,32.56440061365256,7.0,311.678763528437
PROMO-008,90,promotion_driven,44,6,134.08335941993795,71.516270338133,287.0,243.0,264.0,40.0,546.8494179006738,507.0,33.52083985498449,7.0,312.20353891578236
PROMO-008,91,promotion_driven,39,6,133.99213414397335,71.516270338133,388.0,349.0,159.0,39.0,546.6897736677357,508.0,33.498033535993336,7.0,312.20353891578236
PROMO-008,92,promotion_driven,18,6,113.73642689302979,72.4308688973891,349.0,331.0,198.0,0.0,515.2349565350464,529.0,28.434106723257447,7.0,316.1962094722443
PROMO-008,93,promotion_driven,44,6,139.1880288949793,72.65884455665181,376.0,332.0,153.0,76.0,560.7704854224435,485.0,34.79700722374483,7.0,317.1914348562297
PROMO-008,94,promotion_driven,23,6,112.81562809697266,62.99023123286047,385.0,362.0,176.0,0.0,472.41055250289594,538.0,28.203907024243165,7.0,274.9832033331938
PROMO-008,95,promotion_driven,53,6,120.96349814521157,62.48671653711485,383.0,330.0,155.0,0.0,484.47123688773877,485.0,30.240874536302893,7.0,272.78511513361855
PROMO-008,96,promotion_driven,42,6,134.25237692075237,61.930689132370034,330.0,288.0,155.0,63.0,505.2994428570343,443.0,33.56309423018809,7.0,270.35778324571766
PROMO-008,97,promotion_driven,23,6,123.05935763868189,11.647603473104107,328.0,305.0,178.0,0.0,266.20136843124067,483.0,30.764839409670472,7.0,50.84749256354736
PROMO-008,98,promotion_driven,36,6,160.32379949014845,11.089380459446737,344.0,308.0,139.0,0.0,328.9772248753939,447.0,40.08094987253711,7.0,48.41057576763417
PROMO-008,99,promotion_driven,45,6,153.5767112622633,11.266014242982166,308.0,263.0,139.0,0.0,317.94091343280076,402.0,38.394177815565826,7.0,49.181668723839984
PROMO-009,75,promotion_driven,16,5,172.24684223670187,36.25267452556309,512.5209147580592,496.52091475805923,0.0,0.0,404.891178113112,496.52091475805923,43.06171055917547,6.0,146.52091475805926
PROMO-009,76,promotion_driven,23,5,151.85644704128043,36.94451834707601,496.52091475805923,473.52091475805923,0.0,0.0,377.1017814882462,473.52091475805923,37.96411176032011,6.0,149.31711092632557
PROMO-009,77,promotion_driven,15,5,186.76253787679616,35.98468335135709,473.52091475805923,458.52091475805923,0.0,0.0,425.58159287983636,458.52091475805923,46.69063446919904,6.0,145.43778606464213
PROMO-009,78,promotion_driven,54,5,173.82541825594774,34.8458142282652,458.52091475805923,404.52091475805923,0.0,0.0,401.5729938601768,404.52091475805923,43.456354563986935,6.0,140.83486647625514
PROMO-009,79,promotion_driven,23,5,196.08555057524416,33.066754549097446,404.52091475805923,381.52091475805923,0.0,47.0,427.7728414198525,381.52091475805923,49.02138764381104,6.0,133.64451555698625
PROMO-009,80,promotion_driven,16,5,159.82829695215594,33.12563497214344,381.52091475805923,365.52091475805923,47.0,0.0,373.6249355225183,412.52091475805923,39.957074238038985,6.0,133.88249009428438
PROMO-009,81,promotion_driven,32,5,149.32960355768364,29.962583504371082,365.52091475805923,333.52091475805923,47.0,0.0,345.0929229225738,380.52091475805923,37.33240088942091,6.0,121.09851758604833
PROMO-009,82,promotion_driven,47,5,82.73770318004745,29.437678629214684,333.52091475805923,286.52091475805923,47.0,0.0,243.08358632852588,333.52091475805923,20.68442579501186,6.0,118.97703155845473
PROMO-009,83,promotion_driven,17,5,126.71438792240667,29.815028046874236,286.52091475805923,269.52091475805923,47.0,0.0,310.5737307632685,316.52091475805923,31.678596980601668,6.0,120.50214887965848
PROMO-009,84,promotion_driven,10,5,115.13393355388234,30.646244593625294,269.52091475805923,259.52091475805923,47.0,0.0,296.5625422792243,306.52091475805923,28.783483388470586,6.0,123.8616419484008
PROMO-009,85,promotion_driven,21,5,113.6785999755384,24.31444648130628,306.52091475805923,285.52091475805923,0.0,0.0,268.78857893803456,285.52091475805923,28.4196499938846,6.0,98.27067897472693
PROMO-009,86,promotion_driven,8,5,115.02084804980429,13.608538043901223,285.52091475805923,277.52091475805923,0.0,0.0,227.5323297568441,277.52091475805923,28.75521201245107,6.0,55.00105768213765
PROMO-009,87,promotion_driven,44,5,59.4334350512986,14.716552689978803,277.52091475805923,233.52091475805923,0.0,0.0,148.62942660127948,233.52091475805923,14.85835876282465,6.0,59.47927402433158
PROMO-009,88,promotion_driven,10,5,61.93081056765875,15.113671854419634,233.52091475805923,223.52091475805923,0.0,0.0,153.98050975375443,223.52091475805923,15.482702641914688,6.0,61.0842939022663
PROMO-009,89,promotion_driven,13,5,55.64271493887119,15.453403906832033,223.52091475805923,210.52091475805923,0.0,0.0,145.9214471037432,210.52091475805923,13.910678734717797,6.0,62.45737469543641
PROMO-009,90,promotion_driven,12,5,57.550602743274695,15.618036910030535,210.52091475805923,198.52091475805923,0.0,0.0,149.4486691172347,198.52091475805923,14.387650685818674,6.0,63.12276500232264
PROMO-009,91,promotion_driven,17,5,65.42402459314687,12.722380844754392,198.52091475805923,181.52091475805923,0.0,0.0,149.55555017168194,181.52091475805923,16.356006148286717,6.0,51.419513281961656
PROMO-009,92,promotion_driven,16,5,119.28604621061967,12.768149475379747,181.52091475805923,165.52091475805923,0.0,66.0,230.53356375346692,165.52091475805923,29.82151155265492,6.0,51.604494437537426
PROMO-009,93,promotion_driven,20,5,124.13853699946509,12.70574269517121,165.52091475805923,145.52091475805923,66.0,27.0,237.5600730695335,211.52091475805923,31.034634249866272,6.0,51.352267570335876
PROMO-009,94,promotion_driven,22,5,197.62609953690315,12.248495459673409,145.52091475805923,123.52091475805923,93.0,130.0,345.9433798937987,216.52091475805923,49.40652488422579,6.0,49.50423058844396
PROMO-009,95,promotion_driven,13,5,186.76309602499703,9.200055741191171,123.52091475805923,110.52091475805923,223.0,0.0,317.3281236197796,333.52091475805923,46.690774006249256,6.0,37.18347958228408
PROMO-009,96,promotion_driven,71,5,128.6574357154521,17.537505596979912,110.52091475805923,39.520914758059234,223.0,2.0,263.86675469495617,262.52091475805923,32.164358928863024,6.0,70.88060112177803
PROMO-009,97,promotion_driven,14,5,114.50421884426055,17.356739620574174,39.520914758059234,25.520914758059234,225.0,0.0,241.90633511983629,250.52091475805923,28.626054711065137,6.0,70.15000685344546
PROMO-009,98,promotion_driven,98,5,82.28759054563375,27.375826881318062,91.52091475805923,0.0,159.0,76.0,234.075117609345,159.0,20.571897636408437,6.0,110.64373179089436
PROMO-009,99,promotion_driven,12,5,86.76051498446576,27.159547596398305,27.0,15.0,208.0,17.0,239.91037734911373,223.0,21.69012874611644,6.0,109.76960487241512
PROMO-010,75,promotion_driven,18,6,100.81864097813555,41.18936880511885,428.0271012787954,410.0271012787954,0.0,0.0,356.24438546654636,410.0271012787954,25.204660244533887,7.0,179.81176375480916
PROMO-010,76,promotion_driven,51,6,129.62065771701282,40.24189677947913,410.0271012787954,359.0271012787954,0.0,44.0,402.5117354254266,359.0271012787954,32.405164429253205,7.0,175.67558442065416
PROMO-010,77,promotion_driven,28,6,120.35369888491543,20.316407415101853,359.0271012787954,331.0271012787954,44.0,0.0,299.31003961373835,375.0271012787954,30.088424721228858,7.0,88.69106656513637
PROMO-010,78,promotion_driven,35,6,229.43563113348054,11.560321173783224,331.0271012787954,296.0271012787954,44.0,112.0,451.9788170716677,340.0271012787954,57.358907783370135,7.0,50.46646258807677
PROMO-010,79,promotion_driven,61,6,242.02693867737736,12.8611918736271,296.0271012787954,235.02710127879539,156.0,89.0,479.69254286688897,391.0271012787954,60.50673466934434,7.0,56.145400181478564
PROMO-010,80,promotion_driven,33,6,246.76487634559,12.905971585436637,235.02710127879539,202.02710127879539,245.0,42.0,488.1794191552892,447.0271012787954,61.6912190863975,7.0,56.340885550506705
PROMO-010,81,promotion_driven,36,6,246.18865831158516,12.365170273693408,202.02710127879539,166.02710127879539,287.0,32.0,484.81017505949006,453.0271012787954,61.54716457789629,7.0,53.980023014216044
PROMO-010,82,promotion_driven,259,6,188.20167732174835,62.90550503813288,166.02710127879539,0.0,319.0,285.0,603.966267318963,319.0,47.05041933043709,7.0,274.61333200590343
PROMO-010,83,promotion_driven,29,6,178.49289954378716,62.96763515428441,44.0,15.0,560.0,13.0,587.2471345873673,575.0,44.62322488594679,7.0,274.88456038573986
PROMO-010,84,promotion_driven,45,6,186.59452180385182,62.639997052755575,15.0,0.0,573.0,27.0,599.9946727969674,573.0,46.648630450962955,7.0,273.4542596402267
PROMO-010,85,promotion_driven,49,6,172.91853373487146,62.65892614497173,112.0,63.0,488.0,26.0,576.1443284326563,551.0,43.229633433717865,7.0,273.53689439663117
PROMO-010,86,promotion_driven,58,6,137.9969272387979,62.39719750445731,152.0,94.0,425.0,0.0,513.8889433897837,519.0,34.499231809699474,7.0,272.3943207218873
PROMO-010,87,promotion_driven,56,6,126.49365649666707,61.70546250182475,136.0,80.0,383.0,28.0,490.73845758734944,463.0,31.623414124166768,7.0,269.3745587181821
PROMO-010,88,promotion_driven,82,6,257.7950841441579,60.76752675312946,112.0,30.0,379.0,308.0,716.4214071547303,409.0,64.44877103603947,7.0,265.280009902454
PROMO-010,89,promotion_driven,36,6,265.69359995135153,61.16025607432428,315.0,279.0,402.0,51.0,731.958265609453,681.0,66.42339998783788,7.0,266.9944656945878
PROMO-010,90,promotion_driven,27,6,194.5784640040672,61.207298039803476,292.0,265.0,440.0,0.0,607.7121389157442,705.0,48.6446160010168,7.0,267.1998269086265
PROMO-010,91,promotion_driven,52,6,192.20409465946196,60.762357611963175,292.0,240.0,413.0,0.0,601.6146097241831,653.0,48.05102366486549,7.0,265.2574440701247
PROMO-010,92,promotion_driven,171,6,124.9586916082432,67.679580680037,266.0,95.0,387.0,33.0,514.1322201866665,482.0,31.2396729020608,7.0,295.4545098722409
PROMO-010,93,promotion_driven,37,6,252.45144580985783,67.49748333390107,95.0,58.0,420.0,259.0,736.4495959572292,478.0,63.11286145246446,7.0,294.65956578997805
PROMO-010,94,promotion_driven,43,6,254.02866245423542,67.21301766465884,86.0,43.0,651.0,44.0,737.9678931462616,694.0,63.507165613558854,7.0,293.4177338513497
PROMO-010,95,promotion_driven,31,6,229.6648024909674,37.86480674377708,351.0,320.0,387.0,0.0,567.2118268003596,707.0,57.41620062274185,7.0,165.29842244116668
PROMO-010,96,promotion_driven,51,6,206.87010368966727,37.08583252886432,371.0,320.0,336.0,0.0,523.9205000149393,656.0,51.71752592241682,7.0,161.8978185580216
PROMO-010,97,promotion_driven,243,6,197.42269267823104,63.26663154196424,320.0,77.0,336.0,209.0,621.6795382124116,413.0,49.35567316955776,7.0,276.1898260255072
PROMO-010,98,promotion_driven,9,6,175.88270804148513,65.41465373352457,77.0,68.0,545.0,0.0,593.3617337718085,613.0,43.97067701037128,7.0,285.5669946992096
PROMO-010,99,promotion_driven,26,6,331.3122061743588,66.45376260305027,101.0,75.0,512.0,283.0,869.8995745332501,587.0,82.8280515435897,7.0,290.1032137281222
PROMO-011,75,promotion_driven,20,6,110.9399626360591,16.231893265246626,329.1697552599365,309.1697552599365,0.0,0.0,265.00509687762155,309.1697552599365,27.734990659014773,7.0,70.86016226451815
PROMO-011,76,promotion_driven,39,6,109.22764308548942,15.902749318826467,309.1697552599365,270.1697552599365,0.0,0.0,260.571663168304,270.1697552599365,27.306910771372355,7.0,69.42328776869746
PROMO-011,77,promotion_driven,35,6,135.7733721611234,13.452671072109018,270.1697552599365,235.1697552599365,0.0,62.0,296.3308977904486,235.1697552599365,33.94334304028085,7.0,58.72749650848266
PROMO-011,78,promotion_driven,22,6,123.52035709760706,13.944027303325868,235.1697552599365,213.1697552599365,62.0,2.0,277.03313197764885,275.1697552599365,30.880089274401765,7.0,60.872507056836525
PROMO-011,79,promotion_driven,33,6,133.51088932142807,11.013977133973547,213.1697552599365,180.1697552599365,64.0,38.0,281.7254596422049,244.1697552599365,33.37772233035702,7.0,48.08140332970579
PROMO-011,80,promotion_driven,22,6,117.51309306775094,11.435437497937306,180.1697552599365,158.1697552599365,102.0,0.0,255.5691970606261,260.1697552599365,29.378273266937736,7.0,49.92128419206193
PROMO-011,81,promotion_driven,33,6,206.13849848997012,10.579370346248249,158.1697552599365,125.1697552599365,102.0,180.0,406.9265042477576,227.1697552599365,51.53462462249253,7.0,46.18413189030986
PROMO-011,82,promotion_driven,35,6,211.13070811654433,10.597532368796625,125.1697552599365,90.1697552599365,282.0,44.0,415.7421572159612,372.1697552599365,52.78267702913608,7.0,46.26341801200862
PROMO-011,83,promotion_driven,30,6,201.8418428092649,9.835180182933565,90.1697552599365,60.169755259936494,326.0,10.0,396.15860234107595,386.1697552599365,50.460460702316226,7.0,42.93537742486238
PROMO-011,84,promotion_driven,20,6,182.94075603268132,8.540251602610859,122.1697552599365,102.1697552599365,274.0,0.0,357.4287031500004,376.1697552599365,45.73518900817033,7.0,37.2823800928081
PROMO-011,85,promotion_driven,72,6,103.69461178724593,14.539512918163242,104.1697552599365,32.169755259936494,272.0,0.0,244.93766398070744,304.1697552599365,25.923652946811483,7.0,63.47209335302706
PROMO-011,86,promotion_driven,19,6,94.35070188448238,14.28061264217671,70.1697552599365,51.169755259936494,234.0,0.0,227.45559517223774,285.1697552599365,23.587675471120594,7.0,62.34186687439358
PROMO-011,87,promotion_driven,37,6,102.8903924162863,14.008696932391306,51.169755259936494,14.169755259936494,234.0,0.0,241.21300838254936,248.1697552599365,25.722598104071576,7.0,61.15482165404833
PROMO-011,88,promotion_driven,17,6,86.14918309222952,14.246906996761044,194.1697552599365,177.1697552599365,54.0,0.0,212.95579563913975,231.1697552599365,21.53729577305738,7.0,62.19472522773811
PROMO-011,89,promotion_driven,10,6,92.16653579456674,15.267276888487464,221.1697552599365,211.1697552599365,10.0,7.0,227.94057708325983,221.1697552599365,23.041633948641685,7.0,66.64913944276802
PROMO-011,90,promotion_driven,20,6,85.74084463030644,15.3927222230474,221.1697552599365,201.1697552599365,7.0,10.0,217.24324785712946,208.1697552599365,21.43521115757661,7.0,67.19676975409318
PROMO-011,91,promotion_driven,39,6,81.93641712838725,15.519631901529568,201.1697552599365,162.1697552599365,17.0,32.0,211.13952261835198,179.1697552599365,20.484104282096812,7.0,67.7507926436743
PROMO-011,92,promotion_driven,26,6,158.74656905529474,15.519631901529568,162.1697552599365,136.1697552599365,49.0,161.0,345.5572884904401,185.1697552599365,39.686642263823686,7.0,67.7507926436743
PROMO-011,93,promotion_driven,31,6,178.03396863800796,15.37021762186826,136.1697552599365,105.1697552599365,210.0,64.0,378.6579712667839,315.1697552599365,44.50849215950199,7.0,67.09852615026995
PROMO-011,94,promotion_driven,23,6,176.83780700189288,15.453403906832053,105.1697552599365,82.1697552599365,274.0,21.0,376.9278372707166,356.1697552599365,44.20945175047322,7.0,67.46167501740409
PROMO-011,95,promotion_driven,23,6,155.25711412119816,15.43348009012574,82.1697552599365,59.169755259936494,295.0,0.0,339.0746475136168,354.1697552599365,38.81427853029954,7.0,67.37469780152006
PROMO-011,96,promotion_driven,67,6,139.27711703350292,18.825787006397803,66.1697552599365,0.0,288.0,38.0,325.9187333877296,288.0,34.81927925837573,7.0,82.18377857909954
PROMO-011,97,promotion_driven,21,6,127.16246755564865,18.77873865947938,10.0,0.0,316.0,0.0,304.512707729339,316.0,31.79061688891216,7.0,81.97838950695386
PROMO-011,98,promotion_driven,29,6,144.87668772543847,14.217630802669813,32.0,3.0,284.0,29.0,315.60112382457066,287.0,36.21917193135962,7.0,62.066920305053344
PROMO-011,99,promotion_driven,17,6,125.96405168106729,14.331693406483259,164.0,147.0,152.0,0.0,283.00194986483285,299.0,31.491012920266822,7.0,62.56485942296508
PROMO-012,75,promotion_driven,38,4,107.45701546144933,47.53311935795331,265.9455935269966,227.94559352699662,0.0,82.0,309.695291337353,227.94559352699662,26.864253865362333,5.0,175.37402201054135
PROMO-012,76,promotion_driven,18,4,92.69725473678305,47.79818685543069,227.94559352699662,209.94559352699662,82.0,1.0,292.22356018744574,291.9455935269966,23.174313684195763,5.0,176.3519917664669
PROMO-012,77,promotion_driven,25,4,105.09897928658218,28.39736354681994,209.94559352699662,184.94559352699662,83.0,0.0,236.14614230779318,267.9455935269966,26.274744821645545,5.0,104.77241819956545
PROMO-012,78,promotion_driven,14,4,95.96273613985542,7.958224257542353,184.94559352699662,170.94559352699662,83.0,0.0,149.3153853679059,253.94559352699662,23.990684034963856,5.0,29.36196519308662
PROMO-012,79,promotion_driven,22,4,92.03202347401229,7.951777740277416,170.94559352699662,148.94559352699662,83.0,0.0,144.37821003174483,231.94559352699662,23.008005868503073,5.0,29.33818068922945
PROMO-012,80,promotion_driven,25,4,172.3763342675253,8.05589448152333,230.94559352699662,205.94559352699662,1.0,39.0,245.19273850682174,206.94559352699662,43.094083566881324,5.0,29.722320672415123
PROMO-012,81,promotion_driven,8,4,144.21546848526583,8.5574978370299,206.94559352699662,198.94559352699662,39.0,0.0,211.84232796007763,237.94559352699662,36.05386712131646,5.0,31.57299235349535
PROMO-012,82,promotion_driven,31,4,175.9053822918332,8.542503086002428,198.94559352699662,167.94559352699662,39.0,45.0,251.39939690199174,206.94559352699662,43.9763455729583,5.0,31.517669037200214
PROMO-012,83,promotion_driven,12,4,152.32541652538325,8.360468641017565,167.94559352699662,155.94559352699662,84.0,0.0,221.25282139509548,239.94559352699662,38.08135413134581,5.0,30.846050738366426
PROMO-012,84,promotion_driven,134,4,104.34603192415527,32.56315363042984,155.94559352699662,21.945593526996618,84.0,145.0,250.5746912862209,105.94559352699662,26.086507981038817,5.0,120.1421513810268
PROMO-012,85,promotion_driven,22,4,175.58624911881645,32.59463539311734,60.94559352699662,38.94559352699662,190.0,111.0,339.74111512589167,228.94559352699662,43.89656227970411,5.0,120.25830372737109
PROMO-012,86,promotion_driven,14,4,135.2592822515463,32.51193074896725,38.94559352699662,24.945593526996618,301.0,0.0,289.027266751286,325.9455935269966,33.814820562886574,5.0,119.9531639368531
PROMO-012,87,promotion_driven,13,4,215.8315416917969,32.655937536844014,69.94559352699662,56.94559352699662,256.0,78.0,390.27390584700703,312.9455935269966,53.957885422949225,5.0,120.48447873226094
PROMO-012,88,promotion_driven,21,4,191.87338135079094,32.602501083859785,56.94559352699662,35.94559352699662,334.0,0.0,360.12905097752343,369.9455935269966,47.968345337697734,5.0,120.28732428903474
PROMO-012,89,promotion_driven,115,4,248.6977888888641,40.3886566964487,180.94559352699662,65.94559352699662,189.0,205.0,459.88667623479637,254.94559352699662,62.174447222216024,5.0,149.0144401237163
PROMO-012,90,promotion_driven,17,4,229.661652326503,40.61529963083573,176.94559352699662,159.94559352699662,283.0,0.0,436.9277073948956,442.9455935269966,57.41541308162575,5.0,149.85064198676682
PROMO-012,91,promotion_driven,97,4,177.03143215772815,43.54852878082519,159.94559352699662,62.94559352699662,283.0,37.0,381.9621168093116,345.9455935269966,44.25785803943204,5.0,160.67282661215143
PROMO-012,92,promotion_driven,20,4,171.3009569321941,43.62412294320772,140.94559352699662,120.94559352699662,242.0,13.0,375.07792835894674,362.9455935269966,42.82523923304853,5.0,160.9517321937041
PROMO-012,93,promotion_driven,86,4,95.61852229503003,45.05281800571869,120.94559352699662,34.94559352699662,255.0,0.0,285.74607287266485,289.9455935269966,23.904630573757508,5.0,166.22292000387728
PROMO-012,94,promotion_driven,16,4,91.84081127549952,44.55146836338095,239.94559352699662,223.94559352699662,50.0,6.0,279.17419849499373,273.9455935269966,22.96020281887488,5.0,164.37318440061932
PROMO-012,95,promotion_driven,14,4,73.71051169181523,45.272111752867275,223.94559352699662,209.94559352699662,56.0,0.0,259.1701465659934,265.9455935269966,18.427627922953807,5.0,167.03200695122433
PROMO-012,96,promotion_driven,18,4,76.88461967554507,44.94041639372099,246.94559352699662,228.94559352699662,19.0,14.0,261.91398748371637,247.94559352699662,19.221154918886267,5.0,165.80821288928502
PROMO-012,97,promotion_driven,30,4,90.44506758162338,36.21658495276752,241.94559352699662,211.94559352699662,20.0,15.0,246.67786515804812,231.94559352699662,22.611266895405844,5.0,133.6215306810189
PROMO-012,98,promotion_driven,21,4,86.90824702059619,36.25249770351818,211.94559352699662,190.94559352699662,35.0,17.0,242.389339987461,225.94559352699662,21.727061755149048,5.0,133.75403121171576
PROMO-012,99,promotion_driven,18,4,89.4216321671009,36.05675725283327,196.94559352699662,178.94559352699662,46.0,20.0,244.80888464702335,224.94559352699662,22.355408041775224,5.0,133.03184443814723
PROMO-013,75,promotion_driven,87,4,197.0865168379315,25.892281792268836,311.5232564741733,224.5232564741733,0.0,118.0,341.88803464456817,224.5232564741733,49.271629209482875,5.0,95.52988859715379
PROMO-013,76,promotion_driven,25,4,166.78149761127617,25.55587142131068,224.5232564741733,199.5232564741733,118.0,0.0,302.7655704558817,317.5232564741733,41.69537440281904,5.0,94.28869844178651
PROMO-013,77,promotion_driven,27,4,169.14005868767964,24.713745785882615,199.5232564741733,172.5232564741733,118.0,13.0,302.60673902680566,290.5232564741733,42.28501467191991,5.0,91.1816656672061
PROMO-013,78,promotion_driven,97,4,124.49311789992214,28.50101212777701,172.5232564741733,75.52325647417331,131.0,55.0,260.77122827457396,206.5232564741733,31.123279474980535,5.0,105.15483089967127
PROMO-013,79,promotion_driven,22,4,109.88953756922791,28.230734297470175,75.52325647417331,53.52325647417331,186.0,2.0,241.51955951893373,239.5232564741733,27.472384392306978,5.0,104.15763755739883
PROMO-013,80,promotion_driven,26,4,179.7651907230627,27.47119703738202,171.5232564741733,145.5232564741733,70.0,111.0,326.0618040019755,215.5232564741733,44.94129768076567,5.0,101.35531559814709
PROMO-013,81,promotion_driven,33,4,271.0664702301145,27.566237245903473,145.5232564741733,112.52325647417331,181.0,148.0,440.53905539109223,293.5232564741733,67.76661755752862,5.0,101.70596760344915
PROMO-013,82,promotion_driven,26,4,265.73129906683806,27.934906020228066,125.52325647417331,99.52325647417331,316.0,20.0,435.2302993639394,415.5232564741733,66.43282476670952,5.0,103.06617553039182
PROMO-013,83,promotion_driven,18,4,217.21048749193534,27.786272205478067,154.5232564741733,136.5232564741733,281.0,0.0,374.0308986279764,417.5232564741733,54.302621872983835,5.0,102.51778926305722
PROMO-013,84,promotion_driven,56,4,178.6289240883378,28.05489125049183,138.5232564741733,82.52325647417331,279.0,0.0,326.7950176072376,361.5232564741733,44.65723102208445,5.0,103.5088624968153
PROMO-013,85,promotion_driven,90,4,118.94640723172094,28.938263198109816,193.5232564741733,103.52325647417331,168.0,0.0,255.4510830815453,271.5232564741733,29.736601807930235,5.0,106.76807404189412
PROMO-013,86,promotion_driven,42,4,191.0124856805198,28.145911029709232,251.5232564741733,209.5232564741733,20.0,114.0,342.6102881799498,229.5232564741733,47.75312142012995,5.0,103.84468107930006
PROMO-013,87,promotion_driven,38,4,271.50664709647623,28.165718387921377,229.5232564741733,191.5232564741733,114.0,138.0,443.30106943893344,305.5232564741733,67.87666177411906,5.0,103.91776056833818
PROMO-013,88,promotion_driven,36,4,288.9455302810403,25.252570318530104,191.5232564741733,155.5232564741733,252.0,47.0,454.3515781853646,407.5232564741733,72.23638257026008,5.0,93.16966533406426
PROMO-013,89,promotion_driven,31,4,400.81604866816275,24.984610647972268,155.5232564741733,124.52325647417331,299.0,170.0,593.2010857055847,423.5232564741733,100.20401216704069,5.0,92.18102487038124
PROMO-013,90,promotion_driven,98,4,279.75002631642934,28.950665374754788,124.52325647417331,26.52325647417331,469.0,0.0,456.50136491900855,495.5232564741733,69.93750657910734,5.0,106.81383202347186
PROMO-013,91,promotion_driven,127,4,268.7955773446175,34.00886008237507,140.5232564741733,13.523256474173309,355.0,93.0,461.470574600197,368.5232564741733,67.19889433615438,5.0,125.4761029194251
PROMO-013,92,promotion_driven,27,4,268.73822710071056,33.69927336962959,151.5232564741733,124.52325647417331,310.0,26.0,460.2566628531744,434.5232564741733,67.18455677517764,5.0,124.33387897728626
PROMO-013,93,promotion_driven,145,4,262.94242778500745,41.85689907291271,171.5232564741733,26.52325647417331,289.0,168.0,483.1095729609876,315.5232564741733,65.73560694625186,5.0,154.43153822972823
PROMO-013,94,promotion_driven,32,4,261.205647068156,41.90954851117174,196.5232564741733,164.5232564741733,287.0,30.0,481.1328478077485,451.5232564741733,65.301411767039,5.0,154.62578897255347
PROMO-013,95,promotion_driven,130,4,198.29137256666186,44.919300859915346,164.5232564741733,34.52325647417331,317.0,63.0,413.5945225788108,351.5232564741733,49.572843141665466,5.0,165.73030687048353
PROMO-013,96,promotion_driven,32,4,202.36291898649435,43.80258744260056,127.52325647417331,95.52325647417331,287.0,33.0,414.56382786797326,382.5232564741733,50.59072974662359,5.0,161.61017913485531
PROMO-013,97,promotion_driven,73,4,141.1299982316696,43.668036776313144,121.52325647417331,48.52325647417331,294.0,0.0,337.526250604652,342.5232564741733,35.2824995579174,5.0,161.113752815065
PROMO-013,98,promotion_driven,18,4,97.49792802453516,45.35811916690302,216.5232564741733,198.5232564741733,126.0,0.0,289.2217423820756,324.5232564741733,24.37448200613379,5.0,167.34933235140664
PROMO-013,99,promotion_driven,17,4,88.42166811997072,46.86300273820519,228.5232564741733,211.5232564741733,96.0,0.0,283.42870374139966,307.5232564741733,22.10541702999268,5.0,172.90161859143623
PROMO-014,75,promotion_driven,29,4,293.39696591092485,36.625268004620196,347.56749210518126,318.56749210518126,0.0,184.0,501.87557916024616,318.56749210518126,73.34924147773121,5.0,135.1293717715901
PROMO-014,76,promotion_driven,17,4,251.5684787544328,36.92421205520079,318.56749210518126,301.56749210518126,184.0,0.0,450.69292792526716,485.56749210518126,62.8921196886082,5.0,136.2323294822262
PROMO-014,77,promotion_driven,77,4,269.56686830597323,36.182408248576635,301.56749210518126,224.56749210518126,184.0,62.0,470.4540206976862,408.56749210518126,67.39171707649331,5.0,133.49543531521965
PROMO-014,78,promotion_driven,144,4,298.8991383950261,45.036310137146344,224.56749210518126,80.56749210518126,246.0,214.0,539.7859370157792,326.56749210518126,74.72478459875653,5.0,166.16201402199647
PROMO-014,79,promotion_driven,23,4,303.0593767944637,44.93057322421349,80.56749210518126,57.56749210518126,460.0,28.0,544.5961173887455,517.5674921051813,75.76484419861592,5.0,165.7718963956659
PROMO-014,80,promotion_driven,33,4,303.48962594643933,35.67247736036342,241.56749210518126,208.56749210518126,304.0,0.0,510.97607153398076,512.5674921051813,75.87240648660983,5.0,131.61403910093154
PROMO-014,81,promotion_driven,177,4,250.97353057611076,50.74546840952957,208.56749210518126,31.56749210518126,304.0,166.0,500.9429361278693,335.56749210518126,62.74338264402769,5.0,187.22602290773082
PROMO-014,82,promotion_driven,166,4,170.68089929057933,57.90144145940516,93.56749210518126,0.0,408.0,19.0,426.9791966256742,408.0,42.67022482264483,5.0,213.62807251245005
PROMO-014,83,promotion_driven,24,4,172.97456457905875,57.777535338084384,214.0,190.0,213.0,27.0,429.38912509460584,403.0,43.24364114476469,5.0,213.1709193707824
PROMO-014,84,promotion_driven,27,4,182.60486225551105,57.939402473397664,218.0,191.0,212.0,40.0,442.02420795467924,403.0,45.65121556387776,5.0,213.76813013529042
PROMO-014,85,promotion_driven,22,4,145.43207495848733,58.816969468308194,191.0,169.0,252.0,0.0,398.7960179348594,421.0,36.35801873962183,5.0,217.0059242367502
PROMO-014,86,promotion_driven,27,4,110.08849691869385,59.71964415027854,335.0,308.0,86.0,0.0,357.94697460336613,394.0,27.522124229673462,5.0,220.3363534549988
PROMO-014,87,promotion_driven,27,4,108.81539474031801,59.98055240381392,327.0,300.0,67.0,0.0,357.3182210552095,367.0,27.203848685079503,5.0,221.29897762981196
PROMO-014,88,promotion_driven,22,4,183.65718098502057,60.32221175296237,327.0,305.0,40.0,108.0,452.13101018533075,345.0,45.91429524625514,5.0,222.559533954055
PROMO-014,89,promotion_driven,19,4,171.19033451594112,60.204565803514804,345.0,326.0,108.0,3.0,436.1133959375817,434.0,42.79758362898528,5.0,222.1254777926553
PROMO-014,90,promotion_driven,34,4,180.02500788453528,60.41024280614535,326.0,292.0,111.0,45.0,447.91558545115333,403.0,45.00625197113382,5.0,222.88432559548426
PROMO-014,91,promotion_driven,15,4,135.62470634354352,55.367768092905315,292.0,277.0,156.0,0.0,373.81093673942667,433.0,33.90617658588588,5.0,204.2800538099973
PROMO-014,92,promotion_driven,103,4,97.23315207777475,56.85744657271579,277.0,174.0,156.0,2.0,331.31768077724905,330.0,24.308288019443687,5.0,209.77624068003064
PROMO-014,93,promotion_driven,26,4,90.15639273371559,57.10078808562978,282.0,256.0,50.0,18.0,323.36954306880364,306.0,22.539098183428898,5.0,210.67405215165914
PROMO-014,94,promotion_driven,20,4,94.43069769772194,43.72539601204608,259.0,239.0,65.0,0.0,279.3637525351073,304.0,23.607674424430485,5.0,161.32538041295487
PROMO-014,95,promotion_driven,23,4,100.14073112961171,22.447945483056017,284.0,261.0,20.0,0.0,207.99788180329693,281.0,25.035182782402927,5.0,82.82196789128231
PROMO-014,96,promotion_driven,22,4,106.17737067633281,22.49871791219016,261.0,239.0,20.0,0.0,215.73100673152743,259.0,26.544342669083203,5.0,83.00929338611142
PROMO-014,97,promotion_driven,18,4,94.30434885700653,22.728328646799387,241.0,223.0,18.0,0.0,201.7368810554369,241.0,23.576087214251633,5.0,83.85644498417874
PROMO-014,98,promotion_driven,18,4,92.44947884601066,22.858819764494395,241.0,223.0,0.0,0.0,199.89974210757492,223.0,23.112369711502666,5.0,84.3378935500616
PROMO-014,99,promotion_driven,15,4,81.46192134556847,23.17630310556505,223.0,208.0,0.0,0.0,187.33665388041243,208.0,20.365480336392118,5.0,85.50925219845185
PROMO-015,75,promotion_driven,107,5,201.73803500187512,40.334339889961925,400.7877790345915,293.7877790345915,0.0,172.0,465.6246630427596,293.7877790345915,50.43450875046878,6.0,163.01761053994696
PROMO-015,76,promotion_driven,32,5,293.9598503235673,40.607565292373266,293.7877790345915,261.7877790345915,172.0,172.0,605.0616696794107,433.7877790345915,73.48996258089183,6.0,164.1218941940597
PROMO-015,77,promotion_driven,34,5,281.11054475043926,41.22017181068709,261.7877790345915,227.7877790345915,344.0,17.0,588.2636574016221,571.7877790345915,70.27763618760982,6.0,166.59784027596322
PROMO-015,78,promotion_driven,142,5,297.3507797107838,46.2238144860528,227.7877790345915,85.7877790345915,361.0,187.0,632.8470226684087,446.7877790345915,74.33769492769595,6.0,186.82085310223303
PROMO-015,79,promotion_driven,55,5,296.95809402348,44.3650358982883,85.7877790345915,30.787779034591495,548.0,46.0,624.7454466474767,578.7877790345915,74.23952350587,6.0,179.30830561225667
PROMO-015,80,promotion_driven,87,5,232.65411228116622,40.0678911029255,30.787779034591495,0.0,594.0,0.0,510.9218840698387,594.0,58.163528070291555,6.0,161.94071564808942
PROMO-015,81,promotion_driven,43,5,224.93437617081696,40.51258114177902,172.0,129.0,422.0,0.0,501.1395649909827,551.0,56.23359404270424,6.0,163.73800073475724
PROMO-015,82,promotion_driven,93,5,140.61910100937976,35.041550428173906,301.0,208.0,250.0,0.0,352.55461678337156,458.0,35.15477525234494,6.0,141.6259652693019
PROMO-015,83,promotion_driven,27,5,130.5681417765714,36.20171408323232,225.0,198.0,233.0,0.0,342.1671627396345,431.0,32.64203544414285,6.0,146.31495007477736
PROMO-015,84,promotion_driven,22,5,110.05426773964567,37.700574708263154,385.0,363.0,46.0,0.0,317.454233833589,409.0,27.513566934911417,6.0,152.37283222412046
PROMO-015,85,promotion_driven,42,5,122.82697603955805,37.79584158377266,409.0,367.0,0.0,0.0,336.99833242019696,367.0,30.706744009889512,6.0,152.7578683608599
PROMO-015,86,promotion_driven,29,5,127.4568199270669,38.564631065663875,367.0,338.0,0.0,10.0,347.05028246937627,338.0,31.864204981766726,6.0,155.8650525787759
PROMO-015,87,promotion_driven,23,5,110.63431692538153,38.25689145225657,338.0,315.0,10.0,0.0,320.5727496731409,325.0,27.65857923134538,6.0,154.6212742850686
PROMO-015,88,promotion_driven,21,5,112.79033198522,36.19852667351713,315.0,294.0,10.0,12.0,315.48756563239175,304.0,28.197582996305,6.0,146.30206765456174
PROMO-015,89,promotion_driven,17,5,96.75349670784782,37.049170377230084,294.0,277.0,22.0,0.0,294.8703237108966,299.0,24.188374176961954,6.0,149.74007864912488
PROMO-015,90,promotion_driven,18,5,89.05867003824379,37.84075946546362,277.0,259.0,22.0,6.0,286.5274161375004,281.0,22.264667509560947,6.0,152.93941108013468
PROMO-015,91,promotion_driven,19,5,92.69038349898713,25.706180041143593,259.0,240.0,28.0,0.0,242.93116540439686,268.0,23.172595874746783,6.0,103.89559015591615
PROMO-015,92,promotion_driven,22,5,95.02201805753909,25.532784355081088,250.0,228.0,18.0,0.0,245.7278111673774,246.0,23.75550451438477,6.0,103.19478408106878
PROMO-015,93,promotion_driven,22,5,101.88713438719856,20.500156347121028,228.0,206.0,18.0,12.0,235.68532403204313,224.0,25.47178359679964,6.0,82.85462245124529
PROMO-015,94,promotion_driven,14,5,87.91392691230473,20.61770461495992,218.0,204.0,18.0,0.0,215.20060272568531,222.0,21.978481728076183,6.0,83.32971235722822
PROMO-015,95,promotion_driven,18,5,89.68969591963632,7.077410797017447,204.0,186.0,18.0,0.0,163.13901838150377,204.0,22.42242397990908,6.0,28.6044745020493
PROMO-015,96,promotion_driven,17,5,88.43877510788805,7.104530876444585,192.0,175.0,12.0,0.0,161.37224725190876,187.0,22.109693776972012,6.0,28.71408459007669
PROMO-015,97,promotion_driven,16,5,86.02067570002363,7.2862708973616295,175.0,159.0,12.0,0.0,158.47962916330982,171.0,21.505168925005908,6.0,29.44861561327437
PROMO-015,98,promotion_driven,22,5,93.53661261978492,3.8911470855033183,159.0,137.0,12.0,8.0,156.03160497111907,149.0,23.38415315494623,6.0,15.726686041441708
PROMO-015,99,promotion_driven,9,5,141.14392235836246,3.9239566635516123,149.0,140.0,8.0,80.0,227.57517467506105,148.0,35.285980589590615,6.0,15.85929113751737
PROMO-016,75,promotion_driven,63,5,140.72571299553476,20.207259421636895,219.71108780836147,156.71108780836147,0.0,137.0,292.75940272034836,156.71108780836147,35.18142824888369,6.0,81.6708332270462
PROMO-016,76,promotion_driven,15,5,132.411015811539,16.813456149534144,156.71108780836147,141.71108780836147,137.0,0.0,266.57076454268923,278.71108780836147,33.10275395288475,6.0,67.95424082538074
PROMO-016,77,promotion_driven,22,5,145.154367329865,16.813456149534144,141.71108780836147,119.71108780836147,137.0,29.0,285.6857918201782,256.71108780836147,36.28859183246625,6.0,67.95424082538074
PROMO-016,78,promotion_driven,78,5,80.56766846093043,22.477339015790303,119.71108780836147,41.71108780836147,166.0,4.0,211.69722144238915,207.71108780836147,20.14191711523261,6.0,90.84571875099348
PROMO-016,79,promotion_driven,8,5,74.49219146547091,22.9548050944258,41.71108780836147,33.71108780836147,170.0,1.0,204.51376058173838,203.71108780836147,18.623047866367727,6.0,92.775473383532
PROMO-016,80,promotion_driven,22,5,74.14824856793695,22.8562957718493,33.71108780836147,11.71108780836147,171.0,21.0,203.599705236325,182.71108780836147,18.537062141984237,6.0,92.37733238441957
PROMO-016,81,promotion_driven,26,5,80.86347765078862,22.477624201494013,148.71108780836147,122.71108780836147,55.0,35.0,212.14208785027887,177.71108780836147,20.215869412697156,6.0,90.84687137409593
PROMO-016,82,promotion_driven,14,5,130.33042928094,22.52719154653679,122.71108780836147,108.71108780836147,90.0,88.0,286.5428495558837,198.71108780836147,32.582607320235,6.0,91.04720563447374
PROMO-016,83,promotion_driven,20,5,214.87168044320188,22.2243802370972,137.71108780836147,117.71108780836147,149.0,146.0,412.1308665250994,266.71108780836147,53.71792011080047,6.0,89.82334586029657
PROMO-016,84,promotion_driven,20,5,224.21253098879723,22.015728643229306,121.71108780836147,101.71108780836147,291.0,33.0,425.29884394415103,392.71108780836147,56.05313274719931,6.0,88.98004746095519
PROMO-016,85,promotion_driven,24,5,216.14221046243424,21.565939432117098,102.71108780836147,78.71108780836147,323.0,10.0,411.3754689572006,401.71108780836147,54.03555261560856,6.0,87.16215326354927
PROMO-016,86,promotion_driven,86,5,201.8157863718381,26.19625144450231,99.71108780836147,13.71108780836147,312.0,83.0,408.5999707586749,325.71108780836147,50.453946592959525,6.0,105.87629120091773
PROMO-016,87,promotion_driven,74,5,222.93370753265293,27.82799733896486,48.71108780836147,0.0,360.0,87.0,446.87181147156616,360.0,55.73342688316323,6.0,112.47125017258679
PROMO-016,88,promotion_driven,93,5,226.40524157962582,31.258434759113303,88.0,0.0,359.0,107.0,465.9437676439823,359.0,56.601310394906456,6.0,126.33590527454356
PROMO-016,89,promotion_driven,17,5,276.0163554852074,31.13720669915078,146.0,129.0,320.0,91.0,539.8704761348187,449.0,69.00408887130185,6.0,125.84594290700765
PROMO-016,90,promotion_driven,25,5,301.0904653035605,31.0134379476596,162.0,137.0,378.0,62.0,576.9814098883782,515.0,75.27261632589013,6.0,125.34571193303735
PROMO-016,91,promotion_driven,108,5,235.9535567223058,35.01519816542671,147.0,39.0,430.0,27.0,495.4497935172182,469.0,58.98838918057645,6.0,141.51945843375955
PROMO-016,92,promotion_driven,85,5,178.38273080792217,35.42163615210775,122.0,37.0,374.0,0.0,410.7362380167397,411.0,44.59568270198054,6.0,143.16214180485645
PROMO-016,93,promotion_driven,71,5,93.21323631933453,35.11884584284245,124.0,53.0,287.0,0.0,281.75822138520505,340.0,23.30330907983363,6.0,141.93836690620324
PROMO-016,94,promotion_driven,31,5,94.33856564400412,34.848573527808504,160.0,129.0,180.0,0.0,282.35386708754345,309.0,23.58464141100103,6.0,140.8460186215373
PROMO-016,95,promotion_driven,20,5,94.1308660539971,34.34832881389852,220.0,200.0,89.0,0.0,280.02049961478633,289.0,23.532716513499274,6.0,138.8242005337907
PROMO-016,96,promotion_driven,26,5,82.862476040114,33.922422808973536,262.0,236.0,27.0,0.0,261.3965481497134,263.0,20.7156190100285,6.0,137.1028340895424
PROMO-016,97,promotion_driven,33,5,101.81269119563301,33.07160064512705,263.0,230.0,0.0,57.0,286.38313861358887,230.0,25.453172798908252,6.0,133.66410182013936
PROMO-016,98,promotion_driven,21,5,168.7219142036022,33.302806534538824,230.0,209.0,57.0,122.0,387.6814282756083,266.0,42.18047855090055,6.0,134.59855697020498
PROMO-016,99,promotion_driven,25,5,222.3867210725923,32.56669684800321,209.0,184.0,179.0,103.0,465.2035349199851,363.0,55.59668026814808,6.0,131.62345331109663
PROMO-017,75,promotion_driven,35,6,171.69266228669954,17.534946791318156,328.74944813131583,293.74944813131583,0.0,84.0,377.0107879649777,293.74944813131583,42.923165571674886,7.0,76.54862896325345
PROMO-017,76,promotion_driven,108,6,209.54289257678246,26.441759901085764,293.74944813131583,185.74944813131583,84.0,213.0,482.1312915358714,269.74944813131583,52.385723144195616,7.0,115.43122952650208
PROMO-017,77,promotion_driven,28,6,282.4879750351818,26.644622298615868,185.74944813131583,157.74944813131583,297.0,156.0,610.6707795375514,454.74944813131583,70.62199375879545,7.0,116.31682322598319
PROMO-017,78,promotion_driven,21,6,276.7706506682371,26.922252734637436,157.74944813131583,136.74944813131583,453.0,13.0,601.8774546940558,589.7494481313158,69.19266266705928,7.0,117.52881602464078
PROMO-017,79,promotion_driven,46,6,372.81138135364756,26.73492865628055,136.74944813131583,90.74944813131583,466.0,213.0,769.130972065778,556.7494481313158,93.20284533841189,7.0,116.71105469689473
PROMO-017,80,promotion_driven,113,6,277.95323664512654,32.71301003639113,90.74944813131583,0.0,679.0,0.0,629.2264712968455,679.0,69.48830916128163,7.0,142.80830716787406
PROMO-017,81,promotion_driven,130,6,213.1092219780336,39.1101337776102,0.0,0.0,679.0,0.0,543.6760231962979,679.0,53.2773054945084,7.0,170.73488473473913
PROMO-017,82,promotion_driven,30,6,204.73364430089478,39.36889960883157,84.0,54.0,595.0,0.0,530.1484018227059,649.0,51.183411075223695,7.0,171.86452429614002
PROMO-017,83,promotion_driven,97,6,128.888184380337,40.728462925915764,267.0,170.0,382.0,0.0,403.3540065690037,552.0,32.22204609508425,7.0,177.7996839034139
PROMO-017,84,promotion_driven,33,6,223.32072229542837,39.789993588132084,326.0,293.0,226.0,46.0,564.5140697270357,519.0,55.83018057385709,7.0,173.70280571003602
PROMO-017,85,promotion_driven,33,6,289.8433038100888,38.883290195278725,306.0,273.0,259.0,145.0,676.9703830885503,532.0,72.4608259525222,7.0,169.74460142089498
PROMO-017,86,promotion_driven,41,6,289.18449826595355,38.964809896320716,486.0,445.0,191.0,41.0,676.1733467985642,636.0,72.29612456648839,7.0,170.10047483314557
PROMO-017,87,promotion_driven,39,6,293.22060221555665,38.574603043971855,445.0,406.0,232.0,44.0,681.5330847299089,638.0,73.30515055388916,7.0,168.3970308526847
PROMO-017,88,promotion_driven,107,6,199.96322008293384,40.134389627465794,406.0,299.0,276.0,0.0,525.1418982049481,575.0,49.99080502073346,7.0,175.2062630598138
PROMO-017,89,promotion_driven,137,6,116.72632376264242,43.4782586399108,299.0,162.0,276.0,0.0,394.0749552535507,438.0,29.181580940660606,7.0,189.80388866892642
PROMO-017,90,promotion_driven,43,6,119.53859530350576,42.582198037954704,162.0,119.0,276.0,1.0,395.0846871545707,395.0,29.88464882587644,7.0,185.89214537343565
PROMO-017,91,promotion_driven,43,6,121.79076750691581,41.01328740286186,165.0,122.0,231.0,40.0,392.1769253504672,353.0,30.447691876728953,7.0,179.04308221336453
PROMO-017,92,promotion_driven,34,6,121.66166373329392,41.694093537303814,267.0,233.0,126.0,36.0,394.92304588921695,359.0,30.41541593332348,7.0,182.01513435595257
PROMO-017,93,promotion_driven,31,6,114.57397495414332,40.45272644610101,274.0,243.0,121.0,14.0,377.10041532075064,364.0,28.64349373853583,7.0,176.59595915099982
PROMO-017,94,promotion_driven,28,6,127.9622704300283,35.640836561018496,287.0,259.0,91.0,30.0,379.52367684949274,350.0,31.990567607507074,7.0,155.58970359694322
PROMO-017,95,promotion_driven,30,6,125.94255251696963,35.640836561018496,259.0,229.0,121.0,26.0,375.98917050164005,350.0,31.485638129242407,7.0,155.58970359694322
PROMO-017,96,promotion_driven,34,6,127.68818028159201,33.45490650458869,229.0,195.0,147.0,28.0,369.5013640237831,342.0,31.922045070398003,7.0,146.04704853099707
PROMO-017,97,promotion_driven,32,6,127.7696543903454,33.49512019568042,196.0,164.0,174.0,32.0,369.8194961668838,338.0,31.94241359758635,7.0,146.22260098377942
PROMO-017,98,promotion_driven,32,6,127.7696543903454,33.535094514591215,204.0,172.0,166.0,32.0,369.99400364288465,338.0,31.94241359758635,7.0,146.3971084597802
PROMO-017,99,promotion_driven,42,6,138.7008818208581,33.517504037787155,208.0,166.0,162.0,62.0,389.046860601622,328.0,34.67522045521452,7.0,146.32031741512031
PROMO-018,75,promotion_driven,14,5,85.01801737169579,20.7089105063249,285.97924104026856,271.97924104026856,0.0,0.0,211.22536144214877,271.97924104026856,21.254504342923948,6.0,83.69833538460509
PROMO-018,76,promotion_driven,29,5,97.87098817467799,20.524219589148554,271.97924104026856,242.97924104026856,0.0,0.0,229.75836010972773,242.97924104026856,24.467747043669497,6.0,82.95187784771076
PROMO-018,77,promotion_driven,17,5,87.71785908080132,20.82805061227987,242.97924104026856,225.97924104026856,0.0,0.0,215.75664757716692,225.97924104026856,21.92946477020033,6.0,84.17985895596492
PROMO-018,78,promotion_driven,27,5,96.05285785724506,20.82805061227987,225.97924104026856,198.97924104026856,0.0,30.0,228.25914574183253,198.97924104026856,24.013214464311265,6.0,84.17985895596492
PROMO-018,79,promotion_driven,19,5,92.51282398933523,20.78646009009044,198.97924104026856,179.97924104026856,30.0,13.0,222.78100027009276,209.97924104026856,23.128205997333808,6.0,84.0117642860899
PROMO-018,80,promotion_driven,11,5,81.54545407463313,21.2186420213634,179.97924104026856,168.97924104026856,43.0,0.0,208.076676990694,211.97924104026856,20.386363518658282,6.0,85.75849587874431
PROMO-018,81,promotion_driven,11,5,78.45502301289739,21.738539568335817,168.97924104026856,157.97924104026856,43.0,5.0,205.54227851729206,200.97924104026856,19.613755753224346,6.0,87.85974399794597
PROMO-018,82,promotion_driven,21,5,77.71476292408754,17.342699639019013,157.97924104026856,136.97924104026856,48.0,2.0,186.66540643474318,184.97924104026856,19.428690731021884,6.0,70.09326204861188
PROMO-018,83,promotion_driven,22,5,78.849601062758,17.318287355367342,136.97924104026856,114.97924104026856,50.0,24.0,188.26899753938446,164.97924104026856,19.7124002656895,6.0,69.99459594524745
PROMO-018,84,promotion_driven,26,5,92.39596013544151,17.027127676830183,144.97924104026856,118.97924104026856,44.0,45.0,207.4117682823632,162.97924104026856,23.098990033860378,6.0,68.81782807920091
PROMO-018,85,promotion_driven,27,5,103.7652958976006,6.0192000490736834,131.97924104026856,104.97924104026856,76.0,0.0,179.9754923333448,180.97924104026856,25.94132397440015,6.0,24.327548486943883
PROMO-018,86,promotion_driven,26,5,105.6131490155683,6.191391873668855,104.97924104026856,78.97924104026856,76.0,29.0,183.44321248872237,154.97924104026856,26.403287253892074,6.0,25.023488965369918
PROMO-018,87,promotion_driven,17,5,148.20024842942976,6.253204306798516,83.97924104026856,66.97924104026856,100.0,81.0,247.57368632904507,166.97924104026856,37.05006210735744,6.0,25.273313684900415
PROMO-018,88,promotion_driven,11,5,136.93395993515097,6.562324478727181,68.97924104026856,57.97924104026856,179.0,0.0,231.92361162683085,236.97924104026856,34.23348998378774,6.0,26.52267172410437
PROMO-018,89,promotion_driven,14,5,129.46294919629233,6.216190605268232,81.97924104026856,67.97924104026856,155.0,0.0,219.31814075364147,222.97924104026856,32.36573729907308,6.0,25.123716959202987
PROMO-018,90,promotion_driven,32,5,150.74706943257607,7.110844012077748,112.97924104026856,80.97924104026856,110.0,64.0,254.8602042745549,190.97924104026856,37.68676735814402,6.0,28.739600125690774
PROMO-018,91,promotion_driven,99,5,99.44393982012362,23.013931120975943,80.97924104026856,0.0,174.0,69.0,242.1803502964015,174.0,24.860984955030904,6.0,93.01444056621607
PROMO-018,92,promotion_driven,17,5,92.05926047045821,23.070127204477412,29.0,12.0,214.0,6.0,231.33045662660376,226.0,23.014815117614553,6.0,93.24156592091643
PROMO-018,93,promotion_driven,19,5,144.00913652041436,22.75003522116179,93.0,74.0,139.0,95.0,307.96156835223803,213.0,36.00228413010359,6.0,91.94786357161652
PROMO-018,94,promotion_driven,29,5,167.11654931782527,22.28371832895269,74.0,45.0,234.0,62.0,340.73799411517246,279.0,41.77913732945632,6.0,90.06317013843454
PROMO-018,95,promotion_driven,18,5,204.2113194876862,22.374149460986526,45.0,27.0,296.0,74.0,396.74564108503336,323.0,51.05282987192155,6.0,90.42866185350404
PROMO-018,96,promotion_driven,36,5,218.58904241319286,22.426232350439452,91.0,55.0,306.0,58.0,418.5227267040509,361.0,54.647260603298214,6.0,90.63916308426163
PROMO-018,97,promotion_driven,118,5,268.3606130689543,33.39295949133205,124.0,6.0,295.0,237.0,537.5038439994983,301.0,67.09015326723858,6.0,134.96292439606682
PROMO-018,98,promotion_driven,33,5,264.38126672837956,33.30530873214643,12.0,0.0,526.0,6.0,531.1805700899417,526.0,66.09531668209489,6.0,134.6086699973725
PROMO-018,99,promotion_driven,104,5,189.21372371525345,38.02950945967604,95.0,0.0,437.0,1.0,437.52285959139147,437.0,47.30343092881336,6.0,153.70227401851128
PROMO-019,75,promotion_driven,16,5,132.32078051983018,16.294957533717024,199.262070102403,183.262070102403,0.0,82.0,264.3398174873254,183.262070102403,33.080195129957545,6.0,65.85864670758008
PROMO-019,76,promotion_driven,52,5,150.01710305006839,17.231456030268514,183.262070102403,131.262070102403,82.0,82.0,294.66930799405,213.262070102403,37.504275762517096,6.0,69.64365341894741
PROMO-019,77,promotion_driven,20,5,122.99015532886443,17.5236104463927,131.262070102403,111.26207010240299,164.0,0.0,255.3096746674923,275.26207010240296,30.747538832216108,6.0,70.82444167419564
PROMO-019,78,promotion_driven,21,5,133.3556449600628,17.097758137642884,111.26207010240299,90.26207010240299,164.0,15.0,269.13675969162153,254.262070102403,33.3389112400157,6.0,69.10329225152736
PROMO-019,79,promotion_driven,46,5,100.73424221996936,17.097758137642884,90.26207010240299,44.26207010240299,179.0,0.0,220.2046555814814,223.262070102403,25.18356055499234,6.0,69.10329225152736
PROMO-019,80,promotion_driven,19,5,92.03486861860293,11.996260100975485,44.26207010240299,25.262070102402987,179.0,0.0,186.537084441917,204.262070102403,23.008717154650732,6.0,48.48478151401259
PROMO-019,81,promotion_driven,21,5,94.25383923545762,11.996260100975485,107.26207010240299,86.26207010240299,97.0,7.0,189.865540367199,183.262070102403,23.563459808864405,6.0,48.48478151401259
PROMO-019,82,promotion_driven,25,5,110.37551930782631,11.934113998243728,168.262070102403,143.262070102403,22.0,49.0,213.79688717777964,165.262070102403,27.593879826956577,6.0,48.233608216040196
PROMO-019,83,promotion_driven,23,5,85.26519999183165,11.85002434272086,143.262070102403,120.26207010240299,71.0,0.0,175.7915465684699,191.262070102403,21.316299997957913,6.0,47.89374658072243
PROMO-019,84,promotion_driven,20,5,85.26519999183165,11.94699833559749,135.262070102403,115.26207010240299,56.0,5.0,176.18348228990214,171.262070102403,21.316299997957913,6.0,48.28568230215468
PROMO-019,85,promotion_driven,17,5,83.49107564290114,11.342002717378694,115.26207010240299,98.26207010240299,61.0,12.0,171.07711034043447,159.262070102403,20.872768910725284,6.0,45.84049687608277
PROMO-019,86,promotion_driven,19,5,133.26481389290402,11.132074241716,98.26207010240299,79.26207010240299,73.0,93.0,244.88925859647986,152.262070102403,33.316203473226004,6.0,44.99203775712387
PROMO-019,87,promotion_driven,31,5,151.77042233767526,11.206682987831126,86.26207010240299,55.26207010240299,159.0,59.0,272.9492143048828,214.262070102403,37.942605584418814,6.0,45.29358079836988
PROMO-019,88,promotion_driven,28,5,158.2128876795201,10.858058569442141,104.26207010240299,76.26207010240299,169.0,36.0,281.20389162171955,245.262070102403,39.55322191988002,6.0,43.884560102439394
PROMO-019,89,promotion_driven,16,5,138.61904393742995,7.964665557064988,76.26207010240299,60.26207010240299,205.0,0.0,240.119020774248,265.26207010240296,34.65476098435749,6.0,32.1904548681031
PROMO-019,90,promotion_driven,52,5,90.40958356917712,11.105554165971789,65.26207010240299,13.262070102402987,200.0,0.0,180.4992280325926,213.262070102403,22.60239589229428,6.0,44.88485267882696
PROMO-019,91,promotion_driven,18,5,125.840968345413,11.248361704072332,25.262070102402987,7.262070102402987,188.0,39.0,234.22348443656597,195.262070102403,31.46024208635325,6.0,45.46203191844647
PROMO-019,92,promotion_driven,26,5,188.3179010251831,9.479397362647811,100.26207010240299,74.26207010240299,134.0,113.0,320.78933444026796,208.262070102403,47.07947525629577,6.0,38.312482902493336
PROMO-019,93,promotion_driven,28,5,198.12313077797143,9.393805924309362,133.262070102403,105.26207010240299,188.0,42.0,335.1512477414883,293.26207010240296,49.530782694492856,6.0,37.966551574531195
PROMO-019,94,promotion_driven,10,5,187.63220378426797,10.234431578919743,141.262070102403,131.262070102403,194.0,0.0,322.8123787164392,325.26207010240296,46.90805094606699,6.0,41.364073040037255
PROMO-019,95,promotion_driven,62,5,129.85268867814355,14.688212612281653,131.262070102403,69.26207010240299,194.0,0.0,254.14376613765933,263.26207010240296,32.46317216953589,6.0,59.36473312044398
PROMO-019,96,promotion_driven,54,5,139.0047227214447,16.413331042096118,69.26207010240299,15.262070102402987,194.0,66.0,274.84415603582363,209.262070102403,34.75118068036117,6.0,66.33707195365662
PROMO-019,97,promotion_driven,33,5,142.97586936438412,16.193540972584394,54.26207010240299,21.262070102402987,221.0,38.0,279.91255969085574,242.262070102403,35.74396734109603,6.0,65.44875564427959
PROMO-019,98,promotion_driven,30,5,164.3182592471721,15.697051821836999,134.262070102403,104.26207010240299,146.0,60.0,309.91950512947557,250.262070102403,41.07956481179303,6.0,63.44211625871744
PROMO-019,99,promotion_driven,14,5,124.8355126179014,16.080327206774225,146.262070102403,132.262070102403,164.0,0.0,252.2444532402768,296.26207010240296,31.20887815447535,6.0,64.99118431342471
PROMO-020,75,promotion_driven,21,6,256.91345108373554,24.551097944010795,279.2931357260592,258.2931357260592,0.0,299.0,556.7761036927161,258.2931357260592,64.22836277093388,7.0,107.17756429617887
PROMO-020,76,promotion_driven,18,6,228.6559931240797,24.551097944010795,258.2931357260592,240.29313572605918,299.0,0.0,507.3255522633184,539.2931357260592,57.16399828101993,7.0,107.17756429617887
PROMO-020,77,promotion_driven,130,6,269.7001671701873,36.34644552860848,240.29313572605918,110.29313572605918,299.0,222.0,630.6453247990862,409.2931357260592,67.42504179254682,7.0,158.67003225125845
PROMO-020,78,promotion_driven,126,6,225.63286207396771,43.00074537219213,110.29313572605918,0.0,521.0,62.0,582.5768180640762,521.0,56.40821551849193,7.0,187.71930943463272
PROMO-020,79,promotion_driven,64,6,227.0289091954909,43.12935225158182,0.0,0.0,583.0,3.0,585.5813325293411,583.0,56.75722729887273,7.0,188.28074143723208
PROMO-020,80,promotion_driven,18,6,214.6316814539776,43.64351509968475,0.0,0.0,586.0,0.0,566.1307565803168,586.0,53.6579203634944,7.0,190.525314035856
PROMO-020,81,promotion_driven,33,6,216.28732282383515,39.50186623309634,0.0,0.0,586.0,0.0,550.9478036616375,586.0,54.07183070595879,7.0,172.444988719926
PROMO-020,82,promotion_driven,20,6,171.56948521952165,39.850843699848376,299.0,279.0,287.0,0.0,474.2150453779044,566.0,42.89237130488041,7.0,173.96844624374148
PROMO-020,83,promotion_driven,130,6,129.23008210465838,46.12913868583974,279.0,149.0,287.0,0.0,427.52892179111456,436.0,32.307520526164595,7.0,201.37627810796238
PROMO-020,84,promotion_driven,35,6,127.17533423029039,45.59310001777429,371.0,336.0,65.0,21.0,421.593041746425,401.0,31.793833557572597,7.0,199.0362068434168
PROMO-020,85,promotion_driven,32,6,120.4655292803252,45.07515092342156,398.0,366.0,24.0,18.0,407.5897816664959,390.0,30.1163823200813,7.0,196.77510542592685
PROMO-020,86,promotion_driven,26,6,111.75406261993611,44.80413213544323,369.0,343.0,39.0,10.0,391.16158529334734,382.0,27.938515654984027,7.0,195.59197570845916
PROMO-020,87,promotion_driven,22,6,191.83349347539928,45.37888925198137,343.0,321.0,49.0,164.0,533.8096855415382,370.0,47.95837336884982,7.0,198.10107195958952
PROMO-020,88,promotion_driven,18,6,163.35746883059764,45.55653011256934,321.0,303.0,213.0,0.0,484.7521317538042,516.0,40.83936720764941,7.0,198.87656130025832
PROMO-020,89,promotion_driven,26,6,247.62417669835278,45.11537915054507,303.0,277.0,213.0,141.0,630.293030557723,490.0,61.906044174588196,7.0,196.95072133560566
PROMO-020,90,promotion_driven,22,6,279.49672516976096,39.168439676181485,277.0,255.0,354.0,52.0,660.1086875793407,609.0,69.87418129244024,7.0,170.98941853225895
PROMO-020,91,promotion_driven,131,6,371.67878638299965,40.0552503040872,276.0,145.0,385.0,296.0,825.2986573318968,530.0,92.91969659574991,7.0,174.86078116164745
PROMO-020,92,promotion_driven,21,6,357.5608114157453,40.075889548167545,163.0,142.0,663.0,0.0,800.682301545892,805.0,89.39020285393633,7.0,174.95088156833762
PROMO-020,93,promotion_driven,116,6,271.95463260862476,44.361279027132184,152.0,36.0,653.0,0.0,669.5793121068796,689.0,67.98865815215619,7.0,193.65870504178622
PROMO-020,94,promotion_driven,90,6,221.46686556386936,45.49175749517708,200.0,110.0,489.0,0.0,586.1608118453418,599.0,55.36671639096734,7.0,198.59379710857036
PROMO-020,95,promotion_driven,118,6,129.15325253304593,47.63684740586042,110.0,0.0,489.0,0.0,433.97635687324487,489.0,32.28831313326148,7.0,207.95816494041446
PROMO-020,96,promotion_driven,22,6,122.06368336533205,43.77433389204579,141.0,119.0,348.0,0.0,404.70784801099893,467.0,30.515920841333013,7.0,191.09640212166784
PROMO-020,97,promotion_driven,35,6,129.4701229368232,43.77433389204579,171.0,136.0,296.0,0.0,417.66911726110845,432.0,32.3675307342058,7.0,191.09640212166784
PROMO-020,98,promotion_driven,25,6,114.4969488481722,44.08587191566141,432.0,407.0,0.0,0.0,392.82607862777456,407.0,28.62423721204305,7.0,192.4564181434732
PROMO-020,99,promotion_driven,30,6,215.7324318058366,43.90520090680223,407.0,377.0,0.0,193.0,569.1994563820624,377.0,53.93310795145915,7.0,191.6677007218483
PROMO-021,75,promotion_driven,118,5,201.55149228722152,27.48496092271331,177.97704778558833,59.977047785588326,0.0,354.0,413.4120527014537,59.977047785588326,50.38787307180538,6.0,111.08481427062148
PROMO-021,76,promotion_driven,123,5,230.3332425170592,37.462288730443014,59.977047785588326,0.0,354.0,143.0,496.90962555315207,354.0,57.5833106292648,6.0,151.4097617775633
PROMO-021,77,promotion_driven,186,5,199.1191202459549,55.26822706652461,0.0,0.0,497.0,26.0,522.0539566160173,497.0,49.77978006148872,6.0,223.37527624708497
PROMO-021,78,promotion_driven,25,5,207.44946598993545,55.43672762015061,0.0,0.0,523.0,13.0,535.2304968552925,523.0,51.86236649748386,6.0,224.05629787038927
PROMO-021,79,promotion_driven,38,5,248.1472179364618,55.144681497274945,0.0,0.0,536.0,60.0,595.0967742041162,536.0,62.03680448411545,6.0,222.87594729942344
PROMO-021,80,promotion_driven,123,5,218.58984146339216,57.67381754981398,0.0,0.0,596.0,0.0,560.9826126455275,596.0,54.64746036584804,6.0,233.09785045043935
PROMO-021,81,promotion_driven,20,5,320.5722312995741,57.72869792488451,354.0,334.0,242.0,139.0,714.1780051108958,576.0,80.14305782489353,6.0,233.31965816153462
PROMO-021,82,promotion_driven,24,5,324.63330158966835,57.015405025803425,477.0,453.0,238.0,27.0,717.3867245402035,691.0,81.15832539741709,6.0,230.436772155701
PROMO-021,83,promotion_driven,162,5,239.2941232202669,61.925410053195534,479.0,317.0,239.0,54.0,609.2225184562592,556.0,59.823530805066724,6.0,250.28133362585882
PROMO-021,84,promotion_driven,19,5,192.0467019411971,62.75031923506497,330.0,311.0,280.0,0.0,541.6853873941873,591.0,48.01167548529928,6.0,253.6153344823916
PROMO-021,85,promotion_driven,160,5,103.70692534150524,66.42684428019776,371.0,211.0,220.0,0.0,424.03497963342755,431.0,25.92673133537631,6.0,268.4745916211697
PROMO-021,86,promotion_driven,16,5,96.82947852047302,66.65833281243488,211.0,195.0,220.0,0.0,414.65440689760237,415.0,24.207369630118254,6.0,269.4101891168928
PROMO-021,87,promotion_driven,23,5,95.40684183988282,65.88646022534252,334.0,311.0,81.0,18.0,409.400806801767,392.0,23.851710459970704,6.0,266.2905440419427
PROMO-021,88,promotion_driven,29,5,199.5388812608353,66.20606913073446,338.0,309.0,72.0,186.0,566.8906158467042,381.0,49.884720315208824,6.0,267.5822939554513
PROMO-021,89,promotion_driven,20,5,155.991381199269,65.87614641633698,363.0,343.0,204.0,0.0,500.2359309513889,547.0,38.99784529981725,6.0,266.2488591524854
PROMO-021,90,promotion_driven,28,5,181.85093437017116,55.44042771877781,343.0,315.0,204.0,0.0,496.84765395914314,519.0,45.46273359254279,6.0,224.0712524038864
PROMO-021,91,promotion_driven,20,5,150.46561684677275,55.666589897075895,315.0,295.0,204.0,0.0,450.6837478683575,499.0,37.61640421169319,6.0,224.9853225981984
PROMO-021,92,promotion_driven,115,5,100.36870504024746,58.045296194062196,295.0,180.0,204.0,2.0,385.1522976732464,384.0,25.092176260061866,6.0,234.59924011287518
PROMO-021,93,promotion_driven,27,5,175.3367722305232,55.17547764481368,198.0,171.0,188.0,128.0,486.0055731436053,359.0,43.8341930576308,6.0,223.0004147978205
PROMO-021,94,promotion_driven,27,5,173.6563152382364,54.8811069261171,357.0,330.0,130.0,23.0,482.2951418627372,460.0,43.4140788095591,6.0,221.81066900538255
PROMO-021,95,promotion_driven,18,5,149.7895182653301,55.15653714423696,330.0,312.0,153.0,0.0,447.6081411687039,465.0,37.44737956633252,6.0,222.9238637707088
PROMO-021,96,promotion_driven,13,5,207.838332738792,44.67015868477611,312.0,299.0,153.0,41.0,492.29900669450035,452.0,51.959583184698,6.0,180.54150758631238
PROMO-021,97,promotion_driven,83,5,163.85022146598425,45.72310755080593,299.0,216.0,194.0,21.0,430.5724990728638,410.0,40.96255536649606,6.0,184.79716687388745
PROMO-021,98,promotion_driven,8,5,132.12285779988503,30.70517370587072,218.0,210.0,213.0,0.0,322.28409997062255,423.0,33.030714449971256,6.0,124.099813270795
PROMO-021,99,promotion_driven,23,5,145.57698349825168,30.44541142640512,338.0,315.0,85.0,0.0,341.41541820363614,400.0,36.39424587456292,6.0,123.0499429562586
PROMO-022,75,promotion_driven,63,6,121.01146884597011,22.35523227918712,309.42702285916334,246.42702285916334,0.0,63.0,309.36160591493876,246.42702285916334,30.25286721149253,7.0,97.59153543449108
PROMO-022,76,promotion_driven,39,6,217.8276237248758,10.05943873644586,246.42702285916334,207.42702285916334,63.0,155.0,425.1127173406498,270.42702285916334,54.45690593121895,7.0,43.91437582211718
PROMO-022,77,promotion_driven,30,6,208.37582308695028,9.971112120675242,207.42702285916334,177.42702285916334,218.0,13.0,408.1864772961431,395.42702285916334,52.09395577173757,7.0,43.52878689398011
PROMO-022,78,promotion_driven,26,6,202.27077609053046,9.896256738580362,177.42702285916334,151.42702285916334,231.0,15.0,397.1758646556341,382.42702285916334,50.567694022632615,7.0,43.202006497205794
PROMO-022,79,promotion_driven,34,6,203.27961693878842,9.896256738580362,151.42702285916334,117.42702285916334,246.0,36.0,398.9413361400855,363.42702285916334,50.819904234697105,7.0,43.202006497205794
PROMO-022,80,promotion_driven,77,6,169.3470935231844,14.886321375765188,117.42702285916334,40.427022859163344,282.0,39.0,361.343495755391,322.42702285916334,42.3367733807961,7.0,64.98608208981831
PROMO-022,81,promotion_driven,23,6,153.63303123815956,15.38105728085435,40.427022859163344,17.427022859163344,321.0,0.0,336.00365123630615,338.42702285916334,38.40825780953989,7.0,67.14584656952694
PROMO-022,82,promotion_driven,13,6,141.80305630013586,16.77987194719025,80.42702285916334,67.42702285916334,258.0,0.0,321.4077060614658,325.42702285916334,35.450764075033966,7.0,73.252357536228
PROMO-022,83,promotion_driven,26,6,150.75733393277204,16.992456848366263,222.42702285916334,196.42702285916334,103.0,39.0,338.00572910722735,299.42702285916334,37.68933348319301,7.0,74.18039472487631
PROMO-022,84,promotion_driven,165,6,220.3501894417809,39.77887598159321,209.42702285916334,44.427022859163344,129.0,386.0,559.267103436727,173.42702285916334,55.08754736044523,7.0,173.65427191361036
PROMO-022,85,promotion_driven,12,6,199.2425757403071,40.68405471056574,59.427022859163344,47.427022859163344,500.0,0.0,526.2803278438771,547.4270228591633,49.810643935076776,7.0,177.60582029833967
PROMO-022,86,promotion_driven,44,6,212.0071197749842,40.55559653434294,83.42702285916334,39.427022859163344,464.0,45.0,548.0574970641006,503.42702285916334,53.00177994374605,7.0,177.04503745787824
PROMO-022,87,promotion_driven,22,6,202.3854066336553,40.793884659848516,78.42702285916334,56.427022859163344,470.0,6.0,532.2597434155464,526.4270228591633,50.59635165841382,7.0,178.08528180664965
PROMO-022,88,promotion_driven,44,6,96.22119835287766,40.40087584732252,56.427022859163344,12.427022859163344,476.0,0.0,344.7567030155345,488.42702285916334,24.055299588219416,7.0,176.36960589799864
PROMO-022,89,promotion_driven,24,6,114.51609390766289,40.72799075291131,12.427022859163344,0.0,476.0,0.0,378.2007869754537,476.0,28.629023476915723,7.0,177.79762263704364
PROMO-022,90,promotion_driven,22,6,109.10825172246598,40.97654113119996,39.0,17.0,437.0,0.0,369.82210725857675,454.0,27.277062930616495,7.0,178.8826667442613
PROMO-022,91,promotion_driven,16,6,102.01700047039465,41.371983583592225,403.0,387.0,51.0,0.0,359.1387175057832,438.0,25.504250117598662,7.0,180.60896668259255
PROMO-022,92,promotion_driven,28,6,105.3049265282618,41.47968300944574,387.0,359.0,51.0,0.0,365.3627488373529,410.0,26.32623163206545,7.0,181.07912741289476
PROMO-022,93,promotion_driven,27,6,156.0581893531471,40.02467187840968,404.0,377.0,6.0,65.0,447.82912272844095,383.0,39.014547338286775,7.0,174.72729136043353
PROMO-022,94,promotion_driven,21,6,213.31867760705836,40.08196729907481,383.0,362.0,65.0,122.0,548.2850997394512,427.0,53.32966940176459,7.0,174.97741392709912
PROMO-022,95,promotion_driven,23,6,217.79744741153746,39.704356151887126,362.0,339.0,187.0,29.0,554.4744893375114,526.0,54.449361852884365,7.0,173.32895636732084
PROMO-022,96,promotion_driven,19,6,211.6866120633599,39.90501542926974,339.0,320.0,216.0,9.0,544.656503479451,536.0,52.92165301583997,7.0,174.20493236857118
PROMO-022,97,promotion_driven,64,6,149.07290524818208,14.293624183799311,320.0,256.0,225.0,0.0,323.27625280916874,481.0,37.26822631204552,7.0,62.39866862485008
PROMO-022,98,promotion_driven,81,6,111.73132993968821,19.615535444367318,256.0,175.0,225.0,0.0,281.16124461608285,400.0,27.932832484922052,7.0,85.6314172216285
PROMO-022,99,promotion_driven,23,6,106.2639687891848,19.539900007617547,175.0,152.0,225.0,0.0,271.26317688539484,377.0,26.5659921972962,7.0,85.30123150432146
PROMO-023,75,promotion_driven,10,6,106.13970375903993,27.887824748996998,278.6434726328186,268.6434726328186,0.0,39.0,307.48849225077714,268.6434726328186,26.534925939759983,7.0,121.74401067245726
PROMO-023,76,promotion_driven,19,6,118.8413501713572,27.647042777826613,268.6434726328186,249.6434726328186,39.0,41.0,328.66524226608954,288.6434726328186,29.7103375428393,7.0,120.6928794662144
PROMO-023,77,promotion_driven,8,6,123.73591101211844,27.895179254506072,249.6434726328186,241.6434726328186,80.0,17.0,338.3139609614427,321.6434726328186,30.93397775302961,7.0,121.77611669023548
PROMO-023,78,promotion_driven,65,6,166.1552460076784,17.196824393787637,241.6434726328186,176.6434726328186,97.0,93.0,365.84423964535563,273.6434726328186,41.5388115019196,7.0,75.07255913191844
PROMO-023,79,promotion_driven,20,6,179.89731990751045,17.21023845541682,176.6434726328186,156.6434726328186,190.0,44.0,389.95142791744627,346.6434726328186,44.97432997687761,7.0,75.13111807930292
PROMO-023,80,promotion_driven,17,6,174.0394313658682,17.23777902286214,156.6434726328186,139.6434726328186,234.0,7.0,379.82035103207505,373.6434726328186,43.50985784146705,7.0,75.25134614180568
PROMO-023,81,promotion_driven,59,6,189.56964078078522,19.653733252724045,139.6434726328186,80.6434726328186,241.0,96.0,417.54504072554295,321.6434726328186,47.392410195196305,7.0,85.79816935916882
PROMO-023,82,promotion_driven,64,6,147.53328109570438,21.708736277573383,119.6434726328186,55.6434726328186,298.0,0.0,352.9525057395923,353.6434726328186,36.883320273926095,7.0,94.76926382210961
PROMO-023,83,promotion_driven,26,6,151.61632774470434,21.344248009169192,96.6434726328186,70.6434726328186,257.0,31.0,358.5066676072454,327.6434726328186,37.904081936176084,7.0,93.17809405401283
PROMO-023,84,promotion_driven,25,6,149.32906724453568,20.971592507668372,87.6434726328186,62.6434726328186,271.0,20.0,352.87713799219273,333.6434726328186,37.33226681113392,7.0,91.5512703142553
PROMO-023,85,promotion_driven,86,6,86.11663707732984,25.89550005458328,155.6434726328186,69.6434726328186,198.0,0.0,263.75065269847056,267.6434726328186,21.52915926933246,7.0,113.04653781314336
PROMO-023,86,promotion_driven,10,6,80.2706601305285,26.100397874951426,113.6434726328186,103.6434726328186,154.0,0.0,254.41467235840918,257.6434726328186,20.067665032632124,7.0,113.9410171299843
PROMO-023,87,promotion_driven,11,6,76.01453624385327,26.401971565852847,110.6434726328186,99.6434726328186,147.0,2.0,248.28297238706782,246.6434726328186,19.003634060963318,7.0,115.2575339603246
PROMO-023,88,promotion_driven,9,6,74.84585688620034,26.473741223313603,195.6434726328186,186.6434726328186,53.0,7.0,246.5510932089556,239.6434726328186,18.711464221550084,7.0,115.57084365810499
PROMO-023,89,promotion_driven,19,6,70.18086138876787,26.473741223313603,186.6434726328186,167.6434726328186,60.0,11.0,238.38735108844875,227.6434726328186,17.545215347191967,7.0,115.57084365810499
PROMO-023,90,promotion_driven,22,6,71.61560752095484,25.678735091461096,198.6434726328186,176.6434726328186,40.0,21.0,237.42756576894826,216.6434726328186,17.90390188023871,7.0,112.10025260727728
PROMO-023,91,promotion_driven,14,6,74.60586977764913,24.29176287529877,196.6434726328186,182.6434726328186,41.0,13.0,236.60571184528254,223.6434726328186,18.651467444412283,7.0,106.04543973439657
PROMO-023,92,promotion_driven,18,6,80.52905113507423,24.362381678022388,182.6434726328186,164.6434726328186,54.0,29.0,247.27956487409796,218.6434726328186,20.132262783768557,7.0,106.35372538771809
PROMO-023,93,promotion_driven,13,6,78.30199851168047,24.554230926874016,164.6434726328186,151.6434726328186,83.0,10.0,244.2197386959242,234.6434726328186,19.575499627920117,7.0,107.19124130048341
PROMO-023,94,promotion_driven,21,6,78.27869379458888,22.880122377295105,153.6434726328186,132.6434726328186,91.0,14.0,236.87065187265773,223.6434726328186,19.56967344864722,7.0,99.88293773212722
PROMO-023,95,promotion_driven,17,6,79.27221886611004,19.89362737804272,139.6434726328186,122.6434726328186,98.0,5.0,225.57180769921604,220.6434726328186,19.81805471652751,7.0,86.84542468352348
PROMO-023,96,promotion_driven,17,6,79.27221886611004,19.91391730835757,133.6434726328186,116.6434726328186,92.0,18.0,225.6603831802737,208.6434726328186,19.81805471652751,7.0,86.93400016458114
PROMO-023,97,promotion_driven,22,6,83.23752832006741,19.88976028268226,137.6434726328186,115.6434726328186,89.0,28.0,232.49421747881854,204.6434726328186,20.809382080016853,7.0,86.82854291870058
PROMO-023,98,promotion_driven,21,6,83.23752832006741,4.629891730472594,128.6434726328186,107.6434726328186,104.0,0.0,165.87741905149318,211.6434726328186,20.809382080016853,7.0,20.211744491375203
PROMO-023,99,promotion_driven,21,6,88.71138647965918,4.347118114042555,136.6434726328186,115.6434726328186,75.0,0.0,174.22222553121176,190.6434726328186,22.177846619914796,7.0,18.97729919180819
PROMO-024,75,promotion_driven,19,6,76.80834569602304,15.585167175793645,204.92005441501666,185.92005441501666,0.0,17.0,202.45149117409312,185.92005441501666,19.20208642400576,7.0,68.03688620605281
PROMO-024,76,promotion_driven,23,6,76.93532082250142,12.101070094660939,185.92005441501666,162.92005441501666,17.0,8.0,187.46390785196306,179.92005441501666,19.233830205625356,7.0,52.82709641258558
PROMO-024,77,promotion_driven,19,6,79.22210568715876,12.023481299694463,162.92005441501666,143.92005441501666,25.0,23.0,191.12706828270274,168.92005441501666,19.80552642178969,7.0,52.4883833301749
PROMO-024,78,promotion_driven,18,6,80.0800251009351,8.548504142651105,143.92005441501666,125.92005441501666,48.0,4.0,177.45845039768582,173.92005441501666,20.020006275233776,7.0,37.3184064710494
PROMO-024,79,promotion_driven,20,6,83.6516715220306,8.29272155382241,125.92005441501666,105.92005441501666,52.0,25.0,182.59221538703028,157.92005441501666,20.91291788050765,7.0,36.20179022347673
PROMO-024,80,promotion_driven,16,6,78.70055712222123,3.3378174966624177,105.92005441501666,89.92005441501666,77.0,0.0,152.29718274340388,166.92005441501666,19.675139280555307,7.0,14.57120777951672
PROMO-024,81,promotion_driven,21,6,136.8642976799403,3.3760088710541054,89.92005441501666,68.92005441501666,77.0,109.0,254.25045276954472,145.92005441501666,34.21607441998508,7.0,14.737931829649193
PROMO-024,82,promotion_driven,24,6,145.4710154903075,3.531905855817658,85.92005441501666,61.920054415016665,169.0,40.0,269.9927756132055,230.92005441501666,36.36775387257688,7.0,15.418498505167353
PROMO-024,83,promotion_driven,21,6,207.7177590298853,3.546395786840939,69.92005441501666,48.920054415016665,201.0,130.0,378.98783245157006,249.92005441501666,51.92943975747132,7.0,15.481754149270785
PROMO-024,84,promotion_driven,16,6,197.41167232234744,3.345490650458885,71.92005441501666,55.920054415016665,308.0,0.0,360.0751314172078,363.9200544150167,49.35291808058686,7.0,14.604704853099776
PROMO-024,85,promotion_driven,34,6,156.04883328191366,5.235480532888694,59.920054415016665,25.920054415016665,304.0,0.0,295.9408943918555,329.9200544150167,39.012208320478415,7.0,22.855436148506616
PROMO-024,86,promotion_driven,19,6,132.16000255601477,4.664376727539308,50.920054415016665,31.920054415016665,279.0,0.0,251.64229286263324,310.9200544150167,33.04000063900369,7.0,20.362288389607375
PROMO-024,87,promotion_driven,30,6,96.66384705905716,5.253814243248813,31.920054415016665,1.920054415016665,279.0,0.0,192.09720412492288,280.9200544150167,24.16596176476429,7.0,22.935471771572857
PROMO-024,88,promotion_driven,19,6,93.72705355979744,5.253814243248813,110.92005441501666,91.92005441501666,170.0,0.0,186.95781550121836,261.9200544150167,23.43176338994936,7.0,22.935471771572857
PROMO-024,89,promotion_driven,12,6,80.6915294161566,5.850706729171209,131.92005441501666,119.92005441501666,130.0,0.0,166.75137622721664,249.92005441501666,20.17288235403915,7.0,25.5411997489426
PROMO-024,90,promotion_driven,21,6,82.48372961802123,5.828752780343236,249.92005441501666,228.92005441501666,0.0,0.0,169.79188684380355,228.92005441501666,20.620932404505307,7.0,25.445360012266416
PROMO-024,91,promotion_driven,28,6,86.25078472317593,6.0764362025019985,228.92005441501666,200.92005441501666,0.0,0.0,177.4654926970184,200.92005441501666,21.56269618079398,7.0,26.526619431460507
PROMO-024,92,promotion_driven,8,6,72.37364023085627,7.157567270432691,200.92005441501666,192.92005441501666,0.0,0.0,157.90015633713597,192.92005441501666,18.093410057714067,7.0,31.246285933137486
PROMO-024,93,promotion_driven,13,6,72.87951241758846,7.366765285335948,192.92005441501666,179.92005441501666,0.0,0.0,159.69868443555126,179.92005441501666,18.219878104397115,7.0,32.159537704771445
PROMO-024,94,promotion_driven,17,6,73.72275764553964,7.425700346837712,179.92005441501666,162.92005441501666,0.0,0.0,161.43164398625515,162.92005441501666,18.43068941138491,7.0,32.41681810656079
PROMO-024,95,promotion_driven,21,6,71.50640501556802,7.342360411356589,162.92005441501666,141.92005441501666,0.0,16.0,157.1892072569255,141.92005441501666,17.876601253892005,7.0,32.05299847968148
PROMO-024,96,promotion_driven,12,6,73.58940160194082,7.65020529303895,141.92005441501666,129.92005441501666,16.0,17.0,162.17834493194871,145.92005441501666,18.397350400485205,7.0,33.396892128552274
PROMO-024,97,promotion_driven,13,6,74.09527378867301,7.79957263786507,129.92005441501666,116.92005441501666,33.0,14.0,163.71568285859655,149.92005441501666,18.523818447168253,7.0,34.04895372841877
PROMO-024,98,promotion_driven,11,6,116.35965551845301,6.635182064242192,116.92005441501666,105.92005441501666,47.0,80.0,232.59521587256748,152.92005441501666,29.089913879613253,7.0,28.96581871527471
PROMO-024,99,promotion_driven,18,6,103.38826706855919,6.618737969408713,105.92005441501666,87.92005441501666,127.0,0.0,209.8234995592361,214.92005441501666,25.847066767139797,7.0,28.894032189257544
PROMO-025,75,promotion_driven,16,5,128.42427043717987,10.368220676663842,169.2546059182051,153.2546059182051,0.0,82.0,234.5412084831307,153.2546059182051,32.10606760929497,6.0,41.904802827360896
PROMO-025,76,promotion_driven,63,5,136.74772782681728,15.750457868802501,153.2546059182051,90.2546059182051,82.0,97.0,268.77955697994696,172.2546059182051,34.18693195670432,6.0,63.65796523972102
PROMO-025,77,promotion_driven,18,5,111.67011822531867,15.754120340162038,90.2546059182051,72.2546059182051,179.0,0.0,231.17794503464592,251.2546059182051,27.91752955632967,6.0,63.67276769666792
PROMO-025,78,promotion_driven,17,5,113.7380273110308,15.483241560822101,72.2546059182051,55.2546059182051,179.0,0.0,233.1850092571883,234.2546059182051,28.4345068277577,6.0,62.5779682906421
PROMO-025,79,promotion_driven,14,5,111.05252236096821,15.315904252668943,55.2546059182051,41.2546059182051,179.0,9.0,228.48043164924934,220.2546059182051,27.763130590242053,6.0,61.901648107797016
PROMO-025,80,promotion_driven,73,5,74.77799329695735,20.36179177043522,41.2546059182051,0.0,188.0,7.0,194.46239008794322,188.0,18.694498324239337,6.0,82.2954001425072
PROMO-025,81,promotion_driven,23,5,75.95063654976391,19.972737829608032,82.0,59.0,113.0,23.0,194.64893196536786,172.0,18.98765913744098,6.0,80.722977140722
PROMO-025,82,promotion_driven,23,5,77.10957957405154,19.771774754004163,156.0,133.0,39.0,24.0,195.5751224643891,172.0,19.277394893512884,6.0,79.91075310331178
PROMO-025,83,promotion_driven,14,5,114.58521370045105,19.771774754004163,133.0,119.0,63.0,70.0,251.78857365398835,182.0,28.646303425112762,6.0,79.91075310331178
PROMO-025,84,promotion_driven,17,5,131.39526183168311,19.572350984920604,119.0,102.0,133.0,42.0,276.19764316405485,235.0,32.84881545792078,6.0,79.10475041653015
PROMO-025,85,promotion_driven,25,5,191.8356389532037,19.358957378155214,111.0,86.0,166.0,114.0,365.99574485227265,252.0,47.958909738300925,6.0,78.24228642246706
PROMO-025,86,promotion_driven,11,5,156.05249814853087,19.473848341577707,93.0,82.0,273.0,0.0,312.78538363539246,355.0,39.01312453713272,6.0,78.70663641259615
PROMO-025,87,promotion_driven,39,5,143.98459499302817,19.55269015526231,105.0,66.0,250.0,0.0,295.0021805551111,316.0,35.99614874825704,6.0,79.02528806556889
PROMO-025,88,promotion_driven,26,5,157.05379136774621,19.272007067512607,90.0,64.0,226.0,24.0,313.47155004890243,290.0,39.263447841936554,6.0,77.89086299728311
PROMO-025,89,promotion_driven,104,5,86.73782061595814,27.210480635414285,134.0,30.0,180.0,31.0,240.08218972480572,210.0,21.684455153989536,6.0,109.9754588008685
PROMO-025,90,promotion_driven,10,5,84.62282123729061,27.618277114426057,72.0,62.0,169.0,8.0,238.55786458940042,231.0,21.155705309322652,6.0,111.62363273346452
PROMO-025,91,promotion_driven,19,5,84.6038530793313,27.542507939360622,176.0,157.0,63.0,19.0,238.2231792541773,220.0,21.150963269832825,6.0,111.31739963518034
PROMO-025,92,promotion_driven,12,5,79.08953450925554,27.64843390566447,157.0,145.0,82.0,4.0,230.3798179361905,227.0,19.772383627313886,6.0,111.74551617230719
PROMO-025,93,promotion_driven,25,5,75.88971730018476,24.522621686087597,145.0,120.0,86.0,7.0,212.94662792254653,206.0,18.97242932504619,6.0,99.1120519722694
PROMO-025,94,promotion_driven,17,5,76.32801512318906,24.65557616234987,144.0,127.0,69.0,19.0,214.14143118972456,196.0,19.082003780797265,6.0,99.64940850494096
PROMO-025,95,promotion_driven,9,5,71.29898503549242,25.113588108677483,158.0,149.0,57.0,3.0,208.4490137397723,206.0,17.824746258873105,6.0,101.50053618653368
PROMO-025,96,promotion_driven,16,5,73.90991571532464,25.0450875473896,157.0,141.0,52.0,20.0,212.0885539128089,193.0,18.47747892883116,6.0,101.22368033982191
PROMO-025,97,promotion_driven,13,5,67.63677883213329,25.18088408052669,160.0,147.0,53.0,4.0,203.2276917428128,200.0,16.909194708033322,6.0,101.77252349461286
PROMO-025,98,promotion_driven,20,5,116.9729766596922,25.22031130981737,151.0,131.0,53.0,94.0,277.39133986381205,184.0,29.24324416492305,6.0,101.93187487427376
PROMO-025,99,promotion_driven,13,5,152.28875091610092,25.13578509431706,138.0,125.0,140.0,66.0,330.02337518694907,265.0,38.07218772902523,6.0,101.5902488127977
PROMO-026,75,promotion_driven,14,6,128.30737518421736,14.03840885132369,273.35859315063124,259.35859315063124,0.0,27.0,285.8224353014036,259.35859315063124,32.07684379605434,7.0,61.284528729023165
PROMO-026,76,promotion_driven,28,6,148.18664208692422,13.831402398444364,259.35859315063124,231.35859315063124,27.0,62.0,319.70746785086845,258.35859315063124,37.046660521731056,7.0,60.38084419875106
PROMO-026,77,promotion_driven,22,6,144.9809256964329,13.896134861988218,231.35859315063124,209.35859315063124,89.0,17.0,314.38005306798647,298.35859315063124,36.245231424108226,7.0,60.66343309922889
PROMO-026,78,promotion_driven,65,6,138.91062475414557,17.31569615503037,209.35859315063124,144.35859315063124,106.0,69.0,318.68508589663145,250.35859315063124,34.72765618853639,7.0,75.59149257687669
PROMO-026,79,promotion_driven,40,6,189.97936160991298,17.533484448992933,144.35859315063124,104.35859315063124,175.0,130.0,409.00612794029627,279.35859315063124,47.494840402478246,7.0,76.54224512294854
PROMO-026,80,promotion_driven,30,6,189.97936160991298,17.18824881818673,104.35859315063124,74.35859315063124,305.0,29.0,407.4990053626239,379.35859315063124,47.494840402478246,7.0,75.0351225452762
PROMO-026,81,promotion_driven,20,6,166.25528048779262,16.84164557402351,74.35859315063124,54.358593150631236,334.0,0.0,364.46877051926754,388.35859315063124,41.563820121948154,7.0,73.52202966563047
PROMO-026,82,promotion_driven,66,6,103.89711788573202,18.895122149000283,81.35859315063124,15.358593150631236,307.0,0.0,264.30641672746214,322.35859315063124,25.974279471433004,7.0,82.48646042743108
PROMO-026,83,promotion_driven,12,6,79.31199597113918,19.722432886800732,77.35859315063124,65.35859315063124,245.0,0.0,224.8940698510937,310.35859315063124,19.827998992784796,7.0,86.09807690160011
PROMO-026,84,promotion_driven,27,6,86.47363752507259,17.87707312704582,82.35859315063124,55.358593150631236,228.0,0.0,229.37104361427743,283.35859315063124,21.618409381268147,7.0,78.04217794540041
PROMO-026,85,promotion_driven,17,6,77.64955646988896,17.87707312704582,124.35859315063124,107.35859315063124,159.0,0.0,213.92890176770612,266.35859315063124,19.41238911747224,7.0,78.04217794540041
PROMO-026,86,promotion_driven,22,6,76.61040478501987,17.34639547276137,237.35859315063124,215.35859315063124,29.0,0.0,209.79371850488513,244.35859315063124,19.152601196254967,7.0,75.72551013110039
PROMO-026,87,promotion_driven,30,6,91.73837402317066,17.345286805324797,244.35859315063124,214.35859315063124,0.0,22.0,236.2628247954147,214.35859315063124,22.934593505792666,7.0,75.72067025486605
PROMO-026,88,promotion_driven,24,6,83.56848256381154,16.777961735562524,214.35859315063124,190.35859315063124,22.0,8.0,219.48886301378272,212.35859315063124,20.892120640952886,7.0,73.24401852711253
PROMO-026,89,promotion_driven,29,6,99.41106027920341,16.765348880262625,190.35859315063124,161.35859315063124,30.0,56.0,247.15831272628265,191.35859315063124,24.852765069800853,7.0,73.18895723767668
PROMO-026,90,promotion_driven,32,6,107.99216182580136,16.542098586365206,161.35859315063124,129.35859315063124,86.0,46.0,261.2006435825009,215.35859315063124,26.99804045645034,7.0,72.2143603873485
PROMO-026,91,promotion_driven,25,6,107.29888187990173,13.254897498370477,129.35859315063124,104.35859315063124,132.0,10.0,245.63716130648976,236.35859315063124,26.824720469975432,7.0,57.86411801666175
PROMO-026,92,promotion_driven,28,6,110.72976207038873,12.818256211657364,104.35859315063124,76.35859315063124,142.0,32.0,249.73504861614487,218.35859315063124,27.682440517597183,7.0,55.95796499296459
PROMO-026,93,promotion_driven,15,6,94.51147807225645,13.275193754923862,76.35859315063124,61.358593150631236,174.0,0.0,223.34780774129715,235.35859315063124,23.627869518064113,7.0,57.95272111484835
PROMO-026,94,promotion_driven,27,6,92.16334498865939,13.122206662459938,83.35859315063124,56.358593150631236,152.0,11.0,218.57071127423933,208.35859315063124,23.040836247164847,7.0,57.28485754408542
PROMO-026,95,promotion_driven,26,6,153.4160963806648,6.066934341798383,64.35859315063124,38.358593150631236,155.0,102.0,294.9633078229406,193.35859315063124,38.3540240951662,7.0,26.48513915677717
PROMO-026,96,promotion_driven,26,6,152.29199015266929,4.850323806267093,94.35859315063124,68.35859315063124,201.0,19.0,287.68502120687754,269.35859315063124,38.07299753816732,7.0,21.17403843970628
PROMO-026,97,promotion_driven,26,6,166.85441698213822,4.827804087542552,114.35859315063124,88.35859315063124,174.0,51.0,313.0709585591367,262.35859315063124,41.713604245534555,7.0,21.075728840394852
PROMO-026,98,promotion_driven,36,6,184.0607831991501,5.025575614435676,98.35859315063124,62.358593150631236,215.0,67.0,344.0454689952459,277.35859315063124,46.01519579978753,7.0,21.93909839673325
PROMO-026,99,promotion_driven,44,6,114.14176279845017,6.75011870740825,94.35859315063124,50.358593150631236,250.0,0.0,229.21565834023335,300.35859315063124,28.535440699612543,7.0,29.467573442945543
PROMO-027,75,promotion_driven,12,4,76.62569683223458,16.039214764333355,143.616845832786,131.616845832786,0.0,24.0,154.95899899625985,131.616845832786,19.156424208058645,5.0,59.176877955966624
PROMO-027,76,promotion_driven,18,4,122.73160425906943,15.932952468358563,131.616845832786,113.616845832786,24.0,75.0,212.1993272463494,137.616845832786,30.682901064767357,5.0,58.78482192251264
PROMO-027,77,promotion_driven,12,4,122.4167788568079,5.202317038022737,113.616845832786,101.616845832786,99.0,0.0,172.2149855579248,200.616845832786,30.604194714201974,5.0,19.194011986914926
PROMO-027,78,promotion_driven,13,4,110.53512354606178,5.15652437109946,101.616845832786,88.616845832786,99.0,0.0,157.19396381790824,187.616845832786,27.633780886515446,5.0,19.025059385331026
PROMO-027,79,promotion_driven,26,4,134.48733197483742,5.418392230078345,88.616845832786,62.616845832786,99.0,27.0,188.10038900464633,161.616845832786,33.621832993709354,5.0,19.99122403609957
PROMO-027,80,promotion_driven,117,4,152.5860310713983,28.377040195489187,86.616845832786,0.0,102.0,194.0,295.4299737868882,102.0,38.14650776784958,5.0,104.69743494764028
PROMO-027,81,promotion_driven,14,4,192.19185692229703,28.238453505995246,75.0,61.0,221.0,63.0,344.42593882401115,282.0,48.04796423057426,5.0,104.18611767113985
PROMO-027,82,promotion_driven,42,4,221.65057279125426,28.57693170445393,61.0,19.0,284.0,80.0,382.4981530902889,303.0,55.412643197813566,5.0,105.43493710122107
PROMO-027,83,promotion_driven,16,4,240.34264263419985,28.51315485876648,19.0,3.0,364.0,39.0,405.6279349460973,367.0,60.08566065854996,5.0,105.19963165334744
PROMO-027,84,promotion_driven,111,4,206.61817132398525,36.892776028335426,30.0,0.0,376.0,19.0,394.3890600337355,376.0,51.65454283099631,5.0,136.11634587875398
PROMO-027,85,promotion_driven,111,4,199.32298607433586,42.27716847612872,194.0,83.0,201.0,122.0,405.13585989749765,284.0,49.830746518583965,5.0,155.9821273045778
PROMO-027,86,promotion_driven,20,4,199.27387513844002,41.99877898103031,146.0,126.0,260.0,19.0,404.04734979944567,386.0,49.818468784610005,5.0,154.95500587639566
PROMO-027,87,promotion_driven,101,4,202.60562011835285,44.440683601564416,206.0,105.0,199.0,114.0,417.2214678223771,304.0,50.65140502958821,5.0,163.96444267443604
PROMO-027,88,promotion_driven,22,4,192.05156056920586,43.86430123775962,144.0,122.0,274.0,6.0,401.90232364421917,396.0,48.012890142301465,5.0,161.83787293271183
PROMO-027,89,promotion_driven,26,4,172.84034964344866,43.463807519619834,141.0,115.0,261.0,1.0,376.41068354279105,376.0,43.210087410862165,5.0,160.3602464884802
PROMO-027,90,promotion_driven,13,4,150.32906196564977,43.39458196122807,237.0,224.0,140.0,0.0,348.0161654058742,364.0,37.58226549141244,5.0,160.104837948812
PROMO-027,91,promotion_driven,96,4,98.44203404868614,43.82160806421109,243.0,147.0,121.0,17.0,284.7328985104905,268.0,24.610508512171535,5.0,161.6803559496328
PROMO-027,92,promotion_driven,32,4,98.84043419773143,43.52128863099714,261.0,229.0,24.0,32.0,284.1228664952066,253.0,24.710108549432857,5.0,160.57232374804232
PROMO-027,93,promotion_driven,14,4,85.62492124962716,40.6665615803602,235.0,221.0,50.0,0.0,257.070925135064,271.0,21.40623031240679,5.0,150.03977357303003
PROMO-027,94,promotion_driven,45,4,100.90388869801085,39.42600989715107,222.0,177.0,49.0,46.0,271.59260392166885,226.0,25.22597217450271,5.0,145.4627430491553
PROMO-027,95,promotion_driven,15,4,81.91949039645591,40.57266352657936,177.0,162.0,95.0,0.0,252.09269855710528,257.0,20.47987259911398,5.0,149.69333556153538
PROMO-027,96,promotion_driven,17,4,73.61937807316329,40.50815049357665,179.0,162.0,78.0,2.0,241.47953653306206,240.0,18.404844518290822,5.0,149.45531394160795
PROMO-027,97,promotion_driven,14,4,72.7761328452121,36.67336768604562,194.0,180.0,48.0,0.0,226.27700218775473,228.0,18.194033211303026,5.0,135.3068361312396
PROMO-027,98,promotion_driven,25,4,150.4327623541378,30.04675843261117,180.0,155.0,48.0,96.0,298.8988336347477,203.0,37.60819058853445,5.0,110.85788069207545
PROMO-027,99,promotion_driven,29,4,157.73820302355065,29.80384590567514,201.0,172.0,98.0,38.0,307.1344057488687,270.0,39.43455075588766,5.0,109.96165196943035
PROMO-028,75,promotion_driven,28,4,157.26794609537097,21.268732316689114,260.9756944243543,232.9756944243543,0.0,43.0,275.0561791905634,232.9756944243543,39.31698652384274,5.0,78.47124657134968
PROMO-028,76,promotion_driven,18,4,137.60484388009507,21.37695859972509,232.9756944243543,214.9756944243543,43.0,0.0,250.87660360907248,257.9756944243543,34.40121097002377,5.0,78.87054875895362
PROMO-028,77,promotion_driven,124,4,112.109938913929,34.261625389916574,214.9756944243543,90.97569442435429,43.0,133.0,266.54610723836345,133.9756944243543,28.02748472848225,5.0,126.40868359595223
PROMO-028,78,promotion_driven,25,4,122.54671233441655,33.952077841327934,90.97569442435429,65.97569442435429,176.0,37.0,278.4499945684671,241.9756944243543,30.63667808360414,5.0,125.26660415044641
PROMO-028,79,promotion_driven,32,4,200.5049024053042,33.3900799025315,65.97569442435429,33.97569442435429,213.0,127.0,373.8242339263767,246.9756944243543,50.12622560132605,5.0,123.19310591974646
PROMO-028,80,promotion_driven,19,4,185.0283094561999,33.08962189150971,76.97569442435429,57.97569442435429,297.0,0.0,353.3699492538983,354.9756944243543,46.25707736404998,5.0,122.08456243364846
PROMO-028,81,promotion_driven,25,4,171.06181345776045,32.78836566645134,57.97569442435429,32.97569442435429,297.0,5.0,334.80034074935446,329.9756944243543,42.76545336444011,5.0,120.97307392715389
PROMO-028,82,promotion_driven,22,4,233.22711962546234,32.39895534878107,165.9756944243543,143.9756944243543,169.0,99.0,411.07023935558846,312.9756944243543,58.306779906365584,5.0,119.53633982376057
PROMO-028,83,promotion_driven,76,4,162.93078719879588,33.56222693629073,180.9756944243543,104.97569442435429,231.0,0.0,327.4917284930988,335.9756944243543,40.73269679969897,5.0,123.82824449460394
PROMO-028,84,promotion_driven,19,4,250.3247207845101,31.020464709111508,231.9756944243543,212.9756944243543,104.0,111.0,427.35628282292845,316.9756944243543,62.58118019612753,5.0,114.45038184229084
PROMO-028,85,promotion_driven,40,4,249.2351640152857,30.966690127230247,212.9756944243543,172.9756944243543,215.0,38.0,425.79593488749356,387.9756944243543,62.308791003821426,5.0,114.25197986838643
PROMO-028,86,promotion_driven,161,4,203.84904963595068,46.028280047190194,177.9756944243543,16.975694424354288,248.0,160.0,424.63321111524726,264.9756944243543,50.96226240898767,5.0,169.82189907030894
PROMO-028,87,promotion_driven,26,4,194.87672981669638,45.49978867237486,115.97569442435429,89.97569442435429,309.0,13.0,411.4679359858239,398.9756944243543,48.719182454174096,5.0,167.8720237149534
PROMO-028,88,promotion_driven,92,4,104.60355105626799,46.68360498460864,89.97569442435429,0.0,322.0,0.0,302.99416721788435,322.0,26.150887764066997,5.0,172.23972839754936
PROMO-028,89,promotion_driven,15,4,100.46116902681467,46.87394443255943,111.0,96.0,211.0,0.0,298.518449389357,307.0,25.11529225670367,5.0,172.94198810583865
PROMO-028,90,promotion_driven,31,4,106.21378620039224,41.79084061100424,134.0,103.0,173.0,11.0,286.95504748154644,276.0,26.55344655009806,5.0,154.18781473105616
PROMO-028,91,promotion_driven,31,4,107.16636379555406,41.58602452624485,263.0,232.0,24.0,32.0,287.3900980396266,256.0,26.791590948888516,5.0,153.432143295184
PROMO-028,92,promotion_driven,21,4,101.72088955190874,41.98931488012833,245.0,224.0,43.0,16.0,282.0711999008931,267.0,25.430222387977185,5.0,154.92008796100714
PROMO-028,93,promotion_driven,22,4,105.16264760308572,41.8457178521782,224.0,202.0,59.0,25.0,285.84359448368957,261.0,26.29066190077143,5.0,154.39028497983244
PROMO-028,94,promotion_driven,36,4,121.11998158196697,41.524320954944386,202.0,166.0,84.0,55.0,304.60446419583684,250.0,30.279995395491742,5.0,153.20448721837815
PROMO-028,95,promotion_driven,33,4,121.4315224511043,41.1147549782688,177.0,144.0,128.0,32.0,303.4827916298143,272.0,30.357880612776075,5.0,151.69338856593393
PROMO-028,96,promotion_driven,38,4,130.18671803385138,40.173821045998345,176.0,138.0,128.0,45.0,310.95519892067483,266.0,32.546679508462844,5.0,148.22180137836062
PROMO-028,97,promotion_driven,24,4,119.59543911246595,39.94338942771834,154.0,130.0,157.0,10.0,296.86592001058807,287.0,29.89885977811649,5.0,147.37162112000564
PROMO-028,98,promotion_driven,23,4,113.92116521292003,40.355948311278304,155.0,132.0,142.0,18.0,291.2952186549521,274.0,28.480291303230008,5.0,148.89376213880212
PROMO-028,99,promotion_driven,30,4,120.89027510631125,19.033371502947976,187.0,157.0,105.0,0.0,221.33669954352743,262.0,30.222568776577813,5.0,70.22385566063838
PROMO-029,75,promotion_driven,30,4,208.15410450699935,30.664436931202456,423.35545261553597,393.35545261553597,0.0,0.0,373.3294436591233,393.35545261553597,52.03852612674984,5.0,113.13681302537415
PROMO-029,76,promotion_driven,126,4,125.26403862496893,31.101982787811682,393.35545261553597,267.35545261553597,0.0,4.0,271.3311920663605,267.35545261553597,31.316009656242233,5.0,114.75114378514931
PROMO-029,77,promotion_driven,26,4,200.4832117411594,30.94391121086088,267.35545261553597,241.35545261553597,4.0,120.0,364.7719514558338,245.35545261553597,50.12080293528985,5.0,114.16793677938455
PROMO-029,78,promotion_driven,26,4,197.51078382086826,30.99152075930382,241.35545261553597,215.35545261553597,124.0,22.0,361.23207256351907,339.35545261553597,49.377695955217064,5.0,114.34359278743375
PROMO-029,79,promotion_driven,25,4,187.97642776171773,30.99152075930382,215.35545261553597,190.35545261553597,146.0,13.0,349.3141274895809,336.35545261553597,46.99410694042943,5.0,114.34359278743375
PROMO-029,80,promotion_driven,40,4,203.52861047781866,31.001240669962286,190.35545261553597,150.35545261553597,159.0,60.0,368.7902176133035,309.35545261553597,50.882152619454665,5.0,114.37945451603021
PROMO-029,81,promotion_driven,103,4,126.89817188889658,35.017028824449234,154.35545261553597,51.35545261553597,215.0,22.0,287.8184686166585,266.35545261553597,31.724542972224146,5.0,129.19575375553777
PROMO-029,82,promotion_driven,38,4,127.17118941231641,34.33768954191478,171.35545261553597,133.35545261553597,117.0,36.0,285.65330997530384,250.35545261553597,31.792797353079102,5.0,126.68932320990834
PROMO-029,83,promotion_driven,25,4,115.2668580997369,34.89857097948649,155.35545261553597,130.35545261553597,131.0,12.0,272.84227472043096,261.35545261553597,28.816714524934223,5.0,128.75870209575982
PROMO-029,84,promotion_driven,32,4,116.59546232941396,32.10659330002693,143.35545261553597,111.35545261553597,130.0,23.0,264.20199440068666,241.35545261553597,29.14886558235349,5.0,118.45766648891919
PROMO-029,85,promotion_driven,26,4,129.99884579588135,32.49062981293263,171.35545261553597,145.35545261553597,93.0,45.0,282.3731311191244,238.35545261553597,32.49971144897034,5.0,119.87457387427276
PROMO-029,86,promotion_driven,28,4,126.64672667886273,32.52730608313024,167.35545261553597,139.35545261553597,116.0,23.0,278.3182997678341,255.35545261553597,31.661681669715684,5.0,120.00989141925571
PROMO-029,87,promotion_driven,25,4,122.29520636415617,32.75002446661839,175.35545261553597,150.35545261553597,103.0,21.0,273.70062155922625,253.35545261553597,30.573801591039043,5.0,120.83161360403102
PROMO-029,88,promotion_driven,35,4,130.48124502537505,32.62255001116207,162.35545261553597,127.35545261553597,112.0,45.0,283.4628513318879,239.35545261553597,32.62031125634376,5.0,120.3612950501691
PROMO-029,89,promotion_driven,38,4,149.2388918371307,20.93028721916936,150.35545261553597,112.35545261553597,134.0,18.0,263.77116406399864,246.35545261553597,37.309722959282674,5.0,77.22254926758525
PROMO-029,90,promotion_driven,25,4,131.52801635431643,20.971592507668404,157.35545261553597,132.35545261553597,107.0,3.0,241.78496607478905,239.35545261553597,32.88200408857911,5.0,77.37494563189352
PROMO-029,91,promotion_driven,50,4,236.69280607415166,21.088640762997752,155.35545261553597,105.35545261553597,87.0,182.0,373.672804186264,192.35545261553597,59.173201518537915,5.0,77.80679659357442
PROMO-029,92,promotion_driven,25,4,218.89745840644213,21.088640762997752,126.35545261553597,101.35545261553597,248.0,3.0,351.4286196016271,349.35545261553597,54.72436460161053,5.0,77.80679659357442
PROMO-029,93,promotion_driven,39,4,238.24553641235005,21.081344286431975,146.35545261553597,107.35545261553597,206.0,63.0,375.5867966699764,313.35545261553597,59.56138410308751,5.0,77.77987615453885
PROMO-029,94,promotion_driven,39,4,264.96827109376346,7.878077339307097,125.35545261553597,86.35545261553597,251.0,23.0,360.27660103064505,337.35545261553597,66.24206777344087,5.0,29.06626216344072
PROMO-029,95,promotion_driven,145,4,128.0414208792768,32.20885369599883,89.35545261553597,0.0,271.0,8.0,278.8867335627339,271.0,32.0103552198192,5.0,118.83495746363792
PROMO-029,96,promotion_driven,24,4,121.36954724571258,32.25121742882006,182.0,158.0,97.0,16.0,270.70319302828733,255.0,30.342386811428145,5.0,118.9912589711466
PROMO-029,97,promotion_driven,24,4,124.28312317277248,32.50936748629501,161.0,137.0,110.0,29.0,275.2976107140128,247.0,31.07078079319312,5.0,119.94370674804723
PROMO-029,98,promotion_driven,46,4,133.86011337338095,32.25201245957078,200.0,154.0,76.0,57.0,286.31933396349746,230.0,33.46502834334524,5.0,118.99419224677123
PROMO-029,99,promotion_driven,38,4,153.75889760731346,32.014620057653325,177.0,139.0,110.0,62.0,310.3169521016646,249.0,38.439724401828364,5.0,118.11833009252275
PROMO-030,75,promotion_driven,18,4,197.8602114310167,21.07191593153411,216.2399464848979,198.2399464848979,0.0,127.0,325.07035441323814,198.2399464848979,49.46505285775417,5.0,77.74509012446727
PROMO-030,76,promotion_driven,84,4,147.86930585542606,25.637012506460465,198.2399464848979,114.2399464848979,127.0,39.0,279.4247017816381,241.2399464848979,36.967326463856516,5.0,94.58806946235548
PROMO-030,77,promotion_driven,22,4,139.10500563293215,25.425860043946578,114.2399464848979,92.2399464848979,166.0,10.0,267.69027692485474,258.2399464848979,34.77625140823304,5.0,93.80901988368956
PROMO-030,78,promotion_driven,12,4,119.64049716057397,25.82162679337633,92.2399464848979,80.2399464848979,176.0,0.0,244.81982757008944,256.2399464848979,29.910124290143493,5.0,95.26920611937199
PROMO-030,79,promotion_driven,50,4,86.70799261874369,26.02932271546152,80.2399464848979,30.2399464848979,176.0,0.0,204.42049352351438,206.2399464848979,21.676998154685922,5.0,96.03550275008476
PROMO-030,80,promotion_driven,14,4,67.9734823325942,19.77112631838247,157.2399464848979,143.2399464848979,49.0,0.0,157.91266394114604,192.2399464848979,16.99337058314855,5.0,72.94581102540329
PROMO-030,81,promotion_driven,21,4,63.91502461185923,19.86428311290754,182.2399464848979,161.2399464848979,10.0,0.0,153.18329491668197,171.2399464848979,15.978756152964808,5.0,73.28951415185794
PROMO-030,82,promotion_driven,23,4,74.16665094675963,19.474177511350508,171.2399464848979,148.2399464848979,0.0,17.0,164.5585284735573,148.2399464848979,18.541662736689908,5.0,71.85021479010774
PROMO-030,83,promotion_driven,10,4,69.12055755821619,19.961822536390788,148.2399464848979,138.2399464848979,17.0,5.0,160.05008398892943,155.2399464848979,17.280139389554048,5.0,73.64938704115917
PROMO-030,84,promotion_driven,10,4,69.14831218628656,20.426227484064928,138.2399464848979,128.2399464848979,22.0,12.0,161.79820497696028,150.2399464848979,17.28707804657164,5.0,75.36281474410208
PROMO-030,85,promotion_driven,19,4,65.72839209680504,20.468863157839497,128.2399464848979,109.2399464848979,34.0,15.0,157.680609702072,143.2399464848979,16.43209802420126,5.0,75.5201195810657
PROMO-030,86,promotion_driven,22,4,114.94733532830767,20.478256135691208,109.2399464848979,87.2399464848979,49.0,83.0,219.2389442474798,136.2399464848979,28.73683383207692,5.0,75.55477508709521
PROMO-030,87,promotion_driven,21,4,131.16574243172317,20.381615647692325,104.2399464848979,83.2399464848979,115.0,41.0,239.15539687085112,198.2399464848979,32.791435607930794,5.0,75.19821883119717
PROMO-030,88,promotion_driven,12,4,128.0204557672666,20.62174605256331,88.2399464848979,76.2399464848979,151.0,9.0,236.10975258972798,227.2399464848979,32.00511394181665,5.0,76.0841828806447
PROMO-030,89,promotion_driven,12,4,118.05683609299474,10.555105703414657,88.2399464848979,76.2399464848979,148.0,0.0,186.51423598941943,224.2399464848979,29.514209023248686,5.0,38.94319087317599
PROMO-030,90,promotion_driven,46,4,60.107880694890085,12.93871154366835,91.2399464848979,45.2399464848979,133.0,0.0,122.87238448090366,178.2399464848979,15.026970173722521,5.0,47.73753361229106
PROMO-030,91,promotion_driven,17,4,63.59260874949976,12.723892324970222,128.2399464848979,111.2399464848979,50.0,0.0,126.43571642895978,161.2399464848979,15.89815218737494,5.0,46.944955492085086
PROMO-030,92,promotion_driven,18,4,62.476191304494165,9.361678569627665,152.2399464848979,134.2399464848979,9.0,0.0,112.63526607818196,143.2399464848979,15.619047826123541,5.0,34.54002694756426
PROMO-030,93,promotion_driven,6,4,62.16136590223263,9.951162797665472,143.2399464848979,137.2399464848979,0.0,0.0,114.41664355452332,137.2399464848979,15.540341475558158,5.0,36.71493617673252
PROMO-030,94,promotion_driven,23,4,68.36395022905914,10.012812305062475,137.2399464848979,114.2399464848979,0.0,9.0,122.39733057043291,114.2399464848979,17.090987557264786,5.0,36.94239278410899
PROMO-030,95,promotion_driven,21,4,67.6916185751878,9.951162797665472,114.2399464848979,93.2399464848979,9.0,20.0,121.32945939571728,102.2399464848979,16.92290464379695,5.0,36.71493617673252
PROMO-030,96,promotion_driven,14,4,68.47524436593072,9.73494893511163,93.2399464848979,79.2399464848979,29.0,14.0,121.51126795847142,108.2399464848979,17.11881109148268,5.0,35.91721250105801
PROMO-030,97,promotion_driven,12,4,68.64170383306985,9.603685190111632,79.2399464848979,67.2399464848979,43.0,11.0,121.23504310867335,110.2399464848979,17.160425958267464,5.0,35.43291331733604
PROMO-030,98,promotion_driven,22,4,70.92951428507253,9.647638212377334,67.2399464848979,45.2399464848979,54.0,26.0,124.2569713839211,99.2399464848979,17.732378571268132,5.0,35.59507852758045
PROMO-030,99,promotion_driven,22,4,69.9387288158951,9.647638212377334,54.2399464848979,32.2399464848979,71.0,20.0,123.01848954744932,103.2399464848979,17.484682203973776,5.0,35.59507852758045
PROMO-031,75,promotion_driven,15,5,74.38187819288633,24.701032886116842,312.32418076488415,297.32418076488415,0.0,0.0,211.40594632897322,297.32418076488415,18.595469548221583,6.0,99.83312903964372
PROMO-031,76,promotion_driven,21,5,74.7771415129924,24.68182140143445,297.32418076488415,276.32418076488415,0.0,0.0,211.9211950569216,276.32418076488415,18.6942853782481,6.0,99.755482787433
PROMO-031,77,promotion_driven,17,5,75.64369145803518,24.71115184771899,276.32418076488415,259.32418076488415,0.0,0.0,213.33956360957242,259.32418076488415,18.910922864508795,6.0,99.87402642251965
PROMO-031,78,promotion_driven,9,5,73.93144713288,25.055323401808863,259.32418076488415,250.32418076488415,0.0,0.0,212.16222086281607,250.32418076488415,18.48286178322,6.0,101.2650501634961
PROMO-031,79,promotion_driven,22,5,73.11026381165605,24.979478757058942,250.32418076488415,228.32418076488415,0.0,0.0,210.62390776003625,228.32418076488415,18.277565952914014,6.0,100.95851204255217
PROMO-031,80,promotion_driven,21,5,73.23723893813444,22.198406041183024,228.32418076488415,207.32418076488415,0.0,0.0,199.57422544882465,207.32418076488415,18.30930973453361,6.0,89.718367041623
PROMO-031,81,promotion_driven,18,5,73.82981794440667,21.979010966759247,207.32418076488415,189.32418076488415,0.0,11.0,199.576374083943,189.32418076488415,18.457454486101668,6.0,88.831647167333
PROMO-031,82,promotion_driven,15,5,81.50121233819074,21.86848804171814,189.32418076488415,174.32418076488415,11.0,26.0,210.63676980208865,185.32418076488415,20.375303084547685,6.0,88.38495129480253
PROMO-031,83,promotion_driven,27,5,90.31352060614311,21.89192568634405,174.32418076488415,147.32418076488415,37.0,40.0,223.94995914969235,184.32418076488415,22.57838015153578,6.0,88.4796782404777
PROMO-031,84,promotion_driven,24,5,83.57189575905004,4.723101979387349,147.32418076488415,123.32418076488415,77.0,0.0,144.44700689541162,200.32418076488415,20.89297393976251,6.0,19.089163256836585
PROMO-031,85,promotion_driven,26,5,91.3527002468726,5.082650227325667,123.32418076488415,97.32418076488415,77.0,0.0,157.57138470699044,174.32418076488415,22.83817506171815,6.0,20.54233433668153
PROMO-031,86,promotion_driven,18,5,89.83657111522886,5.014082731769187,97.32418076488415,79.32418076488415,77.0,0.0,155.02006463738584,156.32418076488415,22.459142778807216,6.0,20.26520796454255
PROMO-031,87,promotion_driven,29,5,98.02595864649867,5.595327721205662,90.32418076488415,61.32418076488415,66.0,43.0,169.653339439744,127.32418076488415,24.506489661624666,6.0,22.614401469996007
PROMO-031,88,promotion_driven,25,5,95.45754151563868,5.514549520156346,87.32418076488415,62.32418076488415,83.0,21.0,165.47423587485125,145.32418076488415,23.86438537890967,6.0,22.287923601393228
PROMO-031,89,promotion_driven,27,5,98.71946888565593,5.766837110272007,102.32418076488415,75.32418076488415,64.0,33.0,171.38678710583977,139.32418076488415,24.679867221413982,6.0,23.307583777355894
PROMO-031,90,promotion_driven,22,5,94.53427718217573,5.614769899616647,75.32418076488415,53.32418076488415,97.0,15.0,164.49439588064146,150.32418076488415,23.633569295543932,6.0,22.69298010737787
PROMO-031,91,promotion_driven,27,5,107.73925549609342,4.259228291724408,53.32418076488415,26.324180764884147,112.0,41.0,178.82322766517905,138.32418076488415,26.934813874023355,6.0,17.214344421038913
PROMO-031,92,promotion_driven,30,5,110.26944351634133,4.639573366769939,26.324180764884147,0.0,153.0,32.0,184.1557344396204,153.0,27.56736087908533,6.0,18.751569165108418
PROMO-031,93,promotion_driven,30,5,118.47532206988306,4.8582470195085765,43.0,13.0,142.0,43.0,197.34835640444336,155.0,29.618830517470766,6.0,19.635373299618784
PROMO-031,94,promotion_driven,21,5,103.49519489150337,4.589564528809069,34.0,13.0,164.0,0.0,173.79224287856795,177.0,25.873798722875843,6.0,18.549450541312883
PROMO-031,95,promotion_driven,17,5,98.49346484269786,4.259228291724391,46.0,29.0,131.0,5.0,164.95454168508564,160.0,24.623366210674465,6.0,17.214344421038838
PROMO-031,96,promotion_driven,25,5,95.87409117589866,4.210791995666501,44.0,19.0,121.0,21.0,160.82971823777265,140.0,23.968522793974664,6.0,17.01858147392469
PROMO-031,97,promotion_driven,23,5,92.20685907170017,4.23356550948214,60.0,37.0,101.0,18.0,155.42091283749755,138.0,23.05171476792504,6.0,17.11062422994728
PROMO-031,98,promotion_driven,17,5,93.07340901674293,4.698608632023206,69.0,52.0,87.0,20.0,158.60028304677843,139.0,23.268352254185732,6.0,18.990169521664015
PROMO-031,99,promotion_driven,17,5,93.07340901674293,4.810511993647408,95.0,78.0,64.0,18.0,159.05255817197278,142.0,23.268352254185732,6.0,19.442444646858387
PROMO-032,75,promotion_driven,35,5,124.18421659464896,21.967925336493288,337.7868428402455,302.7868428402455,0.0,0.0,275.063167732219,302.7868428402455,31.04605414866224,6.0,88.78684284024554
PROMO-032,76,promotion_driven,33,5,117.410854211523,21.94836598088271,302.7868428402455,269.7868428402455,0.0,0.0,264.82407192997323,269.7868428402455,29.35271355288075,6.0,88.70779061268868
PROMO-032,77,promotion_driven,44,5,123.13732432552797,21.807726224366522,269.7868428402455,225.78684284024553,0.0,48.0,272.84535929330764,225.78684284024553,30.784331081381993,6.0,88.1393728050157
PROMO-032,78,promotion_driven,34,5,137.016442485647,21.41021802545308,225.78684284024553,191.78684284024553,48.0,53.0,292.05744431123355,239.78684284024553,34.25411062141175,6.0,86.53278058276305
PROMO-032,79,promotion_driven,42,5,146.7734642848492,21.34785163033436,191.78684284024553,149.78684284024553,101.0,56.0,306.44091336555977,250.78684284024553,36.6933660712123,6.0,86.28071693828592
PROMO-032,80,promotion_driven,32,5,143.1576433644823,21.07587027129148,149.78684284024553,117.78684284024553,157.0,26.0,299.91792632882317,274.7868428402455,35.78941084112058,6.0,85.18146128209969
PROMO-032,81,promotion_driven,35,5,223.4317119976492,16.11855118513114,117.78684284024553,82.78684284024553,183.0,135.0,400.29324056070595,265.7868428402455,55.8579279994123,6.0,65.14567256423219
PROMO-032,82,promotion_driven,33,5,284.8578488493124,15.634035848848406,82.78684284024553,49.78684284024553,318.0,123.0,490.4742005165654,367.7868428402455,71.2144622123281,6.0,63.1874272425968
PROMO-032,83,promotion_driven,37,5,288.74703446261395,15.615984578596846,97.78684284024553,60.78684284024553,393.0,43.0,496.23502187433076,453.7868428402455,72.18675861565349,6.0,63.114470180409874
PROMO-032,84,promotion_driven,34,5,299.25187925505867,6.517235531600725,113.78684284024553,79.78684284024553,383.0,13.0,475.2182564994188,462.7868428402455,74.81296981376467,6.0,26.340437616830776
PROMO-032,85,promotion_driven,151,5,208.04530938848936,32.6781115482363,135.78684284024553,0.0,340.0,105.0,444.1417175167674,340.0,52.01132734712234,6.0,132.0737534340334
PROMO-032,86,promotion_driven,72,5,114.19480879793461,33.52744761519648,26.0,0.0,419.0,0.0,306.7986926048567,419.0,28.548702199483653,6.0,135.50647940795474
PROMO-032,87,promotion_driven,32,5,108.99755137094499,32.96754425732943,135.0,103.0,284.0,0.0,296.7398685364976,387.0,27.249387842736247,6.0,133.24354148008015
PROMO-032,88,promotion_driven,39,5,109.87650113269964,32.86237814638341,226.0,187.0,161.0,0.0,297.63324771754606,348.0,27.46912528317491,6.0,132.81849601849657
PROMO-032,89,promotion_driven,39,5,211.69466758232957,32.68281913584976,230.0,191.0,118.0,141.0,449.6347812670223,309.0,52.92366689558239,6.0,132.0927798935279
PROMO-032,90,promotion_driven,29,5,208.28760657447276,33.09795097848747,204.0,175.0,246.0,26.0,446.2020107194692,421.0,52.07190164361819,6.0,133.77060085776006
PROMO-032,91,promotion_driven,38,5,209.02096471665877,32.98698266954749,280.0,242.0,167.0,38.0,446.8535519707861,409.0,52.25524117916469,6.0,133.32210489579796
PROMO-032,92,promotion_driven,34,5,208.938839284075,33.16528150695992,242.0,208.0,205.0,35.0,447.4509867580071,413.0,52.23470982101875,6.0,134.04272783189464
PROMO-032,93,promotion_driven,82,5,106.21164617472651,34.221188518076694,208.0,126.0,240.0,0.0,297.62781219253895,366.0,26.552911543681628,6.0,138.31034293044922
PROMO-032,94,promotion_driven,21,5,96.75275583361729,34.95803344818045,126.0,105.0,240.0,0.0,286.4175519430882,345.0,24.18818895840432,6.0,141.28841819266228
PROMO-032,95,promotion_driven,53,5,112.09375032404645,34.6189884163931,246.0,193.0,99.0,17.0,308.0587395880192,292.0,28.023437581011613,6.0,139.9181141019495
PROMO-032,96,promotion_driven,36,5,119.48818929604086,34.65341216040601,219.0,183.0,90.0,47.0,319.2895270489927,273.0,29.872047324010214,6.0,140.05724310493142
PROMO-032,97,promotion_driven,33,5,114.09492041459902,34.694823378002226,221.0,188.0,99.0,25.0,311.36699370884776,287.0,28.523730103649754,6.0,140.22461308694926
PROMO-032,98,promotion_driven,35,5,138.98579427064075,17.30680909427389,223.0,188.0,89.0,2.0,278.42689614456646,277.0,34.74644856766019,6.0,69.94820473860536
PROMO-032,99,promotion_driven,39,5,134.0968518861264,14.731790150068028,188.0,149.0,91.0,21.0,260.6861364571423,240.0,33.5242129715316,6.0,59.54085862795271
PROMO-033,75,promotion_driven,25,5,111.42361704630451,29.312638387405006,481.96777053892106,456.96777053892106,0.0,0.0,285.6070872248274,456.96777053892106,27.85590426157613,6.0,118.47166165537062
PROMO-033,76,promotion_driven,26,5,105.98397802366131,28.868623727109618,456.96777053892106,430.96777053892106,0.0,0.0,275.6530732533984,430.96777053892106,26.495994505915327,6.0,116.67710621790643
PROMO-033,77,promotion_driven,48,5,230.38692526373202,28.889045035738434,430.96777053892106,382.96777053892106,0.0,80.0,462.34003006043827,382.96777053892106,57.596731315933006,6.0,116.75964216484024
PROMO-033,78,promotion_driven,28,5,235.51808338205845,27.720445106871527,382.96777053892106,354.96777053892106,80.0,31.0,465.31368589828645,434.96777053892106,58.87952084551461,6.0,112.03656082519878
PROMO-033,79,promotion_driven,41,5,300.4175585661724,27.50268052204069,354.96777053892106,313.96777053892106,111.0,137.0,561.7827686815979,424.96777053892106,75.1043896415431,6.0,111.15643083233925
PROMO-033,80,promotion_driven,30,5,304.17815031807976,26.132306363913546,313.96777053892106,283.96777053892106,248.0,30.0,561.8850725266814,531.9677705389211,76.04453757951994,6.0,105.61784704956175
PROMO-033,81,promotion_driven,163,5,184.61172186299743,42.495399449340105,283.96777053892106,120.96777053892106,278.0,50.0,448.6694571544398,398.96777053892106,46.15293046574936,6.0,171.75187435994363
PROMO-033,82,promotion_driven,37,5,200.97772599775354,42.15736696881804,120.96777053892106,83.96777053892106,328.0,60.0,471.85225165185943,411.96777053892106,50.244431499438384,6.0,170.3856626552291
PROMO-033,83,promotion_driven,137,5,99.94959266650297,47.808378195050985,163.96777053892106,26.96777053892106,308.0,9.0,343.14950681275036,334.96777053892106,24.98739816662574,6.0,193.2251178129959
PROMO-033,84,promotion_driven,18,5,116.11016621583991,48.14840839289739,57.96777053892106,39.96777053892106,286.0,43.0,368.76465293182696,325.96777053892106,29.027541553959978,6.0,194.59940360806706
PROMO-033,85,promotion_driven,41,5,113.45586915243393,47.53096156919517,176.96777053892106,135.96777053892106,192.0,35.0,362.28769839545316,327.96777053892106,28.363967288108483,6.0,192.10389466680223
PROMO-033,86,promotion_driven,48,5,194.5950217488456,45.08211880443771,165.96777053892106,117.96777053892106,197.0,160.0,474.099042154033,314.96777053892106,48.6487554372114,6.0,182.2065095307646
PROMO-033,87,promotion_driven,38,5,219.53428784142844,44.591450255597614,167.96777053892106,129.96777053892106,307.0,73.0,509.52482679004856,436.96777053892106,54.88357196035711,6.0,180.2233950279059
PROMO-033,88,promotion_driven,29,5,224.18522865625428,44.40071032002841,189.96777053892106,160.96777053892106,320.0,35.0,515.7303324113561,480.96777053892106,56.04630716406357,6.0,179.45248942697467
PROMO-033,89,promotion_driven,21,5,196.41966356899266,44.67130668589896,169.96777053892106,148.96777053892106,346.0,0.0,475.1756427678103,494.96777053892106,49.104915892248165,6.0,180.5461474143213
PROMO-033,90,promotion_driven,101,5,105.1805913384129,46.6286475166369,191.96777053892106,90.96777053892106,303.0,0.0,346.22793679717904,393.96777053892106,26.295147834603224,6.0,188.45704978955973
PROMO-033,91,promotion_driven,28,5,104.47103045531112,46.6286475166369,125.96777053892106,97.96777053892106,268.0,0.0,345.1635954725264,365.96777053892106,26.11775761382778,6.0,188.45704978955973
PROMO-033,92,promotion_driven,72,5,101.42941491628473,46.573212285219306,257.96777053892106,185.96777053892106,108.0,47.0,340.37712191325556,293.96777053892106,25.357353729071182,6.0,188.23299953882847
PROMO-033,93,promotion_driven,39,5,186.2217416408453,46.176362029250534,258.96777053892106,219.96777053892106,82.0,164.0,465.9616789582594,301.96777053892106,46.555435410211324,6.0,186.62906649699144
PROMO-033,94,promotion_driven,25,5,169.11864538533248,34.84287073456551,254.96777053892106,229.96777053892106,211.0,0.0,394.50093795917206,440.96777053892106,42.27966134633312,6.0,140.82296988117332
PROMO-033,95,promotion_driven,39,5,183.1548188858544,34.79095078336113,229.96777053892106,190.96777053892106,211.0,14.0,415.3453555198854,401.96777053892106,45.7887047214636,6.0,140.6131271911038
PROMO-033,96,promotion_driven,59,5,212.925659828738,23.09567614100649,190.96777053892106,131.96777053892106,225.0,56.0,412.733315729669,356.96777053892106,53.2314149571845,6.0,93.34482598656197
PROMO-033,97,promotion_driven,112,5,113.28156898448091,28.681719363403335,131.96777053892106,19.96777053892106,281.0,0.0,285.8440561636909,300.96777053892106,28.320392246120228,6.0,115.92170268696951
PROMO-033,98,promotion_driven,52,5,112.6774511044494,28.55112373737095,66.96777053892106,14.967770538921059,234.0,36.0,284.41005647705276,248.96777053892106,28.16936277611235,6.0,115.39387982037869
PROMO-033,99,promotion_driven,39,5,114.98889418584454,28.738431340235607,178.96777053892106,139.96777053892106,106.0,43.0,288.6342543848833,245.96777053892106,28.747223546461136,6.0,116.15091310611646
PROMO-034,75,promotion_driven,18,6,228.49556393571487,38.95477325019822,381.499014420186,363.499014420186,0.0,207.0,569.923896845745,363.499014420186,57.12389098392872,7.0,170.05665995824404
PROMO-034,76,promotion_driven,139,6,212.69596636027688,31.786144377054832,363.499014420186,224.49901442018597,207.0,80.0,510.98002584329845,431.499014420186,53.17399159006922,7.0,138.76208471281396
PROMO-034,77,promotion_driven,190,6,114.80912386951323,52.25185556759118,224.49901442018597,34.49901442018597,287.0,108.0,429.0209021379429,321.499014420186,28.702280967378307,7.0,228.10493536629477
PROMO-034,78,promotion_driven,15,6,111.52511300439542,52.85757350581917,34.49901442018597,19.499014420185972,395.0,12.0,425.9181385221701,414.499014420186,27.881278251098855,7.0,230.74919076447816
PROMO-034,79,promotion_driven,37,6,121.45504682757723,52.29967887335839,19.499014420185972,0.0,407.0,34.0,440.86003946154443,407.0,30.36376170689431,7.0,228.31370751328427
PROMO-034,80,promotion_driven,32,6,236.96635450725003,52.26755624570021,0.0,0.0,441.0,202.0,642.8645969019734,441.0,59.24158862681251,7.0,228.1734765142859
PROMO-034,81,promotion_driven,32,6,288.3112948145403,52.50848527277306,0.0,0.0,643.0,91.0,733.7700156169964,643.0,72.07782370363508,7.0,229.22524969155086
PROMO-034,82,promotion_driven,15,6,268.0852563459039,53.435319156278396,207.0,192.0,527.0,0.0,702.4205320348811,719.0,67.02131408647597,7.0,233.27133342954937
PROMO-034,83,promotion_driven,28,6,272.48025256327014,53.29694271310599,272.0,244.0,447.0,19.0,709.5076944829648,691.0,68.12006314081754,7.0,232.66725249724203
PROMO-034,84,promotion_driven,117,6,250.06736262685004,56.53612414495118,352.0,235.0,358.0,92.0,684.4257501523624,593.0,62.51684065671251,7.0,246.80786555537483
PROMO-034,85,promotion_driven,121,6,207.27656378593173,58.76245094467758,247.0,126.0,438.0,56.0,619.260858811992,564.0,51.81914094648293,7.0,256.5268721866115
PROMO-034,86,promotion_driven,44,6,209.70805551119062,57.66403580778078,160.0,116.0,460.0,43.0,618.7208494051075,576.0,52.427013877797656,7.0,251.73175226052396
PROMO-034,87,promotion_driven,34,6,202.61954911911656,57.62110991374868,318.0,284.0,301.0,22.0,606.1285706722948,585.0,50.65488727977914,7.0,251.5443597138408
PROMO-034,88,promotion_driven,93,6,116.62872528916002,56.45794895318106,375.0,282.0,232.0,0.0,450.56686181980933,514.0,29.157181322290004,7.0,246.46659256377927
PROMO-034,89,promotion_driven,32,6,113.87882904992412,53.1023443395767,282.0,250.0,232.0,0.0,431.1056861464806,482.0,28.46970726248103,7.0,231.81773530911337
PROMO-034,90,promotion_driven,18,6,102.1604380004799,37.295253014772506,269.0,251.0,213.0,0.0,341.59280802536784,464.0,25.540109500119975,7.0,162.81204152452798
PROMO-034,91,promotion_driven,23,6,170.4768641407977,36.77600248768699,343.0,320.0,121.0,18.0,458.87977096229156,441.0,42.61921603519942,7.0,160.5452587158956
PROMO-034,92,promotion_driven,23,6,174.40282956642525,37.33064321809796,376.0,353.0,83.0,33.0,468.17148883257,436.0,43.60070739160631,7.0,162.9665370913258
PROMO-034,93,promotion_driven,31,6,180.4767819528897,37.36531368350421,396.0,365.0,73.0,41.0,478.952259067234,438.0,45.119195488222424,7.0,163.11789064967707
PROMO-034,94,promotion_driven,17,6,219.23507318193995,38.091657340871365,387.0,370.0,92.0,88.0,549.9501144462803,462.0,54.80876829548499,7.0,166.28873637788536
PROMO-034,95,promotion_driven,157,6,190.16491301375794,47.66577011887714,370.0,213.0,180.0,148.0,540.8730245191987,393.0,47.541228253439485,7.0,208.08442674512224
PROMO-034,96,promotion_driven,18,6,192.67547059721423,48.24589792579952,213.0,195.0,328.0,25.0,547.7990422347345,523.0,48.16886764930356,7.0,210.6169686896096
PROMO-034,97,promotion_driven,29,6,286.2327175271013,45.04100695690881,195.0,166.0,353.0,179.0,697.5333059654802,519.0,71.55817938177532,7.0,196.62605029305288
PROMO-034,98,promotion_driven,66,6,207.80997813545076,40.04372610035186,184.0,118.0,514.0,0.0,538.4779341064024,632.0,51.95249453386269,7.0,174.81047236936354
PROMO-034,99,promotion_driven,31,6,187.13165964827937,40.23265671897231,151.0,120.0,481.0,0.0,503.1156514165127,601.0,46.78291491206984,7.0,175.63524703202378
PROMO-035,75,promotion_driven,22,4,100.71790402499278,34.80292501706703,365.07305768879314,343.07305768879314,0.0,0.0,254.30319518532434,343.07305768879314,25.179476006248194,5.0,128.40581515408337
PROMO-035,76,promotion_driven,31,4,111.21393362783232,34.487641785100884,343.07305768879314,312.07305768879314,0.0,0.0,266.25999086978425,312.07305768879314,27.80348340695808,5.0,127.24257383499382
PROMO-035,77,promotion_driven,40,4,112.11098188344846,34.10560522395561,312.07305768879314,272.07305768879314,0.0,0.0,265.9717726502961,272.07305768879314,28.027745470862115,5.0,125.8330452959855
PROMO-035,78,promotion_driven,28,4,116.14338657906218,34.18220409691389,272.07305768879314,244.07305768879314,0.0,28.0,271.2948909932553,244.07305768879314,29.035846644765545,5.0,126.1156577694276
PROMO-035,79,promotion_driven,28,4,125.64318651197156,34.221375835909406,244.07305768879314,216.07305768879314,28.0,40.0,283.314165516857,244.07305768879314,31.41079662799289,5.0,126.2601823768925
PROMO-035,80,promotion_driven,30,4,126.88720863739078,20.483889854950508,216.07305768879314,186.07305768879314,68.0,0.0,234.1845715595631,254.07305768879314,31.721802159347696,5.0,75.57556076282461
PROMO-035,81,promotion_driven,25,4,114.70623876473034,20.435326376218338,186.07305768879314,161.07305768879314,68.0,0.0,218.77918367328368,229.07305768879314,28.676559691182586,5.0,75.39638521737076
PROMO-035,82,promotion_driven,24,4,174.31362745000953,20.721907149136555,161.07305768879314,137.07305768879314,68.0,90.0,294.34576277721044,205.07305768879314,43.57840686250238,5.0,76.45372846469854
PROMO-035,83,promotion_driven,24,4,234.11984394146754,20.754363149554617,165.07305768879314,141.07305768879314,130.0,99.0,369.22328019983365,271.07305768879314,58.529960985366884,5.0,76.57347527299926
PROMO-035,84,promotion_driven,23,4,229.36765225093222,20.897184204870968,181.07305768879314,158.07305768879314,189.0,17.0,363.8099806073688,347.07305768879314,57.341913062733056,5.0,77.10041529370352
PROMO-035,85,promotion_driven,13,4,269.7531749642733,21.599204638727834,158.07305768879314,145.07305768879314,206.0,66.0,416.88199692834655,351.07305768879314,67.43829374106832,5.0,79.69052822300496
PROMO-035,86,promotion_driven,87,4,258.68448242382664,26.345582999617683,145.07305768879314,58.07305768879314,272.0,91.0,420.55795194489644,330.07305768879314,64.67112060595666,5.0,97.20234891511312
PROMO-035,87,promotion_driven,86,4,188.51239803951555,23.461370323062933,148.07305768879314,62.07305768879314,273.0,0.0,322.20150871404155,335.07305768879314,47.128099509878886,5.0,86.56101116464711
PROMO-035,88,promotion_driven,22,4,188.22997095000275,23.461370323062933,161.07305768879314,139.07305768879314,174.0,9.0,321.84847485215056,313.07305768879314,47.05749273750069,5.0,86.56101116464711
PROMO-035,89,promotion_driven,55,4,108.83819078332282,24.018689304319594,156.07305768879314,101.07305768879314,166.0,0.0,224.66498480374798,267.07305768879314,27.209547695830704,5.0,88.61724632459449
PROMO-035,90,promotion_driven,19,4,96.26839903994056,24.5234058788219,167.07305768879314,148.07305768879314,100.0,0.0,210.81490306495087,248.07305768879314,24.06709975998514,5.0,90.47940426502517
PROMO-035,91,promotion_driven,21,4,154.05605568306567,24.78186888919047,239.07305768879314,218.07305768879314,9.0,57.0,284.0030762892653,227.07305768879314,38.514013920766416,5.0,91.43300668543321
PROMO-035,92,promotion_driven,28,4,176.40764987055232,24.78186888919047,218.07305768879314,190.07305768879314,66.0,56.0,311.9425690236236,256.07305768879314,44.10191246763808,5.0,91.43300668543321
PROMO-035,93,promotion_driven,22,4,174.01716158030493,25.018710946727417,199.07305768879314,177.07305768879314,113.0,20.0,309.8282903127772,290.07305768879314,43.50429039507623,5.0,92.30683833739603
PROMO-035,94,promotion_driven,18,4,219.48795059377542,25.31468611958944,177.07305768879314,159.07305768879314,133.0,76.0,367.75878057979867,292.07305768879314,54.871987648443856,5.0,93.39884233757938
PROMO-035,95,promotion_driven,65,4,156.73664370383892,26.491653257350567,159.07305768879314,94.07305768879314,209.0,0.0,293.6620815374515,303.07305768879314,39.18416092595973,5.0,97.74127690765285
PROMO-035,96,promotion_driven,19,4,135.81436180055672,26.733729775179302,151.07305768879314,132.07305768879314,152.0,0.0,268.40237341522425,284.07305768879314,33.95359045013918,5.0,98.6344211645283
PROMO-035,97,promotion_driven,17,4,129.67984091231682,27.04127898659325,188.07305768879314,171.07305768879314,96.0,0.0,261.8689288611186,267.07305768879314,32.419960228079205,5.0,99.76912772072257
PROMO-035,98,promotion_driven,81,4,163.22957965670287,28.683954238724322,191.07305768879314,110.07305768879314,76.0,124.0,309.86677261399194,186.07305768879314,40.80739491417572,5.0,105.82979804311334
PROMO-035,99,promotion_driven,15,4,127.90069365461449,26.00000000000001,186.07305768879314,171.07305768879314,124.0,0.0,255.80318330300912,295.07305768879314,31.97517341365362,5.0,95.92731623474101
PROMO-036,75,promotion_driven,20,6,207.01889442692803,70.90703556282476,643.0419595166859,623.0419595166859,0.0,49.0,671.8269960488019,623.0419595166859,51.75472360673201,7.0,309.5439308016778
PROMO-036,76,promotion_driven,75,6,130.34902782547402,70.50931926039355,623.0419595166859,548.0419595166859,49.0,0.0,535.9185030890853,597.0419595166859,32.587256956368506,7.0,307.8077043945058
PROMO-036,77,promotion_driven,30,6,112.44865148958851,48.059925200279,548.0419595166859,518.0419595166859,49.0,0.0,406.590246785482,567.0419595166859,28.11216287239713,7.0,209.80510667870212
PROMO-036,78,promotion_driven,26,6,110.09096334351212,48.430627097175226,518.0419595166859,492.0419595166859,49.0,0.0,404.0825878288984,541.0419595166859,27.52274083587803,7.0,211.4234019777522
PROMO-036,79,promotion_driven,20,6,106.50557548493073,48.71239509506218,492.0419595166859,472.0419595166859,49.0,0.0,399.038214358593,521.0419595166859,26.626393871232683,7.0,212.6534572599642
PROMO-036,80,promotion_driven,20,6,120.45985119007325,27.620598036563912,472.0419595166859,452.0419595166859,49.0,0.0,331.3821748042128,501.0419595166859,30.114962797518313,7.0,120.57743522158461
PROMO-036,81,promotion_driven,36,6,137.31743570026396,27.37254847938738,452.0419595166859,416.0419595166859,49.0,0.0,359.800089919217,465.0419595166859,34.32935892506599,7.0,119.49457744375506
PROMO-036,82,promotion_driven,24,6,127.36012392598636,27.336225613080405,465.0419595166859,441.0419595166859,0.0,0.0,342.21622721682826,441.0419595166859,31.84003098149659,7.0,119.33601034635213
PROMO-036,83,promotion_driven,35,6,252.5951290696626,26.83329351804663,441.0419595166859,406.0419595166859,0.0,154.0,559.1819413560718,406.0419595166859,63.14878226741565,7.0,117.14046548416222
PROMO-036,84,promotion_driven,27,6,247.23920082700698,26.639088303487938,406.0419595166859,379.0419595166859,154.0,16.0,548.961266074718,533.0419595166859,61.809800206751746,7.0,116.29266462745571
PROMO-036,85,promotion_driven,48,6,238.08858071702022,26.728933713036508,379.0419595166859,331.0419595166859,170.0,33.0,533.3399000889165,501.0419595166859,59.522145179255055,7.0,116.68488383413104
PROMO-036,86,promotion_driven,23,6,347.9828537914437,15.261817615313037,331.0419595166859,308.0419595166859,203.0,165.0,675.5953011771826,511.0419595166859,86.99571344786092,7.0,66.62530704215617
PROMO-036,87,promotion_driven,188,6,237.12611854047952,45.85847795119243,308.0419595166859,120.04195951668589,368.0,128.0,615.1654189144492,488.0419595166859,59.28152963511988,7.0,200.19471146861008
PROMO-036,88,promotion_driven,48,6,232.48355871435834,45.291364434157806,120.04195951668589,72.04195951668589,496.0,37.0,604.5652110222295,568.0419595166859,58.120889678589585,7.0,197.71898327210238
PROMO-036,89,promotion_driven,33,6,228.43452238531742,44.55420208102627,72.04195951668589,39.04195951668589,533.0,23.0,594.2613228136702,572.0419595166859,57.108630596329355,7.0,194.50090863936475
PROMO-036,90,promotion_driven,154,6,126.91018202588066,53.858789726183346,193.0419595166859,39.04195951668589,402.0,17.0,457.21280837045396,441.0419595166859,31.727545506470165,7.0,235.1199898251628
PROMO-036,91,promotion_driven,40,6,120.38862000184348,53.42380147558358,55.04195951668589,15.041959516685893,403.0,26.0,443.9011381167575,418.0419595166859,30.09715500046087,7.0,233.22105311353144
PROMO-036,92,promotion_driven,29,6,109.83808705165652,53.009674975664986,48.04195951668589,19.041959516685893,396.0,9.0,423.62984049925507,415.0419595166859,27.45952176291413,7.0,231.41318815885617
PROMO-036,93,promotion_driven,36,6,113.4230567154222,52.33006685869893,184.0419595166859,148.0419595166859,240.0,39.0,426.9367152011645,388.0419595166859,28.35576417885555,7.0,228.4463659491756
PROMO-036,94,promotion_driven,56,6,131.4949900073237,52.003205029433865,276.0419595166859,220.0419595166859,151.0,87.0,457.1356865250223,371.0419595166859,32.87374750183093,7.0,227.01945401220584
PROMO-036,95,promotion_driven,20,6,93.52156768710454,52.226086418226906,257.0419595166859,237.0419595166859,201.0,0.0,391.6551838635471,438.0419595166859,23.380391921776134,7.0,227.99244041111413
PROMO-036,96,promotion_driven,49,6,140.47795815944212,51.88473418092882,260.0419595166859,211.0419595166859,178.0,84.0,472.3386975266835,389.0419595166859,35.11948953986053,7.0,226.50227074765982
PROMO-036,97,promotion_driven,35,6,222.82739620949218,51.535648602914456,228.0419595166859,193.0419595166859,245.0,177.0,614.9262846318575,438.0419595166859,55.706849052373045,7.0,224.9783412652462
PROMO-036,98,promotion_driven,47,6,219.74743278823698,51.55318389033573,219.0419595166859,172.0419595166859,396.0,42.0,609.6128987606407,568.0419595166859,54.936858197059244,7.0,225.05489138122599
PROMO-036,99,promotion_driven,32,6,256.6115782356232,51.09794516416489,181.0419595166859,149.0419595166859,429.0,95.0,672.1378133401537,578.0419595166859,64.1528945589058,7.0,223.0675514278131
PROMO-037,75,promotion_driven,32,6,253.75201123854623,31.991184683220105,392.2957882569506,360.2957882569506,0.0,224.0,583.7232057173853,360.2957882569506,63.43800280963656,7.0,139.65718604992944
PROMO-037,76,promotion_driven,99,6,258.5777227940496,36.50482932575584,360.2957882569506,261.2957882569506,224.0,127.0,611.8724699701194,485.2957882569506,64.6444306985124,7.0,159.3614550805326
PROMO-037,77,promotion_driven,124,6,206.00452257893775,42.65048771777531,261.2957882569506,137.29578825695057,351.0,59.0,546.6981777779407,488.2957882569506,51.50113064473444,7.0,186.19026326479963
PROMO-037,78,promotion_driven,18,6,200.1494983941738,42.7086131948304,137.29578825695057,119.29578825695057,410.0,8.0,536.7056316238596,529.2957882569506,50.03737459854345,7.0,186.44400943405546
PROMO-037,79,promotion_driven,25,6,201.40262042669877,42.83495457372791,119.29578825695057,94.29578825695057,418.0,28.0,539.4501371643969,512.2957882569506,50.350655106674694,7.0,186.9955514176741
PROMO-037,80,promotion_driven,107,6,203.26146306668076,39.33371360094322,94.29578825695057,0.0,446.0,82.0,527.4184805091035,446.0,50.81536576667019,7.0,171.71092014241216
PROMO-037,81,promotion_driven,25,6,290.2724337018039,38.6975451417787,0.0,0.0,528.0,149.0,676.9104922879964,528.0,72.56810842545097,7.0,168.93373330983957
PROMO-037,82,promotion_driven,25,6,286.0925510414289,38.64897915525829,224.0,199.0,453.0,18.0,669.3836833201995,652.0,71.52313776035723,7.0,168.72171899769887
PROMO-037,83,promotion_driven,27,6,281.45125678167545,37.88240915090965,326.0,299.0,344.0,15.0,657.9149649354844,643.0,70.36281419541886,7.0,165.37526556755233
PROMO-037,84,promotion_driven,84,6,179.62568106707394,38.15857600955417,358.0,274.0,300.0,0.0,480.9258110016784,574.0,44.906420266768485,7.0,166.58086913429904
PROMO-037,85,promotion_driven,161,6,200.6414293169152,48.51460261268423,282.0,121.0,292.0,150.0,562.912497527275,413.0,50.1603573292288,7.0,211.7899962226734
PROMO-037,86,promotion_driven,35,6,205.7308163358502,48.42493530170545,149.0,114.0,414.0,44.0,571.4274830912013,528.0,51.43270408396255,7.0,211.39855450346354
PROMO-037,87,promotion_driven,16,6,276.44677876439766,48.71318465235423,196.0,180.0,376.0,141.0,696.4387669018572,556.0,69.11169469109942,7.0,212.6569040641612
PROMO-037,88,promotion_driven,19,6,309.02796073652064,49.460162679753616,329.0,310.0,368.0,79.0,756.7167602103641,678.0,77.25699018413016,7.0,215.91782892145298
PROMO-037,89,promotion_driven,94,6,178.47566625850754,49.14030149245353,328.0,234.0,429.0,0.0,526.8538941670057,663.0,44.618916564626886,7.0,214.52147821461753
PROMO-037,90,promotion_driven,25,6,279.93571909293735,45.68706263602085,249.0,224.0,414.0,52.0,689.3339080947451,638.0,69.98392977323434,7.0,199.44639968210467
PROMO-037,91,promotion_driven,201,6,353.4592244433092,60.51096531271769,224.0,23.0,466.0,394.0,882.7136363621373,489.0,88.3648061108273,7.0,264.1599935863462
PROMO-037,92,promotion_driven,16,6,289.4583678397748,61.05483033873984,173.0,157.0,710.0,0.0,773.0863744552585,867.0,72.3645919599437,7.0,266.53423073565267
PROMO-037,93,promotion_driven,20,6,319.3139633829054,60.74347068425733,201.0,181.0,666.0,0.0,823.9744293025385,847.0,79.82849084572635,7.0,265.17499338245415
PROMO-037,94,promotion_driven,106,6,226.26335607147016,61.27962391931193,322.0,216.0,525.0,0.0,663.4764379130793,741.0,56.56583901786754,7.0,267.51556478800654
PROMO-037,95,promotion_driven,99,6,199.74486037236719,60.81339680341192,295.0,196.0,446.0,0.0,615.0337607844577,642.0,49.936215093091796,7.0,265.48025513281516
PROMO-037,96,promotion_driven,16,6,190.71220739559857,61.525791965021284,196.0,180.0,446.0,0.0,602.3365717892723,626.0,47.67805184889964,7.0,268.5902088469748
PROMO-037,97,promotion_driven,13,6,281.92200004167637,63.17547804046303,232.0,219.0,394.0,157.0,769.1553964298678,613.0,70.48050001041909,7.0,275.79189635693405
PROMO-037,98,promotion_driven,28,6,278.7631375761165,56.417286857932616,613.0,585.0,157.0,0.0,734.1245733654896,742.0,69.69078439402912,7.0,246.28908260728582
PROMO-037,99,promotion_driven,203,6,272.83174739802627,69.65731135811248,585.0,382.0,157.0,243.0,781.5438306506308,539.0,68.20793684950657,7.0,304.0882727040848
PROMO-038,75,promotion_driven,43,4,204.78691072171748,20.205355979452836,288.954869795093,245.95486979509297,0.0,85.0,330.5315450435502,245.95486979509297,51.19672768042937,5.0,74.54790664140334
PROMO-038,76,promotion_driven,19,4,227.12989541729473,20.07741427830198,245.95486979509297,226.95486979509297,85.0,47.0,357.9882334504868,311.954869795093,56.78247385432368,5.0,74.07586417886837
PROMO-038,77,promotion_driven,21,4,226.98226245597053,15.945419726567582,226.95486979509297,205.95486979509297,132.0,5.0,342.5586480932757,337.954869795093,56.74556561399263,5.0,58.83082002331252
PROMO-038,78,promotion_driven,69,4,140.14521756478786,18.974341649333745,205.95486979509297,136.95486979509297,137.0,0.0,245.18758625374076,273.954869795093,35.036304391196964,5.0,70.00606429775596
PROMO-038,79,promotion_driven,23,4,126.67005699032165,19.054577483558205,136.95486979509297,113.95486979509297,137.0,0.0,228.63966662192757,250.95486979509297,31.667514247580414,5.0,70.30209538402549
PROMO-038,80,promotion_driven,116,4,85.37054790986198,29.482719841133537,198.95486979509297,82.95486979509297,52.0,81.0,215.49003833581554,134.95486979509297,21.342636977465496,5.0,108.77685344848804
PROMO-038,81,promotion_driven,22,4,175.33192480616447,28.966824525255145,129.95486979509297,107.95486979509297,86.0,133.0,326.03835741349025,193.95486979509297,43.832981201541116,5.0,106.87345140578466
PROMO-038,82,promotion_driven,26,4,162.9107084806275,28.966824525255145,112.95486979509297,86.95486979509297,214.0,10.0,310.51183700656907,300.954869795093,40.727677120156876,5.0,106.87345140578466
PROMO-038,83,promotion_driven,21,4,149.63130098067722,29.07505759854956,86.95486979509297,65.95486979509297,224.0,5.0,294.31190487197625,289.954869795093,37.407825245169306,5.0,107.27277864612971
PROMO-038,84,promotion_driven,11,4,136.20254896710796,28.315077074653885,65.95486979509297,54.954869795092975,229.0,0.0,274.7220074685537,283.954869795093,34.05063724177699,5.0,104.46882125966876
PROMO-038,85,promotion_driven,63,4,62.848480585014734,28.861295171463794,135.95486979509297,72.95486979509297,148.0,0.0,185.0447003026996,220.95486979509297,15.712120146253683,5.0,106.48409957143116
PROMO-038,86,promotion_driven,14,4,112.18868925614653,29.677324504469574,205.95486979509297,191.95486979509297,15.0,43.0,249.73071129100165,206.95486979509297,28.047172314036633,5.0,109.49484972081848
PROMO-038,87,promotion_driven,16,4,108.64742216327363,30.247271544677155,201.95486979509297,185.95486979509297,48.0,14.0,247.4069539619508,233.95486979509297,27.161855540818408,5.0,111.59767625785875
PROMO-038,88,promotion_driven,14,4,105.96815597169248,30.728964036706987,190.95486979509297,176.95486979509297,57.0,12.0,245.8350815305838,233.95486979509297,26.49203899292312,5.0,113.37488656596823
PROMO-038,89,promotion_driven,34,4,136.1809794177966,30.420767198134193,176.95486979509297,142.95486979509297,69.0,71.0,282.46401485374014,211.95486979509297,34.04524485444915,5.0,112.23779058149438
PROMO-038,90,promotion_driven,56,4,128.95113887051667,30.66318263375101,142.95486979509297,86.95486979509297,140.0,48.0,274.32110886781703,226.95486979509297,32.23778471762917,5.0,113.13218527967119
PROMO-038,91,promotion_driven,24,4,137.60669290656546,29.296888782048047,129.95486979509297,105.95486979509297,145.0,30.0,280.09959362895904,250.95486979509297,34.401673226641364,5.0,108.09122749575224
PROMO-038,92,promotion_driven,16,4,171.2689665011977,29.57584773477794,119.95486979509297,103.95486979509297,161.0,59.0,323.2066580712891,264.954869795093,42.817241625299424,5.0,109.12044994479197
PROMO-038,93,promotion_driven,14,4,169.24566417064472,16.4094250590699,115.95486979509297,101.95486979509297,208.0,0.0,272.0998535545244,309.954869795093,42.31141604266118,5.0,60.54277334121851
PROMO-038,94,promotion_driven,48,4,120.94855386249368,17.500549441924132,172.95486979509297,124.95486979509297,137.0,0.0,215.75418235108543,261.954869795093,30.23713846562342,5.0,64.5684900229683
PROMO-038,95,promotion_driven,6,4,109.7227404302167,18.490815460932403,172.95486979509297,166.95486979509297,89.0,0.0,205.37551408235169,255.95486979509297,27.430685107554176,5.0,68.22208854458079
PROMO-038,96,promotion_driven,112,4,77.95442621858443,30.070643321079615,196.95486979509297,84.95486979509297,59.0,65.0,208.38903705181923,143.95486979509297,19.488606554646108,5.0,110.94600427858869
PROMO-038,97,promotion_driven,24,4,147.89566346363108,29.49141552627798,143.95486979509297,119.95486979509297,65.0,109.0,293.6785156141318,184.95486979509297,36.97391586590777,5.0,108.80893628459299
PROMO-038,98,promotion_driven,8,4,118.11107180795285,28.911890908369106,119.95486979509297,111.95486979509297,174.0,0.0,254.30961291807398,285.954869795093,29.527767951988213,5.0,106.67077315813292
PROMO-038,99,promotion_driven,16,4,126.48036073595239,28.826625868706163,111.95486979509297,95.95486979509297,174.0,0.0,264.456637677169,269.954869795093,31.620090183988097,5.0,106.3561867572285
PROMO-039,75,promotion_driven,18,5,87.87534252016553,19.98268481229915,291.5285982537588,273.5285982537588,0.0,0.0,212.57619322389164,273.5285982537588,21.968835630041383,6.0,80.76317944364334
PROMO-039,76,promotion_driven,18,5,85.58147461684278,20.46197223369015,273.5285982537588,255.5285982537588,0.0,0.0,211.07250724610222,255.5285982537588,21.395368654210696,6.0,82.70029532083805
PROMO-039,77,promotion_driven,31,5,168.8374448361203,19.992306212448494,255.5285982537588,224.5285982537588,0.0,110.0,334.0582331074359,224.5285982537588,42.20936120903008,6.0,80.80206585325543
PROMO-039,78,promotion_driven,19,5,141.6868924732182,20.25858475832543,224.5285982537588,205.5285982537588,110.0,0.0,294.4086113983832,315.5285982537588,35.42172311830455,6.0,81.87827268855591
PROMO-039,79,promotion_driven,15,5,212.06924725732011,19.820670381169585,205.5285982537588,190.5285982537588,110.0,98.0,398.21224339568624,300.5285982537588,53.01731181433003,6.0,80.10837250970604
PROMO-039,80,promotion_driven,35,5,236.5064113463937,19.860087535634776,190.5285982537588,155.5285982537588,208.0,72.0,435.0273001899577,363.5285982537588,59.12660283659842,6.0,80.26768317036715
PROMO-039,81,promotion_driven,50,5,162.92013171360873,18.291794433290097,155.5285982537588,105.52859825375879,280.0,0.0,318.30937625879324,385.5285982537588,40.73003292840218,6.0,73.92917868838016
PROMO-039,82,promotion_driven,30,5,179.33773952426972,18.02491153646627,105.52859825375879,75.52859825375879,280.0,0.0,341.85713855959926,355.5285982537588,44.83443488106743,6.0,72.85052927319468
PROMO-039,83,promotion_driven,57,5,133.18793654963324,19.48010161611992,185.5285982537588,128.5285982537588,170.0,0.0,278.5138148345984,298.5285982537588,33.29698413740831,6.0,78.7319100101486
PROMO-039,84,promotion_driven,15,5,170.57765487113082,19.904580068223158,128.5285982537588,113.52859825375879,170.0,53.0,336.31398908070275,283.5285982537588,42.644413717782705,6.0,80.44750677400653
PROMO-039,85,promotion_driven,26,5,168.4619058689908,19.78052655439763,211.5285982537588,185.5285982537588,125.0,23.0,332.6389836915342,310.5285982537588,42.1154764672477,6.0,79.94612488804798
PROMO-039,86,promotion_driven,31,5,174.57272330631753,19.228384467520097,257.5285982537588,226.5285982537588,76.0,38.0,339.5736403232213,302.5285982537588,43.64318082657938,6.0,77.71455536374506
PROMO-039,87,promotion_driven,34,5,195.80526852455054,13.031028060275649,226.5285982537588,192.5285982537588,114.0,40.0,346.374862579908,306.5285982537588,48.951317131137635,6.0,52.6669597930822
PROMO-039,88,promotion_driven,54,5,129.71840505878123,14.232952015549058,192.5285982537588,138.5285982537588,154.0,0.0,252.1023330413326,292.5285982537588,32.42960126469531,6.0,57.52472545316074
PROMO-039,89,promotion_driven,44,5,147.36565257254753,13.937129896201318,138.5285982537588,94.52859825375879,154.0,29.0,277.37759245438144,248.5285982537588,36.84141314313688,6.0,56.329113595560145
PROMO-039,90,promotion_driven,32,5,143.39780696256565,13.92240400697136,147.5285982537588,115.52859825375879,130.0,26.0,271.3663070302821,245.5285982537588,35.84945174064141,6.0,56.26959658643361
PROMO-039,91,promotion_driven,28,5,129.36733960081705,13.325318103673975,138.5285982537588,110.52859825375879,133.0,5.0,247.907388924775,243.5285982537588,32.34183490020426,6.0,53.856379523549435
PROMO-039,92,promotion_driven,16,5,103.92028096547519,13.204505835470453,148.5285982537588,132.5285982537588,100.0,0.0,209.24851909234684,232.5285982537588,25.980070241368797,6.0,53.36809764413405
PROMO-039,93,promotion_driven,25,5,104.39107981829189,13.478377746103778,172.5285982537588,147.5285982537588,60.0,4.0,211.06161399086096,207.5285982537588,26.09776995457297,6.0,54.47499426342311
PROMO-039,94,promotion_driven,62,5,98.84656350307735,14.991450555019304,147.5285982537588,85.52859825375879,64.0,60.0,208.86016245515162,149.5285982537588,24.711640875769337,6.0,60.59031720053559
PROMO-039,95,promotion_driven,33,5,105.17663365464385,14.932325973349155,114.52859825375879,81.52859825375879,95.0,42.0,218.1163063395282,176.5285982537588,26.294158413660963,6.0,60.35135585756242
PROMO-039,96,promotion_driven,40,5,192.98585224562973,13.539117116994415,107.52859825375879,67.52859825375879,111.0,166.0,344.1992604007342,178.5285982537588,48.24646306140743,6.0,54.720482032289645
PROMO-039,97,promotion_driven,29,5,191.89350590571652,12.426192353663902,72.52859825375879,43.52859825375879,272.0,23.0,338.06267953362305,315.5285982537588,47.97337647642913,6.0,50.22242067504829
PROMO-039,98,promotion_driven,25,5,187.69703341206605,12.48896949209012,43.52859825375879,18.528598253758787,295.0,19.0,332.02169452163025,313.5285982537588,46.92425835301651,6.0,50.476144403531194
PROMO-039,99,promotion_driven,46,5,209.01362035730764,12.793227374930277,22.528598253758787,0.0,310.0,56.0,365.22628126873616,310.0,52.25340508932691,6.0,51.70585073277471
PROMO-040,75,promotion_driven,96,6,165.51321261792128,38.76325248982267,389.4857852054332,293.4857852054332,0.0,166.0,458.8687001398878,293.4857852054332,41.37830315448032,7.0,169.22057805852555
PROMO-040,76,promotion_driven,16,6,128.6235180868437,37.115896103822465,293.4857852054332,277.4857852054332,166.0,0.0,387.12021743571836,443.4857852054332,32.15587952171092,7.0,162.02906078374193
PROMO-040,77,promotion_driven,15,6,128.6235180868437,37.225921489860134,277.4857852054332,262.4857852054332,166.0,0.0,387.6005321211617,428.4857852054332,32.15587952171092,7.0,162.5093754691852
PROMO-040,78,promotion_driven,8,6,179.53902999298586,36.49394048753426,262.4857852054332,254.48578520543322,166.0,54.0,473.5072224575566,420.4857852054332,44.884757498246465,7.0,159.3139199698314
PROMO-040,79,promotion_driven,63,6,167.12523071684177,27.58134821271015,254.48578520543322,191.48578520543322,220.0,2.0,412.8752442757394,411.4857852054332,41.78130767921044,7.0,120.40609052126635
PROMO-040,80,promotion_driven,15,6,161.12723145571235,27.74448432132791,191.48578520543322,176.48578520543322,222.0,5.0,403.0909145646377,398.4857852054332,40.28180786392809,7.0,121.11825951714108
PROMO-040,81,promotion_driven,14,6,186.24469819957,28.099867688346222,176.48578520543322,162.48578520543322,227.0,60.0,448.59790378160034,389.4857852054332,46.5611745498925,7.0,122.66968193235284
PROMO-040,82,promotion_driven,80,6,258.84631260904274,30.950539533841688,328.4857852054332,248.48578520543322,121.0,219.0,588.0953074730246,369.4857852054332,64.71157815226069,7.0,135.11426040719985
PROMO-040,83,promotion_driven,46,6,264.13214716676816,30.682618482181027,248.48578520543322,202.48578520543322,340.0,54.0,596.1759113674507,542.4857852054332,66.03303679169204,7.0,133.9446538256064
PROMO-040,84,promotion_driven,8,6,224.36464551409713,31.151408578269074,202.48578520543322,194.48578520543322,394.0,0.0,528.6292817939858,588.4857852054332,56.09116137852428,7.0,135.99115214431583
PROMO-040,85,promotion_driven,69,6,216.67034172200303,30.87298213067577,248.48578520543322,179.48578520543322,340.0,0.0,513.9487823788753,519.4857852054332,54.16758543050076,7.0,134.77568436537
PROMO-040,86,promotion_driven,77,6,162.99295357179463,32.273868130463754,181.48578520543322,104.48578520543322,338.0,0.0,426.1289064674859,442.4857852054332,40.74823839294866,7.0,140.8912377168453
PROMO-040,87,promotion_driven,63,6,81.99676162111285,32.14251119064945,109.48578520543322,46.48578520543322,333.0,0.0,283.81213319083645,379.4857852054332,20.499190405278213,7.0,140.31780035388894
PROMO-040,88,promotion_driven,8,6,82.04215100143828,29.392350304292716,106.48578520543322,98.48578520543322,273.0,0.0,271.8857656847231,371.4857852054332,20.51053775035957,7.0,128.3120014322061
PROMO-040,89,promotion_driven,13,6,75.0685966082901,29.58278258786731,317.4857852054332,304.4857852054332,54.0,0.0,260.513375662209,358.4857852054332,18.767149152072523,7.0,129.14333159770132
PROMO-040,90,promotion_driven,10,6,59.7182182898741,29.92104996100956,358.4857852054332,348.4857852054332,0.0,0.0,235.12691632585043,348.4857852054332,14.929554572468525,7.0,130.62003431857076
PROMO-040,91,promotion_driven,14,6,62.640880510641935,29.488589709867828,348.4857852054332,334.4857852054332,0.0,0.0,238.35367445606556,334.4857852054332,15.660220127660484,7.0,128.7321335624422
PROMO-040,92,promotion_driven,8,6,62.052882891325964,29.380789118585106,334.4857852054332,326.4857852054332,0.0,0.0,236.85407625532497,326.4857852054332,15.513220722831491,7.0,128.26153119550452
PROMO-040,93,promotion_driven,15,6,65.4276854706129,29.380789118585106,326.4857852054332,311.4857852054332,0.0,0.0,242.7599807690771,311.4857852054332,16.356921367653225,7.0,128.26153119550452
PROMO-040,94,promotion_driven,10,6,64.07856805592952,29.61288700756947,311.4857852054332,301.4857852054332,0.0,0.0,241.41224622860608,301.4857852054332,16.01964201398238,7.0,129.2747521307294
PROMO-040,95,promotion_driven,13,6,67.14182366110435,26.27785457425398,301.4857852054332,288.4857852054332,0.0,0.0,232.21389392339785,288.4857852054332,16.78545591527609,7.0,114.71570251646523
PROMO-040,96,promotion_driven,12,6,66.63595147437216,25.943973165067515,288.4857852054332,276.4857852054332,0.0,0.0,229.87106175605948,276.4857852054332,16.65898786859304,7.0,113.2581466759082
PROMO-040,97,promotion_driven,12,6,66.63595147437216,25.753516065648,276.4857852054332,264.4857852054332,0.0,0.0,229.03962325724976,264.4857852054332,16.65898786859304,7.0,112.42670817709848
PROMO-040,98,promotion_driven,14,6,67.26879878758274,22.17876091889346,264.4857852054332,250.48578520543322,0.0,0.0,214.54154941353806,250.48578520543322,16.817199696895685,7.0,96.82115153526829
PROMO-040,99,promotion_driven,14,6,68.84357737441871,14.351806819155522,250.48578520543322,236.48578520543322,0.0,0.0,183.1289247233114,236.48578520543322,17.21089434360468,7.0,62.65266431807865
