sku_id,week,pattern,realized_demand,price,promotion_flag,supplier_lead_time_weeks
FM-001,0,fast_moving,51,29.74,False,5
FM-001,1,fast_moving,111,29.74,False,5
FM-001,2,fast_moving,100,29.74,False,5
FM-001,3,fast_moving,54,29.74,False,5
FM-001,4,fast_moving,111,29.74,False,5
FM-001,5,fast_moving,36,29.74,False,5
FM-001,6,fast_moving,103,29.74,False,5
FM-001,7,fast_moving,84,29.74,False,5
FM-001,8,fast_moving,98,29.74,False,5
FM-001,9,fast_moving,187,24.58,True,5
FM-001,10,fast_moving,107,29.74,False,5
FM-001,11,fast_moving,43,29.74,False,5
FM-001,12,fast_moving,153,29.74,False,5
FM-001,13,fast_moving,49,29.74,False,5
FM-001,14,fast_moving,124,29.74,False,5
FM-001,15,fast_moving,51,29.74,False,5
FM-001,16,fast_moving,82,29.74,False,5
FM-001,17,fast_moving,120,29.74,False,5
FM-001,18,fast_moving,79,29.74,False,5
FM-001,19,fast_moving,59,29.74,False,5
FM-001,20,fast_moving,69,29.74,False,5
FM-001,21,fast_moving,104,29.74,False,5
FM-001,22,fast_moving,124,29.74,False,5
FM-001,23,fast_moving,70,29.74,False,5
FM-001,24,fast_moving,197,24.58,True,5
FM-001,25,fast_moving,31,29.74,False,5
FM-001,26,fast_moving,136,29.74,False,5
FM-001,27,fast_moving,163,29.74,False,5
FM-001,28,fast_moving,155,29.74,False,5
FM-001,29,fast_moving,92,29.74,False,5
FM-001,30,fast_moving,110,29.74,False,5
FM-001,31,fast_moving,256,24.58,True,5
FM-001,32,fast_moving,62,29.74,False,5
FM-001,33,fast_moving,103,29.74,False,5
FM-001,34,fast_moving,103,29.74,False,5
FM-001,35,fast_moving,120,29.74,False,5
FM-001,36,fast_moving,83,29.74,False,5
FM-001,37,fast_moving,81,29.74,False,5
FM-001,38,fast_moving,134,29.74,False,5
FM-001,39,fast_moving,70,29.74,False,5
FM-001,40,fast_moving,82,29.74,False,5
FM-001,41,fast_moving,87,29.74,False,5
FM-001,42,fast_moving,119,29.74,False,5
FM-001,43,fast_moving,44,29.74,False,5
FM-001,44,fast_moving,71,29.74,False,5
FM-001,45,fast_moving,73,29.74,False,5
FM-001,46,fast_moving,156,24.58,True,5
FM-001,47,fast_moving,92,29.74,False,5
FM-001,48,fast_moving,103,29.74,False,5
FM-001,49,fast_moving,144,29.74,False,5
FM-001,50,fast_moving,97,29.74,False,5
FM-001,51,fast_moving,148,29.74,False,5
FM-001,52,fast_moving,52,29.74,False,5
FM-001,53,fast_moving,109,29.74,False,5
FM-001,54,fast_moving,102,29.74,False,5
FM-001,55,fast_moving,45,29.74,False,5
FM-001,56,fast_moving,86,29.74,False,5
FM-001,57,fast_moving,82,29.74,False,5
FM-001,58,fast_moving,60,29.74,False,5
FM-001,59,fast_moving,62,29.74,False,5
FM-001,60,fast_moving,84,29.74,False,5
FM-001,61,fast_moving,46,29.74,False,5
FM-001,62,fast_moving,103,29.74,False,5
FM-001,63,fast_moving,83,29.74,False,5
FM-001,64,fast_moving,64,29.74,False,5
FM-001,65,fast_moving,59,29.74,False,5
FM-001,66,fast_moving,53,24.58,True,5
FM-001,67,fast_moving,85,29.74,False,5
FM-001,68,fast_moving,100,29.74,False,5
FM-001,69,fast_moving,106,29.74,False,5
FM-001,70,fast_moving,59,29.74,False,5
FM-001,71,fast_moving,111,29.74,False,5
FM-001,72,fast_moving,116,29.74,False,5
FM-001,73,fast_moving,108,29.74,False,5
FM-001,74,fast_moving,105,29.74,False,5
FM-001,75,fast_moving,108,29.74,False,5
FM-001,76,fast_moving,98,29.74,False,5
FM-001,77,fast_moving,128,29.74,False,5
FM-001,78,fast_moving,171,29.74,False,5
FM-001,79,fast_moving,96,29.74,False,5
FM-001,80,fast_moving,126,29.74,False,5
FM-001,81,fast_moving,87,29.74,False,5
FM-001,82,fast_moving,68,29.74,False,5
FM-001,83,fast_moving,75,29.74,False,5
FM-001,84,fast_moving,100,29.74,False,5
FM-001,85,fast_moving,107,29.74,False,5
FM-001,86,fast_moving,101,29.74,False,5
FM-001,87,fast_moving,116,29.74,False,5
FM-001,88,fast_moving,125,29.74,False,5
FM-001,89,fast_moving,72,29.74,False,5
FM-001,90,fast_moving,108,29.74,False,5
FM-001,91,fast_moving,94,29.74,False,5
FM-001,92,fast_moving,71,29.74,False,5
FM-001,93,fast_moving,45,29.74,False,5
FM-001,94,fast_moving,67,29.74,False,5
FM-001,95,fast_moving,115,29.74,False,5
FM-001,96,fast_moving,102,29.74,False,5
FM-001,97,fast_moving,73,29.74,False,5
FM-001,98,fast_moving,125,29.74,False,5
FM-001,99,fast_moving,72,29.74,False,5
FM-001,100,fast_moving,46,29.74,False,5
FM-001,101,fast_moving,84,29.74,False,5
FM-001,102,fast_moving,90,29.74,False,5
FM-001,103,fast_moving,88,29.74,False,5
FM-002,0,fast_moving,87,21.18,False,4
FM-002,1,fast_moving,83,21.18,False,4
FM-002,2,fast_moving,145,21.18,False,4
FM-002,3,fast_moving,130,21.18,False,4
FM-002,4,fast_moving,101,21.18,False,4
FM-002,5,fast_moving,128,21.18,False,4
FM-002,6,fast_moving,58,21.18,False,4
FM-002,7,fast_moving,101,21.18,False,4
FM-002,8,fast_moving,131,21.18,False,4
FM-002,9,fast_moving,83,21.18,False,4
FM-002,10,fast_moving,103,21.18,False,4
FM-002,11,fast_moving,111,21.18,False,4
FM-002,12,fast_moving,120,21.18,False,4
FM-002,13,fast_moving,83,21.18,False,4
FM-002,14,fast_moving,60,21.18,False,4
FM-002,15,fast_moving,72,21.18,False,4
FM-002,16,fast_moving,96,21.18,False,4
FM-002,17,fast_moving,118,21.18,False,4
FM-002,18,fast_moving,120,21.18,False,4
FM-002,19,fast_moving,93,21.18,False,4
FM-002,20,fast_moving,89,21.18,False,4
FM-002,21,fast_moving,57,21.18,False,4
FM-002,22,fast_moving,96,21.18,False,4
FM-002,23,fast_moving,55,21.18,False,4
FM-002,24,fast_moving,79,21.18,False,4
FM-002,25,fast_moving,142,21.18,False,4
FM-002,26,fast_moving,80,21.18,False,4
FM-002,27,fast_moving,68,21.18,False,4
FM-002,28,fast_moving,79,21.18,False,4
FM-002,29,fast_moving,101,18.59,True,4
FM-002,30,fast_moving,86,21.18,False,4
FM-002,31,fast_moving,45,21.18,False,4
FM-002,32,fast_moving,87,21.18,False,4
FM-002,33,fast_moving,95,21.18,False,4
FM-002,34,fast_moving,81,21.18,False,4
FM-002,35,fast_moving,143,21.18,False,4
FM-002,36,fast_moving,48,21.18,False,4
FM-002,37,fast_moving,56,21.18,False,4
FM-002,38,fast_moving,82,21.18,False,4
FM-002,39,fast_moving,60,21.18,False,4
FM-002,40,fast_moving,72,21.18,False,4
FM-002,41,fast_moving,76,21.18,False,4
FM-002,42,fast_moving,69,21.18,False,4
FM-002,43,fast_moving,35,21.18,False,4
FM-002,44,fast_moving,90,21.18,False,4
FM-002,45,fast_moving,115,21.18,False,4
FM-002,46,fast_moving,71,21.18,False,4
FM-002,47,fast_moving,98,21.18,False,4
FM-002,48,fast_moving,82,21.18,False,4
FM-002,49,fast_moving,119,21.18,False,4
FM-002,50,fast_moving,107,21.18,False,4
FM-002,51,fast_moving,107,21.18,False,4
FM-002,52,fast_moving,146,21.18,False,4
FM-002,53,fast_moving,145,21.18,False,4
FM-002,54,fast_moving,167,21.18,False,4
FM-002,55,fast_moving,83,21.18,False,4
FM-002,56,fast_moving,129,21.18,False,4
FM-002,57,fast_moving,243,18.59,True,4
FM-002,58,fast_moving,140,21.18,False,4
FM-002,59,fast_moving,106,21.18,False,4
FM-002,60,fast_moving,200,18.59,True,4
FM-002,61,fast_moving,137,18.59,True,4
FM-002,62,fast_moving,129,21.18,False,4
FM-002,63,fast_moving,119,21.18,False,4
FM-002,64,fast_moving,102,18.59,True,4
FM-002,65,fast_moving,110,21.18,False,4
FM-002,66,fast_moving,78,21.18,False,4
FM-002,67,fast_moving,164,18.59,True,4
FM-002,68,fast_moving,56,21.18,False,4
FM-002,69,fast_moving,43,21.18,False,4
FM-002,70,fast_moving,119,21.18,False,4
FM-002,71,fast_moving,87,21.18,False,4
FM-002,72,fast_moving,68,21.18,False,4
FM-002,73,fast_moving,82,21.18,False,4
FM-002,74,fast_moving,92,21.18,False,4
FM-002,75,fast_moving,69,21.18,False,4
FM-002,76,fast_moving,83,21.18,False,4
FM-002,77,fast_moving,60,21.18,False,4
FM-002,78,fast_moving,65,21.18,False,4
FM-002,79,fast_moving,82,21.18,False,4
FM-002,80,fast_moving,82,21.18,False,4
FM-002,81,fast_moving,79,21.18,False,4
FM-002,82,fast_moving,78,21.18,False,4
FM-002,83,fast_moving,69,21.18,False,4
FM-002,84,fast_moving,95,21.18,False,4
FM-002,85,fast_moving,98,21.18,False,4
FM-002,86,fast_moving,239,18.59,True,4
FM-002,87,fast_moving,60,21.18,False,4
FM-002,88,fast_moving,69,21.18,False,4
FM-002,89,fast_moving,73,21.18,False,4
FM-002,90,fast_moving,114,21.18,False,4
FM-002,91,fast_moving,95,18.59,True,4
FM-002,92,fast_moving,78,21.18,False,4
FM-002,93,fast_moving,105,21.18,False,4
FM-002,94,fast_moving,117,21.18,False,4
FM-002,95,fast_moving,49,21.18,False,4
FM-002,96,fast_moving,115,21.18,False,4
FM-002,97,fast_moving,66,21.18,False,4
FM-002,98,fast_moving,121,21.18,False,4
FM-002,99,fast_moving,111,21.18,False,4
FM-002,100,fast_moving,92,21.18,False,4
FM-002,101,fast_moving,50,21.18,False,4
FM-002,102,fast_moving,127,21.18,False,4
FM-002,103,fast_moving,258,18.59,True,4
FM-003,0,fast_moving,62,22.25,False,4
FM-003,1,fast_moving,66,22.25,False,4
FM-003,2,fast_moving,66,22.25,False,4
FM-003,3,fast_moving,61,22.25,False,4
FM-003,4,fast_moving,57,22.25,False,4
FM-003,5,fast_moving,54,22.25,False,4
FM-003,6,fast_moving,50,22.25,False,4
FM-003,7,fast_moving,54,22.25,False,4
FM-003,8,fast_moving,64,22.25,False,4
FM-003,9,fast_moving,57,22.25,False,4
FM-003,10,fast_moving,61,22.25,False,4
FM-003,11,fast_moving,95,22.25,False,4
FM-003,12,fast_moving,38,22.25,False,4
FM-003,13,fast_moving,63,22.25,False,4
FM-003,14,fast_moving,48,22.25,False,4
FM-003,15,fast_moving,46,22.25,False,4
FM-003,16,fast_moving,68,22.25,False,4
FM-003,17,fast_moving,74,22.25,False,4
FM-003,18,fast_moving,98,18.66,True,4
FM-003,19,fast_moving,62,22.25,False,4
FM-003,20,fast_moving,54,22.25,False,4
FM-003,21,fast_moving,67,22.25,False,4
FM-003,22,fast_moving,76,22.25,False,4
FM-003,23,fast_moving,77,22.25,False,4
FM-003,24,fast_moving,59,22.25,False,4
FM-003,25,fast_moving,93,22.25,False,4
FM-003,26,fast_moving,80,22.25,False,4
FM-003,27,fast_moving,86,22.25,False,4
FM-003,28,fast_moving,86,22.25,False,4
FM-003,29,fast_moving,79,22.25,False,4
FM-003,30,fast_moving,99,22.25,False,4
FM-003,31,fast_moving,56,22.25,False,4
FM-003,32,fast_moving,68,22.25,False,4
FM-003,33,fast_moving,92,22.25,False,4
FM-003,34,fast_moving,63,22.25,False,4
FM-003,35,fast_moving,78,22.25,False,4
FM-003,36,fast_moving,52,22.25,False,4
FM-003,37,fast_moving,71,22.25,False,4
FM-003,38,fast_moving,73,22.25,False,4
FM-003,39,fast_moving,64,22.25,False,4
FM-003,40,fast_moving,109,18.66,True,4
FM-003,41,fast_moving,59,22.25,False,4
FM-003,42,fast_moving,49,22.25,False,4
FM-003,43,fast_moving,50,22.25,False,4
FM-003,44,fast_moving,121,18.66,True,4
FM-003,45,fast_moving,52,22.25,False,4
FM-003,46,fast_moving,85,18.66,True,4
FM-003,47,fast_moving,77,22.25,False,4
FM-003,48,fast_moving,76,18.66,True,4
FM-003,49,fast_moving,58,18.66,True,4
FM-003,50,fast_moving,60,22.25,False,4
FM-003,51,fast_moving,76,18.66,True,4
FM-003,52,fast_moving,59,22.25,False,4
FM-003,53,fast_moving,73,22.25,False,4
FM-003,54,fast_moving,46,22.25,False,4
FM-003,55,fast_moving,48,22.25,False,4
FM-003,56,fast_moving,51,22.25,False,4
FM-003,57,fast_moving,66,22.25,False,4
FM-003,58,fast_moving,78,22.25,False,4
FM-003,59,fast_moving,61,22.25,False,4
FM-003,60,fast_moving,72,18.66,True,4
FM-003,61,fast_moving,62,22.25,False,4
FM-003,62,fast_moving,111,18.66,True,4
FM-003,63,fast_moving,85,22.25,False,4
FM-003,64,fast_moving,54,22.25,False,4
FM-003,65,fast_moving,83,22.25,False,4
FM-003,66,fast_moving,87,22.25,False,4
FM-003,67,fast_moving,67,22.25,False,4
FM-003,68,fast_moving,49,22.25,False,4
FM-003,69,fast_moving,84,22.25,False,4
FM-003,70,fast_moving,64,22.25,False,4
FM-003,71,fast_moving,68,22.25,False,4
FM-003,72,fast_moving,72,22.25,False,4
FM-003,73,fast_moving,64,22.25,False,4
FM-003,74,fast_moving,90,22.25,False,4
FM-003,75,fast_moving,48,22.25,False,4
FM-003,76,fast_moving,73,22.25,False,4
FM-003,77,fast_moving,75,22.25,False,4
FM-003,78,fast_moving,73,22.25,False,4
FM-003,79,fast_moving,66,22.25,False,4
FM-003,80,fast_moving,82,22.25,False,4
FM-003,81,fast_moving,72,22.25,False,4
FM-003,82,fast_moving,63,22.25,False,4
FM-003,83,fast_moving,81,22.25,False,4
FM-003,84,fast_moving,85,22.25,False,4
FM-003,85,fast_moving,98,22.25,False,4
FM-003,86,fast_moving,122,22.25,False,4
FM-003,87,fast_moving,68,22.25,False,4
FM-003,88,fast_moving,79,18.66,True,4
FM-003,89,fast_moving,66,22.25,False,4
FM-003,90,fast_moving,79,22.25,False,4
FM-003,91,fast_moving,89,22.25,False,4
FM-003,92,fast_moving,66,22.25,False,4
FM-003,93,fast_moving,82,22.25,False,4
FM-003,94,fast_moving,63,22.25,False,4
FM-003,95,fast_moving,63,18.66,True,4
FM-003,96,fast_moving,105,22.25,False,4
FM-003,97,fast_moving,70,22.25,False,4
FM-003,98,fast_moving,62,22.25,False,4
FM-003,99,fast_moving,61,22.25,False,4
FM-003,100,fast_moving,64,22.25,False,4
FM-003,101,fast_moving,41,22.25,False,4
FM-003,102,fast_moving,50,22.25,False,4
FM-003,103,fast_moving,44,22.25,False,4
FM-004,0,fast_moving,99,26.8,False,4
FM-004,1,fast_moving,101,26.8,False,4
FM-004,2,fast_moving,100,26.8,False,4
FM-004,3,fast_moving,100,26.8,False,4
FM-004,4,fast_moving,117,26.8,False,4
FM-004,5,fast_moving,72,26.8,False,4
FM-004,6,fast_moving,111,26.8,False,4
FM-004,7,fast_moving,147,22.75,True,4
FM-004,8,fast_moving,77,26.8,False,4
FM-004,9,fast_moving,75,26.8,False,4
FM-004,10,fast_moving,108,26.8,False,4
FM-004,11,fast_moving,67,26.8,False,4
FM-004,12,fast_moving,80,26.8,False,4
FM-004,13,fast_moving,98,26.8,False,4
FM-004,14,fast_moving,68,26.8,False,4
FM-004,15,fast_moving,84,26.8,False,4
FM-004,16,fast_moving,149,22.75,True,4
FM-004,17,fast_moving,97,26.8,False,4
FM-004,18,fast_moving,204,22.75,True,4
FM-004,19,fast_moving,67,26.8,False,4
FM-004,20,fast_moving,81,26.8,False,4
FM-004,21,fast_moving,49,26.8,False,4
FM-004,22,fast_moving,74,26.8,False,4
FM-004,23,fast_moving,87,26.8,False,4
FM-004,24,fast_moving,78,26.8,False,4
FM-004,25,fast_moving,75,26.8,False,4
FM-004,26,fast_moving,109,26.8,False,4
FM-004,27,fast_moving,122,26.8,False,4
FM-004,28,fast_moving,73,26.8,False,4
FM-004,29,fast_moving,127,26.8,False,4
FM-004,30,fast_moving,80,26.8,False,4
FM-004,31,fast_moving,85,26.8,False,4
FM-004,32,fast_moving,98,26.8,False,4
FM-004,33,fast_moving,102,26.8,False,4
FM-004,34,fast_moving,126,22.75,True,4
FM-004,35,fast_moving,92,26.8,False,4
FM-004,36,fast_moving,84,26.8,False,4
FM-004,37,fast_moving,74,26.8,False,4
FM-004,38,fast_moving,73,26.8,False,4
FM-004,39,fast_moving,101,26.8,False,4
FM-004,40,fast_moving,92,26.8,False,4
FM-004,41,fast_moving,92,26.8,False,4
FM-004,42,fast_moving,123,26.8,False,4
FM-004,43,fast_moving,72,26.8,False,4
FM-004,44,fast_moving,150,26.8,False,4
FM-004,45,fast_moving,113,26.8,False,4
FM-004,46,fast_moving,118,26.8,False,4
FM-004,47,fast_moving,123,26.8,False,4
FM-004,48,fast_moving,90,26.8,False,4
FM-004,49,fast_moving,142,26.8,False,4
FM-004,50,fast_moving,117,26.8,False,4
FM-004,51,fast_moving,67,26.8,False,4
FM-004,52,fast_moving,237,22.75,True,4
FM-004,53,fast_moving,141,26.8,False,4
FM-004,54,fast_moving,104,26.8,False,4
FM-004,55,fast_moving,95,26.8,False,4
FM-004,56,fast_moving,96,26.8,False,4
FM-004,57,fast_moving,103,26.8,False,4
FM-004,58,fast_moving,85,26.8,False,4
FM-004,59,fast_moving,105,26.8,False,4
FM-004,60,fast_moving,117,26.8,False,4
FM-004,61,fast_moving,84,26.8,False,4
FM-004,62,fast_moving,182,22.75,True,4
FM-004,63,fast_moving,116,26.8,False,4
FM-004,64,fast_moving,81,26.8,False,4
FM-004,65,fast_moving,76,26.8,False,4
FM-004,66,fast_moving,90,26.8,False,4
FM-004,67,fast_moving,95,26.8,False,4
FM-004,68,fast_moving,71,26.8,False,4
FM-004,69,fast_moving,80,26.8,False,4
FM-004,70,fast_moving,92,26.8,False,4
FM-004,71,fast_moving,103,26.8,False,4
FM-004,72,fast_moving,135,22.75,True,4
FM-004,73,fast_moving,119,26.8,False,4
FM-004,74,fast_moving,85,26.8,False,4
FM-004,75,fast_moving,73,26.8,False,4
FM-004,76,fast_moving,68,26.8,False,4
FM-004,77,fast_moving,83,26.8,False,4
FM-004,78,fast_moving,103,26.8,False,4
FM-004,79,fast_moving,88,26.8,False,4
FM-004,80,fast_moving,86,26.8,False,4
FM-004,81,fast_moving,116,26.8,False,4
FM-004,82,fast_moving,94,26.8,False,4
FM-004,83,fast_moving,53,26.8,False,4
FM-004,84,fast_moving,76,26.8,False,4
FM-004,85,fast_moving,200,22.75,True,4
FM-004,86,fast_moving,81,26.8,False,4
FM-004,87,fast_moving,77,26.8,False,4
FM-004,88,fast_moving,91,26.8,False,4
FM-004,89,fast_moving,66,26.8,False,4
FM-004,90,fast_moving,215,22.75,True,4
FM-004,91,fast_moving,181,22.75,True,4
FM-004,92,fast_moving,98,26.8,False,4
FM-004,93,fast_moving,115,26.8,False,4
FM-004,94,fast_moving,82,26.8,False,4
FM-004,95,fast_moving,115,26.8,False,4
FM-004,96,fast_moving,85,26.8,False,4
FM-004,97,fast_moving,122,26.8,False,4
FM-004,98,fast_moving,123,26.8,False,4
FM-004,99,fast_moving,144,26.8,False,4
FM-004,100,fast_moving,130,26.8,False,4
FM-004,101,fast_moving,74,26.8,False,4
FM-004,102,fast_moving,99,26.8,False,4
FM-004,103,fast_moving,114,26.8,False,4
FM-005,0,fast_moving,137,12.0,False,5
FM-005,1,fast_moving,111,12.0,False,5
FM-005,2,fast_moving,139,12.0,False,5
FM-005,3,fast_moving,107,12.0,False,5
FM-005,4,fast_moving,129,12.0,False,5
FM-005,5,fast_moving,158,12.0,False,5
FM-005,6,fast_moving,153,12.0,False,5
FM-005,7,fast_moving,151,12.0,False,5
FM-005,8,fast_moving,136,12.0,False,5
FM-005,9,fast_moving,180,12.0,False,5
FM-005,10,fast_moving,106,12.0,False,5
FM-005,11,fast_moving,199,12.0,False,5
FM-005,12,fast_moving,143,12.0,False,5
FM-005,13,fast_moving,168,12.0,False,5
FM-005,14,fast_moving,149,12.0,False,5
FM-005,15,fast_moving,122,12.0,False,5
FM-005,16,fast_moving,184,12.0,False,5
FM-005,17,fast_moving,176,12.0,False,5
FM-005,18,fast_moving,164,12.0,False,5
FM-005,19,fast_moving,158,12.0,False,5
FM-005,20,fast_moving,189,12.0,False,5
FM-005,21,fast_moving,155,12.0,False,5
FM-005,22,fast_moving,154,12.0,False,5
FM-005,23,fast_moving,192,12.0,False,5
FM-005,24,fast_moving,136,12.0,False,5
FM-005,25,fast_moving,142,12.0,False,5
FM-005,26,fast_moving,157,12.0,False,5
FM-005,27,fast_moving,174,12.0,False,5
FM-005,28,fast_moving,110,12.0,False,5
FM-005,29,fast_moving,266,9.81,True,5
FM-005,30,fast_moving,159,12.0,False,5
FM-005,31,fast_moving,142,12.0,False,5
FM-005,32,fast_moving,155,12.0,False,5
FM-005,33,fast_moving,172,12.0,False,5
FM-005,34,fast_moving,149,12.0,False,5
FM-005,35,fast_moving,135,12.0,False,5
FM-005,36,fast_moving,118,12.0,False,5
FM-005,37,fast_moving,154,9.81,True,5
FM-005,38,fast_moving,162,12.0,False,5
FM-005,39,fast_moving,149,12.0,False,5
FM-005,40,fast_moving,134,12.0,False,5
FM-005,41,fast_moving,110,12.0,False,5
FM-005,42,fast_moving,123,12.0,False,5
FM-005,43,fast_moving,199,9.81,True,5
FM-005,44,fast_moving,216,9.81,True,5
FM-005,45,fast_moving,114,12.0,False,5
FM-005,46,fast_moving,140,12.0,False,5
FM-005,47,fast_moving,137,12.0,False,5
FM-005,48,fast_moving,154,12.0,False,5
FM-005,49,fast_moving,130,12.0,False,5
FM-005,50,fast_moving,121,12.0,False,5
FM-005,51,fast_moving,162,12.0,False,5
FM-005,52,fast_moving,131,12.0,False,5
FM-005,53,fast_moving,111,12.0,False,5
FM-005,54,fast_moving,163,12.0,False,5
FM-005,55,fast_moving,150,12.0,False,5
FM-005,56,fast_moving,139,12.0,False,5
FM-005,57,fast_moving,200,12.0,False,5
FM-005,58,fast_moving,142,12.0,False,5
FM-005,59,fast_moving,218,12.0,False,5
FM-005,60,fast_moving,176,12.0,False,5
FM-005,61,fast_moving,159,12.0,False,5
FM-005,62,fast_moving,180,12.0,False,5
FM-005,63,fast_moving,188,12.0,False,5
FM-005,64,fast_moving,175,12.0,False,5
FM-005,65,fast_moving,161,12.0,False,5
FM-005,66,fast_moving,158,12.0,False,5
FM-005,67,fast_moving,136,12.0,False,5
FM-005,68,fast_moving,142,12.0,False,5
FM-005,69,fast_moving,150,12.0,False,5
FM-005,70,fast_moving,196,12.0,False,5
FM-005,71,fast_moving,155,12.0,False,5
FM-005,72,fast_moving,191,12.0,False,5
FM-005,73,fast_moving,154,12.0,False,5
FM-005,74,fast_moving,163,12.0,False,5
FM-005,75,fast_moving,123,12.0,False,5
FM-005,76,fast_moving,89,12.0,False,5
FM-005,77,fast_moving,212,9.81,True,5
FM-005,78,fast_moving,179,12.0,False,5
FM-005,79,fast_moving,163,12.0,False,5
FM-005,80,fast_moving,156,12.0,False,5
FM-005,81,fast_moving,202,12.0,False,5
FM-005,82,fast_moving,165,12.0,False,5
FM-005,83,fast_moving,144,12.0,False,5
FM-005,84,fast_moving,160,12.0,False,5
FM-005,85,fast_moving,143,12.0,False,5
FM-005,86,fast_moving,131,12.0,False,5
FM-005,87,fast_moving,121,12.0,False,5
FM-005,88,fast_moving,131,12.0,False,5
FM-005,89,fast_moving,187,12.0,False,5
FM-005,90,fast_moving,124,12.0,False,5
FM-005,91,fast_moving,117,12.0,False,5
FM-005,92,fast_moving,142,12.0,False,5
FM-005,93,fast_moving,180,12.0,False,5
FM-005,94,fast_moving,104,12.0,False,5
FM-005,95,fast_moving,128,12.0,False,5
FM-005,96,fast_moving,266,9.81,True,5
FM-005,97,fast_moving,162,12.0,False,5
FM-005,98,fast_moving,121,12.0,False,5
FM-005,99,fast_moving,104,12.0,False,5
FM-005,100,fast_moving,137,12.0,False,5
FM-005,101,fast_moving,157,12.0,False,5
FM-005,102,fast_moving,98,12.0,False,5
FM-005,103,fast_moving,98,12.0,False,5
FM-006,0,fast_moving,128,28.95,False,4
FM-006,1,fast_moving,166,28.95,False,4
FM-006,2,fast_moving,147,28.95,False,4
FM-006,3,fast_moving,120,28.95,False,4
FM-006,4,fast_moving,57,28.95,False,4
FM-006,5,fast_moving,97,28.95,False,4
FM-006,6,fast_moving,67,28.95,False,4
FM-006,7,fast_moving,165,28.95,False,4
FM-006,8,fast_moving,148,28.95,False,4
FM-006,9,fast_moving,146,28.95,False,4
FM-006,10,fast_moving,151,28.95,False,4
FM-006,11,fast_moving,129,28.95,False,4
FM-006,12,fast_moving,97,28.95,False,4
FM-006,13,fast_moving,149,28.95,False,4
FM-006,14,fast_moving,128,28.95,False,4
FM-006,15,fast_moving,126,28.95,False,4
FM-006,16,fast_moving,148,28.95,False,4
FM-006,17,fast_moving,93,28.95,False,4
FM-006,18,fast_moving,170,23.83,True,4
FM-006,19,fast_moving,107,28.95,False,4
FM-006,20,fast_moving,127,28.95,False,4
FM-006,21,fast_moving,129,28.95,False,4
FM-006,22,fast_moving,156,28.95,False,4
FM-006,23,fast_moving,103,28.95,False,4
FM-006,24,fast_moving,117,23.83,True,4
FM-006,25,fast_moving,220,28.95,False,4
FM-006,26,fast_moving,160,23.83,True,4
FM-006,27,fast_moving,154,28.95,False,4
FM-006,28,fast_moving,94,28.95,False,4
FM-006,29,fast_moving,122,28.95,False,4
FM-006,30,fast_moving,119,28.95,False,4
FM-006,31,fast_moving,163,23.83,True,4
FM-006,32,fast_moving,85,28.95,False,4
FM-006,33,fast_moving,178,28.95,False,4
FM-006,34,fast_moving,82,28.95,False,4
FM-006,35,fast_moving,237,28.95,False,4
FM-006,36,fast_moving,145,28.95,False,4
FM-006,37,fast_moving,106,28.95,False,4
FM-006,38,fast_moving,58,28.95,False,4
FM-006,39,fast_moving,174,28.95,False,4
FM-006,40,fast_moving,76,28.95,False,4
FM-006,41,fast_moving,200,28.95,False,4
FM-006,42,fast_moving,198,28.95,False,4
FM-006,43,fast_moving,141,28.95,False,4
FM-006,44,fast_moving,128,28.95,False,4
FM-006,45,fast_moving,137,28.95,False,4
FM-006,46,fast_moving,192,28.95,False,4
FM-006,47,fast_moving,103,28.95,False,4
FM-006,48,fast_moving,90,28.95,False,4
FM-006,49,fast_moving,149,28.95,False,4
FM-006,50,fast_moving,80,28.95,False,4
FM-006,51,fast_moving,95,28.95,False,4
FM-006,52,fast_moving,111,28.95,False,4
FM-006,53,fast_moving,122,28.95,False,4
FM-006,54,fast_moving,116,28.95,False,4
FM-006,55,fast_moving,147,28.95,False,4
FM-006,56,fast_moving,203,28.95,False,4
FM-006,57,fast_moving,104,28.95,False,4
FM-006,58,fast_moving,141,28.95,False,4
FM-006,59,fast_moving,100,28.95,False,4
FM-006,60,fast_moving,88,28.95,False,4
FM-006,61,fast_moving,124,28.95,False,4
FM-006,62,fast_moving,125,28.95,False,4
FM-006,63,fast_moving,125,23.83,True,4
FM-006,64,fast_moving,149,28.95,False,4
FM-006,65,fast_moving,159,28.95,False,4
FM-006,66,fast_moving,131,28.95,False,4
FM-006,67,fast_moving,129,28.95,False,4
FM-006,68,fast_moving,104,28.95,False,4
FM-006,69,fast_moving,133,28.95,False,4
FM-006,70,fast_moving,226,28.95,False,4
FM-006,71,fast_moving,113,28.95,False,4
FM-006,72,fast_moving,214,28.95,False,4
FM-006,73,fast_moving,140,28.95,False,4
FM-006,74,fast_moving,204,28.95,False,4
FM-006,75,fast_moving,131,28.95,False,4
FM-006,76,fast_moving,109,28.95,False,4
FM-006,77,fast_moving,206,23.83,True,4
FM-006,78,fast_moving,224,28.95,False,4
FM-006,79,fast_moving,132,28.95,False,4
FM-006,80,fast_moving,176,28.95,False,4
FM-006,81,fast_moving,153,28.95,False,4
FM-006,82,fast_moving,244,28.95,False,4
FM-006,83,fast_moving,120,28.95,False,4
FM-006,84,fast_moving,160,28.95,False,4
FM-006,85,fast_moving,217,28.95,False,4
FM-006,86,fast_moving,188,28.95,False,4
FM-006,87,fast_moving,169,28.95,False,4
FM-006,88,fast_moving,122,28.95,False,4
FM-006,89,fast_moving,244,28.95,False,4
FM-006,90,fast_moving,158,28.95,False,4
FM-006,91,fast_moving,228,23.83,True,4
FM-006,92,fast_moving,156,28.95,False,4
FM-006,93,fast_moving,116,28.95,False,4
FM-006,94,fast_moving,113,28.95,False,4
FM-006,95,fast_moving,220,28.95,False,4
FM-006,96,fast_moving,127,28.95,False,4
FM-006,97,fast_moving,152,28.95,False,4
FM-006,98,fast_moving,157,28.95,False,4
FM-006,99,fast_moving,205,28.95,False,4
FM-006,100,fast_moving,217,28.95,False,4
FM-006,101,fast_moving,136,28.95,False,4
FM-006,102,fast_moving,200,28.95,False,4
FM-006,103,fast_moving,106,28.95,False,4
FM-007,0,fast_moving,178,10.99,True,4
FM-007,1,fast_moving,158,10.99,True,4
FM-007,2,fast_moving,63,13.7,False,4
FM-007,3,fast_moving,97,13.7,False,4
FM-007,4,fast_moving,66,13.7,False,4
FM-007,5,fast_moving,47,13.7,False,4
FM-007,6,fast_moving,65,13.7,False,4
FM-007,7,fast_moving,74,13.7,False,4
FM-007,8,fast_moving,79,13.7,False,4
FM-007,9,fast_moving,53,13.7,False,4
FM-007,10,fast_moving,76,13.7,False,4
FM-007,11,fast_moving,73,13.7,False,4
FM-007,12,fast_moving,69,13.7,False,4
FM-007,13,fast_moving,118,10.99,True,4
FM-007,14,fast_moving,104,13.7,False,4
FM-007,15,fast_moving,90,13.7,False,4
FM-007,16,fast_moving,111,13.7,False,4
FM-007,17,fast_moving,72,13.7,False,4
FM-007,18,fast_moving,87,13.7,False,4
FM-007,19,fast_moving,74,13.7,False,4
FM-007,20,fast_moving,79,13.7,False,4
FM-007,21,fast_moving,75,13.7,False,4
FM-007,22,fast_moving,98,13.7,False,4
FM-007,23,fast_moving,52,13.7,False,4
FM-007,24,fast_moving,65,13.7,False,4
FM-007,25,fast_moving,94,13.7,False,4
FM-007,26,fast_moving,64,13.7,False,4
FM-007,27,fast_moving,116,13.7,False,4
FM-007,28,fast_moving,77,13.7,False,4
FM-007,29,fast_moving,65,13.7,False,4
FM-007,30,fast_moving,71,13.7,False,4
FM-007,31,fast_moving,122,13.7,False,4
FM-007,32,fast_moving,114,13.7,False,4
FM-007,33,fast_moving,53,13.7,False,4
FM-007,34,fast_moving,73,13.7,False,4
FM-007,35,fast_moving,95,13.7,False,4
FM-007,36,fast_moving,80,13.7,False,4
FM-007,37,fast_moving,176,10.99,True,4
FM-007,38,fast_moving,56,13.7,False,4
FM-007,39,fast_moving,95,13.7,False,4
FM-007,40,fast_moving,103,13.7,False,4
FM-007,41,fast_moving,81,13.7,False,4
FM-007,42,fast_moving,76,13.7,False,4
FM-007,43,fast_moving,104,13.7,False,4
FM-007,44,fast_moving,79,13.7,False,4
FM-007,45,fast_moving,53,13.7,False,4
FM-007,46,fast_moving,136,13.7,False,4
FM-007,47,fast_moving,37,13.7,False,4
FM-007,48,fast_moving,113,13.7,False,4
FM-007,49,fast_moving,50,13.7,False,4
FM-007,50,fast_moving,116,13.7,False,4
FM-007,51,fast_moving,64,13.7,False,4
FM-007,52,fast_moving,96,13.7,False,4
FM-007,53,fast_moving,91,10.99,True,4
FM-007,54,fast_moving,75,13.7,False,4
FM-007,55,fast_moving,96,13.7,False,4
FM-007,56,fast_moving,67,13.7,False,4
FM-007,57,fast_moving,53,13.7,False,4
FM-007,58,fast_moving,62,13.7,False,4
FM-007,59,fast_moving,74,13.7,False,4
FM-007,60,fast_moving,53,13.7,False,4
FM-007,61,fast_moving,81,13.7,False,4
FM-007,62,fast_moving,87,13.7,False,4
FM-007,63,fast_moving,80,13.7,False,4
FM-007,64,fast_moving,129,10.99,True,4
FM-007,65,fast_moving,68,13.7,False,4
FM-007,66,fast_moving,172,10.99,True,4
FM-007,67,fast_moving,66,13.7,False,4
FM-007,68,fast_moving,79,13.7,False,4
FM-007,69,fast_moving,170,10.99,True,4
FM-007,70,fast_moving,112,13.7,False,4
FM-007,71,fast_moving,114,10.99,True,4
FM-007,72,fast_moving,133,13.7,False,4
FM-007,73,fast_moving,69,13.7,False,4
FM-007,74,fast_moving,72,13.7,False,4
FM-007,75,fast_moving,80,13.7,False,4
FM-007,76,fast_moving,70,13.7,False,4
FM-007,77,fast_moving,141,13.7,False,4
FM-007,78,fast_moving,70,13.7,False,4
FM-007,79,fast_moving,114,13.7,False,4
FM-007,80,fast_moving,67,13.7,False,4
FM-007,81,fast_moving,159,13.7,False,4
FM-007,82,fast_moving,111,13.7,False,4
FM-007,83,fast_moving,65,13.7,False,4
FM-007,84,fast_moving,144,10.99,True,4
FM-007,85,fast_moving,161,13.7,False,4
FM-007,86,fast_moving,135,10.99,True,4
FM-007,87,fast_moving,250,10.99,True,4
FM-007,88,fast_moving,128,13.7,False,4
FM-007,89,fast_moving,119,13.7,False,4
FM-007,90,fast_moving,80,13.7,False,4
FM-007,91,fast_moving,86,13.7,False,4
FM-007,92,fast_moving,63,13.7,False,4
FM-007,93,fast_moving,195,10.99,True,4
FM-007,94,fast_moving,68,13.7,False,4
FM-007,95,fast_moving,57,13.7,False,4
FM-007,96,fast_moving,92,13.7,False,4
FM-007,97,fast_moving,70,13.7,False,4
FM-007,98,fast_moving,93,13.7,False,4
FM-007,99,fast_moving,63,13.7,False,4
FM-007,100,fast_moving,117,13.7,False,4
FM-007,101,fast_moving,75,13.7,False,4
FM-007,102,fast_moving,87,13.7,False,4
FM-007,103,fast_moving,68,13.7,False,4
FM-008,0,fast_moving,195,26.13,True,5
FM-008,1,fast_moving,101,29.62,False,5
FM-008,2,fast_moving,117,29.62,False,5
FM-008,3,fast_moving,94,29.62,False,5
FM-008,4,fast_moving,88,29.62,False,5
FM-008,5,fast_moving,191,26.13,True,5
FM-008,6,fast_moving,93,29.62,False,5
FM-008,7,fast_moving,72,29.62,False,5
FM-008,8,fast_moving,90,29.62,False,5
FM-008,9,fast_moving,106,29.62,False,5
FM-008,10,fast_moving,83,29.62,False,5
FM-008,11,fast_moving,128,29.62,False,5
FM-008,12,fast_moving,88,29.62,False,5
FM-008,13,fast_moving,88,29.62,False,5
FM-008,14,fast_moving,87,29.62,False,5
FM-008,15,fast_moving,76,29.62,False,5
FM-008,16,fast_moving,257,26.13,True,5
FM-008,17,fast_moving,91,29.62,False,5
FM-008,18,fast_moving,174,26.13,True,5
FM-008,19,fast_moving,102,29.62,False,5
FM-008,20,fast_moving,106,29.62,False,5
FM-008,21,fast_moving,115,29.62,False,5
FM-008,22,fast_moving,97,29.62,False,5
FM-008,23,fast_moving,105,29.62,False,5
FM-008,24,fast_moving,131,29.62,False,5
FM-008,25,fast_moving,94,29.62,False,5
FM-008,26,fast_moving,116,29.62,False,5
FM-008,27,fast_moving,93,29.62,False,5
FM-008,28,fast_moving,141,29.62,False,5
FM-008,29,fast_moving,114,29.62,False,5
FM-008,30,fast_moving,113,29.62,False,5
FM-008,31,fast_moving,85,29.62,False,5
FM-008,32,fast_moving,98,29.62,False,5
FM-008,33,fast_moving,83,29.62,False,5
FM-008,34,fast_moving,146,29.62,False,5
FM-008,35,fast_moving,136,29.62,False,5
FM-008,36,fast_moving,119,29.62,False,5
FM-008,37,fast_moving,94,29.62,False,5
FM-008,38,fast_moving,85,29.62,False,5
FM-008,39,fast_moving,109,29.62,False,5
FM-008,40,fast_moving,92,29.62,False,5
FM-008,41,fast_moving,120,29.62,False,5
FM-008,42,fast_moving,123,29.62,False,5
FM-008,43,fast_moving,91,29.62,False,5
FM-008,44,fast_moving,91,29.62,False,5
FM-008,45,fast_moving,217,26.13,True,5
FM-008,46,fast_moving,154,26.13,True,5
FM-008,47,fast_moving,132,29.62,False,5
FM-008,48,fast_moving,152,29.62,False,5
FM-008,49,fast_moving,86,29.62,False,5
FM-008,50,fast_moving,86,29.62,False,5
FM-008,51,fast_moving,132,29.62,False,5
FM-008,52,fast_moving,76,29.62,False,5
FM-008,53,fast_moving,71,29.62,False,5
FM-008,54,fast_moving,202,26.13,True,5
FM-008,55,fast_moving,92,29.62,False,5
FM-008,56,fast_moving,133,29.62,False,5
FM-008,57,fast_moving,95,29.62,False,5
FM-008,58,fast_moving,93,29.62,False,5
FM-008,59,fast_moving,82,29.62,False,5
FM-008,60,fast_moving,98,29.62,False,5
FM-008,61,fast_moving,96,29.62,False,5
FM-008,62,fast_moving,206,26.13,True,5
FM-008,63,fast_moving,99,29.62,False,5
FM-008,64,fast_moving,118,29.62,False,5
FM-008,65,fast_moving,104,29.62,False,5
FM-008,66,fast_moving,134,29.62,False,5
FM-008,67,fast_moving,92,29.62,False,5
FM-008,68,fast_moving,101,29.62,False,5
FM-008,69,fast_moving,125,29.62,False,5
FM-008,70,fast_moving,129,29.62,False,5
FM-008,71,fast_moving,132,29.62,False,5
FM-008,72,fast_moving,117,29.62,False,5
FM-008,73,fast_moving,118,29.62,False,5
FM-008,74,fast_moving,120,29.62,False,5
FM-008,75,fast_moving,129,29.62,False,5
FM-008,76,fast_moving,99,29.62,False,5
FM-008,77,fast_moving,88,29.62,False,5
FM-008,78,fast_moving,174,29.62,False,5
FM-008,79,fast_moving,132,29.62,False,5
FM-008,80,fast_moving,103,29.62,False,5
FM-008,81,fast_moving,130,29.62,False,5
FM-008,82,fast_moving,112,29.62,False,5
FM-008,83,fast_moving,176,29.62,False,5
FM-008,84,fast_moving,185,26.13,True,5
FM-008,85,fast_moving,163,29.62,False,5
FM-008,86,fast_moving,94,29.62,False,5
FM-008,87,fast_moving,139,29.62,False,5
FM-008,88,fast_moving,126,29.62,False,5
FM-008,89,fast_moving,114,29.62,False,5
FM-008,90,fast_moving,104,29.62,False,5
FM-008,91,fast_moving,128,29.62,False,5
FM-008,92,fast_moving,90,29.62,False,5
FM-008,93,fast_moving,142,29.62,False,5
FM-008,94,fast_moving,150,29.62,False,5
FM-008,95,fast_moving,170,29.62,False,5
FM-008,96,fast_moving,109,29.62,False,5
FM-008,97,fast_moving,102,29.62,False,5
FM-008,98,fast_moving,147,29.62,False,5
FM-008,99,fast_moving,115,29.62,False,5
FM-008,100,fast_moving,121,29.62,False,5
FM-008,101,fast_moving,110,29.62,False,5
FM-008,102,fast_moving,145,29.62,False,5
FM-008,103,fast_moving,256,26.13,True,5
FM-009,0,fast_moving,42,13.04,False,5
FM-009,1,fast_moving,64,13.04,False,5
FM-009,2,fast_moving,50,13.04,False,5
FM-009,3,fast_moving,96,13.04,False,5
FM-009,4,fast_moving,72,13.04,False,5
FM-009,5,fast_moving,68,13.04,False,5
FM-009,6,fast_moving,84,13.04,False,5
FM-009,7,fast_moving,76,13.04,False,5
FM-009,8,fast_moving,83,13.04,False,5
FM-009,9,fast_moving,69,13.04,False,5
FM-009,10,fast_moving,54,13.04,False,5
FM-009,11,fast_moving,70,13.04,False,5
FM-009,12,fast_moving,82,13.04,False,5
FM-009,13,fast_moving,65,13.04,False,5
FM-009,14,fast_moving,73,13.04,False,5
FM-009,15,fast_moving,90,13.04,False,5
FM-009,16,fast_moving,73,13.04,False,5
FM-009,17,fast_moving,72,13.04,False,5
FM-009,18,fast_moving,71,13.04,False,5
FM-009,19,fast_moving,63,13.04,False,5
FM-009,20,fast_moving,50,13.04,False,5
FM-009,21,fast_moving,81,10.84,True,5
FM-009,22,fast_moving,58,13.04,False,5
FM-009,23,fast_moving,96,10.84,True,5
FM-009,24,fast_moving,55,13.04,False,5
FM-009,25,fast_moving,60,13.04,False,5
FM-009,26,fast_moving,129,10.84,True,5
FM-009,27,fast_moving,123,13.04,False,5
FM-009,28,fast_moving,83,13.04,False,5
FM-009,29,fast_moving,102,13.04,False,5
FM-009,30,fast_moving,78,13.04,False,5
FM-009,31,fast_moving,89,13.04,False,5
FM-009,32,fast_moving,117,13.04,False,5
FM-009,33,fast_moving,91,13.04,False,5
FM-009,34,fast_moving,72,13.04,False,5
FM-009,35,fast_moving,106,13.04,False,5
FM-009,36,fast_moving,84,13.04,False,5
FM-009,37,fast_moving,58,13.04,False,5
FM-009,38,fast_moving,72,13.04,False,5
FM-009,39,fast_moving,99,13.04,False,5
FM-009,40,fast_moving,94,13.04,False,5
FM-009,41,fast_moving,68,13.04,False,5
FM-009,42,fast_moving,78,13.04,False,5
FM-009,43,fast_moving,80,13.04,False,5
FM-009,44,fast_moving,76,13.04,False,5
FM-009,45,fast_moving,100,13.04,False,5
FM-009,46,fast_moving,110,13.04,False,5
FM-009,47,fast_moving,84,13.04,False,5
FM-009,48,fast_moving,103,10.84,True,5
FM-009,49,fast_moving,112,13.04,False,5
FM-009,50,fast_moving,83,13.04,False,5
FM-009,51,fast_moving,62,13.04,False,5
FM-009,52,fast_moving,64,13.04,False,5
FM-009,53,fast_moving,82,13.04,False,5
FM-009,54,fast_moving,56,13.04,False,5
FM-009,55,fast_moving,96,13.04,False,5
FM-009,56,fast_moving,51,13.04,False,5
FM-009,57,fast_moving,92,13.04,False,5
FM-009,58,fast_moving,74,13.04,False,5
FM-009,59,fast_moving,55,13.04,False,5
FM-009,60,fast_moving,78,13.04,False,5
FM-009,61,fast_moving,83,13.04,False,5
FM-009,62,fast_moving,66,13.04,False,5
FM-009,63,fast_moving,61,13.04,False,5
FM-009,64,fast_moving,81,13.04,False,5
FM-009,65,fast_moving,75,13.04,False,5
FM-009,66,fast_moving,81,13.04,False,5
FM-009,67,fast_moving,110,10.84,True,5
FM-009,68,fast_moving,103,13.04,False,5
FM-009,69,fast_moving,61,13.04,False,5
FM-009,70,fast_moving,122,10.84,True,5
FM-009,71,fast_moving,80,13.04,False,5
FM-009,72,fast_moving,81,13.04,False,5
FM-009,73,fast_moving,85,13.04,False,5
FM-009,74,fast_moving,130,13.04,False,5
FM-009,75,fast_moving,87,13.04,False,5
FM-009,76,fast_moving,84,13.04,False,5
FM-009,77,fast_moving,77,13.04,False,5
FM-009,78,fast_moving,55,13.04,False,5
FM-009,79,fast_moving,84,13.04,False,5
FM-009,80,fast_moving,86,13.04,False,5
FM-009,81,fast_moving,90,13.04,False,5
FM-009,82,fast_moving,58,13.04,False,5
FM-009,83,fast_moving,75,13.04,False,5
FM-009,84,fast_moving,82,13.04,False,5
FM-009,85,fast_moving,106,13.04,False,5
FM-009,86,fast_moving,50,13.04,False,5
FM-009,87,fast_moving,86,13.04,False,5
FM-009,88,fast_moving,44,13.04,False,5
FM-009,89,fast_moving,108,13.04,False,5
FM-009,90,fast_moving,115,13.04,False,5
FM-009,91,fast_moving,75,13.04,False,5
FM-009,92,fast_moving,94,13.04,False,5
FM-009,93,fast_moving,95,13.04,False,5
FM-009,94,fast_moving,102,13.04,False,5
FM-009,95,fast_moving,93,13.04,False,5
FM-009,96,fast_moving,78,13.04,False,5
FM-009,97,fast_moving,104,13.04,False,5
FM-009,98,fast_moving,156,13.04,False,5
FM-009,99,fast_moving,62,13.04,False,5
FM-009,100,fast_moving,65,13.04,False,5
FM-009,101,fast_moving,67,13.04,False,5
FM-009,102,fast_moving,74,13.04,False,5
FM-009,103,fast_moving,123,13.04,False,5
FM-010,0,fast_moving,136,31.11,False,5
FM-010,1,fast_moving,96,31.11,False,5
FM-010,2,fast_moving,124,31.11,False,5
FM-010,3,fast_moving,103,31.11,False,5
FM-010,4,fast_moving,126,31.11,False,5
FM-010,5,fast_moving,142,31.11,False,5
FM-010,6,fast_moving,106,31.11,False,5
FM-010,7,fast_moving,188,25.83,True,5
FM-010,8,fast_moving,110,31.11,False,5
FM-010,9,fast_moving,121,31.11,False,5
FM-010,10,fast_moving,144,31.11,False,5
FM-010,11,fast_moving,165,25.83,True,5
FM-010,12,fast_moving,109,31.11,False,5
FM-010,13,fast_moving,171,25.83,True,5
FM-010,14,fast_moving,174,25.83,True,5
FM-010,15,fast_moving,126,31.11,False,5
FM-010,16,fast_moving,137,31.11,False,5
FM-010,17,fast_moving,145,31.11,False,5
FM-010,18,fast_moving,102,31.11,False,5
FM-010,19,fast_moving,260,25.83,True,5
FM-010,20,fast_moving,138,31.11,False,5
FM-010,21,fast_moving,91,31.11,False,5
FM-010,22,fast_moving,94,31.11,False,5
FM-010,23,fast_moving,122,31.11,False,5
FM-010,24,fast_moving,84,31.11,False,5
FM-010,25,fast_moving,144,31.11,False,5
FM-010,26,fast_moving,176,31.11,False,5
FM-010,27,fast_moving,109,31.11,False,5
FM-010,28,fast_moving,156,31.11,False,5
FM-010,29,fast_moving,111,31.11,False,5
FM-010,30,fast_moving,277,25.83,True,5
FM-010,31,fast_moving,166,31.11,False,5
FM-010,32,fast_moving,284,25.83,True,5
FM-010,33,fast_moving,143,31.11,False,5
FM-010,34,fast_moving,126,31.11,False,5
FM-010,35,fast_moving,251,25.83,True,5
FM-010,36,fast_moving,100,31.11,False,5
FM-010,37,fast_moving,126,31.11,False,5
FM-010,38,fast_moving,116,31.11,False,5
FM-010,39,fast_moving,105,31.11,False,5
FM-010,40,fast_moving,119,31.11,False,5
FM-010,41,fast_moving,332,25.83,True,5
FM-010,42,fast_moving,142,31.11,False,5
FM-010,43,fast_moving,160,31.11,False,5
FM-010,44,fast_moving,166,31.11,False,5
FM-010,45,fast_moving,159,31.11,False,5
FM-010,46,fast_moving,128,31.11,False,5
FM-010,47,fast_moving,139,31.11,False,5
FM-010,48,fast_moving,134,31.11,False,5
FM-010,49,fast_moving,110,31.11,False,5
FM-010,50,fast_moving,115,31.11,False,5
FM-010,51,fast_moving,172,31.11,False,5
FM-010,52,fast_moving,165,25.83,True,5
FM-010,53,fast_moving,157,31.11,False,5
FM-010,54,fast_moving,96,31.11,False,5
FM-010,55,fast_moving,105,31.11,False,5
FM-010,56,fast_moving,85,31.11,False,5
FM-010,57,fast_moving,121,31.11,False,5
FM-010,58,fast_moving,104,31.11,False,5
FM-010,59,fast_moving,124,31.11,False,5
FM-010,60,fast_moving,129,31.11,False,5
FM-010,61,fast_moving,184,25.83,True,5
FM-010,62,fast_moving,108,31.11,False,5
FM-010,63,fast_moving,141,31.11,False,5
FM-010,64,fast_moving,126,31.11,False,5
FM-010,65,fast_moving,181,25.83,True,5
FM-010,66,fast_moving,181,31.11,False,5
FM-010,67,fast_moving,211,25.83,True,5
FM-010,68,fast_moving,114,31.11,False,5
FM-010,69,fast_moving,118,31.11,False,5
FM-010,70,fast_moving,113,31.11,False,5
FM-010,71,fast_moving,150,31.11,False,5
FM-010,72,fast_moving,291,25.83,True,5
FM-010,73,fast_moving,239,25.83,True,5
FM-010,74,fast_moving,136,31.11,False,5
FM-010,75,fast_moving,137,31.11,False,5
FM-010,76,fast_moving,147,31.11,False,5
FM-010,77,fast_moving,108,31.11,False,5
FM-010,78,fast_moving,151,31.11,False,5
FM-010,79,fast_moving,191,25.83,True,5
FM-010,80,fast_moving,118,31.11,False,5
FM-010,81,fast_moving,117,31.11,False,5
FM-010,82,fast_moving,129,31.11,False,5
FM-010,83,fast_moving,256,25.83,True,5
FM-010,84,fast_moving,144,31.11,False,5
FM-010,85,fast_moving,202,31.11,False,5
FM-010,86,fast_moving,136,31.11,False,5
FM-010,87,fast_moving,179,31.11,False,5
FM-010,88,fast_moving,113,31.11,False,5
FM-010,89,fast_moving,133,31.11,False,5
FM-010,90,fast_moving,139,31.11,False,5
FM-010,91,fast_moving,115,31.11,False,5
FM-010,92,fast_moving,134,31.11,False,5
FM-010,93,fast_moving,136,31.11,False,5
FM-010,94,fast_moving,121,31.11,False,5
FM-010,95,fast_moving,143,31.11,False,5
FM-010,96,fast_moving,116,31.11,False,5
FM-010,97,fast_moving,137,31.11,False,5
FM-010,98,fast_moving,119,31.11,False,5
FM-010,99,fast_moving,123,31.11,False,5
FM-010,100,fast_moving,247,25.83,True,5
FM-010,101,fast_moving,172,31.11,False,5
FM-010,102,fast_moving,82,31.11,False,5
FM-010,103,fast_moving,133,31.11,False,5
FM-011,0,fast_moving,65,22.54,False,4
FM-011,1,fast_moving,77,22.54,False,4
FM-011,2,fast_moving,133,19.9,True,4
FM-011,3,fast_moving,74,22.54,False,4
FM-011,4,fast_moving,106,22.54,False,4
FM-011,5,fast_moving,84,22.54,False,4
FM-011,6,fast_moving,47,22.54,False,4
FM-011,7,fast_moving,83,22.54,False,4
FM-011,8,fast_moving,61,22.54,False,4
FM-011,9,fast_moving,45,22.54,False,4
FM-011,10,fast_moving,75,22.54,False,4
FM-011,11,fast_moving,54,22.54,False,4
FM-011,12,fast_moving,67,22.54,False,4
FM-011,13,fast_moving,74,22.54,False,4
FM-011,14,fast_moving,68,22.54,False,4
FM-011,15,fast_moving,117,22.54,False,4
FM-011,16,fast_moving,98,22.54,False,4
FM-011,17,fast_moving,100,19.9,True,4
FM-011,18,fast_moving,59,22.54,False,4
FM-011,19,fast_moving,59,22.54,False,4
FM-011,20,fast_moving,61,22.54,False,4
FM-011,21,fast_moving,38,22.54,False,4
FM-011,22,fast_moving,75,22.54,False,4
FM-011,23,fast_moving,187,19.9,True,4
FM-011,24,fast_moving,90,22.54,False,4
FM-011,25,fast_moving,65,22.54,False,4
FM-011,26,fast_moving,89,22.54,False,4
FM-011,27,fast_moving,80,22.54,False,4
FM-011,28,fast_moving,70,22.54,False,4
FM-011,29,fast_moving,117,19.9,True,4
FM-011,30,fast_moving,175,19.9,True,4
FM-011,31,fast_moving,72,22.54,False,4
FM-011,32,fast_moving,89,22.54,False,4
FM-011,33,fast_moving,91,22.54,False,4
FM-011,34,fast_moving,105,22.54,False,4
FM-011,35,fast_moving,102,22.54,False,4
FM-011,36,fast_moving,79,19.9,True,4
FM-011,37,fast_moving,98,22.54,False,4
FM-011,38,fast_moving,42,22.54,False,4
FM-011,39,fast_moving,86,22.54,False,4
FM-011,40,fast_moving,79,22.54,False,4
FM-011,41,fast_moving,45,22.54,False,4
FM-011,42,fast_moving,80,22.54,False,4
FM-011,43,fast_moving,62,22.54,False,4
FM-011,44,fast_moving,68,22.54,False,4
FM-011,45,fast_moving,73,22.54,False,4
FM-011,46,fast_moving,68,22.54,False,4
FM-011,47,fast_moving,96,22.54,False,4
FM-011,48,fast_moving,95,22.54,False,4
FM-011,49,fast_moving,68,22.54,False,4
FM-011,50,fast_moving,66,22.54,False,4
FM-011,51,fast_moving,89,22.54,False,4
FM-011,52,fast_moving,58,22.54,False,4
FM-011,53,fast_moving,101,22.54,False,4
FM-011,54,fast_moving,94,22.54,False,4
FM-011,55,fast_moving,140,22.54,False,4
FM-011,56,fast_moving,103,22.54,False,4
FM-011,57,fast_moving,67,22.54,False,4
FM-011,58,fast_moving,59,22.54,False,4
FM-011,59,fast_moving,86,22.54,False,4
FM-011,60,fast_moving,81,22.54,False,4
FM-011,61,fast_moving,58,22.54,False,4
FM-011,62,fast_moving,83,22.54,False,4
FM-011,63,fast_moving,70,22.54,False,4
FM-011,64,fast_moving,75,22.54,False,4
FM-011,65,fast_moving,90,22.54,False,4
FM-011,66,fast_moving,89,22.54,False,4
FM-011,67,fast_moving,56,22.54,False,4
FM-011,68,fast_moving,86,22.54,False,4
FM-011,69,fast_moving,66,22.54,False,4
FM-011,70,fast_moving,46,22.54,False,4
FM-011,71,fast_moving,101,22.54,False,4
FM-011,72,fast_moving,63,22.54,False,4
FM-011,73,fast_moving,140,19.9,True,4
FM-011,74,fast_moving,94,22.54,False,4
FM-011,75,fast_moving,64,22.54,False,4
FM-011,76,fast_moving,62,22.54,False,4
FM-011,77,fast_moving,49,22.54,False,4
FM-011,78,fast_moving,76,22.54,False,4
FM-011,79,fast_moving,73,22.54,False,4
FM-011,80,fast_moving,100,22.54,False,4
FM-011,81,fast_moving,62,22.54,False,4
FM-011,82,fast_moving,81,22.54,False,4
FM-011,83,fast_moving,88,22.54,False,4
FM-011,84,fast_moving,45,22.54,False,4
FM-011,85,fast_moving,55,22.54,False,4
FM-011,86,fast_moving,59,22.54,False,4
FM-011,87,fast_moving,65,22.54,False,4
FM-011,88,fast_moving,92,22.54,False,4
FM-011,89,fast_moving,38,22.54,False,4
FM-011,90,fast_moving,144,19.9,True,4
FM-011,91,fast_moving,96,22.54,False,4
FM-011,92,fast_moving,50,22.54,False,4
FM-011,93,fast_moving,41,22.54,False,4
FM-011,94,fast_moving,67,22.54,False,4
FM-011,95,fast_moving,40,22.54,False,4
FM-011,96,fast_moving,98,22.54,False,4
FM-011,97,fast_moving,43,22.54,False,4
FM-011,98,fast_moving,66,22.54,False,4
FM-011,99,fast_moving,67,22.54,False,4
FM-011,100,fast_moving,105,22.54,False,4
FM-011,101,fast_moving,53,22.54,False,4
FM-011,102,fast_moving,96,22.54,False,4
FM-011,103,fast_moving,86,19.9,True,4
FM-012,0,fast_moving,149,24.8,False,5
FM-012,1,fast_moving,122,24.8,False,5
FM-012,2,fast_moving,158,24.8,False,5
FM-012,3,fast_moving,131,24.8,False,5
FM-012,4,fast_moving,120,24.8,False,5
FM-012,5,fast_moving,146,24.8,False,5
FM-012,6,fast_moving,136,24.8,False,5
FM-012,7,fast_moving,138,24.8,False,5
FM-012,8,fast_moving,108,24.8,False,5
FM-012,9,fast_moving,127,24.8,False,5
FM-012,10,fast_moving,151,24.8,False,5
FM-012,11,fast_moving,111,24.8,False,5
FM-012,12,fast_moving,135,24.8,False,5
FM-012,13,fast_moving,140,24.8,False,5
FM-012,14,fast_moving,128,24.8,False,5
FM-012,15,fast_moving,129,24.8,False,5
FM-012,16,fast_moving,122,24.8,False,5
FM-012,17,fast_moving,106,24.8,False,5
FM-012,18,fast_moving,138,24.8,False,5
FM-012,19,fast_moving,109,24.8,False,5
FM-012,20,fast_moving,122,24.8,False,5
FM-012,21,fast_moving,108,24.8,False,5
FM-012,22,fast_moving,103,24.8,False,5
FM-012,23,fast_moving,138,24.8,False,5
FM-012,24,fast_moving,129,24.8,False,5
FM-012,25,fast_moving,107,24.8,False,5
FM-012,26,fast_moving,162,21.95,True,5
FM-012,27,fast_moving,158,24.8,False,5
FM-012,28,fast_moving,117,24.8,False,5
FM-012,29,fast_moving,179,24.8,False,5
FM-012,30,fast_moving,124,24.8,False,5
FM-012,31,fast_moving,108,24.8,False,5
FM-012,32,fast_moving,151,21.95,True,5
FM-012,33,fast_moving,112,24.8,False,5
FM-012,34,fast_moving,118,24.8,False,5
FM-012,35,fast_moving,93,24.8,False,5
FM-012,36,fast_moving,86,24.8,False,5
FM-012,37,fast_moving,103,21.95,True,5
FM-012,38,fast_moving,107,24.8,False,5
FM-012,39,fast_moving,93,24.8,False,5
FM-012,40,fast_moving,194,24.8,False,5
FM-012,41,fast_moving,122,24.8,False,5
FM-012,42,fast_moving,104,24.8,False,5
FM-012,43,fast_moving,95,24.8,False,5
FM-012,44,fast_moving,156,24.8,False,5
FM-012,45,fast_moving,105,24.8,False,5
FM-012,46,fast_moving,113,24.8,False,5
FM-012,47,fast_moving,139,21.95,True,5
FM-012,48,fast_moving,141,24.8,False,5
FM-012,49,fast_moving,152,24.8,False,5
FM-012,50,fast_moving,170,24.8,False,5
FM-012,51,fast_moving,137,24.8,False,5
FM-012,52,fast_moving,156,24.8,False,5
FM-012,53,fast_moving,135,24.8,False,5
FM-012,54,fast_moving,118,24.8,False,5
FM-012,55,fast_moving,116,24.8,False,5
FM-012,56,fast_moving,202,24.8,False,5
FM-012,57,fast_moving,133,24.8,False,5
FM-012,58,fast_moving,154,24.8,False,5
FM-012,59,fast_moving,133,24.8,False,5
FM-012,60,fast_moving,158,24.8,False,5
FM-012,61,fast_moving,126,24.8,False,5
FM-012,62,fast_moving,150,24.8,False,5
FM-012,63,fast_moving,152,24.8,False,5
FM-012,64,fast_moving,187,24.8,False,5
FM-012,65,fast_moving,166,24.8,False,5
FM-012,66,fast_moving,126,24.8,False,5
FM-012,67,fast_moving,141,24.8,False,5
FM-012,68,fast_moving,122,24.8,False,5
FM-012,69,fast_moving,127,24.8,False,5
FM-012,70,fast_moving,127,24.8,False,5
FM-012,71,fast_moving,156,21.95,True,5
FM-012,72,fast_moving,166,24.8,False,5
FM-012,73,fast_moving,143,24.8,False,5
FM-012,74,fast_moving,126,24.8,False,5
FM-012,75,fast_moving,143,24.8,False,5
FM-012,76,fast_moving,192,24.8,False,5
FM-012,77,fast_moving,140,24.8,False,5
FM-012,78,fast_moving,183,24.8,False,5
FM-012,79,fast_moving,173,21.95,True,5
FM-012,80,fast_moving,184,21.95,True,5
FM-012,81,fast_moving,185,21.95,True,5
FM-012,82,fast_moving,144,24.8,False,5
FM-012,83,fast_moving,113,24.8,False,5
FM-012,84,fast_moving,119,24.8,False,5
FM-012,85,fast_moving,107,24.8,False,5
FM-012,86,fast_moving,122,24.8,False,5
FM-012,87,fast_moving,120,24.8,False,5
FM-012,88,fast_moving,138,24.8,False,5
FM-012,89,fast_moving,143,24.8,False,5
FM-012,90,fast_moving,155,24.8,False,5
FM-012,91,fast_moving,134,24.8,False,5
FM-012,92,fast_moving,145,24.8,False,5
FM-012,93,fast_moving,169,24.8,False,5
FM-012,94,fast_moving,129,24.8,False,5
FM-012,95,fast_moving,148,24.8,False,5
FM-012,96,fast_moving,164,24.8,False,5
FM-012,97,fast_moving,208,24.8,False,5
FM-012,98,fast_moving,139,24.8,False,5
FM-012,99,fast_moving,162,24.8,False,5
FM-012,100,fast_moving,105,24.8,False,5
FM-012,101,fast_moving,194,24.8,False,5
FM-012,102,fast_moving,98,24.8,False,5
FM-012,103,fast_moving,138,24.8,False,5
FM-013,0,fast_moving,99,26.23,True,5
FM-013,1,fast_moving,122,30.33,False,5
FM-013,2,fast_moving,76,30.33,False,5
FM-013,3,fast_moving,102,30.33,False,5
FM-013,4,fast_moving,112,30.33,False,5
FM-013,5,fast_moving,108,30.33,False,5
FM-013,6,fast_moving,96,30.33,False,5
FM-013,7,fast_moving,136,30.33,False,5
FM-013,8,fast_moving,92,30.33,False,5
FM-013,9,fast_moving,135,30.33,False,5
FM-013,10,fast_moving,115,30.33,False,5
FM-013,11,fast_moving,139,30.33,False,5
FM-013,12,fast_moving,127,26.23,True,5
FM-013,13,fast_moving,134,26.23,True,5
FM-013,14,fast_moving,135,30.33,False,5
FM-013,15,fast_moving,73,30.33,False,5
FM-013,16,fast_moving,135,30.33,False,5
FM-013,17,fast_moving,96,30.33,False,5
FM-013,18,fast_moving,126,30.33,False,5
FM-013,19,fast_moving,154,30.33,False,5
FM-013,20,fast_moving,147,30.33,False,5
FM-013,21,fast_moving,108,30.33,False,5
FM-013,22,fast_moving,124,30.33,False,5
FM-013,23,fast_moving,171,30.33,False,5
FM-013,24,fast_moving,127,30.33,False,5
FM-013,25,fast_moving,189,26.23,True,5
FM-013,26,fast_moving,92,30.33,False,5
FM-013,27,fast_moving,144,30.33,False,5
FM-013,28,fast_moving,112,30.33,False,5
FM-013,29,fast_moving,163,30.33,False,5
FM-013,30,fast_moving,187,30.33,False,5
FM-013,31,fast_moving,129,30.33,False,5
FM-013,32,fast_moving,129,30.33,False,5
FM-013,33,fast_moving,128,30.33,False,5
FM-013,34,fast_moving,138,30.33,False,5
FM-013,35,fast_moving,125,30.33,False,5
FM-013,36,fast_moving,114,30.33,False,5
FM-013,37,fast_moving,139,30.33,False,5
FM-013,38,fast_moving,139,30.33,False,5
FM-013,39,fast_moving,195,26.23,True,5
FM-013,40,fast_moving,154,30.33,False,5
FM-013,41,fast_moving,122,30.33,False,5
FM-013,42,fast_moving,145,30.33,False,5
FM-013,43,fast_moving,106,30.33,False,5
FM-013,44,fast_moving,126,30.33,False,5
FM-013,45,fast_moving,119,30.33,False,5
FM-013,46,fast_moving,93,30.33,False,5
FM-013,47,fast_moving,140,30.33,False,5
FM-013,48,fast_moving,140,30.33,False,5
FM-013,49,fast_moving,114,26.23,True,5
FM-013,50,fast_moving,123,30.33,False,5
FM-013,51,fast_moving,133,30.33,False,5
FM-013,52,fast_moving,101,30.33,False,5
FM-013,53,fast_moving,233,26.23,True,5
FM-013,54,fast_moving,105,30.33,False,5
FM-013,55,fast_moving,160,26.23,True,5
FM-013,56,fast_moving,113,30.33,False,5
FM-013,57,fast_moving,138,30.33,False,5
FM-013,58,fast_moving,116,30.33,False,5
FM-013,59,fast_moving,76,30.33,False,5
FM-013,60,fast_moving,107,30.33,False,5
FM-013,61,fast_moving,158,30.33,False,5
FM-013,62,fast_moving,158,30.33,False,5
FM-013,63,fast_moving,145,30.33,False,5
FM-013,64,fast_moving,100,30.33,False,5
FM-013,65,fast_moving,151,26.23,True,5
FM-013,66,fast_moving,79,30.33,False,5
FM-013,67,fast_moving,135,30.33,False,5
FM-013,68,fast_moving,122,30.33,False,5
FM-013,69,fast_moving,125,30.33,False,5
FM-013,70,fast_moving,140,30.33,False,5
FM-013,71,fast_moving,129,30.33,False,5
FM-013,72,fast_moving,163,30.33,False,5
FM-013,73,fast_moving,152,30.33,False,5
FM-013,74,fast_moving,139,30.33,False,5
FM-013,75,fast_moving,178,30.33,False,5
FM-013,76,fast_moving,161,30.33,False,5
FM-013,77,fast_moving,146,30.33,False,5
FM-013,78,fast_moving,125,30.33,False,5
FM-013,79,fast_moving,202,30.33,False,5
FM-013,80,fast_moving,109,30.33,False,5
FM-013,81,fast_moving,226,26.23,True,5
FM-013,82,fast_moving,151,30.33,False,5
FM-013,83,fast_moving,127,30.33,False,5
FM-013,84,fast_moving,110,30.33,False,5
FM-013,85,fast_moving,170,30.33,False,5
FM-013,86,fast_moving,157,30.33,False,5
FM-013,87,fast_moving,112,30.33,False,5
FM-013,88,fast_moving,125,30.33,False,5
FM-013,89,fast_moving,136,30.33,False,5
FM-013,90,fast_moving,164,30.33,False,5
FM-013,91,fast_moving,191,30.33,False,5
FM-013,92,fast_moving,141,30.33,False,5
FM-013,93,fast_moving,144,30.33,False,5
FM-013,94,fast_moving,97,30.33,False,5
FM-013,95,fast_moving,110,30.33,False,5
FM-013,96,fast_moving,133,30.33,False,5
FM-013,97,fast_moving,117,30.33,False,5
FM-013,98,fast_moving,139,30.33,False,5
FM-013,99,fast_moving,148,30.33,False,5
FM-013,100,fast_moving,110,30.33,False,5
FM-013,101,fast_moving,263,26.23,True,5
FM-013,102,fast_moving,95,30.33,False,5
FM-013,103,fast_moving,120,30.33,False,5
FM-014,0,fast_moving,65,26.25,False,4
FM-014,1,fast_moving,84,26.25,False,4
FM-014,2,fast_moving,153,22.43,True,4
FM-014,3,fast_moving,70,26.25,False,4
FM-014,4,fast_moving,70,26.25,False,4
FM-014,5,fast_moving,168,22.43,True,4
FM-014,6,fast_moving,122,22.43,True,4
FM-014,7,fast_moving,78,26.25,False,4
FM-014,8,fast_moving,68,26.25,False,4
FM-014,9,fast_moving,52,26.25,False,4
FM-014,10,fast_moving,77,26.25,False,4
FM-014,11,fast_moving,64,26.25,False,4
FM-014,12,fast_moving,105,26.25,False,4
FM-014,13,fast_moving,71,26.25,False,4
FM-014,14,fast_moving,73,26.25,False,4
FM-014,15,fast_moving,68,26.25,False,4
FM-014,16,fast_moving,45,26.25,False,4
FM-014,17,fast_moving,47,26.25,False,4
FM-014,18,fast_moving,47,26.25,False,4
FM-014,19,fast_moving,74,26.25,False,4
FM-014,20,fast_moving,68,26.25,False,4
FM-014,21,fast_moving,64,26.25,False,4
FM-014,22,fast_moving,69,26.25,False,4
FM-014,23,fast_moving,65,26.25,False,4
FM-014,24,fast_moving,52,26.25,False,4
FM-014,25,fast_moving,58,26.25,False,4
FM-014,26,fast_moving,67,26.25,False,4
FM-014,27,fast_moving,59,26.25,False,4
FM-014,28,fast_moving,47,26.25,False,4
FM-014,29,fast_moving,96,22.43,True,4
FM-014,30,fast_moving,66,26.25,False,4
FM-014,31,fast_moving,80,26.25,False,4
FM-014,32,fast_moving,83,22.43,True,4
FM-014,33,fast_moving,49,26.25,False,4
FM-014,34,fast_moving,54,26.25,False,4
FM-014,35,fast_moving,86,26.25,False,4
FM-014,36,fast_moving,62,26.25,False,4
FM-014,37,fast_moving,90,22.43,True,4
FM-014,38,fast_moving,54,26.25,False,4
FM-014,39,fast_moving,59,26.25,False,4
FM-014,40,fast_moving,42,26.25,False,4
FM-014,41,fast_moving,45,26.25,False,4
FM-014,42,fast_moving,45,26.25,False,4
FM-014,43,fast_moving,75,26.25,False,4
FM-014,44,fast_moving,36,26.25,False,4
FM-014,45,fast_moving,60,26.25,False,4
FM-014,46,fast_moving,58,26.25,False,4
FM-014,47,fast_moving,70,26.25,False,4
FM-014,48,fast_moving,68,26.25,False,4
FM-014,49,fast_moving,113,26.25,False,4
FM-014,50,fast_moving,134,22.43,True,4
FM-014,51,fast_moving,60,26.25,False,4
FM-014,52,fast_moving,134,26.25,False,4
FM-014,53,fast_moving,77,26.25,False,4
FM-014,54,fast_moving,57,26.25,False,4
FM-014,55,fast_moving,62,26.25,False,4
FM-014,56,fast_moving,61,26.25,False,4
FM-014,57,fast_moving,66,26.25,False,4
FM-014,58,fast_moving,102,26.25,False,4
FM-014,59,fast_moving,63,26.25,False,4
FM-014,60,fast_moving,86,22.43,True,4
FM-014,61,fast_moving,68,26.25,False,4
FM-014,62,fast_moving,30,26.25,False,4
FM-014,63,fast_moving,42,26.25,False,4
FM-014,64,fast_moving,63,26.25,False,4
FM-014,65,fast_moving,59,26.25,False,4
FM-014,66,fast_moving,76,26.25,False,4
FM-014,67,fast_moving,68,26.25,False,4
FM-014,68,fast_moving,73,26.25,False,4
FM-014,69,fast_moving,59,26.25,False,4
FM-014,70,fast_moving,70,26.25,False,4
FM-014,71,fast_moving,106,22.43,True,4
FM-014,72,fast_moving,38,26.25,False,4
FM-014,73,fast_moving,51,26.25,False,4
FM-014,74,fast_moving,54,26.25,False,4
FM-014,75,fast_moving,71,26.25,False,4
FM-014,76,fast_moving,61,26.25,False,4
FM-014,77,fast_moving,52,26.25,False,4
FM-014,78,fast_moving,44,26.25,False,4
FM-014,79,fast_moving,76,26.25,False,4
FM-014,80,fast_moving,84,26.25,False,4
FM-014,81,fast_moving,89,26.25,False,4
FM-014,82,fast_moving,58,26.25,False,4
FM-014,83,fast_moving,57,26.25,False,4
FM-014,84,fast_moving,22,26.25,False,4
FM-014,85,fast_moving,42,26.25,False,4
FM-014,86,fast_moving,52,26.25,False,4
FM-014,87,fast_moving,38,26.25,False,4
FM-014,88,fast_moving,53,26.25,False,4
FM-014,89,fast_moving,56,26.25,False,4
FM-014,90,fast_moving,54,26.25,False,4
FM-014,91,fast_moving,70,26.25,False,4
FM-014,92,fast_moving,32,26.25,False,4
FM-014,93,fast_moving,49,26.25,False,4
FM-014,94,fast_moving,48,26.25,False,4
FM-014,95,fast_moving,39,26.25,False,4
FM-014,96,fast_moving,87,26.25,False,4
FM-014,97,fast_moving,63,22.43,True,4
FM-014,98,fast_moving,92,26.25,False,4
FM-014,99,fast_moving,58,26.25,False,4
FM-014,100,fast_moving,50,26.25,False,4
FM-014,101,fast_moving,66,26.25,False,4
FM-014,102,fast_moving,59,26.25,False,4
FM-014,103,fast_moving,66,26.25,False,4
FM-015,0,fast_moving,49,26.19,False,4
FM-015,1,fast_moving,73,26.19,False,4
FM-015,2,fast_moving,95,26.19,False,4
FM-015,3,fast_moving,73,26.19,False,4
FM-015,4,fast_moving,61,26.19,False,4
FM-015,5,fast_moving,139,26.19,False,4
FM-015,6,fast_moving,93,26.19,False,4
FM-015,7,fast_moving,96,26.19,False,4
FM-015,8,fast_moving,69,26.19,False,4
FM-015,9,fast_moving,92,26.19,False,4
FM-015,10,fast_moving,163,26.19,False,4
FM-015,11,fast_moving,98,26.19,False,4
FM-015,12,fast_moving,101,26.19,False,4
FM-015,13,fast_moving,81,26.19,False,4
FM-015,14,fast_moving,182,26.19,False,4
FM-015,15,fast_moving,86,26.19,False,4
FM-015,16,fast_moving,58,26.19,False,4
FM-015,17,fast_moving,212,22.83,True,4
FM-015,18,fast_moving,78,26.19,False,4
FM-015,19,fast_moving,38,26.19,False,4
FM-015,20,fast_moving,44,26.19,False,4
FM-015,21,fast_moving,172,22.83,True,4
FM-015,22,fast_moving,89,26.19,False,4
FM-015,23,fast_moving,139,22.83,True,4
FM-015,24,fast_moving,81,26.19,False,4
FM-015,25,fast_moving,117,26.19,False,4
FM-015,26,fast_moving,164,22.83,True,4
FM-015,27,fast_moving,105,26.19,False,4
FM-015,28,fast_moving,98,26.19,False,4
FM-015,29,fast_moving,54,26.19,False,4
FM-015,30,fast_moving,110,26.19,False,4
FM-015,31,fast_moving,63,26.19,False,4
FM-015,32,fast_moving,98,26.19,False,4
FM-015,33,fast_moving,77,26.19,False,4
FM-015,34,fast_moving,66,26.19,False,4
FM-015,35,fast_moving,70,26.19,False,4
FM-015,36,fast_moving,95,26.19,False,4
FM-015,37,fast_moving,108,26.19,False,4
FM-015,38,fast_moving,204,22.83,True,4
FM-015,39,fast_moving,87,26.19,False,4
FM-015,40,fast_moving,84,26.19,False,4
FM-015,41,fast_moving,190,22.83,True,4
FM-015,42,fast_moving,83,26.19,False,4
FM-015,43,fast_moving,131,26.19,False,4
FM-015,44,fast_moving,151,22.83,True,4
FM-015,45,fast_moving,111,26.19,False,4
FM-015,46,fast_moving,139,26.19,False,4
FM-015,47,fast_moving,60,26.19,False,4
FM-015,48,fast_moving,95,26.19,False,4
FM-015,49,fast_moving,95,26.19,False,4
FM-015,50,fast_moving,91,26.19,False,4
FM-015,51,fast_moving,78,26.19,False,4
FM-015,52,fast_moving,85,26.19,False,4
FM-015,53,fast_moving,127,26.19,False,4
FM-015,54,fast_moving,157,26.19,False,4
FM-015,55,fast_moving,82,26.19,False,4
FM-015,56,fast_moving,71,26.19,False,4
FM-015,57,fast_moving,52,26.19,False,4
FM-015,58,fast_moving,102,26.19,False,4
FM-015,59,fast_moving,121,26.19,False,4
FM-015,60,fast_moving,75,26.19,False,4
FM-015,61,fast_moving,111,26.19,False,4
FM-015,62,fast_moving,109,26.19,False,4
FM-015,63,fast_moving,96,26.19,False,4
FM-015,64,fast_moving,76,26.19,False,4
FM-015,65,fast_moving,44,26.19,False,4
FM-015,66,fast_moving,207,22.83,True,4
FM-015,67,fast_moving,144,26.19,False,4
FM-015,68,fast_moving,130,26.19,False,4
FM-015,69,fast_moving,118,26.19,False,4
FM-015,70,fast_moving,97,26.19,False,4
FM-015,71,fast_moving,108,26.19,False,4
FM-015,72,fast_moving,75,26.19,False,4
FM-015,73,fast_moving,85,26.19,False,4
FM-015,74,fast_moving,69,26.19,False,4
FM-015,75,fast_moving,144,26.19,False,4
FM-015,76,fast_moving,100,26.19,False,4
FM-015,77,fast_moving,62,26.19,False,4
FM-015,78,fast_moving,109,26.19,False,4
FM-015,79,fast_moving,66,26.19,False,4
FM-015,80,fast_moving,132,26.19,False,4
FM-015,81,fast_moving,118,26.19,False,4
FM-015,82,fast_moving,75,26.19,False,4
FM-015,83,fast_moving,111,26.19,False,4
FM-015,84,fast_moving,80,26.19,False,4
FM-015,85,fast_moving,87,26.19,False,4
FM-015,86,fast_moving,151,22.83,True,4
FM-015,87,fast_moving,133,26.19,False,4
FM-015,88,fast_moving,74,26.19,False,4
FM-015,89,fast_moving,90,26.19,False,4
FM-015,90,fast_moving,86,26.19,False,4
FM-015,91,fast_moving,106,26.19,False,4
FM-015,92,fast_moving,74,26.19,False,4
FM-015,93,fast_moving,119,26.19,False,4
FM-015,94,fast_moving,101,26.19,False,4
FM-015,95,fast_moving,81,26.19,False,4
FM-015,96,fast_moving,117,26.19,False,4
FM-015,97,fast_moving,65,26.19,False,4
FM-015,98,fast_moving,134,26.19,False,4
FM-015,99,fast_moving,276,22.83,True,4
FM-015,100,fast_moving,78,26.19,False,4
FM-015,101,fast_moving,104,26.19,False,4
FM-015,102,fast_moving,71,26.19,False,4
FM-015,103,fast_moving,108,26.19,False,4
FM-016,0,fast_moving,121,24.9,True,5
FM-016,1,fast_moving,130,24.9,True,5
FM-016,2,fast_moving,96,28.21,False,5
FM-016,3,fast_moving,94,28.21,False,5
FM-016,4,fast_moving,229,24.9,True,5
FM-016,5,fast_moving,130,28.21,False,5
FM-016,6,fast_moving,159,24.9,True,5
FM-016,7,fast_moving,115,28.21,False,5
FM-016,8,fast_moving,108,28.21,False,5
FM-016,9,fast_moving,152,24.9,True,5
FM-016,10,fast_moving,77,28.21,False,5
FM-016,11,fast_moving,138,28.21,False,5
FM-016,12,fast_moving,92,28.21,False,5
FM-016,13,fast_moving,113,28.21,False,5
FM-016,14,fast_moving,92,28.21,False,5
FM-016,15,fast_moving,128,28.21,False,5
FM-016,16,fast_moving,79,28.21,False,5
FM-016,17,fast_moving,77,28.21,False,5
FM-016,18,fast_moving,103,28.21,False,5
FM-016,19,fast_moving,78,28.21,False,5
FM-016,20,fast_moving,101,28.21,False,5
FM-016,21,fast_moving,90,28.21,False,5
FM-016,22,fast_moving,102,28.21,False,5
FM-016,23,fast_moving,72,28.21,False,5
FM-016,24,fast_moving,97,28.21,False,5
FM-016,25,fast_moving,81,28.21,False,5
FM-016,26,fast_moving,128,28.21,False,5
FM-016,27,fast_moving,78,28.21,False,5
FM-016,28,fast_moving,93,28.21,False,5
FM-016,29,fast_moving,74,28.21,False,5
FM-016,30,fast_moving,92,28.21,False,5
FM-016,31,fast_moving,78,28.21,False,5
FM-016,32,fast_moving,83,28.21,False,5
FM-016,33,fast_moving,131,24.9,True,5
FM-016,34,fast_moving,68,28.21,False,5
FM-016,35,fast_moving,80,28.21,False,5
FM-016,36,fast_moving,76,28.21,False,5
FM-016,37,fast_moving,68,28.21,False,5
FM-016,38,fast_moving,62,28.21,False,5
FM-016,39,fast_moving,121,28.21,False,5
FM-016,40,fast_moving,82,28.21,False,5
FM-016,41,fast_moving,97,28.21,False,5
FM-016,42,fast_moving,76,28.21,False,5
FM-016,43,fast_moving,68,28.21,False,5
FM-016,44,fast_moving,76,28.21,False,5
FM-016,45,fast_moving,74,28.21,False,5
FM-016,46,fast_moving,79,28.21,False,5
FM-016,47,fast_moving,87,28.21,False,5
FM-016,48,fast_moving,85,28.21,False,5
FM-016,49,fast_moving,53,28.21,False,5
FM-016,50,fast_moving,102,28.21,False,5
FM-016,51,fast_moving,96,28.21,False,5
FM-016,52,fast_moving,109,28.21,False,5
FM-016,53,fast_moving,92,28.21,False,5
FM-016,54,fast_moving,103,28.21,False,5
FM-016,55,fast_moving,100,28.21,False,5
FM-016,56,fast_moving,153,24.9,True,5
FM-016,57,fast_moving,100,28.21,False,5
FM-016,58,fast_moving,67,28.21,False,5
FM-016,59,fast_moving,184,24.9,True,5
FM-016,60,fast_moving,98,28.21,False,5
FM-016,61,fast_moving,152,24.9,True,5
FM-016,62,fast_moving,45,28.21,False,5
FM-016,63,fast_moving,180,24.9,True,5
FM-016,64,fast_moving,93,28.21,False,5
FM-016,65,fast_moving,84,28.21,False,5
FM-016,66,fast_moving,101,28.21,False,5
FM-016,67,fast_moving,128,28.21,False,5
FM-016,68,fast_moving,92,28.21,False,5
FM-016,69,fast_moving,53,28.21,False,5
FM-016,70,fast_moving,66,28.21,False,5
FM-016,71,fast_moving,81,28.21,False,5
FM-016,72,fast_moving,108,28.21,False,5
FM-016,73,fast_moving,87,28.21,False,5
FM-016,74,fast_moving,81,28.21,False,5
FM-016,75,fast_moving,70,28.21,False,5
FM-016,76,fast_moving,75,28.21,False,5
FM-016,77,fast_moving,52,28.21,False,5
FM-016,78,fast_moving,93,28.21,False,5
FM-016,79,fast_moving,91,28.21,False,5
FM-016,80,fast_moving,101,24.9,True,5
FM-016,81,fast_moving,110,28.21,False,5
FM-016,82,fast_moving,90,28.21,False,5
FM-016,83,fast_moving,67,28.21,False,5
FM-016,84,fast_moving,101,28.21,False,5
FM-016,85,fast_moving,92,28.21,False,5
FM-016,86,fast_moving,93,24.9,True,5
FM-016,87,fast_moving,94,28.21,False,5
FM-016,88,fast_moving,56,28.21,False,5
FM-016,89,fast_moving,76,28.21,False,5
FM-016,90,fast_moving,90,28.21,False,5
FM-016,91,fast_moving,97,24.9,True,5
FM-016,92,fast_moving,98,28.21,False,5
FM-016,93,fast_moving,93,28.21,False,5
FM-016,94,fast_moving,76,28.21,False,5
FM-016,95,fast_moving,105,28.21,False,5
FM-016,96,fast_moving,95,28.21,False,5
FM-016,97,fast_moving,86,28.21,False,5
FM-016,98,fast_moving,102,28.21,False,5
FM-016,99,fast_moving,98,28.21,False,5
FM-016,100,fast_moving,103,28.21,False,5
FM-016,101,fast_moving,126,28.21,False,5
FM-016,102,fast_moving,96,28.21,False,5
FM-016,103,fast_moving,104,28.21,False,5
FM-017,0,fast_moving,66,14.6,False,5
FM-017,1,fast_moving,84,14.6,False,5
FM-017,2,fast_moving,64,14.6,False,5
FM-017,3,fast_moving,51,14.6,False,5
FM-017,4,fast_moving,46,14.6,False,5
FM-017,5,fast_moving,48,14.6,False,5
FM-017,6,fast_moving,37,14.6,False,5
FM-017,7,fast_moving,54,14.6,False,5
FM-017,8,fast_moving,68,14.6,False,5
FM-017,9,fast_moving,57,14.6,False,5
FM-017,10,fast_moving,90,14.6,False,5
FM-017,11,fast_moving,96,14.6,False,5
FM-017,12,fast_moving,70,14.6,False,5
FM-017,13,fast_moving,76,14.6,False,5
FM-017,14,fast_moving,75,14.6,False,5
FM-017,15,fast_moving,82,14.6,False,5
FM-017,16,fast_moving,72,14.6,False,5
FM-017,17,fast_moving,52,14.6,False,5
FM-017,18,fast_moving,65,14.6,False,5
FM-017,19,fast_moving,74,14.6,False,5
FM-017,20,fast_moving,77,14.6,False,5
FM-017,21,fast_moving,48,14.6,False,5
FM-017,22,fast_moving,48,14.6,False,5
FM-017,23,fast_moving,63,14.6,False,5
FM-017,24,fast_moving,58,14.6,False,5
FM-017,25,fast_moving,126,14.6,False,5
FM-017,26,fast_moving,74,14.6,False,5
FM-017,27,fast_moving,142,12.58,True,5
FM-017,28,fast_moving,57,14.6,False,5
FM-017,29,fast_moving,84,14.6,False,5
FM-017,30,fast_moving,84,14.6,False,5
FM-017,31,fast_moving,70,14.6,False,5
FM-017,32,fast_moving,58,14.6,False,5
FM-017,33,fast_moving,80,14.6,False,5
FM-017,34,fast_moving,157,12.58,True,5
FM-017,35,fast_moving,98,14.6,False,5
FM-017,36,fast_moving,92,14.6,False,5
FM-017,37,fast_moving,83,14.6,False,5
FM-017,38,fast_moving,82,14.6,False,5
FM-017,39,fast_moving,127,12.58,True,5
FM-017,40,fast_moving,67,14.6,False,5
FM-017,41,fast_moving,94,14.6,False,5
FM-017,42,fast_moving,84,14.6,False,5
FM-017,43,fast_moving,83,14.6,False,5
FM-017,44,fast_moving,64,14.6,False,5
FM-017,45,fast_moving,68,14.6,False,5
FM-017,46,fast_moving,48,14.6,False,5
FM-017,47,fast_moving,70,14.6,False,5
FM-017,48,fast_moving,122,12.58,True,5
FM-017,49,fast_moving,94,12.58,True,5
FM-017,50,fast_moving,62,14.6,False,5
FM-017,51,fast_moving,71,14.6,False,5
FM-017,52,fast_moving,55,14.6,False,5
FM-017,53,fast_moving,67,14.6,False,5
FM-017,54,fast_moving,74,14.6,False,5
FM-017,55,fast_moving,43,14.6,False,5
FM-017,56,fast_moving,44,14.6,False,5
FM-017,57,fast_moving,78,14.6,False,5
FM-017,58,fast_moving,43,14.6,False,5
FM-017,59,fast_moving,40,14.6,False,5
FM-017,60,fast_moving,72,14.6,False,5
FM-017,61,fast_moving,43,14.6,False,5
FM-017,62,fast_moving,59,14.6,False,5
FM-017,63,fast_moving,78,14.6,False,5
FM-017,64,fast_moving,81,14.6,False,5
FM-017,65,fast_moving,90,14.6,False,5
FM-017,66,fast_moving,64,14.6,False,5
FM-017,67,fast_moving,38,14.6,False,5
FM-017,68,fast_moving,71,14.6,False,5
FM-017,69,fast_moving,66,14.6,False,5
FM-017,70,fast_moving,56,14.6,False,5
FM-017,71,fast_moving,95,14.6,False,5
FM-017,72,fast_moving,113,14.6,False,5
FM-017,73,fast_moving,112,14.6,False,5
FM-017,74,fast_moving,99,14.6,False,5
FM-017,75,fast_moving,87,14.6,False,5
FM-017,76,fast_moving,64,14.6,False,5
FM-017,77,fast_moving,63,14.6,False,5
FM-017,78,fast_moving,78,14.6,False,5
FM-017,79,fast_moving,97,14.6,False,5
FM-017,80,fast_moving,79,14.6,False,5
FM-017,81,fast_moving,100,14.6,False,5
FM-017,82,fast_moving,60,14.6,False,5
FM-017,83,fast_moving,105,14.6,False,5
FM-017,84,fast_moving,76,14.6,False,5
FM-017,85,fast_moving,79,14.6,False,5
FM-017,86,fast_moving,94,14.6,False,5
FM-017,87,fast_moving,117,14.6,False,5
FM-017,88,fast_moving,99,14.6,False,5
FM-017,89,fast_moving,69,14.6,False,5
FM-017,90,fast_moving,73,14.6,False,5
FM-017,91,fast_moving,60,14.6,False,5
FM-017,92,fast_moving,84,14.6,False,5
FM-017,93,fast_moving,92,14.6,False,5
FM-017,94,fast_moving,78,14.6,False,5
FM-017,95,fast_moving,64,14.6,False,5
FM-017,96,fast_moving,81,14.6,False,5
FM-017,97,fast_moving,65,14.6,False,5
FM-017,98,fast_moving,60,14.6,False,5
FM-017,99,fast_moving,59,14.6,False,5
FM-017,100,fast_moving,78,14.6,False,5
FM-017,101,fast_moving,92,14.6,False,5
FM-017,102,fast_moving,62,14.6,False,5
FM-017,103,fast_moving,105,14.6,False,5
FM-018,0,fast_moving,58,34.62,False,4
FM-018,1,fast_moving,25,34.62,False,4
FM-018,2,fast_moving,71,34.62,False,4
FM-018,3,fast_moving,68,34.62,False,4
FM-018,4,fast_moving,95,34.62,False,4
FM-018,5,fast_moving,222,29.95,True,4
FM-018,6,fast_moving,97,34.62,False,4
FM-018,7,fast_moving,66,34.62,False,4
FM-018,8,fast_moving,59,29.95,True,4
FM-018,9,fast_moving,85,34.62,False,4
FM-018,10,fast_moving,82,29.95,True,4
FM-018,11,fast_moving,84,34.62,False,4
FM-018,12,fast_moving,84,34.62,False,4
FM-018,13,fast_moving,86,34.62,False,4
FM-018,14,fast_moving,75,34.62,False,4
FM-018,15,fast_moving,95,34.62,False,4
FM-018,16,fast_moving,78,34.62,False,4
FM-018,17,fast_moving,81,34.62,False,4
FM-018,18,fast_moving,83,34.62,False,4
FM-018,19,fast_moving,60,34.62,False,4
FM-018,20,fast_moving,40,34.62,False,4
FM-018,21,fast_moving,78,34.62,False,4
FM-018,22,fast_moving,85,34.62,False,4
FM-018,23,fast_moving,127,29.95,True,4
FM-018,24,fast_moving,64,34.62,False,4
FM-018,25,fast_moving,65,34.62,False,4
FM-018,26,fast_moving,60,34.62,False,4
FM-018,27,fast_moving,160,29.95,True,4
FM-018,28,fast_moving,53,34.62,False,4
FM-018,29,fast_moving,73,34.62,False,4
FM-018,30,fast_moving,75,34.62,False,4
FM-018,31,fast_moving,41,34.62,False,4
FM-018,32,fast_moving,89,34.62,False,4
FM-018,33,fast_moving,89,34.62,False,4
FM-018,34,fast_moving,40,34.62,False,4
FM-018,35,fast_moving,78,34.62,False,4
FM-018,36,fast_moving,63,34.62,False,4
FM-018,37,fast_moving,71,34.62,False,4
FM-018,38,fast_moving,76,34.62,False,4
FM-018,39,fast_moving,77,34.62,False,4
FM-018,40,fast_moving,87,34.62,False,4
FM-018,41,fast_moving,160,29.95,True,4
FM-018,42,fast_moving,90,34.62,False,4
FM-018,43,fast_moving,103,34.62,False,4
FM-018,44,fast_moving,91,34.62,False,4
FM-018,45,fast_moving,132,29.95,True,4
FM-018,46,fast_moving,55,34.62,False,4
FM-018,47,fast_moving,59,34.62,False,4
FM-018,48,fast_moving,81,34.62,False,4
FM-018,49,fast_moving,77,34.62,False,4
FM-018,50,fast_moving,100,34.62,False,4
FM-018,51,fast_moving,63,34.62,False,4
FM-018,52,fast_moving,99,34.62,False,4
FM-018,53,fast_moving,60,34.62,False,4
FM-018,54,fast_moving,84,34.62,False,4
FM-018,55,fast_moving,86,34.62,False,4
FM-018,56,fast_moving,97,34.62,False,4
FM-018,57,fast_moving,86,34.62,False,4
FM-018,58,fast_moving,47,34.62,False,4
FM-018,59,fast_moving,63,34.62,False,4
FM-018,60,fast_moving,57,34.62,False,4
FM-018,61,fast_moving,74,34.62,False,4
FM-018,62,fast_moving,71,34.62,False,4
FM-018,63,fast_moving,70,34.62,False,4
FM-018,64,fast_moving,77,34.62,False,4
FM-018,65,fast_moving,66,34.62,False,4
FM-018,66,fast_moving,94,34.62,False,4
FM-018,67,fast_moving,54,34.62,False,4
FM-018,68,fast_moving,63,34.62,False,4
FM-018,69,fast_moving,63,34.62,False,4
FM-018,70,fast_moving,53,34.62,False,4
FM-018,71,fast_moving,74,34.62,False,4
FM-018,72,fast_moving,91,34.62,False,4
FM-018,73,fast_moving,50,29.95,True,4
FM-018,74,fast_moving,94,34.62,False,4
FM-018,75,fast_moving,93,34.62,False,4
FM-018,76,fast_moving,131,34.62,False,4
FM-018,77,fast_moving,75,34.62,False,4
FM-018,78,fast_moving,133,29.95,True,4
FM-018,79,fast_moving,65,34.62,False,4
FM-018,80,fast_moving,85,34.62,False,4
FM-018,81,fast_moving,53,34.62,False,4
FM-018,82,fast_moving,45,34.62,False,4
FM-018,83,fast_moving,98,34.62,False,4
FM-018,84,fast_moving,59,34.62,False,4
FM-018,85,fast_moving,138,29.95,True,4
FM-018,86,fast_moving,85,34.62,False,4
FM-018,87,fast_moving,65,34.62,False,4
FM-018,88,fast_moving,55,34.62,False,4
FM-018,89,fast_moving,90,34.62,False,4
FM-018,90,fast_moving,84,34.62,False,4
FM-018,91,fast_moving,81,34.62,False,4
FM-018,92,fast_moving,60,34.62,False,4
FM-018,93,fast_moving,59,34.62,False,4
FM-018,94,fast_moving,62,34.62,False,4
FM-018,95,fast_moving,73,34.62,False,4
FM-018,96,fast_moving,110,34.62,False,4
FM-018,97,fast_moving,95,34.62,False,4
FM-018,98,fast_moving,88,34.62,False,4
FM-018,99,fast_moving,52,34.62,False,4
FM-018,100,fast_moving,118,34.62,False,4
FM-018,101,fast_moving,85,34.62,False,4
FM-018,102,fast_moving,50,34.62,False,4
FM-018,103,fast_moving,106,34.62,False,4
FM-019,0,fast_moving,179,13.48,False,4
FM-019,1,fast_moving,199,13.48,False,4
FM-019,2,fast_moving,118,13.48,False,4
FM-019,3,fast_moving,164,13.48,False,4
FM-019,4,fast_moving,130,13.48,False,4
FM-019,5,fast_moving,117,13.48,False,4
FM-019,6,fast_moving,93,13.48,False,4
FM-019,7,fast_moving,156,13.48,False,4
FM-019,8,fast_moving,122,13.48,False,4
FM-019,9,fast_moving,100,13.48,False,4
FM-019,10,fast_moving,307,12.12,True,4
FM-019,11,fast_moving,89,13.48,False,4
FM-019,12,fast_moving,100,13.48,False,4
FM-019,13,fast_moving,89,13.48,False,4
FM-019,14,fast_moving,134,13.48,False,4
FM-019,15,fast_moving,89,13.48,False,4
FM-019,16,fast_moving,99,13.48,False,4
FM-019,17,fast_moving,141,13.48,False,4
FM-019,18,fast_moving,103,13.48,False,4
FM-019,19,fast_moving,107,13.48,False,4
FM-019,20,fast_moving,147,13.48,False,4
FM-019,21,fast_moving,179,12.12,True,4
FM-019,22,fast_moving,103,13.48,False,4
FM-019,23,fast_moving,83,13.48,False,4
FM-019,24,fast_moving,120,12.12,True,4
FM-019,25,fast_moving,119,13.48,False,4
FM-019,26,fast_moving,80,13.48,False,4
FM-019,27,fast_moving,170,13.48,False,4
FM-019,28,fast_moving,117,13.48,False,4
FM-019,29,fast_moving,74,13.48,False,4
FM-019,30,fast_moving,104,13.48,False,4
FM-019,31,fast_moving,111,13.48,False,4
FM-019,32,fast_moving,182,13.48,False,4
FM-019,33,fast_moving,89,13.48,False,4
FM-019,34,fast_moving,85,13.48,False,4
FM-019,35,fast_moving,101,13.48,False,4
FM-019,36,fast_moving,94,13.48,False,4
FM-019,37,fast_moving,51,13.48,False,4
FM-019,38,fast_moving,61,13.48,False,4
FM-019,39,fast_moving,108,12.12,True,4
FM-019,40,fast_moving,72,13.48,False,4
FM-019,41,fast_moving,122,13.48,False,4
FM-019,42,fast_moving,102,13.48,False,4
FM-019,43,fast_moving,81,13.48,False,4
FM-019,44,fast_moving,135,13.48,False,4
FM-019,45,fast_moving,79,13.48,False,4
FM-019,46,fast_moving,101,13.48,False,4
FM-019,47,fast_moving,110,13.48,False,4
FM-019,48,fast_moving,84,13.48,False,4
FM-019,49,fast_moving,127,13.48,False,4
FM-019,50,fast_moving,152,13.48,False,4
FM-019,51,fast_moving,180,13.48,False,4
FM-019,52,fast_moving,141,13.48,False,4
FM-019,53,fast_moving,77,13.48,False,4
FM-019,54,fast_moving,114,13.48,False,4
FM-019,55,fast_moving,98,13.48,False,4
FM-019,56,fast_moving,158,13.48,False,4
FM-019,57,fast_moving,142,13.48,False,4
FM-019,58,fast_moving,130,13.48,False,4
FM-019,59,fast_moving,84,13.48,False,4
FM-019,60,fast_moving,146,13.48,False,4
FM-019,61,fast_moving,148,13.48,False,4
FM-019,62,fast_moving,140,13.48,False,4
FM-019,63,fast_moving,85,13.48,False,4
FM-019,64,fast_moving,129,13.48,False,4
FM-019,65,fast_moving,103,13.48,False,4
FM-019,66,fast_moving,139,13.48,False,4
FM-019,67,fast_moving,86,13.48,False,4
FM-019,68,fast_moving,135,13.48,False,4
FM-019,69,fast_moving,146,13.48,False,4
FM-019,70,fast_moving,111,12.12,True,4
FM-019,71,fast_moving,108,13.48,False,4
FM-019,72,fast_moving,151,13.48,False,4
FM-019,73,fast_moving,116,13.48,False,4
FM-019,74,fast_moving,160,13.48,False,4
FM-019,75,fast_moving,155,13.48,False,4
FM-019,76,fast_moving,110,13.48,False,4
FM-019,77,fast_moving,181,13.48,False,4
FM-019,78,fast_moving,96,13.48,False,4
FM-019,79,fast_moving,81,13.48,False,4
FM-019,80,fast_moving,124,13.48,False,4
FM-019,81,fast_moving,127,13.48,False,4
FM-019,82,fast_moving,142,13.48,False,4
FM-019,83,fast_moving,159,13.48,False,4
FM-019,84,fast_moving,155,13.48,False,4
FM-019,85,fast_moving,123,13.48,False,4
FM-019,86,fast_moving,139,13.48,False,4
FM-019,87,fast_moving,82,13.48,False,4
FM-019,88,fast_moving,112,13.48,False,4
FM-019,89,fast_moving,113,13.48,False,4
FM-019,90,fast_moving,147,13.48,False,4
FM-019,91,fast_moving,72,13.48,False,4
FM-019,92,fast_moving,157,13.48,False,4
FM-019,93,fast_moving,78,13.48,False,4
FM-019,94,fast_moving,96,13.48,False,4
FM-019,95,fast_moving,112,13.48,False,4
FM-019,96,fast_moving,148,13.48,False,4
FM-019,97,fast_moving,143,13.48,False,4
FM-019,98,fast_moving,101,13.48,False,4
FM-019,99,fast_moving,89,13.48,False,4
FM-019,100,fast_moving,141,13.48,False,4
FM-019,101,fast_moving,118,12.12,True,4
FM-019,102,fast_moving,166,13.48,False,4
FM-019,103,fast_moving,137,13.48,False,4
FM-020,0,fast_moving,88,19.24,False,4
FM-020,1,fast_moving,177,19.24,False,4
FM-020,2,fast_moving,45,19.24,False,4
FM-020,3,fast_moving,261,15.8,True,4
FM-020,4,fast_moving,150,19.24,False,4
FM-020,5,fast_moving,180,19.24,False,4
FM-020,6,fast_moving,277,15.8,True,4
FM-020,7,fast_moving,85,19.24,False,4
FM-020,8,fast_moving,114,19.24,False,4
FM-020,9,fast_moving,89,19.24,False,4
FM-020,10,fast_moving,126,19.24,False,4
FM-020,11,fast_moving,144,19.24,False,4
FM-020,12,fast_moving,122,19.24,False,4
FM-020,13,fast_moving,124,19.24,False,4
FM-020,14,fast_moving,101,19.24,False,4
FM-020,15,fast_moving,158,19.24,False,4
FM-020,16,fast_moving,251,15.8,True,4
FM-020,17,fast_moving,162,19.24,False,4
FM-020,18,fast_moving,151,19.24,False,4
FM-020,19,fast_moving,131,19.24,False,4
FM-020,20,fast_moving,107,19.24,False,4
FM-020,21,fast_moving,239,19.24,False,4
FM-020,22,fast_moving,96,19.24,False,4
FM-020,23,fast_moving,164,19.24,False,4
FM-020,24,fast_moving,104,19.24,False,4
FM-020,25,fast_moving,103,19.24,False,4
FM-020,26,fast_moving,43,19.24,False,4
FM-020,27,fast_moving,107,19.24,False,4
FM-020,28,fast_moving,146,19.24,False,4
FM-020,29,fast_moving,113,19.24,False,4
FM-020,30,fast_moving,175,19.24,False,4
FM-020,31,fast_moving,118,19.24,False,4
FM-020,32,fast_moving,76,19.24,False,4
FM-020,33,fast_moving,125,19.24,False,4
FM-020,34,fast_moving,135,19.24,False,4
FM-020,35,fast_moving,59,19.24,False,4
FM-020,36,fast_moving,76,19.24,False,4
FM-020,37,fast_moving,143,19.24,False,4
FM-020,38,fast_moving,198,19.24,False,4
FM-020,39,fast_moving,137,19.24,False,4
FM-020,40,fast_moving,174,19.24,False,4
FM-020,41,fast_moving,88,19.24,False,4
FM-020,42,fast_moving,122,19.24,False,4
FM-020,43,fast_moving,172,19.24,False,4
FM-020,44,fast_moving,161,19.24,False,4
FM-020,45,fast_moving,199,19.24,False,4
FM-020,46,fast_moving,92,19.24,False,4
FM-020,47,fast_moving,183,19.24,False,4
FM-020,48,fast_moving,257,15.8,True,4
FM-020,49,fast_moving,125,19.24,False,4
FM-020,50,fast_moving,259,19.24,False,4
FM-020,51,fast_moving,89,19.24,False,4
FM-020,52,fast_moving,81,19.24,False,4
FM-020,53,fast_moving,171,19.24,False,4
FM-020,54,fast_moving,203,19.24,False,4
FM-020,55,fast_moving,330,15.8,True,4
FM-020,56,fast_moving,458,15.8,True,4
FM-020,57,fast_moving,104,19.24,False,4
FM-020,58,fast_moving,87,19.24,False,4
FM-020,59,fast_moving,100,19.24,False,4
FM-020,60,fast_moving,170,19.24,False,4
FM-020,61,fast_moving,183,19.24,False,4
FM-020,62,fast_moving,113,19.24,False,4
FM-020,63,fast_moving,209,19.24,False,4
FM-020,64,fast_moving,136,19.24,False,4
FM-020,65,fast_moving,138,19.24,False,4
FM-020,66,fast_moving,135,19.24,False,4
FM-020,67,fast_moving,190,19.24,False,4
FM-020,68,fast_moving,156,19.24,False,4
FM-020,69,fast_moving,133,19.24,False,4
FM-020,70,fast_moving,193,19.24,False,4
FM-020,71,fast_moving,109,19.24,False,4
FM-020,72,fast_moving,89,19.24,False,4
FM-020,73,fast_moving,124,19.24,False,4
FM-020,74,fast_moving,105,19.24,False,4
FM-020,75,fast_moving,118,19.24,False,4
FM-020,76,fast_moving,146,19.24,False,4
FM-020,77,fast_moving,107,19.24,False,4
FM-020,78,fast_moving,95,19.24,False,4
FM-020,79,fast_moving,166,15.8,True,4
FM-020,80,fast_moving,189,19.24,False,4
FM-020,81,fast_moving,140,19.24,False,4
FM-020,82,fast_moving,101,19.24,False,4
FM-020,83,fast_moving,99,19.24,False,4
FM-020,84,fast_moving,127,19.24,False,4
FM-020,85,fast_moving,176,19.24,False,4
FM-020,86,fast_moving,128,19.24,False,4
FM-020,87,fast_moving,147,19.24,False,4
FM-020,88,fast_moving,247,19.24,False,4
FM-020,89,fast_moving,150,19.24,False,4
FM-020,90,fast_moving,117,19.24,False,4
FM-020,91,fast_moving,208,19.24,False,4
FM-020,92,fast_moving,152,19.24,False,4
FM-020,93,fast_moving,172,19.24,False,4
FM-020,94,fast_moving,195,19.24,False,4
FM-020,95,fast_moving,157,19.24,False,4
FM-020,96,fast_moving,139,19.24,False,4
FM-020,97,fast_moving,183,19.24,False,4
FM-020,98,fast_moving,166,19.24,False,4
FM-020,99,fast_moving,133,19.24,False,4
FM-020,100,fast_moving,148,19.24,False,4
FM-020,101,fast_moving,170,19.24,False,4
FM-020,102,fast_moving,173,19.24,False,4
FM-020,103,fast_moving,157,19.24,False,4
FM-021,0,fast_moving,93,17.51,False,5
FM-021,1,fast_moving,88,17.51,False,5
FM-021,2,fast_moving,106,17.51,False,5
FM-021,3,fast_moving,123,17.51,False,5
FM-021,4,fast_moving,123,15.27,True,5
FM-021,5,fast_moving,146,17.51,False,5
FM-021,6,fast_moving,90,17.51,False,5
FM-021,7,fast_moving,138,17.51,False,5
FM-021,8,fast_moving,88,17.51,False,5
FM-021,9,fast_moving,192,15.27,True,5
FM-021,10,fast_moving,125,17.51,False,5
FM-021,11,fast_moving,94,17.51,False,5
FM-021,12,fast_moving,113,17.51,False,5
FM-021,13,fast_moving,115,17.51,False,5
FM-021,14,fast_moving,95,17.51,False,5
FM-021,15,fast_moving,77,17.51,False,5
FM-021,16,fast_moving,79,17.51,False,5
FM-021,17,fast_moving,93,17.51,False,5
FM-021,18,fast_moving,85,17.51,False,5
FM-021,19,fast_moving,145,15.27,True,5
FM-021,20,fast_moving,113,17.51,False,5
FM-021,21,fast_moving,137,17.51,False,5
FM-021,22,fast_moving,90,17.51,False,5
FM-021,23,fast_moving,139,17.51,False,5
FM-021,24,fast_moving,114,17.51,False,5
FM-021,25,fast_moving,110,17.51,False,5
FM-021,26,fast_moving,78,17.51,False,5
FM-021,27,fast_moving,116,17.51,False,5
FM-021,28,fast_moving,123,17.51,False,5
FM-021,29,fast_moving,117,17.51,False,5
FM-021,30,fast_moving,100,17.51,False,5
FM-021,31,fast_moving,129,17.51,False,5
FM-021,32,fast_moving,123,17.51,False,5
FM-021,33,fast_moving,142,17.51,False,5
FM-021,34,fast_moving,119,17.51,False,5
FM-021,35,fast_moving,97,17.51,False,5
FM-021,36,fast_moving,108,17.51,False,5
FM-021,37,fast_moving,93,17.51,False,5
FM-021,38,fast_moving,91,17.51,False,5
FM-021,39,fast_moving,107,17.51,False,5
FM-021,40,fast_moving,83,17.51,False,5
FM-021,41,fast_moving,94,17.51,False,5
FM-021,42,fast_moving,148,17.51,False,5
FM-021,43,fast_moving,151,17.51,False,5
FM-021,44,fast_moving,131,17.51,False,5
FM-021,45,fast_moving,117,17.51,False,5
FM-021,46,fast_moving,149,15.27,True,5
FM-021,47,fast_moving,90,17.51,False,5
FM-021,48,fast_moving,142,15.27,True,5
FM-021,49,fast_moving,120,17.51,False,5
FM-021,50,fast_moving,115,15.27,True,5
FM-021,51,fast_moving,84,17.51,False,5
FM-021,52,fast_moving,153,17.51,False,5
FM-021,53,fast_moving,88,17.51,False,5
FM-021,54,fast_moving,158,17.51,False,5
FM-021,55,fast_moving,114,17.51,False,5
FM-021,56,fast_moving,87,17.51,False,5
FM-021,57,fast_moving,101,17.51,False,5
FM-021,58,fast_moving,102,17.51,False,5
FM-021,59,fast_moving,98,17.51,False,5
FM-021,60,fast_moving,117,17.51,False,5
FM-021,61,fast_moving,78,17.51,False,5
FM-021,62,fast_moving,118,17.51,False,5
FM-021,63,fast_moving,99,17.51,False,5
FM-021,64,fast_moving,86,17.51,False,5
FM-021,65,fast_moving,146,17.51,False,5
FM-021,66,fast_moving,172,15.27,True,5
FM-021,67,fast_moving,91,17.51,False,5
FM-021,68,fast_moving,117,17.51,False,5
FM-021,69,fast_moving,92,17.51,False,5
FM-021,70,fast_moving,111,17.51,False,5
FM-021,71,fast_moving,90,17.51,False,5
FM-021,72,fast_moving,85,17.51,False,5
FM-021,73,fast_moving,97,17.51,False,5
FM-021,74,fast_moving,78,17.51,False,5
FM-021,75,fast_moving,143,15.27,True,5
FM-021,76,fast_moving,114,17.51,False,5
FM-021,77,fast_moving,134,17.51,False,5
FM-021,78,fast_moving,109,17.51,False,5
FM-021,79,fast_moving,103,17.51,False,5
FM-021,80,fast_moving,82,17.51,False,5
FM-021,81,fast_moving,108,17.51,False,5
FM-021,82,fast_moving,90,17.51,False,5
FM-021,83,fast_moving,93,17.51,False,5
FM-021,84,fast_moving,115,17.51,False,5
FM-021,85,fast_moving,100,17.51,False,5
FM-021,86,fast_moving,193,15.27,True,5
FM-021,87,fast_moving,129,17.51,False,5
FM-021,88,fast_moving,106,17.51,False,5
FM-021,89,fast_moving,148,17.51,False,5
FM-021,90,fast_moving,148,17.51,False,5
FM-021,91,fast_moving,132,17.51,False,5
FM-021,92,fast_moving,128,17.51,False,5
FM-021,93,fast_moving,120,17.51,False,5
FM-021,94,fast_moving,106,17.51,False,5
FM-021,95,fast_moving,110,17.51,False,5
FM-021,96,fast_moving,129,17.51,False,5
FM-021,97,fast_moving,141,17.51,False,5
FM-021,98,fast_moving,93,17.51,False,5
FM-021,99,fast_moving,117,17.51,False,5
FM-021,100,fast_moving,106,15.27,True,5
FM-021,101,fast_moving,107,17.51,False,5
FM-021,102,fast_moving,69,17.51,False,5
FM-021,103,fast_moving,105,17.51,False,5
FM-022,0,fast_moving,126,22.37,False,5
FM-022,1,fast_moving,119,22.37,False,5
FM-022,2,fast_moving,140,22.37,False,5
FM-022,3,fast_moving,166,22.37,False,5
FM-022,4,fast_moving,122,22.37,False,5
FM-022,5,fast_moving,237,20.03,True,5
FM-022,6,fast_moving,96,22.37,False,5
FM-022,7,fast_moving,78,22.37,False,5
FM-022,8,fast_moving,194,22.37,False,5
FM-022,9,fast_moving,152,22.37,False,5
FM-022,10,fast_moving,146,22.37,False,5
FM-022,11,fast_moving,148,22.37,False,5
FM-022,12,fast_moving,244,20.03,True,5
FM-022,13,fast_moving,113,22.37,False,5
FM-022,14,fast_moving,149,22.37,False,5
FM-022,15,fast_moving,307,20.03,True,5
FM-022,16,fast_moving,136,22.37,False,5
FM-022,17,fast_moving,135,22.37,False,5
FM-022,18,fast_moving,122,22.37,False,5
FM-022,19,fast_moving,168,22.37,False,5
FM-022,20,fast_moving,186,22.37,False,5
FM-022,21,fast_moving,180,22.37,False,5
FM-022,22,fast_moving,117,22.37,False,5
FM-022,23,fast_moving,173,22.37,False,5
FM-022,24,fast_moving,106,22.37,False,5
FM-022,25,fast_moving,144,22.37,False,5
FM-022,26,fast_moving,124,22.37,False,5
FM-022,27,fast_moving,122,22.37,False,5
FM-022,28,fast_moving,105,22.37,False,5
FM-022,29,fast_moving,175,22.37,False,5
FM-022,30,fast_moving,217,20.03,True,5
FM-022,31,fast_moving,171,22.37,False,5
FM-022,32,fast_moving,128,22.37,False,5
FM-022,33,fast_moving,126,22.37,False,5
FM-022,34,fast_moving,123,22.37,False,5
FM-022,35,fast_moving,83,22.37,False,5
FM-022,36,fast_moving,126,22.37,False,5
FM-022,37,fast_moving,142,22.37,False,5
FM-022,38,fast_moving,117,22.37,False,5
FM-022,39,fast_moving,236,20.03,True,5
FM-022,40,fast_moving,151,22.37,False,5
FM-022,41,fast_moving,158,22.37,False,5
FM-022,42,fast_moving,149,22.37,False,5
FM-022,43,fast_moving,135,22.37,False,5
FM-022,44,fast_moving,107,22.37,False,5
FM-022,45,fast_moving,121,22.37,False,5
FM-022,46,fast_moving,141,22.37,False,5
FM-022,47,fast_moving,124,22.37,False,5
FM-022,48,fast_moving,130,22.37,False,5
FM-022,49,fast_moving,138,22.37,False,5
FM-022,50,fast_moving,177,22.37,False,5
FM-022,51,fast_moving,110,22.37,False,5
FM-022,52,fast_moving,152,22.37,False,5
FM-022,53,fast_moving,123,22.37,False,5
FM-022,54,fast_moving,113,22.37,False,5
FM-022,55,fast_moving,220,20.03,True,5
FM-022,56,fast_moving,150,22.37,False,5
FM-022,57,fast_moving,139,22.37,False,5
FM-022,58,fast_moving,238,20.03,True,5
FM-022,59,fast_moving,162,22.37,False,5
FM-022,60,fast_moving,112,22.37,False,5
FM-022,61,fast_moving,198,22.37,False,5
FM-022,62,fast_moving,216,22.37,False,5
FM-022,63,fast_moving,331,20.03,True,5
FM-022,64,fast_moving,184,22.37,False,5
FM-022,65,fast_moving,139,22.37,False,5
FM-022,66,fast_moving,149,22.37,False,5
FM-022,67,fast_moving,153,22.37,False,5
FM-022,68,fast_moving,168,22.37,False,5
FM-022,69,fast_moving,117,22.37,False,5
FM-022,70,fast_moving,212,20.03,True,5
FM-022,71,fast_moving,116,22.37,False,5
FM-022,72,fast_moving,188,22.37,False,5
FM-022,73,fast_moving,118,22.37,False,5
FM-022,74,fast_moving,120,22.37,False,5
FM-022,75,fast_moving,133,22.37,False,5
FM-022,76,fast_moving,129,22.37,False,5
FM-022,77,fast_moving,118,22.37,False,5
FM-022,78,fast_moving,139,22.37,False,5
FM-022,79,fast_moving,201,20.03,True,5
FM-022,80,fast_moving,155,22.37,False,5
FM-022,81,fast_moving,115,22.37,False,5
FM-022,82,fast_moving,103,22.37,False,5
FM-022,83,fast_moving,195,22.37,False,5
FM-022,84,fast_moving,172,22.37,False,5
FM-022,85,fast_moving,218,22.37,False,5
FM-022,86,fast_moving,244,20.03,True,5
FM-022,87,fast_moving,142,22.37,False,5
FM-022,88,fast_moving,149,20.03,True,5
FM-022,89,fast_moving,175,20.03,True,5
FM-022,90,fast_moving,199,22.37,False,5
FM-022,91,fast_moving,125,22.37,False,5
FM-022,92,fast_moving,120,22.37,False,5
FM-022,93,fast_moving,146,22.37,False,5
FM-022,94,fast_moving,113,22.37,False,5
FM-022,95,fast_moving,129,22.37,False,5
FM-022,96,fast_moving,184,22.37,False,5
FM-022,97,fast_moving,118,22.37,False,5
FM-022,98,fast_moving,127,22.37,False,5
FM-022,99,fast_moving,241,20.03,True,5
FM-022,100,fast_moving,131,22.37,False,5
FM-022,101,fast_moving,185,22.37,False,5
FM-022,102,fast_moving,178,22.37,False,5
FM-022,103,fast_moving,170,22.37,False,5
FM-023,0,fast_moving,115,16.92,False,4
FM-023,1,fast_moving,252,13.93,True,4
FM-023,2,fast_moving,106,16.92,False,4
FM-023,3,fast_moving,109,16.92,False,4
FM-023,4,fast_moving,116,16.92,False,4
FM-023,5,fast_moving,93,16.92,False,4
FM-023,6,fast_moving,121,16.92,False,4
FM-023,7,fast_moving,135,16.92,False,4
FM-023,8,fast_moving,120,16.92,False,4
FM-023,9,fast_moving,112,16.92,False,4
FM-023,10,fast_moving,112,16.92,False,4
FM-023,11,fast_moving,155,13.93,True,4
FM-023,12,fast_moving,127,16.92,False,4
FM-023,13,fast_moving,161,16.92,False,4
FM-023,14,fast_moving,131,16.92,False,4
FM-023,15,fast_moving,128,16.92,False,4
FM-023,16,fast_moving,159,16.92,False,4
FM-023,17,fast_moving,185,16.92,False,4
FM-023,18,fast_moving,137,16.92,False,4
FM-023,19,fast_moving,181,16.92,False,4
FM-023,20,fast_moving,181,16.92,False,4
FM-023,21,fast_moving,137,16.92,False,4
FM-023,22,fast_moving,152,16.92,False,4
FM-023,23,fast_moving,243,13.93,True,4
FM-023,24,fast_moving,113,16.92,False,4
FM-023,25,fast_moving,145,16.92,False,4
FM-023,26,fast_moving,136,16.92,False,4
FM-023,27,fast_moving,184,16.92,False,4
FM-023,28,fast_moving,112,16.92,False,4
FM-023,29,fast_moving,100,16.92,False,4
FM-023,30,fast_moving,107,16.92,False,4
FM-023,31,fast_moving,118,16.92,False,4
FM-023,32,fast_moving,139,16.92,False,4
FM-023,33,fast_moving,121,16.92,False,4
FM-023,34,fast_moving,139,16.92,False,4
FM-023,35,fast_moving,111,16.92,False,4
FM-023,36,fast_moving,110,16.92,False,4
FM-023,37,fast_moving,140,16.92,False,4
FM-023,38,fast_moving,90,16.92,False,4
FM-023,39,fast_moving,132,16.92,False,4
FM-023,40,fast_moving,172,16.92,False,4
FM-023,41,fast_moving,178,13.93,True,4
FM-023,42,fast_moving,179,13.93,True,4
FM-023,43,fast_moving,102,16.92,False,4
FM-023,44,fast_moving,123,16.92,False,4
FM-023,45,fast_moving,83,16.92,False,4
FM-023,46,fast_moving,109,16.92,False,4
FM-023,47,fast_moving,140,16.92,False,4
FM-023,48,fast_moving,100,16.92,False,4
FM-023,49,fast_moving,105,16.92,False,4
FM-023,50,fast_moving,114,16.92,False,4
FM-023,51,fast_moving,87,16.92,False,4
FM-023,52,fast_moving,93,16.92,False,4
FM-023,53,fast_moving,141,16.92,False,4
FM-023,54,fast_moving,141,16.92,False,4
FM-023,55,fast_moving,177,16.92,False,4
FM-023,56,fast_moving,124,16.92,False,4
FM-023,57,fast_moving,189,13.93,True,4
FM-023,58,fast_moving,151,16.92,False,4
FM-023,59,fast_moving,122,16.92,False,4
FM-023,60,fast_moving,87,16.92,False,4
FM-023,61,fast_moving,130,16.92,False,4
FM-023,62,fast_moving,125,16.92,False,4
FM-023,63,fast_moving,137,16.92,False,4
FM-023,64,fast_moving,129,16.92,False,4
FM-023,65,fast_moving,175,16.92,False,4
FM-023,66,fast_moving,103,16.92,False,4
FM-023,67,fast_moving,97,16.92,False,4
FM-023,68,fast_moving,163,16.92,False,4
FM-023,69,fast_moving,222,13.93,True,4
FM-023,70,fast_moving,165,16.92,False,4
FM-023,71,fast_moving,149,16.92,False,4
FM-023,72,fast_moving,76,16.92,False,4
FM-023,73,fast_moving,181,16.92,False,4
FM-023,74,fast_moving,220,13.93,True,4
FM-023,75,fast_moving,203,16.92,False,4
FM-023,76,fast_moving,144,16.92,False,4
FM-023,77,fast_moving,130,16.92,False,4
FM-023,78,fast_moving,110,16.92,False,4
FM-023,79,fast_moving,94,16.92,False,4
FM-023,80,fast_moving,120,16.92,False,4
FM-023,81,fast_moving,199,13.93,True,4
FM-023,82,fast_moving,179,16.92,False,4
FM-023,83,fast_moving,125,16.92,False,4
FM-023,84,fast_moving,138,16.92,False,4
FM-023,85,fast_moving,175,16.92,False,4
FM-023,86,fast_moving,135,16.92,False,4
FM-023,87,fast_moving,164,16.92,False,4
FM-023,88,fast_moving,138,16.92,False,4
FM-023,89,fast_moving,114,16.92,False,4
FM-023,90,fast_moving,109,16.92,False,4
FM-023,91,fast_moving,92,16.92,False,4
FM-023,92,fast_moving,102,16.92,False,4
FM-023,93,fast_moving,112,16.92,False,4
FM-023,94,fast_moving,276,13.93,True,4
FM-023,95,fast_moving,173,13.93,True,4
FM-023,96,fast_moving,107,16.92,False,4
FM-023,97,fast_moving,215,13.93,True,4
FM-023,98,fast_moving,93,16.92,False,4
FM-023,99,fast_moving,136,16.92,False,4
FM-023,100,fast_moving,161,13.93,True,4
FM-023,101,fast_moving,104,16.92,False,4
FM-023,102,fast_moving,128,16.92,False,4
FM-023,103,fast_moving,192,13.93,True,4
FM-024,0,fast_moving,53,15.39,False,4
FM-024,1,fast_moving,68,15.39,False,4
FM-024,2,fast_moving,74,15.39,False,4
FM-024,3,fast_moving,82,15.39,False,4
FM-024,4,fast_moving,77,15.39,False,4
FM-024,5,fast_moving,89,15.39,False,4
FM-024,6,fast_moving,68,15.39,False,4
FM-024,7,fast_moving,77,15.39,False,4
FM-024,8,fast_moving,64,15.39,False,4
FM-024,9,fast_moving,113,15.39,False,4
FM-024,10,fast_moving,70,15.39,False,4
FM-024,11,fast_moving,50,15.39,False,4
FM-024,12,fast_moving,133,13.29,True,4
FM-024,13,fast_moving,89,15.39,False,4
FM-024,14,fast_moving,81,15.39,False,4
FM-024,15,fast_moving,74,15.39,False,4
FM-024,16,fast_moving,80,15.39,False,4
FM-024,17,fast_moving,154,15.39,False,4
FM-024,18,fast_moving,113,15.39,False,4
FM-024,19,fast_moving,72,15.39,False,4
FM-024,20,fast_moving,107,15.39,False,4
FM-024,21,fast_moving,176,13.29,True,4
FM-024,22,fast_moving,100,15.39,False,4
FM-024,23,fast_moving,89,15.39,False,4
FM-024,24,fast_moving,98,15.39,False,4
FM-024,25,fast_moving,167,15.39,False,4
FM-024,26,fast_moving,200,15.39,False,4
FM-024,27,fast_moving,144,15.39,False,4
FM-024,28,fast_moving,105,15.39,False,4
FM-024,29,fast_moving,72,15.39,False,4
FM-024,30,fast_moving,405,13.29,True,4
FM-024,31,fast_moving,127,15.39,False,4
FM-024,32,fast_moving,163,15.39,False,4
FM-024,33,fast_moving,141,15.39,False,4
FM-024,34,fast_moving,163,15.39,False,4
FM-024,35,fast_moving,123,15.39,False,4
FM-024,36,fast_moving,83,15.39,False,4
FM-024,37,fast_moving,167,15.39,False,4
FM-024,38,fast_moving,189,15.39,False,4
FM-024,39,fast_moving,119,15.39,False,4
FM-024,40,fast_moving,175,15.39,False,4
FM-024,41,fast_moving,108,15.39,False,4
FM-024,42,fast_moving,190,15.39,False,4
FM-024,43,fast_moving,116,15.39,False,4
FM-024,44,fast_moving,116,15.39,False,4
FM-024,45,fast_moving,157,13.29,True,4
FM-024,46,fast_moving,109,15.39,False,4
FM-024,47,fast_moving,103,15.39,False,4
FM-024,48,fast_moving,131,15.39,False,4
FM-024,49,fast_moving,107,15.39,False,4
FM-024,50,fast_moving,55,15.39,False,4
FM-024,51,fast_moving,130,15.39,False,4
FM-024,52,fast_moving,95,15.39,False,4
FM-024,53,fast_moving,109,15.39,False,4
FM-024,54,fast_moving,196,13.29,True,4
FM-024,55,fast_moving,223,15.39,False,4
FM-024,56,fast_moving,157,15.39,False,4
FM-024,57,fast_moving,141,15.39,False,4
FM-024,58,fast_moving,117,15.39,False,4
FM-024,59,fast_moving,130,15.39,False,4
FM-024,60,fast_moving,111,15.39,False,4
FM-024,61,fast_moving,107,15.39,False,4
FM-024,62,fast_moving,99,15.39,False,4
FM-024,63,fast_moving,64,15.39,False,4
FM-024,64,fast_moving,191,15.39,False,4
FM-024,65,fast_moving,200,15.39,False,4
FM-024,66,fast_moving,116,15.39,False,4
FM-024,67,fast_moving,133,13.29,True,4
FM-024,68,fast_moving,81,15.39,False,4
FM-024,69,fast_moving,154,15.39,False,4
FM-024,70,fast_moving,70,15.39,False,4
FM-024,71,fast_moving,126,15.39,False,4
FM-024,72,fast_moving,112,15.39,False,4
FM-024,73,fast_moving,114,15.39,False,4
FM-024,74,fast_moving,157,15.39,False,4
FM-024,75,fast_moving,123,15.39,False,4
FM-024,76,fast_moving,143,13.29,True,4
FM-024,77,fast_moving,131,15.39,False,4
FM-024,78,fast_moving,116,15.39,False,4
FM-024,79,fast_moving,150,15.39,False,4
FM-024,80,fast_moving,97,15.39,False,4
FM-024,81,fast_moving,163,15.39,False,4
FM-024,82,fast_moving,98,15.39,False,4
FM-024,83,fast_moving,93,15.39,False,4
FM-024,84,fast_moving,84,15.39,False,4
FM-024,85,fast_moving,205,15.39,False,4
FM-024,86,fast_moving,76,15.39,False,4
FM-024,87,fast_moving,83,15.39,False,4
FM-024,88,fast_moving,134,15.39,False,4
FM-024,89,fast_moving,149,15.39,False,4
FM-024,90,fast_moving,149,15.39,False,4
FM-024,91,fast_moving,166,15.39,False,4
FM-024,92,fast_moving,126,15.39,False,4
FM-024,93,fast_moving,181,15.39,False,4
FM-024,94,fast_moving,122,15.39,False,4
FM-024,95,fast_moving,153,15.39,False,4
FM-024,96,fast_moving,152,15.39,False,4
FM-024,97,fast_moving,139,15.39,False,4
FM-024,98,fast_moving,157,15.39,False,4
FM-024,99,fast_moving,147,15.39,False,4
FM-024,100,fast_moving,145,15.39,False,4
FM-024,101,fast_moving,109,15.39,False,4
FM-024,102,fast_moving,107,15.39,False,4
FM-024,103,fast_moving,112,15.39,False,4
FM-025,0,fast_moving,158,14.74,False,4
FM-025,1,fast_moving,150,14.74,False,4
FM-025,2,fast_moving,219,12.3,True,4
FM-025,3,fast_moving,135,14.74,False,4
FM-025,4,fast_moving,133,14.74,False,4
FM-025,5,fast_moving,101,14.74,False,4
FM-025,6,fast_moving,96,14.74,False,4
FM-025,7,fast_moving,108,14.74,False,4
FM-025,8,fast_moving,134,14.74,False,4
FM-025,9,fast_moving,135,14.74,False,4
FM-025,10,fast_moving,212,12.3,True,4
FM-025,11,fast_moving,199,12.3,True,4
FM-025,12,fast_moving,122,14.74,False,4
FM-025,13,fast_moving,159,14.74,False,4
FM-025,14,fast_moving,100,14.74,False,4
FM-025,15,fast_moving,148,14.74,False,4
FM-025,16,fast_moving,118,14.74,False,4
FM-025,17,fast_moving,138,14.74,False,4
FM-025,18,fast_moving,125,14.74,False,4
FM-025,19,fast_moving,123,14.74,False,4
FM-025,20,fast_moving,111,14.74,False,4
FM-025,21,fast_moving,166,12.3,True,4
FM-025,22,fast_moving,123,14.74,False,4
FM-025,23,fast_moving,135,14.74,False,4
FM-025,24,fast_moving,165,14.74,False,4
FM-025,25,fast_moving,124,14.74,False,4
FM-025,26,fast_moving,129,14.74,False,4
FM-025,27,fast_moving,110,14.74,False,4
FM-025,28,fast_moving,120,14.74,False,4
FM-025,29,fast_moving,161,14.74,False,4
FM-025,30,fast_moving,109,14.74,False,4
FM-025,31,fast_moving,117,14.74,False,4
FM-025,32,fast_moving,155,14.74,False,4
FM-025,33,fast_moving,119,14.74,False,4
FM-025,34,fast_moving,106,14.74,False,4
FM-025,35,fast_moving,143,14.74,False,4
FM-025,36,fast_moving,122,14.74,False,4
FM-025,37,fast_moving,97,14.74,False,4
FM-025,38,fast_moving,116,14.74,False,4
FM-025,39,fast_moving,136,14.74,False,4
FM-025,40,fast_moving,149,14.74,False,4
FM-025,41,fast_moving,216,12.3,True,4
FM-025,42,fast_moving,157,14.74,False,4
FM-025,43,fast_moving,129,14.74,False,4
FM-025,44,fast_moving,230,12.3,True,4
FM-025,45,fast_moving,101,14.74,False,4
FM-025,46,fast_moving,146,14.74,False,4
FM-025,47,fast_moving,118,14.74,False,4
FM-025,48,fast_moving,133,14.74,False,4
FM-025,49,fast_moving,219,12.3,True,4
FM-025,50,fast_moving,161,14.74,False,4
FM-025,51,fast_moving,143,14.74,False,4
FM-025,52,fast_moving,117,14.74,False,4
FM-025,53,fast_moving,124,14.74,False,4
FM-025,54,fast_moving,151,14.74,False,4
FM-025,55,fast_moving,112,14.74,False,4
FM-025,56,fast_moving,145,14.74,False,4
FM-025,57,fast_moving,117,14.74,False,4
FM-025,58,fast_moving,131,14.74,False,4
FM-025,59,fast_moving,132,14.74,False,4
FM-025,60,fast_moving,108,14.74,False,4
FM-025,61,fast_moving,134,14.74,False,4
FM-025,62,fast_moving,136,14.74,False,4
FM-025,63,fast_moving,115,14.74,False,4
FM-025,64,fast_moving,115,14.74,False,4
FM-025,65,fast_moving,165,12.3,True,4
FM-025,66,fast_moving,159,14.74,False,4
FM-025,67,fast_moving,156,14.74,False,4
FM-025,68,fast_moving,173,12.3,True,4
FM-025,69,fast_moving,159,14.74,False,4
FM-025,70,fast_moving,128,14.74,False,4
FM-025,71,fast_moving,110,14.74,False,4
FM-025,72,fast_moving,132,14.74,False,4
FM-025,73,fast_moving,109,14.74,False,4
FM-025,74,fast_moving,182,12.3,True,4
FM-025,75,fast_moving,124,14.74,False,4
FM-025,76,fast_moving,111,14.74,False,4
FM-025,77,fast_moving,134,14.74,False,4
FM-025,78,fast_moving,114,14.74,False,4
FM-025,79,fast_moving,119,14.74,False,4
FM-025,80,fast_moving,89,14.74,False,4
FM-025,81,fast_moving,104,14.74,False,4
FM-025,82,fast_moving,105,14.74,False,4
FM-025,83,fast_moving,141,14.74,False,4
FM-025,84,fast_moving,128,14.74,False,4
FM-025,85,fast_moving,93,14.74,False,4
FM-025,86,fast_moving,112,14.74,False,4
FM-025,87,fast_moving,97,14.74,False,4
FM-025,88,fast_moving,180,12.3,True,4
FM-025,89,fast_moving,112,14.74,False,4
FM-025,90,fast_moving,103,14.74,False,4
FM-025,91,fast_moving,133,14.74,False,4
FM-025,92,fast_moving,149,14.74,False,4
FM-025,93,fast_moving,115,14.74,False,4
FM-025,94,fast_moving,82,14.74,False,4
FM-025,95,fast_moving,114,14.74,False,4
FM-025,96,fast_moving,155,14.74,False,4
FM-025,97,fast_moving,99,14.74,False,4
FM-025,98,fast_moving,159,14.74,False,4
FM-025,99,fast_moving,149,14.74,False,4
FM-025,100,fast_moving,147,14.74,False,4
FM-025,101,fast_moving,109,14.74,False,4
FM-025,102,fast_moving,170,14.74,False,4
FM-025,103,fast_moving,118,14.74,False,4
FM-026,0,fast_moving,108,25.28,False,4
FM-026,1,fast_moving,70,25.28,False,4
FM-026,2,fast_moving,106,25.28,False,4
FM-026,3,fast_moving,130,25.28,False,4
FM-026,4,fast_moving,82,25.28,False,4
FM-026,5,fast_moving,74,25.28,False,4
FM-026,6,fast_moving,86,25.28,False,4
FM-026,7,fast_moving,126,25.28,False,4
FM-026,8,fast_moving,87,25.28,False,4
FM-026,9,fast_moving,113,25.28,False,4
FM-026,10,fast_moving,120,25.28,False,4
FM-026,11,fast_moving,88,25.28,False,4
FM-026,12,fast_moving,87,25.28,False,4
FM-026,13,fast_moving,127,25.28,False,4
FM-026,14,fast_moving,91,25.28,False,4
FM-026,15,fast_moving,94,25.28,False,4
FM-026,16,fast_moving,116,25.28,False,4
FM-026,17,fast_moving,109,25.28,False,4
FM-026,18,fast_moving,72,25.28,False,4
FM-026,19,fast_moving,81,25.28,False,4
FM-026,20,fast_moving,109,25.28,False,4
FM-026,21,fast_moving,92,25.28,False,4
FM-026,22,fast_moving,104,25.28,False,4
FM-026,23,fast_moving,142,22.4,True,4
FM-026,24,fast_moving,126,25.28,False,4
FM-026,25,fast_moving,115,25.28,False,4
FM-026,26,fast_moving,102,25.28,False,4
FM-026,27,fast_moving,118,25.28,False,4
FM-026,28,fast_moving,193,25.28,False,4
FM-026,29,fast_moving,79,25.28,False,4
FM-026,30,fast_moving,95,25.28,False,4
FM-026,31,fast_moving,88,25.28,False,4
FM-026,32,fast_moving,192,22.4,True,4
FM-026,33,fast_moving,99,25.28,False,4
FM-026,34,fast_moving,119,25.28,False,4
FM-026,35,fast_moving,90,25.28,False,4
FM-026,36,fast_moving,111,25.28,False,4
FM-026,37,fast_moving,109,25.28,False,4
FM-026,38,fast_moving,115,25.28,False,4
FM-026,39,fast_moving,78,25.28,False,4
FM-026,40,fast_moving,103,25.28,False,4
FM-026,41,fast_moving,104,25.28,False,4
FM-026,42,fast_moving,74,25.28,False,4
FM-026,43,fast_moving,95,25.28,False,4
FM-026,44,fast_moving,126,25.28,False,4
FM-026,45,fast_moving,145,25.28,False,4
FM-026,46,fast_moving,126,25.28,False,4
FM-026,47,fast_moving,96,25.28,False,4
FM-026,48,fast_moving,96,25.28,False,4
FM-026,49,fast_moving,88,25.28,False,4
FM-026,50,fast_moving,110,25.28,False,4
FM-026,51,fast_moving,108,25.28,False,4
FM-026,52,fast_moving,180,22.4,True,4
FM-026,53,fast_moving,107,25.28,False,4
FM-026,54,fast_moving,90,25.28,False,4
FM-026,55,fast_moving,93,25.28,False,4
FM-026,56,fast_moving,129,25.28,False,4
FM-026,57,fast_moving,113,25.28,False,4
FM-026,58,fast_moving,134,25.28,False,4
FM-026,59,fast_moving,101,22.4,True,4
FM-026,60,fast_moving,130,25.28,False,4
FM-026,61,fast_moving,154,25.28,False,4
FM-026,62,fast_moving,71,25.28,False,4
FM-026,63,fast_moving,91,25.28,False,4
FM-026,64,fast_moving,101,25.28,False,4
FM-026,65,fast_moving,81,25.28,False,4
FM-026,66,fast_moving,110,25.28,False,4
FM-026,67,fast_moving,127,25.28,False,4
FM-026,68,fast_moving,93,25.28,False,4
FM-026,69,fast_moving,88,25.28,False,4
FM-026,70,fast_moving,76,25.28,False,4
FM-026,71,fast_moving,120,25.28,False,4
FM-026,72,fast_moving,219,22.4,True,4
FM-026,73,fast_moving,106,25.28,False,4
FM-026,74,fast_moving,121,25.28,False,4
FM-026,75,fast_moving,60,25.28,False,4
FM-026,76,fast_moving,133,25.28,False,4
FM-026,77,fast_moving,109,25.28,False,4
FM-026,78,fast_moving,114,25.28,False,4
FM-026,79,fast_moving,114,25.28,False,4
FM-026,80,fast_moving,93,25.28,False,4
FM-026,81,fast_moving,122,25.28,False,4
FM-026,82,fast_moving,197,22.4,True,4
FM-026,83,fast_moving,123,25.28,False,4
FM-026,84,fast_moving,107,25.28,False,4
FM-026,85,fast_moving,87,25.28,False,4
FM-026,86,fast_moving,112,25.28,False,4
FM-026,87,fast_moving,162,22.4,True,4
FM-026,88,fast_moving,222,22.4,True,4
FM-026,89,fast_moving,166,25.28,False,4
FM-026,90,fast_moving,135,25.28,False,4
FM-026,91,fast_moving,106,25.28,False,4
FM-026,92,fast_moving,137,22.4,True,4
FM-026,93,fast_moving,90,25.28,False,4
FM-026,94,fast_moving,82,25.28,False,4
FM-026,95,fast_moving,163,25.28,False,4
FM-026,96,fast_moving,77,25.28,False,4
FM-026,97,fast_moving,100,25.28,False,4
FM-026,98,fast_moving,97,25.28,False,4
FM-026,99,fast_moving,107,25.28,False,4
FM-026,100,fast_moving,182,22.4,True,4
FM-026,101,fast_moving,99,25.28,False,4
FM-026,102,fast_moving,128,25.28,False,4
FM-026,103,fast_moving,86,25.28,False,4
FM-027,0,fast_moving,89,32.38,False,4
FM-027,1,fast_moving,79,32.38,False,4
FM-027,2,fast_moving,90,32.38,False,4
FM-027,3,fast_moving,143,28.64,True,4
FM-027,4,fast_moving,97,32.38,False,4
FM-027,5,fast_moving,113,32.38,False,4
FM-027,6,fast_moving,103,32.38,False,4
FM-027,7,fast_moving,87,32.38,False,4
FM-027,8,fast_moving,75,32.38,False,4
FM-027,9,fast_moving,119,28.64,True,4
FM-027,10,fast_moving,86,32.38,False,4
FM-027,11,fast_moving,64,32.38,False,4
FM-027,12,fast_moving,98,32.38,False,4
FM-027,13,fast_moving,72,32.38,False,4
FM-027,14,fast_moving,79,32.38,False,4
FM-027,15,fast_moving,83,32.38,False,4
FM-027,16,fast_moving,77,32.38,False,4
FM-027,17,fast_moving,62,32.38,False,4
FM-027,18,fast_moving,88,32.38,False,4
FM-027,19,fast_moving,103,32.38,False,4
FM-027,20,fast_moving,120,32.38,False,4
FM-027,21,fast_moving,116,32.38,False,4
FM-027,22,fast_moving,48,32.38,False,4
FM-027,23,fast_moving,89,32.38,False,4
FM-027,24,fast_moving,85,32.38,False,4
FM-027,25,fast_moving,82,32.38,False,4
FM-027,26,fast_moving,87,32.38,False,4
FM-027,27,fast_moving,193,28.64,True,4
FM-027,28,fast_moving,79,32.38,False,4
FM-027,29,fast_moving,99,32.38,False,4
FM-027,30,fast_moving,101,32.38,False,4
FM-027,31,fast_moving,122,32.38,False,4
FM-027,32,fast_moving,136,32.38,False,4
FM-027,33,fast_moving,96,32.38,False,4
FM-027,34,fast_moving,72,32.38,False,4
FM-027,35,fast_moving,125,32.38,False,4
FM-027,36,fast_moving,111,32.38,False,4
FM-027,37,fast_moving,53,32.38,False,4
FM-027,38,fast_moving,110,32.38,False,4
FM-027,39,fast_moving,98,32.38,False,4
FM-027,40,fast_moving,107,32.38,False,4
FM-027,41,fast_moving,158,32.38,False,4
FM-027,42,fast_moving,133,32.38,False,4
FM-027,43,fast_moving,123,32.38,False,4
FM-027,44,fast_moving,154,32.38,False,4
FM-027,45,fast_moving,92,32.38,False,4
FM-027,46,fast_moving,77,32.38,False,4
FM-027,47,fast_moving,143,32.38,False,4
FM-027,48,fast_moving,144,32.38,False,4
FM-027,49,fast_moving,121,32.38,False,4
FM-027,50,fast_moving,88,32.38,False,4
FM-027,51,fast_moving,83,32.38,False,4
FM-027,52,fast_moving,59,32.38,False,4
FM-027,53,fast_moving,92,32.38,False,4
FM-027,54,fast_moving,146,28.64,True,4
FM-027,55,fast_moving,86,32.38,False,4
FM-027,56,fast_moving,166,28.64,True,4
FM-027,57,fast_moving,99,32.38,False,4
FM-027,58,fast_moving,58,32.38,False,4
FM-027,59,fast_moving,100,32.38,False,4
FM-027,60,fast_moving,109,32.38,False,4
FM-027,61,fast_moving,126,32.38,False,4
FM-027,62,fast_moving,92,32.38,False,4
FM-027,63,fast_moving,115,32.38,False,4
FM-027,64,fast_moving,73,32.38,False,4
FM-027,65,fast_moving,91,32.38,False,4
FM-027,66,fast_moving,71,32.38,False,4
FM-027,67,fast_moving,152,32.38,False,4
FM-027,68,fast_moving,114,32.38,False,4
FM-027,69,fast_moving,117,32.38,False,4
FM-027,70,fast_moving,97,32.38,False,4
FM-027,71,fast_moving,139,32.38,False,4
FM-027,72,fast_moving,106,32.38,False,4
FM-027,73,fast_moving,82,32.38,False,4
FM-027,74,fast_moving,97,32.38,False,4
FM-027,75,fast_moving,103,32.38,False,4
FM-027,76,fast_moving,132,32.38,False,4
FM-027,77,fast_moving,117,32.38,False,4
FM-027,78,fast_moving,99,32.38,False,4
FM-027,79,fast_moving,119,32.38,False,4
FM-027,80,fast_moving,97,32.38,False,4
FM-027,81,fast_moving,130,32.38,False,4
FM-027,82,fast_moving,135,32.38,False,4
FM-027,83,fast_moving,70,32.38,False,4
FM-027,84,fast_moving,187,32.38,False,4
FM-027,85,fast_moving,87,32.38,False,4
FM-027,86,fast_moving,100,32.38,False,4
FM-027,87,fast_moving,88,32.38,False,4
FM-027,88,fast_moving,114,28.64,True,4
FM-027,89,fast_moving,64,32.38,False,4
FM-027,90,fast_moving,120,32.38,False,4
FM-027,91,fast_moving,102,32.38,False,4
FM-027,92,fast_moving,119,32.38,False,4
FM-027,93,fast_moving,124,32.38,False,4
FM-027,94,fast_moving,146,32.38,False,4
FM-027,95,fast_moving,95,32.38,False,4
FM-027,96,fast_moving,125,32.38,False,4
FM-027,97,fast_moving,143,32.38,False,4
FM-027,98,fast_moving,142,32.38,False,4
FM-027,99,fast_moving,133,32.38,False,4
FM-027,100,fast_moving,115,28.64,True,4
FM-027,101,fast_moving,155,32.38,False,4
FM-027,102,fast_moving,128,32.38,False,4
FM-027,103,fast_moving,143,32.38,False,4
FM-028,0,fast_moving,101,31.26,False,5
FM-028,1,fast_moving,89,31.26,False,5
FM-028,2,fast_moving,74,27.81,True,5
FM-028,3,fast_moving,99,31.26,False,5
FM-028,4,fast_moving,65,31.26,False,5
FM-028,5,fast_moving,95,31.26,False,5
FM-028,6,fast_moving,53,31.26,False,5
FM-028,7,fast_moving,68,31.26,False,5
FM-028,8,fast_moving,96,31.26,False,5
FM-028,9,fast_moving,86,31.26,False,5
FM-028,10,fast_moving,101,31.26,False,5
FM-028,11,fast_moving,143,31.26,False,5
FM-028,12,fast_moving,172,27.81,True,5
FM-028,13,fast_moving,73,31.26,False,5
FM-028,14,fast_moving,81,31.26,False,5
FM-028,15,fast_moving,83,31.26,False,5
FM-028,16,fast_moving,122,31.26,False,5
FM-028,17,fast_moving,99,31.26,False,5
FM-028,18,fast_moving,100,31.26,False,5
FM-028,19,fast_moving,115,31.26,False,5
FM-028,20,fast_moving,87,31.26,False,5
FM-028,21,fast_moving,78,31.26,False,5
FM-028,22,fast_moving,93,31.26,False,5
FM-028,23,fast_moving,126,31.26,False,5
FM-028,24,fast_moving,72,31.26,False,5
FM-028,25,fast_moving,93,31.26,False,5
FM-028,26,fast_moving,82,31.26,False,5
FM-028,27,fast_moving,149,31.26,False,5
FM-028,28,fast_moving,87,31.26,False,5
FM-028,29,fast_moving,110,27.81,True,5
FM-028,30,fast_moving,101,31.26,False,5
FM-028,31,fast_moving,94,27.81,True,5
FM-028,32,fast_moving,77,31.26,False,5
FM-028,33,fast_moving,96,27.81,True,5
FM-028,34,fast_moving,30,31.26,False,5
FM-028,35,fast_moving,94,31.26,False,5
FM-028,36,fast_moving,80,31.26,False,5
FM-028,37,fast_moving,67,31.26,False,5
FM-028,38,fast_moving,68,31.26,False,5
FM-028,39,fast_moving,62,31.26,False,5
FM-028,40,fast_moving,87,31.26,False,5
FM-028,41,fast_moving,71,31.26,False,5
FM-028,42,fast_moving,113,31.26,False,5
FM-028,43,fast_moving,163,27.81,True,5
FM-028,44,fast_moving,78,31.26,False,5
FM-028,45,fast_moving,86,31.26,False,5
FM-028,46,fast_moving,103,31.26,False,5
FM-028,47,fast_moving,42,31.26,False,5
FM-028,48,fast_moving,90,31.26,False,5
FM-028,49,fast_moving,109,31.26,False,5
FM-028,50,fast_moving,81,31.26,False,5
FM-028,51,fast_moving,60,31.26,False,5
FM-028,52,fast_moving,73,31.26,False,5
FM-028,53,fast_moving,115,27.81,True,5
FM-028,54,fast_moving,60,31.26,False,5
FM-028,55,fast_moving,52,31.26,False,5
FM-028,56,fast_moving,73,31.26,False,5
FM-028,57,fast_moving,102,31.26,False,5
FM-028,58,fast_moving,80,31.26,False,5
FM-028,59,fast_moving,94,31.26,False,5
FM-028,60,fast_moving,106,31.26,False,5
FM-028,61,fast_moving,87,31.26,False,5
FM-028,62,fast_moving,181,27.81,True,5
FM-028,63,fast_moving,137,31.26,False,5
FM-028,64,fast_moving,87,31.26,False,5
FM-028,65,fast_moving,99,31.26,False,5
FM-028,66,fast_moving,110,31.26,False,5
FM-028,67,fast_moving,97,27.81,True,5
FM-028,68,fast_moving,77,31.26,False,5
FM-028,69,fast_moving,73,31.26,False,5
FM-028,70,fast_moving,86,31.26,False,5
FM-028,71,fast_moving,165,31.26,False,5
FM-028,72,fast_moving,87,31.26,False,5
FM-028,73,fast_moving,180,27.81,True,5
FM-028,74,fast_moving,44,31.26,False,5
FM-028,75,fast_moving,225,27.81,True,5
FM-028,76,fast_moving,64,31.26,False,5
FM-028,77,fast_moving,108,31.26,False,5
FM-028,78,fast_moving,70,31.26,False,5
FM-028,79,fast_moving,100,27.81,True,5
FM-028,80,fast_moving,79,31.26,False,5
FM-028,81,fast_moving,80,31.26,False,5
FM-028,82,fast_moving,98,31.26,False,5
FM-028,83,fast_moving,111,31.26,False,5
FM-028,84,fast_moving,69,31.26,False,5
FM-028,85,fast_moving,86,31.26,False,5
FM-028,86,fast_moving,91,31.26,False,5
FM-028,87,fast_moving,74,31.26,False,5
FM-028,88,fast_moving,103,27.81,True,5
FM-028,89,fast_moving,68,31.26,False,5
FM-028,90,fast_moving,73,31.26,False,5
FM-028,91,fast_moving,90,31.26,False,5
FM-028,92,fast_moving,110,31.26,False,5
FM-028,93,fast_moving,134,27.81,True,5
FM-028,94,fast_moving,75,31.26,False,5
FM-028,95,fast_moving,98,31.26,False,5
FM-028,96,fast_moving,101,31.26,False,5
FM-028,97,fast_moving,74,31.26,False,5
FM-028,98,fast_moving,81,31.26,False,5
FM-028,99,fast_moving,84,31.26,False,5
FM-028,100,fast_moving,104,31.26,False,5
FM-028,101,fast_moving,127,31.26,False,5
FM-028,102,fast_moving,89,31.26,False,5
FM-028,103,fast_moving,133,31.26,False,5
FM-029,0,fast_moving,118,30.9,False,5
FM-029,1,fast_moving,110,30.9,False,5
FM-029,2,fast_moving,202,25.23,True,5
FM-029,3,fast_moving,127,30.9,False,5
FM-029,4,fast_moving,149,25.23,True,5
FM-029,5,fast_moving,122,30.9,False,5
FM-029,6,fast_moving,104,30.9,False,5
FM-029,7,fast_moving,129,30.9,False,5
FM-029,8,fast_moving,95,30.9,False,5
FM-029,9,fast_moving,120,30.9,False,5
FM-029,10,fast_moving,101,30.9,False,5
FM-029,11,fast_moving,89,30.9,False,5
FM-029,12,fast_moving,112,30.9,False,5
FM-029,13,fast_moving,118,30.9,False,5
FM-029,14,fast_moving,111,30.9,False,5
FM-029,15,fast_moving,92,30.9,False,5
FM-029,16,fast_moving,94,30.9,False,5
FM-029,17,fast_moving,116,30.9,False,5
FM-029,18,fast_moving,87,30.9,False,5
FM-029,19,fast_moving,113,30.9,False,5
FM-029,20,fast_moving,112,30.9,False,5
FM-029,21,fast_moving,118,30.9,False,5
FM-029,22,fast_moving,114,30.9,False,5
FM-029,23,fast_moving,134,30.9,False,5
FM-029,24,fast_moving,110,30.9,False,5
FM-029,25,fast_moving,95,30.9,False,5
FM-029,26,fast_moving,233,25.23,True,5
FM-029,27,fast_moving,75,30.9,False,5
FM-029,28,fast_moving,93,30.9,False,5
FM-029,29,fast_moving,104,30.9,False,5
FM-029,30,fast_moving,88,30.9,False,5
FM-029,31,fast_moving,99,30.9,False,5
FM-029,32,fast_moving,89,30.9,False,5
FM-029,33,fast_moving,114,30.9,False,5
FM-029,34,fast_moving,103,30.9,False,5
FM-029,35,fast_moving,123,30.9,False,5
FM-029,36,fast_moving,94,30.9,False,5
FM-029,37,fast_moving,172,25.23,True,5
FM-029,38,fast_moving,92,30.9,False,5
FM-029,39,fast_moving,97,30.9,False,5
FM-029,40,fast_moving,141,30.9,False,5
FM-029,41,fast_moving,105,30.9,False,5
FM-029,42,fast_moving,110,30.9,False,5
FM-029,43,fast_moving,93,30.9,False,5
FM-029,44,fast_moving,96,30.9,False,5
FM-029,45,fast_moving,102,30.9,False,5
FM-029,46,fast_moving,133,30.9,False,5
FM-029,47,fast_moving,97,30.9,False,5
FM-029,48,fast_moving,138,30.9,False,5
FM-029,49,fast_moving,96,30.9,False,5
FM-029,50,fast_moving,111,30.9,False,5
FM-029,51,fast_moving,235,25.23,True,5
FM-029,52,fast_moving,117,30.9,False,5
FM-029,53,fast_moving,139,30.9,False,5
FM-029,54,fast_moving,96,30.9,False,5
FM-029,55,fast_moving,121,30.9,False,5
FM-029,56,fast_moving,130,30.9,False,5
FM-029,57,fast_moving,143,30.9,False,5
FM-029,58,fast_moving,136,30.9,False,5
FM-029,59,fast_moving,120,30.9,False,5
FM-029,60,fast_moving,123,30.9,False,5
FM-029,61,fast_moving,146,30.9,False,5
FM-029,62,fast_moving,140,30.9,False,5
FM-029,63,fast_moving,144,30.9,False,5
FM-029,64,fast_moving,139,30.9,False,5
FM-029,65,fast_moving,126,30.9,False,5
FM-029,66,fast_moving,141,30.9,False,5
FM-029,67,fast_moving,115,30.9,False,5
FM-029,68,fast_moving,118,30.9,False,5
FM-029,69,fast_moving,144,30.9,False,5
FM-029,70,fast_moving,218,25.23,True,5
FM-029,71,fast_moving,124,30.9,False,5
FM-029,72,fast_moving,126,30.9,False,5
FM-029,73,fast_moving,128,30.9,False,5
FM-029,74,fast_moving,115,30.9,False,5
FM-029,75,fast_moving,104,30.9,False,5
FM-029,76,fast_moving,151,30.9,False,5
FM-029,77,fast_moving,122,30.9,False,5
FM-029,78,fast_moving,119,30.9,False,5
FM-029,79,fast_moving,139,30.9,False,5
FM-029,80,fast_moving,94,30.9,False,5
FM-029,81,fast_moving,133,30.9,False,5
FM-029,82,fast_moving,100,30.9,False,5
FM-029,83,fast_moving,78,30.9,False,5
FM-029,84,fast_moving,109,30.9,False,5
FM-029,85,fast_moving,109,30.9,False,5
FM-029,86,fast_moving,95,30.9,False,5
FM-029,87,fast_moving,101,30.9,False,5
FM-029,88,fast_moving,95,30.9,False,5
FM-029,89,fast_moving,112,30.9,False,5
FM-029,90,fast_moving,114,30.9,False,5
FM-029,91,fast_moving,98,30.9,False,5
FM-029,92,fast_moving,133,30.9,False,5
FM-029,93,fast_moving,128,30.9,False,5
FM-029,94,fast_moving,121,30.9,False,5
FM-029,95,fast_moving,235,25.23,True,5
FM-029,96,fast_moving,125,30.9,False,5
FM-029,97,fast_moving,105,30.9,False,5
FM-029,98,fast_moving,133,30.9,False,5
FM-029,99,fast_moving,136,30.9,False,5
FM-029,100,fast_moving,118,30.9,False,5
FM-029,101,fast_moving,103,30.9,False,5
FM-029,102,fast_moving,128,30.9,False,5
FM-029,103,fast_moving,106,30.9,False,5
FM-030,0,fast_moving,141,29.41,False,5
FM-030,1,fast_moving,191,29.41,False,5
FM-030,2,fast_moving,164,29.41,False,5
FM-030,3,fast_moving,154,29.41,False,5
FM-030,4,fast_moving,159,29.41,False,5
FM-030,5,fast_moving,125,29.41,False,5
FM-030,6,fast_moving,154,29.41,False,5
FM-030,7,fast_moving,118,29.41,False,5
FM-030,8,fast_moving,180,29.41,False,5
FM-030,9,fast_moving,161,29.41,False,5
FM-030,10,fast_moving,154,29.41,False,5
FM-030,11,fast_moving,319,23.68,True,5
FM-030,12,fast_moving,197,23.68,True,5
FM-030,13,fast_moving,145,29.41,False,5
FM-030,14,fast_moving,158,29.41,False,5
FM-030,15,fast_moving,147,29.41,False,5
FM-030,16,fast_moving,187,29.41,False,5
FM-030,17,fast_moving,164,29.41,False,5
FM-030,18,fast_moving,163,29.41,False,5
FM-030,19,fast_moving,158,29.41,False,5
FM-030,20,fast_moving,126,29.41,False,5
FM-030,21,fast_moving,140,29.41,False,5
FM-030,22,fast_moving,114,29.41,False,5
FM-030,23,fast_moving,69,29.41,False,5
FM-030,24,fast_moving,143,29.41,False,5
FM-030,25,fast_moving,117,29.41,False,5
FM-030,26,fast_moving,137,29.41,False,5
FM-030,27,fast_moving,135,29.41,False,5
FM-030,28,fast_moving,112,29.41,False,5
FM-030,29,fast_moving,119,29.41,False,5
FM-030,30,fast_moving,143,29.41,False,5
FM-030,31,fast_moving,118,29.41,False,5
FM-030,32,fast_moving,144,29.41,False,5
FM-030,33,fast_moving,122,29.41,False,5
FM-030,34,fast_moving,230,23.68,True,5
FM-030,35,fast_moving,163,29.41,False,5
FM-030,36,fast_moving,121,29.41,False,5
FM-030,37,fast_moving,108,29.41,False,5
FM-030,38,fast_moving,146,29.41,False,5
FM-030,39,fast_moving,147,29.41,False,5
FM-030,40,fast_moving,155,29.41,False,5
FM-030,41,fast_moving,141,29.41,False,5
FM-030,42,fast_moving,128,29.41,False,5
FM-030,43,fast_moving,146,29.41,False,5
FM-030,44,fast_moving,104,29.41,False,5
FM-030,45,fast_moving,127,29.41,False,5
FM-030,46,fast_moving,122,29.41,False,5
FM-030,47,fast_moving,170,29.41,False,5
FM-030,48,fast_moving,170,29.41,False,5
FM-030,49,fast_moving,134,29.41,False,5
FM-030,50,fast_moving,141,29.41,False,5
FM-030,51,fast_moving,161,23.68,True,5
FM-030,52,fast_moving,129,29.41,False,5
FM-030,53,fast_moving,141,29.41,False,5
FM-030,54,fast_moving,111,29.41,False,5
FM-030,55,fast_moving,261,23.68,True,5
FM-030,56,fast_moving,97,29.41,False,5
FM-030,57,fast_moving,131,29.41,False,5
FM-030,58,fast_moving,232,23.68,True,5
FM-030,59,fast_moving,136,29.41,False,5
FM-030,60,fast_moving,150,29.41,False,5
FM-030,61,fast_moving,123,29.41,False,5
FM-030,62,fast_moving,107,29.41,False,5
FM-030,63,fast_moving,253,23.68,True,5
FM-030,64,fast_moving,167,29.41,False,5
FM-030,65,fast_moving,122,29.41,False,5
FM-030,66,fast_moving,191,29.41,False,5
FM-030,67,fast_moving,133,29.41,False,5
FM-030,68,fast_moving,175,29.41,False,5
FM-030,69,fast_moving,222,23.68,True,5
FM-030,70,fast_moving,107,29.41,False,5
FM-030,71,fast_moving,105,29.41,False,5
FM-030,72,fast_moving,141,29.41,False,5
FM-030,73,fast_moving,152,29.41,False,5
FM-030,74,fast_moving,131,29.41,False,5
FM-030,75,fast_moving,114,29.41,False,5
FM-030,76,fast_moving,112,29.41,False,5
FM-030,77,fast_moving,110,29.41,False,5
FM-030,78,fast_moving,125,29.41,False,5
FM-030,79,fast_moving,173,29.41,False,5
FM-030,80,fast_moving,167,29.41,False,5
FM-030,81,fast_moving,124,29.41,False,5
FM-030,82,fast_moving,120,29.41,False,5
FM-030,83,fast_moving,138,29.41,False,5
FM-030,84,fast_moving,137,29.41,False,5
FM-030,85,fast_moving,164,29.41,False,5
FM-030,86,fast_moving,142,29.41,False,5
FM-030,87,fast_moving,81,29.41,False,5
FM-030,88,fast_moving,138,29.41,False,5
FM-030,89,fast_moving,196,23.68,True,5
FM-030,90,fast_moving,169,29.41,False,5
FM-030,91,fast_moving,108,29.41,False,5
FM-030,92,fast_moving,104,29.41,False,5
FM-030,93,fast_moving,110,29.41,False,5
FM-030,94,fast_moving,110,29.41,False,5
FM-030,95,fast_moving,118,29.41,False,5
FM-030,96,fast_moving,103,29.41,False,5
FM-030,97,fast_moving,136,29.41,False,5
FM-030,98,fast_moving,104,29.41,False,5
FM-030,99,fast_moving,143,29.41,False,5
FM-030,100,fast_moving,128,29.41,False,5
FM-030,101,fast_moving,190,29.41,False,5
FM-030,102,fast_moving,128,29.41,False,5
FM-030,103,fast_moving,175,29.41,False,5
FM-031,0,fast_moving,136,23.66,False,5
FM-031,1,fast_moving,92,23.66,False,5
FM-031,2,fast_moving,126,23.66,False,5
FM-031,3,fast_moving,88,23.66,False,5
FM-031,4,fast_moving,111,23.66,False,5
FM-031,5,fast_moving,105,23.66,False,5
FM-031,6,fast_moving,107,23.66,False,5
FM-031,7,fast_moving,98,23.66,False,5
FM-031,8,fast_moving,148,23.66,False,5
FM-031,9,fast_moving,105,23.66,False,5
FM-031,10,fast_moving,130,20.17,True,5
FM-031,11,fast_moving,95,23.66,False,5
FM-031,12,fast_moving,79,23.66,False,5
FM-031,13,fast_moving,97,23.66,False,5
FM-031,14,fast_moving,88,23.66,False,5
FM-031,15,fast_moving,78,23.66,False,5
FM-031,16,fast_moving,82,23.66,False,5
FM-031,17,fast_moving,100,23.66,False,5
FM-031,18,fast_moving,117,23.66,False,5
FM-031,19,fast_moving,77,23.66,False,5
FM-031,20,fast_moving,108,23.66,False,5
FM-031,21,fast_moving,129,23.66,False,5
FM-031,22,fast_moving,107,23.66,False,5
FM-031,23,fast_moving,91,23.66,False,5
FM-031,24,fast_moving,100,23.66,False,5
FM-031,25,fast_moving,123,23.66,False,5
FM-031,26,fast_moving,116,23.66,False,5
FM-031,27,fast_moving,136,20.17,True,5
FM-031,28,fast_moving,121,23.66,False,5
FM-031,29,fast_moving,130,23.66,False,5
FM-031,30,fast_moving,154,23.66,False,5
FM-031,31,fast_moving,90,23.66,False,5
FM-031,32,fast_moving,128,23.66,False,5
FM-031,33,fast_moving,148,23.66,False,5
FM-031,34,fast_moving,137,23.66,False,5
FM-031,35,fast_moving,120,23.66,False,5
FM-031,36,fast_moving,123,23.66,False,5
FM-031,37,fast_moving,128,23.66,False,5
FM-031,38,fast_moving,134,23.66,False,5
FM-031,39,fast_moving,111,23.66,False,5
FM-031,40,fast_moving,128,23.66,False,5
FM-031,41,fast_moving,108,23.66,False,5
FM-031,42,fast_moving,129,23.66,False,5
FM-031,43,fast_moving,137,23.66,False,5
FM-031,44,fast_moving,134,23.66,False,5
FM-031,45,fast_moving,107,23.66,False,5
FM-031,46,fast_moving,122,23.66,False,5
FM-031,47,fast_moving,130,23.66,False,5
FM-031,48,fast_moving,84,23.66,False,5
FM-031,49,fast_moving,153,23.66,False,5
FM-031,50,fast_moving,113,23.66,False,5
FM-031,51,fast_moving,103,23.66,False,5
FM-031,52,fast_moving,118,23.66,False,5
FM-031,53,fast_moving,112,23.66,False,5
FM-031,54,fast_moving,113,23.66,False,5
FM-031,55,fast_moving,139,23.66,False,5
FM-031,56,fast_moving,177,23.66,False,5
FM-031,57,fast_moving,136,23.66,False,5
FM-031,58,fast_moving,121,23.66,False,5
FM-031,59,fast_moving,114,23.66,False,5
FM-031,60,fast_moving,175,20.17,True,5
FM-031,61,fast_moving,182,20.17,True,5
FM-031,62,fast_moving,120,23.66,False,5
FM-031,63,fast_moving,125,23.66,False,5
FM-031,64,fast_moving,114,23.66,False,5
FM-031,65,fast_moving,96,23.66,False,5
FM-031,66,fast_moving,117,23.66,False,5
FM-031,67,fast_moving,137,23.66,False,5
FM-031,68,fast_moving,131,23.66,False,5
FM-031,69,fast_moving,110,23.66,False,5
FM-031,70,fast_moving,186,20.17,True,5
FM-031,71,fast_moving,92,23.66,False,5
FM-031,72,fast_moving,116,23.66,False,5
FM-031,73,fast_moving,119,23.66,False,5
FM-031,74,fast_moving,100,23.66,False,5
FM-031,75,fast_moving,119,23.66,False,5
FM-031,76,fast_moving,114,23.66,False,5
FM-031,77,fast_moving,111,23.66,False,5
FM-031,78,fast_moving,113,23.66,False,5
FM-031,79,fast_moving,118,23.66,False,5
FM-031,80,fast_moving,122,23.66,False,5
FM-031,81,fast_moving,129,23.66,False,5
FM-031,82,fast_moving,122,23.66,False,5
FM-031,83,fast_moving,130,23.66,False,5
FM-031,84,fast_moving,157,23.66,False,5
FM-031,85,fast_moving,157,23.66,False,5
FM-031,86,fast_moving,167,23.66,False,5
FM-031,87,fast_moving,156,23.66,False,5
FM-031,88,fast_moving,154,23.66,False,5
FM-031,89,fast_moving,91,23.66,False,5
FM-031,90,fast_moving,173,23.66,False,5
FM-031,91,fast_moving,135,23.66,False,5
FM-031,92,fast_moving,144,23.66,False,5
FM-031,93,fast_moving,142,23.66,False,5
FM-031,94,fast_moving,136,23.66,False,5
FM-031,95,fast_moving,137,23.66,False,5
FM-031,96,fast_moving,163,23.66,False,5
FM-031,97,fast_moving,106,23.66,False,5
FM-031,98,fast_moving,231,20.17,True,5
FM-031,99,fast_moving,119,23.66,False,5
FM-031,100,fast_moving,141,23.66,False,5
FM-031,101,fast_moving,118,23.66,False,5
FM-031,102,fast_moving,159,23.66,False,5
FM-031,103,fast_moving,129,23.66,False,5
FM-032,0,fast_moving,115,33.29,False,4
FM-032,1,fast_moving,147,33.29,False,4
FM-032,2,fast_moving,90,33.29,False,4
FM-032,3,fast_moving,113,33.29,False,4
FM-032,4,fast_moving,84,33.29,False,4
FM-032,5,fast_moving,64,33.29,False,4
FM-032,6,fast_moving,87,33.29,False,4
FM-032,7,fast_moving,95,33.29,False,4
FM-032,8,fast_moving,85,33.29,False,4
FM-032,9,fast_moving,98,33.29,False,4
FM-032,10,fast_moving,74,33.29,False,4
FM-032,11,fast_moving,95,33.29,False,4
FM-032,12,fast_moving,117,33.29,False,4
FM-032,13,fast_moving,107,33.29,False,4
FM-032,14,fast_moving,116,33.29,False,4
FM-032,15,fast_moving,111,33.29,False,4
FM-032,16,fast_moving,131,33.29,False,4
FM-032,17,fast_moving,84,33.29,False,4
FM-032,18,fast_moving,117,33.29,False,4
FM-032,19,fast_moving,164,33.29,False,4
FM-032,20,fast_moving,96,33.29,False,4
FM-032,21,fast_moving,82,33.29,False,4
FM-032,22,fast_moving,80,29.59,True,4
FM-032,23,fast_moving,115,33.29,False,4
FM-032,24,fast_moving,115,33.29,False,4
FM-032,25,fast_moving,67,33.29,False,4
FM-032,26,fast_moving,119,33.29,False,4
FM-032,27,fast_moving,129,33.29,False,4
FM-032,28,fast_moving,122,33.29,False,4
FM-032,29,fast_moving,124,33.29,False,4
FM-032,30,fast_moving,75,33.29,False,4
FM-032,31,fast_moving,199,33.29,False,4
FM-032,32,fast_moving,78,33.29,False,4
FM-032,33,fast_moving,76,33.29,False,4
FM-032,34,fast_moving,164,33.29,False,4
FM-032,35,fast_moving,183,33.29,False,4
FM-032,36,fast_moving,88,33.29,False,4
FM-032,37,fast_moving,253,29.59,True,4
FM-032,38,fast_moving,95,33.29,False,4
FM-032,39,fast_moving,97,33.29,False,4
FM-032,40,fast_moving,130,33.29,False,4
FM-032,41,fast_moving,150,33.29,False,4
FM-032,42,fast_moving,249,29.59,True,4
FM-032,43,fast_moving,216,33.29,False,4
FM-032,44,fast_moving,163,33.29,False,4
FM-032,45,fast_moving,105,33.29,False,4
FM-032,46,fast_moving,121,33.29,False,4
FM-032,47,fast_moving,125,33.29,False,4
FM-032,48,fast_moving,128,33.29,False,4
FM-032,49,fast_moving,112,33.29,False,4
FM-032,50,fast_moving,127,33.29,False,4
FM-032,51,fast_moving,62,33.29,False,4
FM-032,52,fast_moving,127,33.29,False,4
FM-032,53,fast_moving,129,33.29,False,4
FM-032,54,fast_moving,198,29.59,True,4
FM-032,55,fast_moving,98,33.29,False,4
FM-032,56,fast_moving,79,33.29,False,4
FM-032,57,fast_moving,96,33.29,False,4
FM-032,58,fast_moving,125,33.29,False,4
FM-032,59,fast_moving,135,33.29,False,4
FM-032,60,fast_moving,167,33.29,False,4
FM-032,61,fast_moving,150,29.59,True,4
FM-032,62,fast_moving,105,33.29,False,4
FM-032,63,fast_moving,76,33.29,False,4
FM-032,64,fast_moving,128,33.29,False,4
FM-032,65,fast_moving,130,33.29,False,4
FM-032,66,fast_moving,159,33.29,False,4
FM-032,67,fast_moving,137,33.29,False,4
FM-032,68,fast_moving,81,33.29,False,4
FM-032,69,fast_moving,122,33.29,False,4
FM-032,70,fast_moving,105,33.29,False,4
FM-032,71,fast_moving,141,33.29,False,4
FM-032,72,fast_moving,113,33.29,False,4
FM-032,73,fast_moving,68,33.29,False,4
FM-032,74,fast_moving,99,33.29,False,4
FM-032,75,fast_moving,93,33.29,False,4
FM-032,76,fast_moving,107,33.29,False,4
FM-032,77,fast_moving,211,33.29,False,4
FM-032,78,fast_moving,109,33.29,False,4
FM-032,79,fast_moving,77,33.29,False,4
FM-032,80,fast_moving,110,33.29,False,4
FM-032,81,fast_moving,99,33.29,False,4
FM-032,82,fast_moving,129,33.29,False,4
FM-032,83,fast_moving,172,33.29,False,4
FM-032,84,fast_moving,127,33.29,False,4
FM-032,85,fast_moving,120,33.29,False,4
FM-032,86,fast_moving,94,33.29,False,4
FM-032,87,fast_moving,128,33.29,False,4
FM-032,88,fast_moving,127,33.29,False,4
FM-032,89,fast_moving,107,33.29,False,4
FM-032,90,fast_moving,125,33.29,False,4
FM-032,91,fast_moving,63,33.29,False,4
FM-032,92,fast_moving,167,33.29,False,4
FM-032,93,fast_moving,120,33.29,False,4
FM-032,94,fast_moving,109,33.29,False,4
FM-032,95,fast_moving,155,33.29,False,4
FM-032,96,fast_moving,117,33.29,False,4
FM-032,97,fast_moving,107,33.29,False,4
FM-032,98,fast_moving,145,33.29,False,4
FM-032,99,fast_moving,118,33.29,False,4
FM-032,100,fast_moving,176,29.59,True,4
FM-032,101,fast_moving,130,33.29,False,4
FM-032,102,fast_moving,91,33.29,False,4
FM-032,103,fast_moving,138,33.29,False,4
FM-033,0,fast_moving,81,18.2,False,5
FM-033,1,fast_moving,93,18.2,False,5
FM-033,2,fast_moving,62,18.2,False,5
FM-033,3,fast_moving,80,18.2,False,5
FM-033,4,fast_moving,94,14.82,True,5
FM-033,5,fast_moving,81,18.2,False,5
FM-033,6,fast_moving,86,18.2,False,5
FM-033,7,fast_moving,89,18.2,False,5
FM-033,8,fast_moving,43,18.2,False,5
FM-033,9,fast_moving,79,18.2,False,5
FM-033,10,fast_moving,52,18.2,False,5
FM-033,11,fast_moving,68,18.2,False,5
FM-033,12,fast_moving,59,18.2,False,5
FM-033,13,fast_moving,81,18.2,False,5
FM-033,14,fast_moving,68,18.2,False,5
FM-033,15,fast_moving,88,18.2,False,5
FM-033,16,fast_moving,101,18.2,False,5
FM-033,17,fast_moving,69,18.2,False,5
FM-033,18,fast_moving,81,18.2,False,5
FM-033,19,fast_moving,85,18.2,False,5
FM-033,20,fast_moving,68,18.2,False,5
FM-033,21,fast_moving,66,18.2,False,5
FM-033,22,fast_moving,75,18.2,False,5
FM-033,23,fast_moving,77,18.2,False,5
FM-033,24,fast_moving,103,18.2,False,5
FM-033,25,fast_moving,92,18.2,False,5
FM-033,26,fast_moving,86,18.2,False,5
FM-033,27,fast_moving,78,18.2,False,5
FM-033,28,fast_moving,89,18.2,False,5
FM-033,29,fast_moving,115,18.2,False,5
FM-033,30,fast_moving,147,14.82,True,5
FM-033,31,fast_moving,45,18.2,False,5
FM-033,32,fast_moving,84,18.2,False,5
FM-033,33,fast_moving,58,18.2,False,5
FM-033,34,fast_moving,94,18.2,False,5
FM-033,35,fast_moving,56,18.2,False,5
FM-033,36,fast_moving,108,18.2,False,5
FM-033,37,fast_moving,146,18.2,False,5
FM-033,38,fast_moving,123,18.2,False,5
FM-033,39,fast_moving,88,18.2,False,5
FM-033,40,fast_moving,80,18.2,False,5
FM-033,41,fast_moving,103,18.2,False,5
FM-033,42,fast_moving,99,18.2,False,5
FM-033,43,fast_moving,87,18.2,False,5
FM-033,44,fast_moving,53,18.2,False,5
FM-033,45,fast_moving,136,14.82,True,5
FM-033,46,fast_moving,85,18.2,False,5
FM-033,47,fast_moving,78,18.2,False,5
FM-033,48,fast_moving,82,18.2,False,5
FM-033,49,fast_moving,86,18.2,False,5
FM-033,50,fast_moving,129,18.2,False,5
FM-033,51,fast_moving,70,18.2,False,5
FM-033,52,fast_moving,66,18.2,False,5
FM-033,53,fast_moving,78,18.2,False,5
FM-033,54,fast_moving,56,18.2,False,5
FM-033,55,fast_moving,77,18.2,False,5
FM-033,56,fast_moving,109,14.82,True,5
FM-033,57,fast_moving,70,18.2,False,5
FM-033,58,fast_moving,81,18.2,False,5
FM-033,59,fast_moving,77,18.2,False,5
FM-033,60,fast_moving,63,18.2,False,5
FM-033,61,fast_moving,62,18.2,False,5
FM-033,62,fast_moving,102,18.2,False,5
FM-033,63,fast_moving,43,18.2,False,5
FM-033,64,fast_moving,102,18.2,False,5
FM-033,65,fast_moving,73,18.2,False,5
FM-033,66,fast_moving,84,18.2,False,5
FM-033,67,fast_moving,51,18.2,False,5
FM-033,68,fast_moving,78,18.2,False,5
FM-033,69,fast_moving,82,18.2,False,5
FM-033,70,fast_moving,52,18.2,False,5
FM-033,71,fast_moving,65,18.2,False,5
FM-033,72,fast_moving,112,18.2,False,5
FM-033,73,fast_moving,80,18.2,False,5
FM-033,74,fast_moving,103,18.2,False,5
FM-033,75,fast_moving,61,18.2,False,5
FM-033,76,fast_moving,58,18.2,False,5
FM-033,77,fast_moving,55,18.2,False,5
FM-033,78,fast_moving,87,18.2,False,5
FM-033,79,fast_moving,103,14.82,True,5
FM-033,80,fast_moving,62,18.2,False,5
FM-033,81,fast_moving,61,18.2,False,5
FM-033,82,fast_moving,72,18.2,False,5
FM-033,83,fast_moving,68,18.2,False,5
FM-033,84,fast_moving,96,18.2,False,5
FM-033,85,fast_moving,146,18.2,False,5
FM-033,86,fast_moving,179,14.82,True,5
FM-033,87,fast_moving,101,18.2,False,5
FM-033,88,fast_moving,105,18.2,False,5
FM-033,89,fast_moving,100,18.2,False,5
FM-033,90,fast_moving,96,18.2,False,5
FM-033,91,fast_moving,184,14.82,True,5
FM-033,92,fast_moving,259,14.82,True,5
FM-033,93,fast_moving,86,18.2,False,5
FM-033,94,fast_moving,71,18.2,False,5
FM-033,95,fast_moving,104,18.2,False,5
FM-033,96,fast_moving,144,18.2,False,5
FM-033,97,fast_moving,130,18.2,False,5
FM-033,98,fast_moving,179,18.2,False,5
FM-033,99,fast_moving,100,18.2,False,5
FM-033,100,fast_moving,129,18.2,False,5
FM-033,101,fast_moving,102,18.2,False,5
FM-033,102,fast_moving,108,18.2,False,5
FM-033,103,fast_moving,79,18.2,False,5
FM-034,0,fast_moving,108,18.04,False,5
FM-034,1,fast_moving,253,15.64,True,5
FM-034,2,fast_moving,107,18.04,False,5
FM-034,3,fast_moving,144,18.04,False,5
FM-034,4,fast_moving,143,18.04,False,5
FM-034,5,fast_moving,81,18.04,False,5
FM-034,6,fast_moving,156,18.04,False,5
FM-034,7,fast_moving,123,18.04,False,5
FM-034,8,fast_moving,134,18.04,False,5
FM-034,9,fast_moving,141,18.04,False,5
FM-034,10,fast_moving,113,18.04,False,5
FM-034,11,fast_moving,91,18.04,False,5
FM-034,12,fast_moving,82,18.04,False,5
FM-034,13,fast_moving,96,18.04,False,5
FM-034,14,fast_moving,110,18.04,False,5
FM-034,15,fast_moving,117,18.04,False,5
FM-034,16,fast_moving,123,18.04,False,5
FM-034,17,fast_moving,150,18.04,False,5
FM-034,18,fast_moving,109,18.04,False,5
FM-034,19,fast_moving,75,18.04,False,5
FM-034,20,fast_moving,80,18.04,False,5
FM-034,21,fast_moving,110,18.04,False,5
FM-034,22,fast_moving,97,18.04,False,5
FM-034,23,fast_moving,127,18.04,False,5
FM-034,24,fast_moving,255,15.64,True,5
FM-034,25,fast_moving,130,18.04,False,5
FM-034,26,fast_moving,217,15.64,True,5
FM-034,27,fast_moving,129,18.04,False,5
FM-034,28,fast_moving,133,18.04,False,5
FM-034,29,fast_moving,144,18.04,False,5
FM-034,30,fast_moving,144,18.04,False,5
FM-034,31,fast_moving,132,18.04,False,5
FM-034,32,fast_moving,102,18.04,False,5
FM-034,33,fast_moving,137,18.04,False,5
FM-034,34,fast_moving,116,18.04,False,5
FM-034,35,fast_moving,124,18.04,False,5
FM-034,36,fast_moving,191,18.04,False,5
FM-034,37,fast_moving,145,18.04,False,5
FM-034,38,fast_moving,146,18.04,False,5
FM-034,39,fast_moving,109,18.04,False,5
FM-034,40,fast_moving,123,18.04,False,5
FM-034,41,fast_moving,155,18.04,False,5
FM-034,42,fast_moving,132,18.04,False,5
FM-034,43,fast_moving,117,18.04,False,5
FM-034,44,fast_moving,126,18.04,False,5
FM-034,45,fast_moving,137,18.04,False,5
FM-034,46,fast_moving,114,18.04,False,5
FM-034,47,fast_moving,114,18.04,False,5
FM-034,48,fast_moving,198,15.64,True,5
FM-034,49,fast_moving,125,18.04,False,5
FM-034,50,fast_moving,103,18.04,False,5
FM-034,51,fast_moving,149,18.04,False,5
FM-034,52,fast_moving,94,18.04,False,5
FM-034,53,fast_moving,141,18.04,False,5
FM-034,54,fast_moving,109,18.04,False,5
FM-034,55,fast_moving,158,15.64,True,5
FM-034,56,fast_moving,138,18.04,False,5
FM-034,57,fast_moving,129,18.04,False,5
FM-034,58,fast_moving,110,18.04,False,5
FM-034,59,fast_moving,117,18.04,False,5
FM-034,60,fast_moving,218,15.64,True,5
FM-034,61,fast_moving,112,18.04,False,5
FM-034,62,fast_moving,105,18.04,False,5
FM-034,63,fast_moving,85,18.04,False,5
FM-034,64,fast_moving,141,18.04,False,5
FM-034,65,fast_moving,94,18.04,False,5
FM-034,66,fast_moving,120,18.04,False,5
FM-034,67,fast_moving,200,15.64,True,5
FM-034,68,fast_moving,120,18.04,False,5
FM-034,69,fast_moving,128,18.04,False,5
FM-034,70,fast_moving,143,18.04,False,5
FM-034,71,fast_moving,99,18.04,False,5
FM-034,72,fast_moving,249,15.64,True,5
FM-034,73,fast_moving,79,18.04,False,5
FM-034,74,fast_moving,106,18.04,False,5
FM-034,75,fast_moving,125,18.04,False,5
FM-034,76,fast_moving,114,18.04,False,5
FM-034,77,fast_moving,113,18.04,False,5
FM-034,78,fast_moving,156,18.04,False,5
FM-034,79,fast_moving,120,18.04,False,5
FM-034,80,fast_moving,110,18.04,False,5
FM-034,81,fast_moving,174,18.04,False,5
FM-034,82,fast_moving,124,18.04,False,5
FM-034,83,fast_moving,144,18.04,False,5
FM-034,84,fast_moving,87,18.04,False,5
FM-034,85,fast_moving,121,18.04,False,5
FM-034,86,fast_moving,147,18.04,False,5
FM-034,87,fast_moving,173,18.04,False,5
FM-034,88,fast_moving,115,18.04,False,5
FM-034,89,fast_moving,150,18.04,False,5
FM-034,90,fast_moving,100,18.04,False,5
FM-034,91,fast_moving,90,18.04,False,5
FM-034,92,fast_moving,138,18.04,False,5
FM-034,93,fast_moving,135,18.04,False,5
FM-034,94,fast_moving,125,18.04,False,5
FM-034,95,fast_moving,129,18.04,False,5
FM-034,96,fast_moving,132,18.04,False,5
FM-034,97,fast_moving,145,18.04,False,5
FM-034,98,fast_moving,258,15.64,True,5
FM-034,99,fast_moving,176,18.04,False,5
FM-034,100,fast_moving,97,18.04,False,5
FM-034,101,fast_moving,84,18.04,False,5
FM-034,102,fast_moving,87,18.04,False,5
FM-034,103,fast_moving,119,18.04,False,5
FM-035,0,fast_moving,104,16.4,False,4
FM-035,1,fast_moving,89,16.4,False,4
FM-035,2,fast_moving,73,16.4,False,4
FM-035,3,fast_moving,168,16.4,False,4
FM-035,4,fast_moving,126,16.4,False,4
FM-035,5,fast_moving,128,16.4,False,4
FM-035,6,fast_moving,127,16.4,False,4
FM-035,7,fast_moving,122,16.4,False,4
FM-035,8,fast_moving,128,16.4,False,4
FM-035,9,fast_moving,186,16.4,False,4
FM-035,10,fast_moving,115,16.4,False,4
FM-035,11,fast_moving,145,16.4,False,4
FM-035,12,fast_moving,164,16.4,False,4
FM-035,13,fast_moving,137,16.4,False,4
FM-035,14,fast_moving,102,16.4,False,4
FM-035,15,fast_moving,228,14.16,True,4
FM-035,16,fast_moving,112,16.4,False,4
FM-035,17,fast_moving,122,16.4,False,4
FM-035,18,fast_moving,146,16.4,False,4
FM-035,19,fast_moving,140,16.4,False,4
FM-035,20,fast_moving,138,16.4,False,4
FM-035,21,fast_moving,149,16.4,False,4
FM-035,22,fast_moving,125,16.4,False,4
FM-035,23,fast_moving,169,16.4,False,4
FM-035,24,fast_moving,146,16.4,False,4
FM-035,25,fast_moving,142,16.4,False,4
FM-035,26,fast_moving,136,16.4,False,4
FM-035,27,fast_moving,100,16.4,False,4
FM-035,28,fast_moving,110,16.4,False,4
FM-035,29,fast_moving,133,16.4,False,4
FM-035,30,fast_moving,194,14.16,True,4
FM-035,31,fast_moving,104,16.4,False,4
FM-035,32,fast_moving,114,16.4,False,4
FM-035,33,fast_moving,111,16.4,False,4
FM-035,34,fast_moving,121,16.4,False,4
FM-035,35,fast_moving,108,16.4,False,4
FM-035,36,fast_moving,146,16.4,False,4
FM-035,37,fast_moving,141,16.4,False,4
FM-035,38,fast_moving,111,16.4,False,4
FM-035,39,fast_moving,113,16.4,False,4
FM-035,40,fast_moving,166,16.4,False,4
FM-035,41,fast_moving,144,16.4,False,4
FM-035,42,fast_moving,131,16.4,False,4
FM-035,43,fast_moving,109,16.4,False,4
FM-035,44,fast_moving,152,16.4,False,4
FM-035,45,fast_moving,97,16.4,False,4
FM-035,46,fast_moving,93,16.4,False,4
FM-035,47,fast_moving,90,16.4,False,4
FM-035,48,fast_moving,102,16.4,False,4
FM-035,49,fast_moving,170,16.4,False,4
FM-035,50,fast_moving,110,16.4,False,4
FM-035,51,fast_moving,114,16.4,False,4
FM-035,52,fast_moving,85,16.4,False,4
FM-035,53,fast_moving,115,16.4,False,4
FM-035,54,fast_moving,101,16.4,False,4
FM-035,55,fast_moving,126,16.4,False,4
FM-035,56,fast_moving,128,16.4,False,4
FM-035,57,fast_moving,117,16.4,False,4
FM-035,58,fast_moving,130,16.4,False,4
FM-035,59,fast_moving,129,16.4,False,4
FM-035,60,fast_moving,282,14.16,True,4
FM-035,61,fast_moving,114,16.4,False,4
FM-035,62,fast_moving,97,16.4,False,4
FM-035,63,fast_moving,168,16.4,False,4
FM-035,64,fast_moving,142,16.4,False,4
FM-035,65,fast_moving,177,16.4,False,4
FM-035,66,fast_moving,116,16.4,False,4
FM-035,67,fast_moving,136,16.4,False,4
FM-035,68,fast_moving,115,16.4,False,4
FM-035,69,fast_moving,159,16.4,False,4
FM-035,70,fast_moving,131,16.4,False,4
FM-035,71,fast_moving,176,16.4,False,4
FM-035,72,fast_moving,220,14.16,True,4
FM-035,73,fast_moving,110,16.4,False,4
FM-035,74,fast_moving,97,16.4,False,4
FM-035,75,fast_moving,128,16.4,False,4
FM-035,76,fast_moving,86,16.4,False,4
FM-035,77,fast_moving,113,16.4,False,4
FM-035,78,fast_moving,86,16.4,False,4
FM-035,79,fast_moving,95,16.4,False,4
FM-035,80,fast_moving,122,16.4,False,4
FM-035,81,fast_moving,117,16.4,False,4
FM-035,82,fast_moving,112,16.4,False,4
FM-035,83,fast_moving,104,16.4,False,4
FM-035,84,fast_moving,128,16.4,False,4
FM-035,85,fast_moving,83,16.4,False,4
FM-035,86,fast_moving,100,16.4,False,4
FM-035,87,fast_moving,96,16.4,False,4
FM-035,88,fast_moving,85,16.4,False,4
FM-035,89,fast_moving,132,16.4,False,4
FM-035,90,fast_moving,135,16.4,False,4
FM-035,91,fast_moving,60,16.4,False,4
FM-035,92,fast_moving,101,16.4,False,4
FM-035,93,fast_moving,90,16.4,False,4
FM-035,94,fast_moving,123,16.4,False,4
FM-035,95,fast_moving,112,16.4,False,4
FM-035,96,fast_moving,103,16.4,False,4
FM-035,97,fast_moving,118,16.4,False,4
FM-035,98,fast_moving,128,16.4,False,4
FM-035,99,fast_moving,167,16.4,False,4
FM-035,100,fast_moving,105,16.4,False,4
FM-035,101,fast_moving,110,16.4,False,4
FM-035,102,fast_moving,121,16.4,False,4
FM-035,103,fast_moving,82,16.4,False,4
FM-036,0,fast_moving,100,21.31,False,5
FM-036,1,fast_moving,125,17.14,True,5
FM-036,2,fast_moving,88,21.31,False,5
FM-036,3,fast_moving,114,21.31,False,5
FM-036,4,fast_moving,122,21.31,False,5
FM-036,5,fast_moving,66,21.31,False,5
FM-036,6,fast_moving,99,21.31,False,5
FM-036,7,fast_moving,89,21.31,False,5
FM-036,8,fast_moving,154,17.14,True,5
FM-036,9,fast_moving,127,21.31,False,5
FM-036,10,fast_moving,148,21.31,False,5
FM-036,11,fast_moving,106,21.31,False,5
FM-036,12,fast_moving,124,21.31,False,5
FM-036,13,fast_moving,122,21.31,False,5
FM-036,14,fast_moving,161,21.31,False,5
FM-036,15,fast_moving,92,21.31,False,5
FM-036,16,fast_moving,96,21.31,False,5
FM-036,17,fast_moving,94,21.31,False,5
FM-036,18,fast_moving,79,21.31,False,5
FM-036,19,fast_moving,120,21.31,False,5
FM-036,20,fast_moving,101,21.31,False,5
FM-036,21,fast_moving,146,21.31,False,5
FM-036,22,fast_moving,108,21.31,False,5
FM-036,23,fast_moving,85,21.31,False,5
FM-036,24,fast_moving,123,21.31,False,5
FM-036,25,fast_moving,98,21.31,False,5
FM-036,26,fast_moving,138,21.31,False,5
FM-036,27,fast_moving,160,21.31,False,5
FM-036,28,fast_moving,169,21.31,False,5
FM-036,29,fast_moving,186,17.14,True,5
FM-036,30,fast_moving,179,17.14,True,5
FM-036,31,fast_moving,84,21.31,False,5
FM-036,32,fast_moving,160,21.31,False,5
FM-036,33,fast_moving,102,21.31,False,5
FM-036,34,fast_moving,221,21.31,False,5
FM-036,35,fast_moving,162,21.31,False,5
FM-036,36,fast_moving,97,21.31,False,5
FM-036,37,fast_moving,182,17.14,True,5
FM-036,38,fast_moving,152,21.31,False,5
FM-036,39,fast_moving,127,21.31,False,5
FM-036,40,fast_moving,149,21.31,False,5
FM-036,41,fast_moving,97,21.31,False,5
FM-036,42,fast_moving,156,21.31,False,5
FM-036,43,fast_moving,113,21.31,False,5
FM-036,44,fast_moving,167,21.31,False,5
FM-036,45,fast_moving,113,21.31,False,5
FM-036,46,fast_moving,168,21.31,False,5
FM-036,47,fast_moving,138,21.31,False,5
FM-036,48,fast_moving,129,17.14,True,5
FM-036,49,fast_moving,131,21.31,False,5
FM-036,50,fast_moving,212,17.14,True,5
FM-036,51,fast_moving,144,21.31,False,5
FM-036,52,fast_moving,127,17.14,True,5
FM-036,53,fast_moving,195,21.31,False,5
FM-036,54,fast_moving,120,21.31,False,5
FM-036,55,fast_moving,145,21.31,False,5
FM-036,56,fast_moving,106,21.31,False,5
FM-036,57,fast_moving,68,21.31,False,5
FM-036,58,fast_moving,123,21.31,False,5
FM-036,59,fast_moving,65,21.31,False,5
FM-036,60,fast_moving,117,21.31,False,5
FM-036,61,fast_moving,145,21.31,False,5
FM-036,62,fast_moving,136,21.31,False,5
FM-036,63,fast_moving,122,17.14,True,5
FM-036,64,fast_moving,135,21.31,False,5
FM-036,65,fast_moving,142,21.31,False,5
FM-036,66,fast_moving,111,21.31,False,5
FM-036,67,fast_moving,117,21.31,False,5
FM-036,68,fast_moving,114,21.31,False,5
FM-036,69,fast_moving,136,21.31,False,5
FM-036,70,fast_moving,85,21.31,False,5
FM-036,71,fast_moving,117,21.31,False,5
FM-036,72,fast_moving,150,21.31,False,5
FM-036,73,fast_moving,144,21.31,False,5
FM-036,74,fast_moving,129,21.31,False,5
FM-036,75,fast_moving,88,21.31,False,5
FM-036,76,fast_moving,175,21.31,False,5
FM-036,77,fast_moving,143,21.31,False,5
FM-036,78,fast_moving,82,21.31,False,5
FM-036,79,fast_moving,188,21.31,False,5
FM-036,80,fast_moving,122,21.31,False,5
FM-036,81,fast_moving,103,21.31,False,5
FM-036,82,fast_moving,174,21.31,False,5
FM-036,83,fast_moving,85,21.31,False,5
FM-036,84,fast_moving,72,21.31,False,5
FM-036,85,fast_moving,102,21.31,False,5
FM-036,86,fast_moving,149,21.31,False,5
FM-036,87,fast_moving,151,21.31,False,5
FM-036,88,fast_moving,115,21.31,False,5
FM-036,89,fast_moving,81,21.31,False,5
FM-036,90,fast_moving,108,21.31,False,5
FM-036,91,fast_moving,143,21.31,False,5
FM-036,92,fast_moving,93,21.31,False,5
FM-036,93,fast_moving,69,21.31,False,5
FM-036,94,fast_moving,157,21.31,False,5
FM-036,95,fast_moving,134,17.14,True,5
FM-036,96,fast_moving,71,21.31,False,5
FM-036,97,fast_moving,109,21.31,False,5
FM-036,98,fast_moving,156,21.31,False,5
FM-036,99,fast_moving,160,21.31,False,5
FM-036,100,fast_moving,118,21.31,False,5
FM-036,101,fast_moving,150,21.31,False,5
FM-036,102,fast_moving,192,17.14,True,5
FM-036,103,fast_moving,89,21.31,False,5
FM-037,0,fast_moving,92,19.99,False,5
FM-037,1,fast_moving,68,19.99,False,5
FM-037,2,fast_moving,125,19.99,False,5
FM-037,3,fast_moving,92,19.99,False,5
FM-037,4,fast_moving,182,19.99,False,5
FM-037,5,fast_moving,67,19.99,False,5
FM-037,6,fast_moving,132,19.99,False,5
FM-037,7,fast_moving,154,19.99,False,5
FM-037,8,fast_moving,131,19.99,False,5
FM-037,9,fast_moving,99,19.99,False,5
FM-037,10,fast_moving,58,19.99,False,5
FM-037,11,fast_moving,73,19.99,False,5
FM-037,12,fast_moving,115,19.99,False,5
FM-037,13,fast_moving,131,19.99,False,5
FM-037,14,fast_moving,129,19.99,False,5
FM-037,15,fast_moving,130,19.99,False,5
FM-037,16,fast_moving,139,19.99,False,5
FM-037,17,fast_moving,337,17.84,True,5
FM-037,18,fast_moving,94,19.99,False,5
FM-037,19,fast_moving,74,19.99,False,5
FM-037,20,fast_moving,83,19.99,False,5
FM-037,21,fast_moving,78,19.99,False,5
FM-037,22,fast_moving,69,19.99,False,5
FM-037,23,fast_moving,183,19.99,False,5
FM-037,24,fast_moving,79,19.99,False,5
FM-037,25,fast_moving,129,19.99,False,5
FM-037,26,fast_moving,105,17.84,True,5
FM-037,27,fast_moving,88,19.99,False,5
FM-037,28,fast_moving,134,19.99,False,5
FM-037,29,fast_moving,141,19.99,False,5
FM-037,30,fast_moving,79,19.99,False,5
FM-037,31,fast_moving,142,19.99,False,5
FM-037,32,fast_moving,124,19.99,False,5
FM-037,33,fast_moving,169,19.99,False,5
FM-037,34,fast_moving,158,19.99,False,5
FM-037,35,fast_moving,52,19.99,False,5
FM-037,36,fast_moving,136,19.99,False,5
FM-037,37,fast_moving,102,19.99,False,5
FM-037,38,fast_moving,107,19.99,False,5
FM-037,39,fast_moving,74,19.99,False,5
FM-037,40,fast_moving,90,19.99,False,5
FM-037,41,fast_moving,106,19.99,False,5
FM-037,42,fast_moving,99,19.99,False,5
FM-037,43,fast_moving,104,19.99,False,5
FM-037,44,fast_moving,92,19.99,False,5
FM-037,45,fast_moving,163,17.84,True,5
FM-037,46,fast_moving,136,19.99,False,5
FM-037,47,fast_moving,119,19.99,False,5
FM-037,48,fast_moving,116,19.99,False,5
FM-037,49,fast_moving,99,19.99,False,5
FM-037,50,fast_moving,130,19.99,False,5
FM-037,51,fast_moving,118,19.99,False,5
FM-037,52,fast_moving,99,19.99,False,5
FM-037,53,fast_moving,105,19.99,False,5
FM-037,54,fast_moving,121,19.99,False,5
FM-037,55,fast_moving,130,19.99,False,5
FM-037,56,fast_moving,197,17.84,True,5
FM-037,57,fast_moving,171,19.99,False,5
FM-037,58,fast_moving,65,19.99,False,5
FM-037,59,fast_moving,127,19.99,False,5
FM-037,60,fast_moving,138,19.99,False,5
FM-037,61,fast_moving,97,19.99,False,5
FM-037,62,fast_moving,175,19.99,False,5
FM-037,63,fast_moving,119,19.99,False,5
FM-037,64,fast_moving,98,19.99,False,5
FM-037,65,fast_moving,144,19.99,False,5
FM-037,66,fast_moving,69,19.99,False,5
FM-037,67,fast_moving,101,19.99,False,5
FM-037,68,fast_moving,111,19.99,False,5
FM-037,69,fast_moving,88,19.99,False,5
FM-037,70,fast_moving,171,19.99,False,5
FM-037,71,fast_moving,141,19.99,False,5
FM-037,72,fast_moving,122,19.99,False,5
FM-037,73,fast_moving,144,19.99,False,5
FM-037,74,fast_moving,159,19.99,False,5
FM-037,75,fast_moving,107,19.99,False,5
FM-037,76,fast_moving,114,19.99,False,5
FM-037,77,fast_moving,127,19.99,False,5
FM-037,78,fast_moving,96,19.99,False,5
FM-037,79,fast_moving,85,19.99,False,5
FM-037,80,fast_moving,110,19.99,False,5
FM-037,81,fast_moving,388,17.84,True,5
FM-037,82,fast_moving,72,19.99,False,5
FM-037,83,fast_moving,139,19.99,False,5
FM-037,84,fast_moving,112,19.99,False,5
FM-037,85,fast_moving,127,19.99,False,5
FM-037,86,fast_moving,168,19.99,False,5
FM-037,87,fast_moving,175,19.99,False,5
FM-037,88,fast_moving,236,17.84,True,5
FM-037,89,fast_moving,90,19.99,False,5
FM-037,90,fast_moving,138,19.99,False,5
FM-037,91,fast_moving,97,19.99,False,5
FM-037,92,fast_moving,73,19.99,False,5
FM-037,93,fast_moving,177,19.99,False,5
FM-037,94,fast_moving,122,19.99,False,5
FM-037,95,fast_moving,123,19.99,False,5
FM-037,96,fast_moving,51,19.99,False,5
FM-037,97,fast_moving,121,19.99,False,5
FM-037,98,fast_moving,76,19.99,False,5
FM-037,99,fast_moving,56,19.99,False,5
FM-037,100,fast_moving,95,19.99,False,5
FM-037,101,fast_moving,140,19.99,False,5
FM-037,102,fast_moving,119,19.99,False,5
FM-037,103,fast_moving,122,19.99,False,5
FM-038,0,fast_moving,148,33.21,False,5
FM-038,1,fast_moving,199,33.21,False,5
FM-038,2,fast_moving,153,33.21,False,5
FM-038,3,fast_moving,155,33.21,False,5
FM-038,4,fast_moving,179,33.21,False,5
FM-038,5,fast_moving,174,33.21,False,5
FM-038,6,fast_moving,195,33.21,False,5
FM-038,7,fast_moving,92,33.21,False,5
FM-038,8,fast_moving,154,33.21,False,5
FM-038,9,fast_moving,106,33.21,False,5
FM-038,10,fast_moving,100,33.21,False,5
FM-038,11,fast_moving,132,33.21,False,5
FM-038,12,fast_moving,110,33.21,False,5
FM-038,13,fast_moving,108,33.21,False,5
FM-038,14,fast_moving,103,33.21,False,5
FM-038,15,fast_moving,122,33.21,False,5
FM-038,16,fast_moving,143,33.21,False,5
FM-038,17,fast_moving,124,33.21,False,5
FM-038,18,fast_moving,124,33.21,False,5
FM-038,19,fast_moving,109,33.21,False,5
FM-038,20,fast_moving,224,28.38,True,5
FM-038,21,fast_moving,73,33.21,False,5
FM-038,22,fast_moving,150,28.38,True,5
FM-038,23,fast_moving,138,33.21,False,5
FM-038,24,fast_moving,133,33.21,False,5
FM-038,25,fast_moving,71,33.21,False,5
FM-038,26,fast_moving,109,33.21,False,5
FM-038,27,fast_moving,119,33.21,False,5
FM-038,28,fast_moving,131,33.21,False,5
FM-038,29,fast_moving,66,33.21,False,5
FM-038,30,fast_moving,119,33.21,False,5
FM-038,31,fast_moving,126,33.21,False,5
FM-038,32,fast_moving,99,33.21,False,5
FM-038,33,fast_moving,115,33.21,False,5
FM-038,34,fast_moving,109,33.21,False,5
FM-038,35,fast_moving,132,33.21,False,5
FM-038,36,fast_moving,86,33.21,False,5
FM-038,37,fast_moving,274,28.38,True,5
FM-038,38,fast_moving,96,33.21,False,5
FM-038,39,fast_moving,100,33.21,False,5
FM-038,40,fast_moving,123,33.21,False,5
FM-038,41,fast_moving,92,33.21,False,5
FM-038,42,fast_moving,175,33.21,False,5
FM-038,43,fast_moving,127,33.21,False,5
FM-038,44,fast_moving,101,33.21,False,5
FM-038,45,fast_moving,182,33.21,False,5
FM-038,46,fast_moving,95,33.21,False,5
FM-038,47,fast_moving,114,33.21,False,5
FM-038,48,fast_moving,186,33.21,False,5
FM-038,49,fast_moving,106,33.21,False,5
FM-038,50,fast_moving,155,33.21,False,5
FM-038,51,fast_moving,256,33.21,False,5
FM-038,52,fast_moving,199,33.21,False,5
FM-038,53,fast_moving,187,33.21,False,5
FM-038,54,fast_moving,104,33.21,False,5
FM-038,55,fast_moving,153,33.21,False,5
FM-038,56,fast_moving,142,33.21,False,5
FM-038,57,fast_moving,201,28.38,True,5
FM-038,58,fast_moving,92,33.21,False,5
FM-038,59,fast_moving,114,33.21,False,5
FM-038,60,fast_moving,142,33.21,False,5
FM-038,61,fast_moving,103,33.21,False,5
FM-038,62,fast_moving,199,33.21,False,5
FM-038,63,fast_moving,203,28.38,True,5
FM-038,64,fast_moving,194,33.21,False,5
FM-038,65,fast_moving,168,33.21,False,5
FM-038,66,fast_moving,133,33.21,False,5
FM-038,67,fast_moving,143,33.21,False,5
FM-038,68,fast_moving,182,33.21,False,5
FM-038,69,fast_moving,131,33.21,False,5
FM-038,70,fast_moving,135,33.21,False,5
FM-038,71,fast_moving,159,33.21,False,5
FM-038,72,fast_moving,109,33.21,False,5
FM-038,73,fast_moving,93,33.21,False,5
FM-038,74,fast_moving,186,28.38,True,5
FM-038,75,fast_moving,157,33.21,False,5
FM-038,76,fast_moving,138,33.21,False,5
FM-038,77,fast_moving,104,33.21,False,5
FM-038,78,fast_moving,105,33.21,False,5
FM-038,79,fast_moving,129,33.21,False,5
FM-038,80,fast_moving,116,33.21,False,5
FM-038,81,fast_moving,146,33.21,False,5
FM-038,82,fast_moving,128,33.21,False,5
FM-038,83,fast_moving,164,28.38,True,5
FM-038,84,fast_moving,128,33.21,False,5
FM-038,85,fast_moving,100,33.21,False,5
FM-038,86,fast_moving,170,33.21,False,5
FM-038,87,fast_moving,131,33.21,False,5
FM-038,88,fast_moving,138,33.21,False,5
FM-038,89,fast_moving,156,33.21,False,5
FM-038,90,fast_moving,92,33.21,False,5
FM-038,91,fast_moving,149,33.21,False,5
FM-038,92,fast_moving,175,33.21,False,5
FM-038,93,fast_moving,142,33.21,False,5
FM-038,94,fast_moving,180,33.21,False,5
FM-038,95,fast_moving,184,33.21,False,5
FM-038,96,fast_moving,183,33.21,False,5
FM-038,97,fast_moving,116,33.21,False,5
FM-038,98,fast_moving,117,33.21,False,5
FM-038,99,fast_moving,193,33.21,False,5
FM-038,100,fast_moving,165,33.21,False,5
FM-038,101,fast_moving,157,33.21,False,5
FM-038,102,fast_moving,146,33.21,False,5
FM-038,103,fast_moving,108,33.21,False,5
FM-039,0,fast_moving,64,30.09,False,4
FM-039,1,fast_moving,105,30.09,False,4
FM-039,2,fast_moving,112,30.09,False,4
FM-039,3,fast_moving,75,30.09,False,4
FM-039,4,fast_moving,129,30.09,False,4
FM-039,5,fast_moving,67,30.09,False,4
FM-039,6,fast_moving,85,30.09,False,4
FM-039,7,fast_moving,81,30.09,False,4
FM-039,8,fast_moving,113,30.09,False,4
FM-039,9,fast_moving,99,30.09,False,4
FM-039,10,fast_moving,110,30.09,False,4
FM-039,11,fast_moving,72,30.09,False,4
FM-039,12,fast_moving,147,30.09,False,4
FM-039,13,fast_moving,85,30.09,False,4
FM-039,14,fast_moving,91,30.09,False,4
FM-039,15,fast_moving,59,30.09,False,4
FM-039,16,fast_moving,111,30.09,False,4
FM-039,17,fast_moving,61,30.09,False,4
FM-039,18,fast_moving,111,30.09,False,4
FM-039,19,fast_moving,73,30.09,False,4
FM-039,20,fast_moving,87,30.09,False,4
FM-039,21,fast_moving,78,30.09,False,4
FM-039,22,fast_moving,94,30.09,False,4
FM-039,23,fast_moving,73,30.09,False,4
FM-039,24,fast_moving,109,30.09,False,4
FM-039,25,fast_moving,82,30.09,False,4
FM-039,26,fast_moving,96,30.09,False,4
FM-039,27,fast_moving,126,30.09,False,4
FM-039,28,fast_moving,70,30.09,False,4
FM-039,29,fast_moving,59,30.09,False,4
FM-039,30,fast_moving,82,30.09,False,4
FM-039,31,fast_moving,66,30.09,False,4
FM-039,32,fast_moving,68,30.09,False,4
FM-039,33,fast_moving,122,30.09,False,4
FM-039,34,fast_moving,119,30.09,False,4
FM-039,35,fast_moving,82,30.09,False,4
FM-039,36,fast_moving,103,30.09,False,4
FM-039,37,fast_moving,128,30.09,False,4
FM-039,38,fast_moving,117,30.09,False,4
FM-039,39,fast_moving,93,30.09,False,4
FM-039,40,fast_moving,83,30.09,False,4
FM-039,41,fast_moving,147,30.09,False,4
FM-039,42,fast_moving,85,30.09,False,4
FM-039,43,fast_moving,77,30.09,False,4
FM-039,44,fast_moving,124,30.09,False,4
FM-039,45,fast_moving,84,30.09,False,4
FM-039,46,fast_moving,105,30.09,False,4
FM-039,47,fast_moving,115,30.09,False,4
FM-039,48,fast_moving,105,30.09,False,4
FM-039,49,fast_moving,83,30.09,False,4
FM-039,50,fast_moving,73,30.09,False,4
FM-039,51,fast_moving,67,30.09,False,4
FM-039,52,fast_moving,83,30.09,False,4
FM-039,53,fast_moving,143,24.74,True,4
FM-039,54,fast_moving,93,30.09,False,4
FM-039,55,fast_moving,128,30.09,False,4
FM-039,56,fast_moving,111,30.09,False,4
FM-039,57,fast_moving,102,30.09,False,4
FM-039,58,fast_moving,103,30.09,False,4
FM-039,59,fast_moving,104,30.09,False,4
FM-039,60,fast_moving,79,30.09,False,4
FM-039,61,fast_moving,56,30.09,False,4
FM-039,62,fast_moving,198,24.74,True,4
FM-039,63,fast_moving,103,30.09,False,4
FM-039,64,fast_moving,98,30.09,False,4
FM-039,65,fast_moving,99,30.09,False,4
FM-039,66,fast_moving,82,30.09,False,4
FM-039,67,fast_moving,109,30.09,False,4
FM-039,68,fast_moving,86,30.09,False,4
FM-039,69,fast_moving,71,30.09,False,4
FM-039,70,fast_moving,76,30.09,False,4
FM-039,71,fast_moving,72,30.09,False,4
FM-039,72,fast_moving,91,30.09,False,4
FM-039,73,fast_moving,113,30.09,False,4
FM-039,74,fast_moving,113,30.09,False,4
FM-039,75,fast_moving,237,24.74,True,4
FM-039,76,fast_moving,88,30.09,False,4
FM-039,77,fast_moving,88,30.09,False,4
FM-039,78,fast_moving,55,30.09,False,4
FM-039,79,fast_moving,70,30.09,False,4
FM-039,80,fast_moving,75,30.09,False,4
FM-039,81,fast_moving,201,24.74,True,4
FM-039,82,fast_moving,69,30.09,False,4
FM-039,83,fast_moving,102,30.09,False,4
FM-039,84,fast_moving,126,30.09,False,4
FM-039,85,fast_moving,117,30.09,False,4
FM-039,86,fast_moving,91,30.09,False,4
FM-039,87,fast_moving,49,30.09,False,4
FM-039,88,fast_moving,89,30.09,False,4
FM-039,89,fast_moving,109,30.09,False,4
FM-039,90,fast_moving,106,30.09,False,4
FM-039,91,fast_moving,186,24.74,True,4
FM-039,92,fast_moving,120,30.09,False,4
FM-039,93,fast_moving,83,30.09,False,4
FM-039,94,fast_moving,98,30.09,False,4
FM-039,95,fast_moving,119,30.09,False,4
FM-039,96,fast_moving,80,30.09,False,4
FM-039,97,fast_moving,89,30.09,False,4
FM-039,98,fast_moving,78,30.09,False,4
FM-039,99,fast_moving,91,30.09,False,4
FM-039,100,fast_moving,187,30.09,False,4
FM-039,101,fast_moving,67,30.09,False,4
FM-039,102,fast_moving,159,30.09,False,4
FM-039,103,fast_moving,60,30.09,False,4
FM-040,0,fast_moving,79,30.32,False,5
FM-040,1,fast_moving,122,30.32,False,5
FM-040,2,fast_moving,78,30.32,False,5
FM-040,3,fast_moving,116,30.32,False,5
FM-040,4,fast_moving,127,30.32,False,5
FM-040,5,fast_moving,97,30.32,False,5
FM-040,6,fast_moving,325,24.56,True,5
FM-040,7,fast_moving,66,30.32,False,5
FM-040,8,fast_moving,88,30.32,False,5
FM-040,9,fast_moving,102,30.32,False,5
FM-040,10,fast_moving,151,24.56,True,5
FM-040,11,fast_moving,60,30.32,False,5
FM-040,12,fast_moving,158,30.32,False,5
FM-040,13,fast_moving,136,30.32,False,5
FM-040,14,fast_moving,132,30.32,False,5
FM-040,15,fast_moving,117,30.32,False,5
FM-040,16,fast_moving,137,30.32,False,5
FM-040,17,fast_moving,75,30.32,False,5
FM-040,18,fast_moving,121,30.32,False,5
FM-040,19,fast_moving,108,30.32,False,5
FM-040,20,fast_moving,91,30.32,False,5
FM-040,21,fast_moving,394,24.56,True,5
FM-040,22,fast_moving,213,24.56,True,5
FM-040,23,fast_moving,120,30.32,False,5
FM-040,24,fast_moving,115,30.32,False,5
FM-040,25,fast_moving,170,30.32,False,5
FM-040,26,fast_moving,147,30.32,False,5
FM-040,27,fast_moving,80,30.32,False,5
FM-040,28,fast_moving,124,30.32,False,5
FM-040,29,fast_moving,146,30.32,False,5
FM-040,30,fast_moving,154,30.32,False,5
FM-040,31,fast_moving,156,30.32,False,5
FM-040,32,fast_moving,123,30.32,False,5
FM-040,33,fast_moving,113,30.32,False,5
FM-040,34,fast_moving,149,30.32,False,5
FM-040,35,fast_moving,90,30.32,False,5
FM-040,36,fast_moving,152,30.32,False,5
FM-040,37,fast_moving,175,24.56,True,5
FM-040,38,fast_moving,198,30.32,False,5
FM-040,39,fast_moving,196,30.32,False,5
FM-040,40,fast_moving,159,30.32,False,5
FM-040,41,fast_moving,122,30.32,False,5
FM-040,42,fast_moving,128,30.32,False,5
FM-040,43,fast_moving,102,30.32,False,5
FM-040,44,fast_moving,124,30.32,False,5
FM-040,45,fast_moving,111,30.32,False,5
FM-040,46,fast_moving,88,30.32,False,5
FM-040,47,fast_moving,224,24.56,True,5
FM-040,48,fast_moving,98,30.32,False,5
FM-040,49,fast_moving,110,30.32,False,5
FM-040,50,fast_moving,80,30.32,False,5
FM-040,51,fast_moving,157,30.32,False,5
FM-040,52,fast_moving,292,24.56,True,5
FM-040,53,fast_moving,90,30.32,False,5
FM-040,54,fast_moving,75,30.32,False,5
FM-040,55,fast_moving,116,30.32,False,5
FM-040,56,fast_moving,69,30.32,False,5
FM-040,57,fast_moving,90,30.32,False,5
FM-040,58,fast_moving,132,30.32,False,5
FM-040,59,fast_moving,128,30.32,False,5
FM-040,60,fast_moving,131,30.32,False,5
FM-040,61,fast_moving,95,30.32,False,5
FM-040,62,fast_moving,232,24.56,True,5
FM-040,63,fast_moving,63,30.32,False,5
FM-040,64,fast_moving,148,30.32,False,5
FM-040,65,fast_moving,115,30.32,False,5
FM-040,66,fast_moving,139,30.32,False,5
FM-040,67,fast_moving,100,30.32,False,5
FM-040,68,fast_moving,142,30.32,False,5
FM-040,69,fast_moving,89,30.32,False,5
FM-040,70,fast_moving,142,30.32,False,5
FM-040,71,fast_moving,533,24.56,True,5
FM-040,72,fast_moving,70,30.32,False,5
FM-040,73,fast_moving,92,30.32,False,5
FM-040,74,fast_moving,178,30.32,False,5
FM-040,75,fast_moving,121,30.32,False,5
FM-040,76,fast_moving,112,30.32,False,5
FM-040,77,fast_moving,99,30.32,False,5
FM-040,78,fast_moving,134,30.32,False,5
FM-040,79,fast_moving,142,30.32,False,5
FM-040,80,fast_moving,140,30.32,False,5
FM-040,81,fast_moving,241,24.56,True,5
FM-040,82,fast_moving,133,30.32,False,5
FM-040,83,fast_moving,92,30.32,False,5
FM-040,84,fast_moving,84,30.32,False,5
FM-040,85,fast_moving,77,30.32,False,5
FM-040,86,fast_moving,251,24.56,True,5
FM-040,87,fast_moving,98,30.32,False,5
FM-040,88,fast_moving,83,30.32,False,5
FM-040,89,fast_moving,158,24.56,True,5
FM-040,90,fast_moving,148,30.32,False,5
FM-040,91,fast_moving,181,30.32,False,5
FM-040,92,fast_moving,87,30.32,False,5
FM-040,93,fast_moving,188,30.32,False,5
FM-040,94,fast_moving,97,30.32,False,5
FM-040,95,fast_moving,62,30.32,False,5
FM-040,96,fast_moving,96,30.32,False,5
FM-040,97,fast_moving,139,24.56,True,5
FM-040,98,fast_moving,114,30.32,False,5
FM-040,99,fast_moving,85,30.32,False,5
FM-040,100,fast_moving,184,30.32,False,5
FM-040,101,fast_moving,129,30.32,False,5
FM-040,102,fast_moving,118,30.32,False,5
FM-040,103,fast_moving,75,30.32,False,5
SM-001,0,slow_moving,9,47.25,False,10
SM-001,1,slow_moving,11,39.93,True,10
SM-001,2,slow_moving,6,47.25,False,10
SM-001,3,slow_moving,23,39.93,True,10
SM-001,4,slow_moving,4,47.25,False,10
SM-001,5,slow_moving,8,47.25,False,10
SM-001,6,slow_moving,4,47.25,False,10
SM-001,7,slow_moving,5,47.25,False,10
SM-001,8,slow_moving,3,47.25,False,10
SM-001,9,slow_moving,9,39.93,True,10
SM-001,10,slow_moving,2,47.25,False,10
SM-001,11,slow_moving,4,47.25,False,10
SM-001,12,slow_moving,6,47.25,False,10
SM-001,13,slow_moving,8,47.25,False,10
SM-001,14,slow_moving,5,47.25,False,10
SM-001,15,slow_moving,4,47.25,False,10
SM-001,16,slow_moving,7,47.25,False,10
SM-001,17,slow_moving,5,47.25,False,10
SM-001,18,slow_moving,6,47.25,False,10
SM-001,19,slow_moving,8,47.25,False,10
SM-001,20,slow_moving,2,47.25,False,10
SM-001,21,slow_moving,3,47.25,False,10
SM-001,22,slow_moving,4,47.25,False,10
SM-001,23,slow_moving,4,47.25,False,10
SM-001,24,slow_moving,8,47.25,False,10
SM-001,25,slow_moving,8,47.25,False,10
SM-001,26,slow_moving,1,47.25,False,10
SM-001,27,slow_moving,10,47.25,False,10
SM-001,28,slow_moving,3,47.25,False,10
SM-001,29,slow_moving,5,47.25,False,10
SM-001,30,slow_moving,5,47.25,False,10
SM-001,31,slow_moving,11,47.25,False,10
SM-001,32,slow_moving,7,47.25,False,10
SM-001,33,slow_moving,4,47.25,False,10
SM-001,34,slow_moving,8,47.25,False,10
SM-001,35,slow_moving,6,47.25,False,10
SM-001,36,slow_moving,3,47.25,False,10
SM-001,37,slow_moving,3,47.25,False,10
SM-001,38,slow_moving,3,47.25,False,10
SM-001,39,slow_moving,4,47.25,False,10
SM-001,40,slow_moving,6,47.25,False,10
SM-001,41,slow_moving,2,47.25,False,10
SM-001,42,slow_moving,7,47.25,False,10
SM-001,43,slow_moving,6,47.25,False,10
SM-001,44,slow_moving,3,47.25,False,10
SM-001,45,slow_moving,4,47.25,False,10
SM-001,46,slow_moving,1,47.25,False,10
SM-001,47,slow_moving,16,39.93,True,10
SM-001,48,slow_moving,2,47.25,False,10
SM-001,49,slow_moving,10,47.25,False,10
SM-001,50,slow_moving,32,39.93,True,10
SM-001,51,slow_moving,4,47.25,False,10
SM-001,52,slow_moving,6,47.25,False,10
SM-001,53,slow_moving,5,47.25,False,10
SM-001,54,slow_moving,4,47.25,False,10
SM-001,55,slow_moving,5,47.25,False,10
SM-001,56,slow_moving,3,47.25,False,10
SM-001,57,slow_moving,9,47.25,False,10
SM-001,58,slow_moving,13,39.93,True,10
SM-001,59,slow_moving,4,47.25,False,10
SM-001,60,slow_moving,4,47.25,False,10
SM-001,61,slow_moving,3,47.25,False,10
SM-001,62,slow_moving,11,47.25,False,10
SM-001,63,slow_moving,8,47.25,False,10
SM-001,64,slow_moving,5,47.25,False,10
SM-001,65,slow_moving,4,47.25,False,10
SM-001,66,slow_moving,6,47.25,False,10
SM-001,67,slow_moving,1,47.25,False,10
SM-001,68,slow_moving,6,47.25,False,10
SM-001,69,slow_moving,6,47.25,False,10
SM-001,70,slow_moving,8,47.25,False,10
SM-001,71,slow_moving,3,47.25,False,10
SM-001,72,slow_moving,11,47.25,False,10
SM-001,73,slow_moving,9,47.25,False,10
SM-001,74,slow_moving,3,47.25,False,10
SM-001,75,slow_moving,10,47.25,False,10
SM-001,76,slow_moving,3,47.25,False,10
SM-001,77,slow_moving,7,47.25,False,10
SM-001,78,slow_moving,9,47.25,False,10
SM-001,79,slow_moving,13,47.25,False,10
SM-001,80,slow_moving,4,47.25,False,10
SM-001,81,slow_moving,7,47.25,False,10
SM-001,82,slow_moving,4,47.25,False,10
SM-001,83,slow_moving,6,47.25,False,10
SM-001,84,slow_moving,4,47.25,False,10
SM-001,85,slow_moving,8,47.25,False,10
SM-001,86,slow_moving,6,47.25,False,10
SM-001,87,slow_moving,5,47.25,False,10
SM-001,88,slow_moving,2,47.25,False,10
SM-001,89,slow_moving,5,47.25,False,10
SM-001,90,slow_moving,7,47.25,False,10
SM-001,91,slow_moving,4,47.25,False,10
SM-001,92,slow_moving,9,47.25,False,10
SM-001,93,slow_moving,5,47.25,False,10
SM-001,94,slow_moving,3,47.25,False,10
SM-001,95,slow_moving,3,47.25,False,10
SM-001,96,slow_moving,2,47.25,False,10
SM-001,97,slow_moving,4,47.25,False,10
SM-001,98,slow_moving,6,47.25,False,10
SM-001,99,slow_moving,7,47.25,False,10
SM-001,100,slow_moving,8,47.25,False,10
SM-001,101,slow_moving,10,47.25,False,10
SM-001,102,slow_moving,3,47.25,False,10
SM-001,103,slow_moving,8,47.25,False,10
SM-002,0,slow_moving,3,26.93,False,6
SM-002,1,slow_moving,1,26.93,False,6
SM-002,2,slow_moving,4,26.93,False,6
SM-002,3,slow_moving,1,26.93,False,6
SM-002,4,slow_moving,5,26.93,False,6
SM-002,5,slow_moving,1,26.93,False,6
SM-002,6,slow_moving,5,26.93,False,6
SM-002,7,slow_moving,6,26.93,False,6
SM-002,8,slow_moving,4,26.93,False,6
SM-002,9,slow_moving,2,26.93,False,6
SM-002,10,slow_moving,4,26.93,False,6
SM-002,11,slow_moving,3,26.93,False,6
SM-002,12,slow_moving,6,21.14,True,6
SM-002,13,slow_moving,2,26.93,False,6
SM-002,14,slow_moving,2,26.93,False,6
SM-002,15,slow_moving,1,26.93,False,6
SM-002,16,slow_moving,2,26.93,False,6
SM-002,17,slow_moving,4,26.93,False,6
SM-002,18,slow_moving,2,26.93,False,6
SM-002,19,slow_moving,3,26.93,False,6
SM-002,20,slow_moving,2,26.93,False,6
SM-002,21,slow_moving,1,26.93,False,6
SM-002,22,slow_moving,3,26.93,False,6
SM-002,23,slow_moving,4,26.93,False,6
SM-002,24,slow_moving,1,26.93,False,6
SM-002,25,slow_moving,2,26.93,False,6
SM-002,26,slow_moving,6,26.93,False,6
SM-002,27,slow_moving,2,26.93,False,6
SM-002,28,slow_moving,4,26.93,False,6
SM-002,29,slow_moving,8,21.14,True,6
SM-002,30,slow_moving,0,26.93,False,6
SM-002,31,slow_moving,1,26.93,False,6
SM-002,32,slow_moving,5,26.93,False,6
SM-002,33,slow_moving,1,26.93,False,6
SM-002,34,slow_moving,4,21.14,True,6
SM-002,35,slow_moving,2,26.93,False,6
SM-002,36,slow_moving,3,26.93,False,6
SM-002,37,slow_moving,4,26.93,False,6
SM-002,38,slow_moving,3,26.93,False,6
SM-002,39,slow_moving,0,26.93,False,6
SM-002,40,slow_moving,2,26.93,False,6
SM-002,41,slow_moving,3,26.93,False,6
SM-002,42,slow_moving,1,26.93,False,6
SM-002,43,slow_moving,9,21.14,True,6
SM-002,44,slow_moving,1,26.93,False,6
SM-002,45,slow_moving,2,26.93,False,6
SM-002,46,slow_moving,4,26.93,False,6
SM-002,47,slow_moving,6,26.93,False,6
SM-002,48,slow_moving,2,26.93,False,6
SM-002,49,slow_moving,3,26.93,False,6
SM-002,50,slow_moving,1,21.14,True,6
SM-002,51,slow_moving,3,26.93,False,6
SM-002,52,slow_moving,1,26.93,False,6
SM-002,53,slow_moving,3,26.93,False,6
SM-002,54,slow_moving,2,26.93,False,6
SM-002,55,slow_moving,2,26.93,False,6
SM-002,56,slow_moving,4,26.93,False,6
SM-002,57,slow_moving,5,26.93,False,6
SM-002,58,slow_moving,0,26.93,False,6
SM-002,59,slow_moving,0,26.93,False,6
SM-002,60,slow_moving,0,26.93,False,6
SM-002,61,slow_moving,4,26.93,False,6
SM-002,62,slow_moving,2,26.93,False,6
SM-002,63,slow_moving,2,26.93,False,6
SM-002,64,slow_moving,1,26.93,False,6
SM-002,65,slow_moving,2,26.93,False,6
SM-002,66,slow_moving,3,21.14,True,6
SM-002,67,slow_moving,0,26.93,False,6
SM-002,68,slow_moving,6,21.14,True,6
SM-002,69,slow_moving,2,26.93,False,6
SM-002,70,slow_moving,4,21.14,True,6
SM-002,71,slow_moving,2,21.14,True,6
SM-002,72,slow_moving,3,26.93,False,6
SM-002,73,slow_moving,5,26.93,False,6
SM-002,74,slow_moving,4,26.93,False,6
SM-002,75,slow_moving,2,26.93,False,6
SM-002,76,slow_moving,1,26.93,False,6
SM-002,77,slow_moving,3,26.93,False,6
SM-002,78,slow_moving,0,21.14,True,6
SM-002,79,slow_moving,3,26.93,False,6
SM-002,80,slow_moving,0,26.93,False,6
SM-002,81,slow_moving,1,26.93,False,6
SM-002,82,slow_moving,0,26.93,False,6
SM-002,83,slow_moving,2,21.14,True,6
SM-002,84,slow_moving,1,26.93,False,6
SM-002,85,slow_moving,1,26.93,False,6
SM-002,86,slow_moving,4,21.14,True,6
SM-002,87,slow_moving,2,26.93,False,6
SM-002,88,slow_moving,0,26.93,False,6
SM-002,89,slow_moving,0,26.93,False,6
SM-002,90,slow_moving,3,21.14,True,6
SM-002,91,slow_moving,1,26.93,False,6
SM-002,92,slow_moving,1,26.93,False,6
SM-002,93,slow_moving,7,26.93,False,6
SM-002,94,slow_moving,5,26.93,False,6
SM-002,95,slow_moving,2,26.93,False,6
SM-002,96,slow_moving,10,21.14,True,6
SM-002,97,slow_moving,0,26.93,False,6
SM-002,98,slow_moving,2,26.93,False,6
SM-002,99,slow_moving,1,26.93,False,6
SM-002,100,slow_moving,6,21.14,True,6
SM-002,101,slow_moving,2,26.93,False,6
SM-002,102,slow_moving,7,21.14,True,6
SM-002,103,slow_moving,0,26.93,False,6
SM-003,0,slow_moving,5,51.02,False,10
SM-003,1,slow_moving,4,51.02,False,10
SM-003,2,slow_moving,4,51.02,False,10
SM-003,3,slow_moving,2,51.02,False,10
SM-003,4,slow_moving,0,51.02,False,10
SM-003,5,slow_moving,3,51.02,False,10
SM-003,6,slow_moving,4,51.02,False,10
SM-003,7,slow_moving,5,51.02,False,10
SM-003,8,slow_moving,2,51.02,False,10
SM-003,9,slow_moving,5,40.6,True,10
SM-003,10,slow_moving,1,51.02,False,10
SM-003,11,slow_moving,2,51.02,False,10
SM-003,12,slow_moving,1,51.02,False,10
SM-003,13,slow_moving,0,51.02,False,10
SM-003,14,slow_moving,1,51.02,False,10
SM-003,15,slow_moving,1,51.02,False,10
SM-003,16,slow_moving,4,51.02,False,10
SM-003,17,slow_moving,0,51.02,False,10
SM-003,18,slow_moving,3,51.02,False,10
SM-003,19,slow_moving,2,51.02,False,10
SM-003,20,slow_moving,2,51.02,False,10
SM-003,21,slow_moving,4,51.02,False,10
SM-003,22,slow_moving,0,51.02,False,10
SM-003,23,slow_moving,2,51.02,False,10
SM-003,24,slow_moving,2,51.02,False,10
SM-003,25,slow_moving,3,51.02,False,10
SM-003,26,slow_moving,2,51.02,False,10
SM-003,27,slow_moving,2,51.02,False,10
SM-003,28,slow_moving,2,51.02,False,10
SM-003,29,slow_moving,2,51.02,False,10
SM-003,30,slow_moving,2,51.02,False,10
SM-003,31,slow_moving,3,51.02,False,10
SM-003,32,slow_moving,2,51.02,False,10
SM-003,33,slow_moving,2,51.02,False,10
SM-003,34,slow_moving,2,51.02,False,10
SM-003,35,slow_moving,2,51.02,False,10
SM-003,36,slow_moving,2,51.02,False,10
SM-003,37,slow_moving,2,51.02,False,10
SM-003,38,slow_moving,1,51.02,False,10
SM-003,39,slow_moving,2,51.02,False,10
SM-003,40,slow_moving,3,51.02,False,10
SM-003,41,slow_moving,1,51.02,False,10
SM-003,42,slow_moving,2,51.02,False,10
SM-003,43,slow_moving,2,51.02,False,10
SM-003,44,slow_moving,5,40.6,True,10
SM-003,45,slow_moving,1,51.02,False,10
SM-003,46,slow_moving,7,51.02,False,10
SM-003,47,slow_moving,3,51.02,False,10
SM-003,48,slow_moving,1,51.02,False,10
SM-003,49,slow_moving,3,51.02,False,10
SM-003,50,slow_moving,3,51.02,False,10
SM-003,51,slow_moving,1,40.6,True,10
SM-003,52,slow_moving,2,51.02,False,10
SM-003,53,slow_moving,1,51.02,False,10
SM-003,54,slow_moving,3,51.02,False,10
SM-003,55,slow_moving,5,51.02,False,10
SM-003,56,slow_moving,11,40.6,True,10
SM-003,57,slow_moving,2,51.02,False,10
SM-003,58,slow_moving,2,51.02,False,10
SM-003,59,slow_moving,3,51.02,False,10
SM-003,60,slow_moving,1,51.02,False,10
SM-003,61,slow_moving,2,51.02,False,10
SM-003,62,slow_moving,2,51.02,False,10
SM-003,63,slow_moving,1,51.02,False,10
SM-003,64,slow_moving,3,51.02,False,10
SM-003,65,slow_moving,1,51.02,False,10
SM-003,66,slow_moving,0,51.02,False,10
SM-003,67,slow_moving,3,51.02,False,10
SM-003,68,slow_moving,5,51.02,False,10
SM-003,69,slow_moving,2,51.02,False,10
SM-003,70,slow_moving,1,51.02,False,10
SM-003,71,slow_moving,2,51.02,False,10
SM-003,72,slow_moving,1,51.02,False,10
SM-003,73,slow_moving,3,51.02,False,10
SM-003,74,slow_moving,1,51.02,False,10
SM-003,75,slow_moving,16,40.6,True,10
SM-003,76,slow_moving,4,51.02,False,10
SM-003,77,slow_moving,1,51.02,False,10
SM-003,78,slow_moving,1,51.02,False,10
SM-003,79,slow_moving,5,51.02,False,10
SM-003,80,slow_moving,1,51.02,False,10
SM-003,81,slow_moving,3,51.02,False,10
SM-003,82,slow_moving,1,51.02,False,10
SM-003,83,slow_moving,1,51.02,False,10
SM-003,84,slow_moving,3,51.02,False,10
SM-003,85,slow_moving,2,51.02,False,10
SM-003,86,slow_moving,1,51.02,False,10
SM-003,87,slow_moving,1,51.02,False,10
SM-003,88,slow_moving,3,51.02,False,10
SM-003,89,slow_moving,3,51.02,False,10
SM-003,90,slow_moving,1,51.02,False,10
SM-003,91,slow_moving,1,51.02,False,10
SM-003,92,slow_moving,3,51.02,False,10
SM-003,93,slow_moving,4,51.02,False,10
SM-003,94,slow_moving,3,51.02,False,10
SM-003,95,slow_moving,4,51.02,False,10
SM-003,96,slow_moving,2,51.02,False,10
SM-003,97,slow_moving,1,51.02,False,10
SM-003,98,slow_moving,6,40.6,True,10
SM-003,99,slow_moving,1,51.02,False,10
SM-003,100,slow_moving,2,51.02,False,10
SM-003,101,slow_moving,3,51.02,False,10
SM-003,102,slow_moving,1,51.02,False,10
SM-003,103,slow_moving,4,51.02,False,10
SM-004,0,slow_moving,1,32.01,False,8
SM-004,1,slow_moving,8,32.01,False,8
SM-004,2,slow_moving,4,32.01,False,8
SM-004,3,slow_moving,3,32.01,False,8
SM-004,4,slow_moving,11,32.01,False,8
SM-004,5,slow_moving,5,32.01,False,8
SM-004,6,slow_moving,10,32.01,False,8
SM-004,7,slow_moving,7,32.01,False,8
SM-004,8,slow_moving,7,32.01,False,8
SM-004,9,slow_moving,3,32.01,False,8
SM-004,10,slow_moving,8,32.01,False,8
SM-004,11,slow_moving,5,32.01,False,8
SM-004,12,slow_moving,17,32.01,False,8
SM-004,13,slow_moving,3,32.01,False,8
SM-004,14,slow_moving,12,27.2,True,8
SM-004,15,slow_moving,7,32.01,False,8
SM-004,16,slow_moving,8,32.01,False,8
SM-004,17,slow_moving,11,32.01,False,8
SM-004,18,slow_moving,14,32.01,False,8
SM-004,19,slow_moving,2,32.01,False,8
SM-004,20,slow_moving,8,32.01,False,8
SM-004,21,slow_moving,3,32.01,False,8
SM-004,22,slow_moving,4,32.01,False,8
SM-004,23,slow_moving,2,32.01,False,8
SM-004,24,slow_moving,10,32.01,False,8
SM-004,25,slow_moving,7,32.01,False,8
SM-004,26,slow_moving,5,32.01,False,8
SM-004,27,slow_moving,3,32.01,False,8
SM-004,28,slow_moving,13,32.01,False,8
SM-004,29,slow_moving,11,32.01,False,8
SM-004,30,slow_moving,8,32.01,False,8
SM-004,31,slow_moving,7,32.01,False,8
SM-004,32,slow_moving,8,32.01,False,8
SM-004,33,slow_moving,7,32.01,False,8
SM-004,34,slow_moving,6,32.01,False,8
SM-004,35,slow_moving,3,32.01,False,8
SM-004,36,slow_moving,3,32.01,False,8
SM-004,37,slow_moving,3,32.01,False,8
SM-004,38,slow_moving,10,32.01,False,8
SM-004,39,slow_moving,9,32.01,False,8
SM-004,40,slow_moving,15,32.01,False,8
SM-004,41,slow_moving,13,32.01,False,8
SM-004,42,slow_moving,8,32.01,False,8
SM-004,43,slow_moving,4,32.01,False,8
SM-004,44,slow_moving,4,32.01,False,8
SM-004,45,slow_moving,5,32.01,False,8
SM-004,46,slow_moving,11,27.2,True,8
SM-004,47,slow_moving,4,32.01,False,8
SM-004,48,slow_moving,2,32.01,False,8
SM-004,49,slow_moving,2,32.01,False,8
SM-004,50,slow_moving,3,32.01,False,8
SM-004,51,slow_moving,9,32.01,False,8
SM-004,52,slow_moving,6,32.01,False,8
SM-004,53,slow_moving,18,27.2,True,8
SM-004,54,slow_moving,8,32.01,False,8
SM-004,55,slow_moving,12,32.01,False,8
SM-004,56,slow_moving,2,32.01,False,8
SM-004,57,slow_moving,2,32.01,False,8
SM-004,58,slow_moving,8,32.01,False,8
SM-004,59,slow_moving,6,32.01,False,8
SM-004,60,slow_moving,18,32.01,False,8
SM-004,61,slow_moving,5,27.2,True,8
SM-004,62,slow_moving,12,32.01,False,8
SM-004,63,slow_moving,2,32.01,False,8
SM-004,64,slow_moving,18,32.01,False,8
SM-004,65,slow_moving,20,27.2,True,8
SM-004,66,slow_moving,3,32.01,False,8
SM-004,67,slow_moving,4,32.01,False,8
SM-004,68,slow_moving,4,32.01,False,8
SM-004,69,slow_moving,3,32.01,False,8
SM-004,70,slow_moving,8,32.01,False,8
SM-004,71,slow_moving,6,32.01,False,8
SM-004,72,slow_moving,3,32.01,False,8
SM-004,73,slow_moving,1,32.01,False,8
SM-004,74,slow_moving,6,32.01,False,8
SM-004,75,slow_moving,9,32.01,False,8
SM-004,76,slow_moving,4,32.01,False,8
SM-004,77,slow_moving,8,32.01,False,8
SM-004,78,slow_moving,0,32.01,False,8
SM-004,79,slow_moving,3,32.01,False,8
SM-004,80,slow_moving,6,32.01,False,8
SM-004,81,slow_moving,10,32.01,False,8
SM-004,82,slow_moving,7,32.01,False,8
SM-004,83,slow_moving,1,32.01,False,8
SM-004,84,slow_moving,7,32.01,False,8
SM-004,85,slow_moving,8,27.2,True,8
SM-004,86,slow_moving,6,32.01,False,8
SM-004,87,slow_moving,9,32.01,False,8
SM-004,88,slow_moving,9,27.2,True,8
SM-004,89,slow_moving,11,32.01,False,8
SM-004,90,slow_moving,6,32.01,False,8
SM-004,91,slow_moving,7,32.01,False,8
SM-004,92,slow_moving,5,32.01,False,8
SM-004,93,slow_moving,5,32.01,False,8
SM-004,94,slow_moving,4,32.01,False,8
SM-004,95,slow_moving,5,32.01,False,8
SM-004,96,slow_moving,3,32.01,False,8
SM-004,97,slow_moving,10,32.01,False,8
SM-004,98,slow_moving,2,32.01,False,8
SM-004,99,slow_moving,7,32.01,False,8
SM-004,100,slow_moving,8,32.01,False,8
SM-004,101,slow_moving,13,32.01,False,8
SM-004,102,slow_moving,11,32.01,False,8
SM-004,103,slow_moving,11,32.01,False,8
SM-005,0,slow_moving,2,40.18,False,9
SM-005,1,slow_moving,4,40.18,False,9
SM-005,2,slow_moving,3,40.18,False,9
SM-005,3,slow_moving,4,40.18,False,9
SM-005,4,slow_moving,3,31.07,True,9
SM-005,5,slow_moving,15,31.07,True,9
SM-005,6,slow_moving,7,40.18,False,9
SM-005,7,slow_moving,3,40.18,False,9
SM-005,8,slow_moving,6,40.18,False,9
SM-005,9,slow_moving,3,40.18,False,9
SM-005,10,slow_moving,1,40.18,False,9
SM-005,11,slow_moving,2,40.18,False,9
SM-005,12,slow_moving,4,40.18,False,9
SM-005,13,slow_moving,2,40.18,False,9
SM-005,14,slow_moving,4,40.18,False,9
SM-005,15,slow_moving,6,31.07,True,9
SM-005,16,slow_moving,6,40.18,False,9
SM-005,17,slow_moving,6,40.18,False,9
SM-005,18,slow_moving,4,40.18,False,9
SM-005,19,slow_moving,4,40.18,False,9
SM-005,20,slow_moving,5,31.07,True,9
SM-005,21,slow_moving,6,31.07,True,9
SM-005,22,slow_moving,3,40.18,False,9
SM-005,23,slow_moving,3,40.18,False,9
SM-005,24,slow_moving,4,40.18,False,9
SM-005,25,slow_moving,4,31.07,True,9
SM-005,26,slow_moving,3,40.18,False,9
SM-005,27,slow_moving,3,40.18,False,9
SM-005,28,slow_moving,4,40.18,False,9
SM-005,29,slow_moving,5,40.18,False,9
SM-005,30,slow_moving,5,40.18,False,9
SM-005,31,slow_moving,4,40.18,False,9
SM-005,32,slow_moving,3,40.18,False,9
SM-005,33,slow_moving,4,40.18,False,9
SM-005,34,slow_moving,4,40.18,False,9
SM-005,35,slow_moving,3,40.18,False,9
SM-005,36,slow_moving,8,40.18,False,9
SM-005,37,slow_moving,14,31.07,True,9
SM-005,38,slow_moving,1,40.18,False,9
SM-005,39,slow_moving,2,40.18,False,9
SM-005,40,slow_moving,10,40.18,False,9
SM-005,41,slow_moving,4,40.18,False,9
SM-005,42,slow_moving,2,31.07,True,9
SM-005,43,slow_moving,6,40.18,False,9
SM-005,44,slow_moving,5,40.18,False,9
SM-005,45,slow_moving,3,40.18,False,9
SM-005,46,slow_moving,5,40.18,False,9
SM-005,47,slow_moving,7,40.18,False,9
SM-005,48,slow_moving,20,31.07,True,9
SM-005,49,slow_moving,1,40.18,False,9
SM-005,50,slow_moving,5,40.18,False,9
SM-005,51,slow_moving,8,40.18,False,9
SM-005,52,slow_moving,2,40.18,False,9
SM-005,53,slow_moving,9,40.18,False,9
SM-005,54,slow_moving,7,40.18,False,9
SM-005,55,slow_moving,5,40.18,False,9
SM-005,56,slow_moving,3,40.18,False,9
SM-005,57,slow_moving,2,40.18,False,9
SM-005,58,slow_moving,4,40.18,False,9
SM-005,59,slow_moving,4,40.18,False,9
SM-005,60,slow_moving,9,40.18,False,9
SM-005,61,slow_moving,4,40.18,False,9
SM-005,62,slow_moving,3,40.18,False,9
SM-005,63,slow_moving,7,40.18,False,9
SM-005,64,slow_moving,9,40.18,False,9
SM-005,65,slow_moving,2,40.18,False,9
SM-005,66,slow_moving,8,40.18,False,9
SM-005,67,slow_moving,4,40.18,False,9
SM-005,68,slow_moving,9,31.07,True,9
SM-005,69,slow_moving,1,40.18,False,9
SM-005,70,slow_moving,3,40.18,False,9
SM-005,71,slow_moving,8,40.18,False,9
SM-005,72,slow_moving,4,40.18,False,9
SM-005,73,slow_moving,2,40.18,False,9
SM-005,74,slow_moving,9,31.07,True,9
SM-005,75,slow_moving,4,40.18,False,9
SM-005,76,slow_moving,3,40.18,False,9
SM-005,77,slow_moving,4,40.18,False,9
SM-005,78,slow_moving,3,40.18,False,9
SM-005,79,slow_moving,3,40.18,False,9
SM-005,80,slow_moving,5,40.18,False,9
SM-005,81,slow_moving,0,40.18,False,9
SM-005,82,slow_moving,1,40.18,False,9
SM-005,83,slow_moving,4,40.18,False,9
SM-005,84,slow_moving,1,40.18,False,9
SM-005,85,slow_moving,4,40.18,False,9
SM-005,86,slow_moving,11,40.18,False,9
SM-005,87,slow_moving,4,31.07,True,9
SM-005,88,slow_moving,1,40.18,False,9
SM-005,89,slow_moving,1,40.18,False,9
SM-005,90,slow_moving,4,40.18,False,9
SM-005,91,slow_moving,5,40.18,False,9
SM-005,92,slow_moving,6,40.18,False,9
SM-005,93,slow_moving,3,40.18,False,9
SM-005,94,slow_moving,4,40.18,False,9
SM-005,95,slow_moving,3,40.18,False,9
SM-005,96,slow_moving,0,40.18,False,9
SM-005,97,slow_moving,1,40.18,False,9
SM-005,98,slow_moving,3,40.18,False,9
SM-005,99,slow_moving,2,40.18,False,9
SM-005,100,slow_moving,7,40.18,False,9
SM-005,101,slow_moving,3,40.18,False,9
SM-005,102,slow_moving,9,40.18,False,9
SM-005,103,slow_moving,3,40.18,False,9
SM-006,0,slow_moving,9,36.98,False,10
SM-006,1,slow_moving,3,36.98,False,10
SM-006,2,slow_moving,2,36.98,False,10
SM-006,3,slow_moving,1,36.98,False,10
SM-006,4,slow_moving,8,36.98,False,10
SM-006,5,slow_moving,17,30.85,True,10
SM-006,6,slow_moving,11,36.98,False,10
SM-006,7,slow_moving,6,36.98,False,10
SM-006,8,slow_moving,3,36.98,False,10
SM-006,9,slow_moving,0,36.98,False,10
SM-006,10,slow_moving,2,36.98,False,10
SM-006,11,slow_moving,2,36.98,False,10
SM-006,12,slow_moving,7,30.85,True,10
SM-006,13,slow_moving,3,36.98,False,10
SM-006,14,slow_moving,2,36.98,False,10
SM-006,15,slow_moving,6,36.98,False,10
SM-006,16,slow_moving,6,36.98,False,10
SM-006,17,slow_moving,2,36.98,False,10
SM-006,18,slow_moving,2,36.98,False,10
SM-006,19,slow_moving,7,36.98,False,10
SM-006,20,slow_moving,5,36.98,False,10
SM-006,21,slow_moving,3,36.98,False,10
SM-006,22,slow_moving,2,36.98,False,10
SM-006,23,slow_moving,5,36.98,False,10
SM-006,24,slow_moving,2,36.98,False,10
SM-006,25,slow_moving,5,36.98,False,10
SM-006,26,slow_moving,3,36.98,False,10
SM-006,27,slow_moving,3,36.98,False,10
SM-006,28,slow_moving,5,36.98,False,10
SM-006,29,slow_moving,3,36.98,False,10
SM-006,30,slow_moving,3,36.98,False,10
SM-006,31,slow_moving,2,36.98,False,10
SM-006,32,slow_moving,3,36.98,False,10
SM-006,33,slow_moving,5,36.98,False,10
SM-006,34,slow_moving,5,36.98,False,10
SM-006,35,slow_moving,3,36.98,False,10
SM-006,36,slow_moving,6,36.98,False,10
SM-006,37,slow_moving,6,36.98,False,10
SM-006,38,slow_moving,5,36.98,False,10
SM-006,39,slow_moving,14,30.85,True,10
SM-006,40,slow_moving,5,36.98,False,10
SM-006,41,slow_moving,2,36.98,False,10
SM-006,42,slow_moving,3,36.98,False,10
SM-006,43,slow_moving,2,36.98,False,10
SM-006,44,slow_moving,8,36.98,False,10
SM-006,45,slow_moving,2,36.98,False,10
SM-006,46,slow_moving,6,36.98,False,10
SM-006,47,slow_moving,6,36.98,False,10
SM-006,48,slow_moving,3,36.98,False,10
SM-006,49,slow_moving,1,36.98,False,10
SM-006,50,slow_moving,5,36.98,False,10
SM-006,51,slow_moving,3,36.98,False,10
SM-006,52,slow_moving,4,36.98,False,10
SM-006,53,slow_moving,1,36.98,False,10
SM-006,54,slow_moving,2,36.98,False,10
SM-006,55,slow_moving,1,36.98,False,10
SM-006,56,slow_moving,4,30.85,True,10
SM-006,57,slow_moving,0,36.98,False,10
SM-006,58,slow_moving,5,36.98,False,10
SM-006,59,slow_moving,3,36.98,False,10
SM-006,60,slow_moving,3,36.98,False,10
SM-006,61,slow_moving,10,30.85,True,10
SM-006,62,slow_moving,2,36.98,False,10
SM-006,63,slow_moving,3,36.98,False,10
SM-006,64,slow_moving,8,36.98,False,10
SM-006,65,slow_moving,4,36.98,False,10
SM-006,66,slow_moving,8,36.98,False,10
SM-006,67,slow_moving,2,36.98,False,10
SM-006,68,slow_moving,12,30.85,True,10
SM-006,69,slow_moving,3,36.98,False,10
SM-006,70,slow_moving,2,36.98,False,10
SM-006,71,slow_moving,5,36.98,False,10
SM-006,72,slow_moving,4,36.98,False,10
SM-006,73,slow_moving,3,36.98,False,10
SM-006,74,slow_moving,4,36.98,False,10
SM-006,75,slow_moving,6,36.98,False,10
SM-006,76,slow_moving,2,30.85,True,10
SM-006,77,slow_moving,6,36.98,False,10
SM-006,78,slow_moving,7,36.98,False,10
SM-006,79,slow_moving,12,30.85,True,10
SM-006,80,slow_moving,3,36.98,False,10
SM-006,81,slow_moving,2,36.98,False,10
SM-006,82,slow_moving,5,36.98,False,10
SM-006,83,slow_moving,1,36.98,False,10
SM-006,84,slow_moving,2,36.98,False,10
SM-006,85,slow_moving,4,36.98,False,10
SM-006,86,slow_moving,7,36.98,False,10
SM-006,87,slow_moving,6,36.98,False,10
SM-006,88,slow_moving,3,36.98,False,10
SM-006,89,slow_moving,7,36.98,False,10
SM-006,90,slow_moving,2,36.98,False,10
SM-006,91,slow_moving,7,36.98,False,10
SM-006,92,slow_moving,4,36.98,False,10
SM-006,93,slow_moving,6,36.98,False,10
SM-006,94,slow_moving,2,36.98,False,10
SM-006,95,slow_moving,4,36.98,False,10
SM-006,96,slow_moving,3,36.98,False,10
SM-006,97,slow_moving,1,36.98,False,10
SM-006,98,slow_moving,1,36.98,False,10
SM-006,99,slow_moving,3,36.98,False,10
SM-006,100,slow_moving,3,36.98,False,10
SM-006,101,slow_moving,1,36.98,False,10
SM-006,102,slow_moving,2,36.98,False,10
SM-006,103,slow_moving,4,36.98,False,10
SM-007,0,slow_moving,6,30.83,False,10
SM-007,1,slow_moving,2,30.83,False,10
SM-007,2,slow_moving,2,30.83,False,10
SM-007,3,slow_moving,5,30.83,False,10
SM-007,4,slow_moving,10,30.83,False,10
SM-007,5,slow_moving,3,30.83,False,10
SM-007,6,slow_moving,8,30.83,False,10
SM-007,7,slow_moving,7,30.83,False,10
SM-007,8,slow_moving,6,30.83,False,10
SM-007,9,slow_moving,4,30.83,False,10
SM-007,10,slow_moving,4,30.83,False,10
SM-007,11,slow_moving,4,30.83,False,10
SM-007,12,slow_moving,4,30.83,False,10
SM-007,13,slow_moving,6,30.83,False,10
SM-007,14,slow_moving,3,30.83,False,10
SM-007,15,slow_moving,6,30.83,False,10
SM-007,16,slow_moving,9,30.83,False,10
SM-007,17,slow_moving,3,30.83,False,10
SM-007,18,slow_moving,0,30.83,False,10
SM-007,19,slow_moving,4,30.83,False,10
SM-007,20,slow_moving,9,30.83,False,10
SM-007,21,slow_moving,2,30.83,False,10
SM-007,22,slow_moving,14,25.54,True,10
SM-007,23,slow_moving,12,30.83,False,10
SM-007,24,slow_moving,7,30.83,False,10
SM-007,25,slow_moving,3,30.83,False,10
SM-007,26,slow_moving,0,30.83,False,10
SM-007,27,slow_moving,10,30.83,False,10
SM-007,28,slow_moving,6,30.83,False,10
SM-007,29,slow_moving,1,30.83,False,10
SM-007,30,slow_moving,3,30.83,False,10
SM-007,31,slow_moving,4,30.83,False,10
SM-007,32,slow_moving,12,30.83,False,10
SM-007,33,slow_moving,7,30.83,False,10
SM-007,34,slow_moving,8,30.83,False,10
SM-007,35,slow_moving,7,30.83,False,10
SM-007,36,slow_moving,0,30.83,False,10
SM-007,37,slow_moving,2,30.83,False,10
SM-007,38,slow_moving,5,30.83,False,10
SM-007,39,slow_moving,4,30.83,False,10
SM-007,40,slow_moving,2,30.83,False,10
SM-007,41,slow_moving,4,30.83,False,10
SM-007,42,slow_moving,2,30.83,False,10
SM-007,43,slow_moving,11,25.54,True,10
SM-007,44,slow_moving,7,30.83,False,10
SM-007,45,slow_moving,2,30.83,False,10
SM-007,46,slow_moving,3,30.83,False,10
SM-007,47,slow_moving,1,30.83,False,10
SM-007,48,slow_moving,2,30.83,False,10
SM-007,49,slow_moving,7,30.83,False,10
SM-007,50,slow_moving,4,30.83,False,10
SM-007,51,slow_moving,5,30.83,False,10
SM-007,52,slow_moving,10,30.83,False,10
SM-007,53,slow_moving,3,30.83,False,10
SM-007,54,slow_moving,6,30.83,False,10
SM-007,55,slow_moving,7,30.83,False,10
SM-007,56,slow_moving,4,30.83,False,10
SM-007,57,slow_moving,4,30.83,False,10
SM-007,58,slow_moving,6,30.83,False,10
SM-007,59,slow_moving,4,30.83,False,10
SM-007,60,slow_moving,1,30.83,False,10
SM-007,61,slow_moving,3,30.83,False,10
SM-007,62,slow_moving,4,30.83,False,10
SM-007,63,slow_moving,9,30.83,False,10
SM-007,64,slow_moving,7,30.83,False,10
SM-007,65,slow_moving,6,30.83,False,10
SM-007,66,slow_moving,10,25.54,True,10
SM-007,67,slow_moving,0,30.83,False,10
SM-007,68,slow_moving,7,30.83,False,10
SM-007,69,slow_moving,4,30.83,False,10
SM-007,70,slow_moving,3,30.83,False,10
SM-007,71,slow_moving,6,25.54,True,10
SM-007,72,slow_moving,7,30.83,False,10
SM-007,73,slow_moving,2,30.83,False,10
SM-007,74,slow_moving,2,30.83,False,10
SM-007,75,slow_moving,2,30.83,False,10
SM-007,76,slow_moving,6,30.83,False,10
SM-007,77,slow_moving,10,30.83,False,10
SM-007,78,slow_moving,8,30.83,False,10
SM-007,79,slow_moving,3,30.83,False,10
SM-007,80,slow_moving,4,30.83,False,10
SM-007,81,slow_moving,1,30.83,False,10
SM-007,82,slow_moving,7,30.83,False,10
SM-007,83,slow_moving,0,30.83,False,10
SM-007,84,slow_moving,2,30.83,False,10
SM-007,85,slow_moving,3,30.83,False,10
SM-007,86,slow_moving,2,30.83,False,10
SM-007,87,slow_moving,2,30.83,False,10
SM-007,88,slow_moving,3,30.83,False,10
SM-007,89,slow_moving,2,30.83,False,10
SM-007,90,slow_moving,2,30.83,False,10
SM-007,91,slow_moving,3,30.83,False,10
SM-007,92,slow_moving,8,30.83,False,10
SM-007,93,slow_moving,5,30.83,False,10
SM-007,94,slow_moving,3,30.83,False,10
SM-007,95,slow_moving,2,30.83,False,10
SM-007,96,slow_moving,9,30.83,False,10
SM-007,97,slow_moving,5,30.83,False,10
SM-007,98,slow_moving,5,30.83,False,10
SM-007,99,slow_moving,4,30.83,False,10
SM-007,100,slow_moving,3,30.83,False,10
SM-007,101,slow_moving,5,30.83,False,10
SM-007,102,slow_moving,5,25.54,True,10
SM-007,103,slow_moving,2,30.83,False,10
SM-008,0,slow_moving,5,23.69,False,9
SM-008,1,slow_moving,4,23.69,False,9
SM-008,2,slow_moving,5,23.69,False,9
SM-008,3,slow_moving,5,23.69,False,9
SM-008,4,slow_moving,10,23.69,False,9
SM-008,5,slow_moving,13,23.69,False,9
SM-008,6,slow_moving,6,23.69,False,9
SM-008,7,slow_moving,4,23.69,False,9
SM-008,8,slow_moving,1,23.69,False,9
SM-008,9,slow_moving,3,23.69,False,9
SM-008,10,slow_moving,6,23.69,False,9
SM-008,11,slow_moving,12,23.69,False,9
SM-008,12,slow_moving,15,18.91,True,9
SM-008,13,slow_moving,4,23.69,False,9
SM-008,14,slow_moving,5,23.69,False,9
SM-008,15,slow_moving,2,23.69,False,9
SM-008,16,slow_moving,6,23.69,False,9
SM-008,17,slow_moving,13,23.69,False,9
SM-008,18,slow_moving,10,18.91,True,9
SM-008,19,slow_moving,4,23.69,False,9
SM-008,20,slow_moving,8,23.69,False,9
SM-008,21,slow_moving,16,18.91,True,9
SM-008,22,slow_moving,12,23.69,False,9
SM-008,23,slow_moving,5,23.69,False,9
SM-008,24,slow_moving,5,23.69,False,9
SM-008,25,slow_moving,5,23.69,False,9
SM-008,26,slow_moving,3,23.69,False,9
SM-008,27,slow_moving,7,23.69,False,9
SM-008,28,slow_moving,19,23.69,False,9
SM-008,29,slow_moving,2,23.69,False,9
SM-008,30,slow_moving,12,23.69,False,9
SM-008,31,slow_moving,1,23.69,False,9
SM-008,32,slow_moving,10,23.69,False,9
SM-008,33,slow_moving,0,23.69,False,9
SM-008,34,slow_moving,8,23.69,False,9
SM-008,35,slow_moving,6,23.69,False,9
SM-008,36,slow_moving,10,23.69,False,9
SM-008,37,slow_moving,9,23.69,False,9
SM-008,38,slow_moving,6,18.91,True,9
SM-008,39,slow_moving,14,23.69,False,9
SM-008,40,slow_moving,7,23.69,False,9
SM-008,41,slow_moving,5,23.69,False,9
SM-008,42,slow_moving,2,23.69,False,9
SM-008,43,slow_moving,5,23.69,False,9
SM-008,44,slow_moving,10,23.69,False,9
SM-008,45,slow_moving,2,23.69,False,9
SM-008,46,slow_moving,10,23.69,False,9
SM-008,47,slow_moving,6,23.69,False,9
SM-008,48,slow_moving,2,23.69,False,9
SM-008,49,slow_moving,7,23.69,False,9
SM-008,50,slow_moving,5,23.69,False,9
SM-008,51,slow_moving,10,23.69,False,9
SM-008,52,slow_moving,12,23.69,False,9
SM-008,53,slow_moving,6,23.69,False,9
SM-008,54,slow_moving,6,23.69,False,9
SM-008,55,slow_moving,9,23.69,False,9
SM-008,56,slow_moving,6,23.69,False,9
SM-008,57,slow_moving,6,23.69,False,9
SM-008,58,slow_moving,1,23.69,False,9
SM-008,59,slow_moving,7,23.69,False,9
SM-008,60,slow_moving,9,23.69,False,9
SM-008,61,slow_moving,2,23.69,False,9
SM-008,62,slow_moving,5,23.69,False,9
SM-008,63,slow_moving,1,23.69,False,9
SM-008,64,slow_moving,13,18.91,True,9
SM-008,65,slow_moving,10,23.69,False,9
SM-008,66,slow_moving,5,23.69,False,9
SM-008,67,slow_moving,8,23.69,False,9
SM-008,68,slow_moving,11,23.69,False,9
SM-008,69,slow_moving,3,23.69,False,9
SM-008,70,slow_moving,6,23.69,False,9
SM-008,71,slow_moving,9,23.69,False,9
SM-008,72,slow_moving,9,23.69,False,9
SM-008,73,slow_moving,2,23.69,False,9
SM-008,74,slow_moving,8,23.69,False,9
SM-008,75,slow_moving,11,23.69,False,9
SM-008,76,slow_moving,15,23.69,False,9
SM-008,77,slow_moving,4,23.69,False,9
SM-008,78,slow_moving,6,23.69,False,9
SM-008,79,slow_moving,5,23.69,False,9
SM-008,80,slow_moving,2,23.69,False,9
SM-008,81,slow_moving,7,23.69,False,9
SM-008,82,slow_moving,1,23.69,False,9
SM-008,83,slow_moving,4,23.69,False,9
SM-008,84,slow_moving,10,23.69,False,9
SM-008,85,slow_moving,17,18.91,True,9
SM-008,86,slow_moving,7,23.69,False,9
SM-008,87,slow_moving,7,23.69,False,9
SM-008,88,slow_moving,17,18.91,True,9
SM-008,89,slow_moving,7,23.69,False,9
SM-008,90,slow_moving,19,18.91,True,9
SM-008,91,slow_moving,14,18.91,True,9
SM-008,92,slow_moving,15,23.69,False,9
SM-008,93,slow_moving,4,23.69,False,9
SM-008,94,slow_moving,7,23.69,False,9
SM-008,95,slow_moving,13,23.69,False,9
SM-008,96,slow_moving,23,18.91,True,9
SM-008,97,slow_moving,6,23.69,False,9
SM-008,98,slow_moving,6,23.69,False,9
SM-008,99,slow_moving,5,23.69,False,9
SM-008,100,slow_moving,6,23.69,False,9
SM-008,101,slow_moving,1,23.69,False,9
SM-008,102,slow_moving,5,23.69,False,9
SM-008,103,slow_moving,9,23.69,False,9
SM-009,0,slow_moving,7,22.56,False,7
SM-009,1,slow_moving,6,22.56,False,7
SM-009,2,slow_moving,7,18.22,True,7
SM-009,3,slow_moving,4,18.22,True,7
SM-009,4,slow_moving,4,22.56,False,7
SM-009,5,slow_moving,6,22.56,False,7
SM-009,6,slow_moving,3,22.56,False,7
SM-009,7,slow_moving,6,22.56,False,7
SM-009,8,slow_moving,5,22.56,False,7
SM-009,9,slow_moving,3,22.56,False,7
SM-009,10,slow_moving,0,22.56,False,7
SM-009,11,slow_moving,4,22.56,False,7
SM-009,12,slow_moving,6,22.56,False,7
SM-009,13,slow_moving,7,22.56,False,7
SM-009,14,slow_moving,7,22.56,False,7
SM-009,15,slow_moving,3,22.56,False,7
SM-009,16,slow_moving,6,22.56,False,7
SM-009,17,slow_moving,2,22.56,False,7
SM-009,18,slow_moving,11,18.22,True,7
SM-009,19,slow_moving,4,22.56,False,7
SM-009,20,slow_moving,11,18.22,True,7
SM-009,21,slow_moving,3,22.56,False,7
SM-009,22,slow_moving,2,22.56,False,7
SM-009,23,slow_moving,4,22.56,False,7
SM-009,24,slow_moving,4,22.56,False,7
SM-009,25,slow_moving,5,22.56,False,7
SM-009,26,slow_moving,2,22.56,False,7
SM-009,27,slow_moving,3,22.56,False,7
SM-009,28,slow_moving,4,22.56,False,7
SM-009,29,slow_moving,8,22.56,False,7
SM-009,30,slow_moving,2,22.56,False,7
SM-009,31,slow_moving,2,22.56,False,7
SM-009,32,slow_moving,2,22.56,False,7
SM-009,33,slow_moving,7,18.22,True,7
SM-009,34,slow_moving,1,22.56,False,7
SM-009,35,slow_moving,5,22.56,False,7
SM-009,36,slow_moving,7,22.56,False,7
SM-009,37,slow_moving,2,22.56,False,7
SM-009,38,slow_moving,7,22.56,False,7
SM-009,39,slow_moving,5,22.56,False,7
SM-009,40,slow_moving,2,22.56,False,7
SM-009,41,slow_moving,6,22.56,False,7
SM-009,42,slow_moving,3,22.56,False,7
SM-009,43,slow_moving,3,22.56,False,7
SM-009,44,slow_moving,4,22.56,False,7
SM-009,45,slow_moving,1,22.56,False,7
SM-009,46,slow_moving,2,22.56,False,7
SM-009,47,slow_moving,8,22.56,False,7
SM-009,48,slow_moving,7,22.56,False,7
SM-009,49,slow_moving,8,22.56,False,7
SM-009,50,slow_moving,4,22.56,False,7
SM-009,51,slow_moving,4,22.56,False,7
SM-009,52,slow_moving,5,22.56,False,7
SM-009,53,slow_moving,1,22.56,False,7
SM-009,54,slow_moving,4,22.56,False,7
SM-009,55,slow_moving,6,22.56,False,7
SM-009,56,slow_moving,4,22.56,False,7
SM-009,57,slow_moving,3,22.56,False,7
SM-009,58,slow_moving,5,22.56,False,7
SM-009,59,slow_moving,4,22.56,False,7
SM-009,60,slow_moving,4,22.56,False,7
SM-009,61,slow_moving,5,22.56,False,7
SM-009,62,slow_moving,5,22.56,False,7
SM-009,63,slow_moving,2,22.56,False,7
SM-009,64,slow_moving,5,22.56,False,7
SM-009,65,slow_moving,6,22.56,False,7
SM-009,66,slow_moving,12,22.56,False,7
SM-009,67,slow_moving,3,22.56,False,7
SM-009,68,slow_moving,2,22.56,False,7
SM-009,69,slow_moving,2,22.56,False,7
SM-009,70,slow_moving,6,22.56,False,7
SM-009,71,slow_moving,1,22.56,False,7
SM-009,72,slow_moving,3,22.56,False,7
SM-009,73,slow_moving,5,22.56,False,7
SM-009,74,slow_moving,2,22.56,False,7
SM-009,75,slow_moving,5,22.56,False,7
SM-009,76,slow_moving,8,22.56,False,7
SM-009,77,slow_moving,2,22.56,False,7
SM-009,78,slow_moving,6,22.56,False,7
SM-009,79,slow_moving,3,22.56,False,7
SM-009,80,slow_moving,3,22.56,False,7
SM-009,81,slow_moving,11,18.22,True,7
SM-009,82,slow_moving,4,22.56,False,7
SM-009,83,slow_moving,0,22.56,False,7
SM-009,84,slow_moving,3,22.56,False,7
SM-009,85,slow_moving,8,22.56,False,7
SM-009,86,slow_moving,3,22.56,False,7
SM-009,87,slow_moving,4,22.56,False,7
SM-009,88,slow_moving,11,18.22,True,7
SM-009,89,slow_moving,1,22.56,False,7
SM-009,90,slow_moving,2,22.56,False,7
SM-009,91,slow_moving,4,22.56,False,7
SM-009,92,slow_moving,3,22.56,False,7
SM-009,93,slow_moving,4,22.56,False,7
SM-009,94,slow_moving,5,18.22,True,7
SM-009,95,slow_moving,3,22.56,False,7
SM-009,96,slow_moving,3,22.56,False,7
SM-009,97,slow_moving,1,22.56,False,7
SM-009,98,slow_moving,5,22.56,False,7
SM-009,99,slow_moving,4,22.56,False,7
SM-009,100,slow_moving,1,22.56,False,7
SM-009,101,slow_moving,6,22.56,False,7
SM-009,102,slow_moving,5,22.56,False,7
SM-009,103,slow_moving,2,22.56,False,7
SM-010,0,slow_moving,11,26.01,True,6
SM-010,1,slow_moving,7,32.92,False,6
SM-010,2,slow_moving,6,32.92,False,6
SM-010,3,slow_moving,2,32.92,False,6
SM-010,4,slow_moving,1,32.92,False,6
SM-010,5,slow_moving,3,32.92,False,6
SM-010,6,slow_moving,23,32.92,False,6
SM-010,7,slow_moving,3,32.92,False,6
SM-010,8,slow_moving,8,32.92,False,6
SM-010,9,slow_moving,5,32.92,False,6
SM-010,10,slow_moving,14,32.92,False,6
SM-010,11,slow_moving,1,32.92,False,6
SM-010,12,slow_moving,8,32.92,False,6
SM-010,13,slow_moving,6,32.92,False,6
SM-010,14,slow_moving,14,32.92,False,6
SM-010,15,slow_moving,0,32.92,False,6
SM-010,16,slow_moving,3,32.92,False,6
SM-010,17,slow_moving,2,32.92,False,6
SM-010,18,slow_moving,24,26.01,True,6
SM-010,19,slow_moving,6,32.92,False,6
SM-010,20,slow_moving,2,32.92,False,6
SM-010,21,slow_moving,5,32.92,False,6
SM-010,22,slow_moving,6,32.92,False,6
SM-010,23,slow_moving,14,32.92,False,6
SM-010,24,slow_moving,5,32.92,False,6
SM-010,25,slow_moving,9,32.92,False,6
SM-010,26,slow_moving,10,32.92,False,6
SM-010,27,slow_moving,3,32.92,False,6
SM-010,28,slow_moving,1,32.92,False,6
SM-010,29,slow_moving,6,32.92,False,6
SM-010,30,slow_moving,4,32.92,False,6
SM-010,31,slow_moving,5,32.92,False,6
SM-010,32,slow_moving,3,32.92,False,6
SM-010,33,slow_moving,6,32.92,False,6
SM-010,34,slow_moving,13,32.92,False,6
SM-010,35,slow_moving,3,32.92,False,6
SM-010,36,slow_moving,2,32.92,False,6
SM-010,37,slow_moving,1,32.92,False,6
SM-010,38,slow_moving,14,32.92,False,6
SM-010,39,slow_moving,9,32.92,False,6
SM-010,40,slow_moving,7,32.92,False,6
SM-010,41,slow_moving,9,26.01,True,6
SM-010,42,slow_moving,3,32.92,False,6
SM-010,43,slow_moving,4,32.92,False,6
SM-010,44,slow_moving,2,32.92,False,6
SM-010,45,slow_moving,5,32.92,False,6
SM-010,46,slow_moving,10,32.92,False,6
SM-010,47,slow_moving,0,32.92,False,6
SM-010,48,slow_moving,7,32.92,False,6
SM-010,49,slow_moving,8,32.92,False,6
SM-010,50,slow_moving,0,32.92,False,6
SM-010,51,slow_moving,2,32.92,False,6
SM-010,52,slow_moving,5,32.92,False,6
SM-010,53,slow_moving,5,32.92,False,6
SM-010,54,slow_moving,4,32.92,False,6
SM-010,55,slow_moving,3,32.92,False,6
SM-010,56,slow_moving,3,32.92,False,6
SM-010,57,slow_moving,5,32.92,False,6
SM-010,58,slow_moving,1,32.92,False,6
SM-010,59,slow_moving,4,32.92,False,6
SM-010,60,slow_moving,8,32.92,False,6
SM-010,61,slow_moving,3,32.92,False,6
SM-010,62,slow_moving,12,32.92,False,6
SM-010,63,slow_moving,9,32.92,False,6
SM-010,64,slow_moving,11,32.92,False,6
SM-010,65,slow_moving,4,32.92,False,6
SM-010,66,slow_moving,3,32.92,False,6
SM-010,67,slow_moving,12,32.92,False,6
SM-010,68,slow_moving,6,32.92,False,6
SM-010,69,slow_moving,7,26.01,True,6
SM-010,70,slow_moving,7,32.92,False,6
SM-010,71,slow_moving,2,32.92,False,6
SM-010,72,slow_moving,5,32.92,False,6
SM-010,73,slow_moving,5,32.92,False,6
SM-010,74,slow_moving,5,32.92,False,6
SM-010,75,slow_moving,6,32.92,False,6
SM-010,76,slow_moving,8,32.92,False,6
SM-010,77,slow_moving,0,32.92,False,6
SM-010,78,slow_moving,2,32.92,False,6
SM-010,79,slow_moving,1,32.92,False,6
SM-010,80,slow_moving,10,32.92,False,6
SM-010,81,slow_moving,3,32.92,False,6
SM-010,82,slow_moving,14,32.92,False,6
SM-010,83,slow_moving,4,32.92,False,6
SM-010,84,slow_moving,4,32.92,False,6
SM-010,85,slow_moving,4,32.92,False,6
SM-010,86,slow_moving,4,32.92,False,6
SM-010,87,slow_moving,5,32.92,False,6
SM-010,88,slow_moving,4,32.92,False,6
SM-010,89,slow_moving,9,32.92,False,6
SM-010,90,slow_moving,5,32.92,False,6
SM-010,91,slow_moving,8,26.01,True,6
SM-010,92,slow_moving,6,32.92,False,6
SM-010,93,slow_moving,7,32.92,False,6
SM-010,94,slow_moving,9,32.92,False,6
SM-010,95,slow_moving,6,32.92,False,6
SM-010,96,slow_moving,3,32.92,False,6
SM-010,97,slow_moving,4,32.92,False,6
SM-010,98,slow_moving,8,26.01,True,6
SM-010,99,slow_moving,2,32.92,False,6
SM-010,100,slow_moving,3,32.92,False,6
SM-010,101,slow_moving,9,32.92,False,6
SM-010,102,slow_moving,5,32.92,False,6
SM-010,103,slow_moving,9,32.92,False,6
SM-011,0,slow_moving,9,22.83,True,7
SM-011,1,slow_moving,3,30.23,False,7
SM-011,2,slow_moving,5,30.23,False,7
SM-011,3,slow_moving,2,30.23,False,7
SM-011,4,slow_moving,5,30.23,False,7
SM-011,5,slow_moving,3,30.23,False,7
SM-011,6,slow_moving,3,30.23,False,7
SM-011,7,slow_moving,2,22.83,True,7
SM-011,8,slow_moving,2,30.23,False,7
SM-011,9,slow_moving,4,30.23,False,7
SM-011,10,slow_moving,1,30.23,False,7
SM-011,11,slow_moving,4,30.23,False,7
SM-011,12,slow_moving,5,22.83,True,7
SM-011,13,slow_moving,4,30.23,False,7
SM-011,14,slow_moving,4,22.83,True,7
SM-011,15,slow_moving,0,30.23,False,7
SM-011,16,slow_moving,1,30.23,False,7
SM-011,17,slow_moving,1,30.23,False,7
SM-011,18,slow_moving,5,30.23,False,7
SM-011,19,slow_moving,5,30.23,False,7
SM-011,20,slow_moving,2,30.23,False,7
SM-011,21,slow_moving,1,30.23,False,7
SM-011,22,slow_moving,2,30.23,False,7
SM-011,23,slow_moving,8,30.23,False,7
SM-011,24,slow_moving,4,30.23,False,7
SM-011,25,slow_moving,3,30.23,False,7
SM-011,26,slow_moving,1,30.23,False,7
SM-011,27,slow_moving,3,30.23,False,7
SM-011,28,slow_moving,4,30.23,False,7
SM-011,29,slow_moving,2,30.23,False,7
SM-011,30,slow_moving,3,30.23,False,7
SM-011,31,slow_moving,2,30.23,False,7
SM-011,32,slow_moving,4,30.23,False,7
SM-011,33,slow_moving,5,30.23,False,7
SM-011,34,slow_moving,1,30.23,False,7
SM-011,35,slow_moving,2,30.23,False,7
SM-011,36,slow_moving,8,30.23,False,7
SM-011,37,slow_moving,0,30.23,False,7
SM-011,38,slow_moving,2,30.23,False,7
SM-011,39,slow_moving,7,22.83,True,7
SM-011,40,slow_moving,2,30.23,False,7
SM-011,41,slow_moving,2,30.23,False,7
SM-011,42,slow_moving,3,30.23,False,7
SM-011,43,slow_moving,3,30.23,False,7
SM-011,44,slow_moving,5,30.23,False,7
SM-011,45,slow_moving,1,30.23,False,7
SM-011,46,slow_moving,2,30.23,False,7
SM-011,47,slow_moving,2,30.23,False,7
SM-011,48,slow_moving,6,30.23,False,7
SM-011,49,slow_moving,4,30.23,False,7
SM-011,50,slow_moving,2,30.23,False,7
SM-011,51,slow_moving,3,22.83,True,7
SM-011,52,slow_moving,3,30.23,False,7
SM-011,53,slow_moving,4,30.23,False,7
SM-011,54,slow_moving,2,30.23,False,7
SM-011,55,slow_moving,4,30.23,False,7
SM-011,56,slow_moving,3,30.23,False,7
SM-011,57,slow_moving,2,30.23,False,7
SM-011,58,slow_moving,6,30.23,False,7
SM-011,59,slow_moving,2,30.23,False,7
SM-011,60,slow_moving,4,30.23,False,7
SM-011,61,slow_moving,2,30.23,False,7
SM-011,62,slow_moving,14,22.83,True,7
SM-011,63,slow_moving,5,30.23,False,7
SM-011,64,slow_moving,2,30.23,False,7
SM-011,65,slow_moving,1,30.23,False,7
SM-011,66,slow_moving,4,30.23,False,7
SM-011,67,slow_moving,2,30.23,False,7
SM-011,68,slow_moving,3,30.23,False,7
SM-011,69,slow_moving,5,30.23,False,7
SM-011,70,slow_moving,3,30.23,False,7
SM-011,71,slow_moving,3,30.23,False,7
SM-011,72,slow_moving,4,30.23,False,7
SM-011,73,slow_moving,7,22.83,True,7
SM-011,74,slow_moving,1,30.23,False,7
SM-011,75,slow_moving,3,30.23,False,7
SM-011,76,slow_moving,2,30.23,False,7
SM-011,77,slow_moving,4,30.23,False,7
SM-011,78,slow_moving,3,30.23,False,7
SM-011,79,slow_moving,6,30.23,False,7
SM-011,80,slow_moving,0,30.23,False,7
SM-011,81,slow_moving,3,22.83,True,7
SM-011,82,slow_moving,5,30.23,False,7
SM-011,83,slow_moving,5,30.23,False,7
SM-011,84,slow_moving,5,30.23,False,7
SM-011,85,slow_moving,4,30.23,False,7
SM-011,86,slow_moving,1,30.23,False,7
SM-011,87,slow_moving,1,30.23,False,7
SM-011,88,slow_moving,3,30.23,False,7
SM-011,89,slow_moving,2,30.23,False,7
SM-011,90,slow_moving,8,22.83,True,7
SM-011,91,slow_moving,2,30.23,False,7
SM-011,92,slow_moving,4,30.23,False,7
SM-011,93,slow_moving,1,30.23,False,7
SM-011,94,slow_moving,4,30.23,False,7
SM-011,95,slow_moving,0,30.23,False,7
SM-011,96,slow_moving,5,30.23,False,7
SM-011,97,slow_moving,2,30.23,False,7
SM-011,98,slow_moving,2,30.23,False,7
SM-011,99,slow_moving,3,30.23,False,7
SM-011,100,slow_moving,2,30.23,False,7
SM-011,101,slow_moving,2,30.23,False,7
SM-011,102,slow_moving,1,30.23,False,7
SM-011,103,slow_moving,4,30.23,False,7
SM-012,0,slow_moving,7,37.06,False,10
SM-012,1,slow_moving,11,37.06,False,10
SM-012,2,slow_moving,2,37.06,False,10
SM-012,3,slow_moving,11,29.53,True,10
SM-012,4,slow_moving,7,37.06,False,10
SM-012,5,slow_moving,13,37.06,False,10
SM-012,6,slow_moving,4,37.06,False,10
SM-012,7,slow_moving,5,37.06,False,10
SM-012,8,slow_moving,4,37.06,False,10
SM-012,9,slow_moving,15,29.53,True,10
SM-012,10,slow_moving,4,37.06,False,10
SM-012,11,slow_moving,3,37.06,False,10
SM-012,12,slow_moving,9,37.06,False,10
SM-012,13,slow_moving,11,29.53,True,10
SM-012,14,slow_moving,1,29.53,True,10
SM-012,15,slow_moving,0,37.06,False,10
SM-012,16,slow_moving,3,37.06,False,10
SM-012,17,slow_moving,4,37.06,False,10
SM-012,18,slow_moving,4,37.06,False,10
SM-012,19,slow_moving,4,37.06,False,10
SM-012,20,slow_moving,4,37.06,False,10
SM-012,21,slow_moving,4,37.06,False,10
SM-012,22,slow_moving,4,37.06,False,10
SM-012,23,slow_moving,3,37.06,False,10
SM-012,24,slow_moving,4,37.06,False,10
SM-012,25,slow_moving,6,37.06,False,10
SM-012,26,slow_moving,9,37.06,False,10
SM-012,27,slow_moving,2,37.06,False,10
SM-012,28,slow_moving,7,37.06,False,10
SM-012,29,slow_moving,7,37.06,False,10
SM-012,30,slow_moving,6,37.06,False,10
SM-012,31,slow_moving,7,37.06,False,10
SM-012,32,slow_moving,6,37.06,False,10
SM-012,33,slow_moving,11,37.06,False,10
SM-012,34,slow_moving,1,37.06,False,10
SM-012,35,slow_moving,3,37.06,False,10
SM-012,36,slow_moving,11,37.06,False,10
SM-012,37,slow_moving,11,37.06,False,10
SM-012,38,slow_moving,10,37.06,False,10
SM-012,39,slow_moving,3,37.06,False,10
SM-012,40,slow_moving,8,37.06,False,10
SM-012,41,slow_moving,9,37.06,False,10
SM-012,42,slow_moving,13,29.53,True,10
SM-012,43,slow_moving,3,37.06,False,10
SM-012,44,slow_moving,12,29.53,True,10
SM-012,45,slow_moving,6,37.06,False,10
SM-012,46,slow_moving,8,37.06,False,10
SM-012,47,slow_moving,11,29.53,True,10
SM-012,48,slow_moving,5,37.06,False,10
SM-012,49,slow_moving,11,37.06,False,10
SM-012,50,slow_moving,6,37.06,False,10
SM-012,51,slow_moving,11,37.06,False,10
SM-012,52,slow_moving,9,37.06,False,10
SM-012,53,slow_moving,2,37.06,False,10
SM-012,54,slow_moving,2,37.06,False,10
SM-012,55,slow_moving,6,37.06,False,10
SM-012,56,slow_moving,4,37.06,False,10
SM-012,57,slow_moving,2,37.06,False,10
SM-012,58,slow_moving,5,29.53,True,10
SM-012,59,slow_moving,11,37.06,False,10
SM-012,60,slow_moving,2,37.06,False,10
SM-012,61,slow_moving,6,37.06,False,10
SM-012,62,slow_moving,6,37.06,False,10
SM-012,63,slow_moving,6,37.06,False,10
SM-012,64,slow_moving,5,37.06,False,10
SM-012,65,slow_moving,7,37.06,False,10
SM-012,66,slow_moving,12,37.06,False,10
SM-012,67,slow_moving,9,37.06,False,10
SM-012,68,slow_moving,6,29.53,True,10
SM-012,69,slow_moving,8,37.06,False,10
SM-012,70,slow_moving,4,37.06,False,10
SM-012,71,slow_moving,4,37.06,False,10
SM-012,72,slow_moving,6,37.06,False,10
SM-012,73,slow_moving,1,37.06,False,10
SM-012,74,slow_moving,3,37.06,False,10
SM-012,75,slow_moving,2,37.06,False,10
SM-012,76,slow_moving,4,37.06,False,10
SM-012,77,slow_moving,4,37.06,False,10
SM-012,78,slow_moving,14,29.53,True,10
SM-012,79,slow_moving,5,29.53,True,10
SM-012,80,slow_moving,4,37.06,False,10
SM-012,81,slow_moving,5,37.06,False,10
SM-012,82,slow_moving,3,37.06,False,10
SM-012,83,slow_moving,5,37.06,False,10
SM-012,84,slow_moving,2,37.06,False,10
SM-012,85,slow_moving,2,37.06,False,10
SM-012,86,slow_moving,9,37.06,False,10
SM-012,87,slow_moving,6,37.06,False,10
SM-012,88,slow_moving,3,37.06,False,10
SM-012,89,slow_moving,8,37.06,False,10
SM-012,90,slow_moving,4,37.06,False,10
SM-012,91,slow_moving,11,37.06,False,10
SM-012,92,slow_moving,3,37.06,False,10
SM-012,93,slow_moving,4,37.06,False,10
SM-012,94,slow_moving,10,37.06,False,10
SM-012,95,slow_moving,9,37.06,False,10
SM-012,96,slow_moving,7,37.06,False,10
SM-012,97,slow_moving,2,37.06,False,10
SM-012,98,slow_moving,7,29.53,True,10
SM-012,99,slow_moving,6,37.06,False,10
SM-012,100,slow_moving,9,37.06,False,10
SM-012,101,slow_moving,6,37.06,False,10
SM-012,102,slow_moving,4,37.06,False,10
SM-012,103,slow_moving,10,37.06,False,10
SM-013,0,slow_moving,1,40.11,False,9
SM-013,1,slow_moving,3,40.11,False,9
SM-013,2,slow_moving,2,40.11,False,9
SM-013,3,slow_moving,0,40.11,False,9
SM-013,4,slow_moving,8,31.2,True,9
SM-013,5,slow_moving,0,40.11,False,9
SM-013,6,slow_moving,3,40.11,False,9
SM-013,7,slow_moving,2,40.11,False,9
SM-013,8,slow_moving,0,40.11,False,9
SM-013,9,slow_moving,5,31.2,True,9
SM-013,10,slow_moving,3,40.11,False,9
SM-013,11,slow_moving,0,40.11,False,9
SM-013,12,slow_moving,0,40.11,False,9
SM-013,13,slow_moving,0,40.11,False,9
SM-013,14,slow_moving,2,40.11,False,9
SM-013,15,slow_moving,1,40.11,False,9
SM-013,16,slow_moving,0,40.11,False,9
SM-013,17,slow_moving,1,40.11,False,9
SM-013,18,slow_moving,2,40.11,False,9
SM-013,19,slow_moving,3,40.11,False,9
SM-013,20,slow_moving,5,40.11,False,9
SM-013,21,slow_moving,2,40.11,False,9
SM-013,22,slow_moving,4,40.11,False,9
SM-013,23,slow_moving,1,40.11,False,9
SM-013,24,slow_moving,5,40.11,False,9
SM-013,25,slow_moving,4,40.11,False,9
SM-013,26,slow_moving,3,40.11,False,9
SM-013,27,slow_moving,3,40.11,False,9
SM-013,28,slow_moving,3,40.11,False,9
SM-013,29,slow_moving,2,40.11,False,9
SM-013,30,slow_moving,1,40.11,False,9
SM-013,31,slow_moving,2,40.11,False,9
SM-013,32,slow_moving,2,40.11,False,9
SM-013,33,slow_moving,1,40.11,False,9
SM-013,34,slow_moving,7,31.2,True,9
SM-013,35,slow_moving,2,40.11,False,9
SM-013,36,slow_moving,1,40.11,False,9
SM-013,37,slow_moving,3,40.11,False,9
SM-013,38,slow_moving,2,40.11,False,9
SM-013,39,slow_moving,2,40.11,False,9
SM-013,40,slow_moving,5,40.11,False,9
SM-013,41,slow_moving,1,40.11,False,9
SM-013,42,slow_moving,6,31.2,True,9
SM-013,43,slow_moving,2,40.11,False,9
SM-013,44,slow_moving,1,40.11,False,9
SM-013,45,slow_moving,3,40.11,False,9
SM-013,46,slow_moving,2,40.11,False,9
SM-013,47,slow_moving,4,40.11,False,9
SM-013,48,slow_moving,2,40.11,False,9
SM-013,49,slow_moving,1,40.11,False,9
SM-013,50,slow_moving,0,40.11,False,9
SM-013,51,slow_moving,3,40.11,False,9
SM-013,52,slow_moving,0,40.11,False,9
SM-013,53,slow_moving,2,40.11,False,9
SM-013,54,slow_moving,1,40.11,False,9
SM-013,55,slow_moving,4,40.11,False,9
SM-013,56,slow_moving,0,40.11,False,9
SM-013,57,slow_moving,1,40.11,False,9
SM-013,58,slow_moving,0,40.11,False,9
SM-013,59,slow_moving,1,40.11,False,9
SM-013,60,slow_moving,3,40.11,False,9
SM-013,61,slow_moving,2,40.11,False,9
SM-013,62,slow_moving,1,40.11,False,9
SM-013,63,slow_moving,2,40.11,False,9
SM-013,64,slow_moving,4,31.2,True,9
SM-013,65,slow_moving,2,40.11,False,9
SM-013,66,slow_moving,0,40.11,False,9
SM-013,67,slow_moving,4,40.11,False,9
SM-013,68,slow_moving,1,40.11,False,9
SM-013,69,slow_moving,7,31.2,True,9
SM-013,70,slow_moving,5,31.2,True,9
SM-013,71,slow_moving,0,40.11,False,9
SM-013,72,slow_moving,0,40.11,False,9
SM-013,73,slow_moving,3,40.11,False,9
SM-013,74,slow_moving,4,40.11,False,9
SM-013,75,slow_moving,0,40.11,False,9
SM-013,76,slow_moving,0,40.11,False,9
SM-013,77,slow_moving,1,40.11,False,9
SM-013,78,slow_moving,4,40.11,False,9
SM-013,79,slow_moving,3,40.11,False,9
SM-013,80,slow_moving,2,40.11,False,9
SM-013,81,slow_moving,2,40.11,False,9
SM-013,82,slow_moving,3,40.11,False,9
SM-013,83,slow_moving,4,40.11,False,9
SM-013,84,slow_moving,1,40.11,False,9
SM-013,85,slow_moving,3,40.11,False,9
SM-013,86,slow_moving,2,40.11,False,9
SM-013,87,slow_moving,0,40.11,False,9
SM-013,88,slow_moving,2,40.11,False,9
SM-013,89,slow_moving,3,40.11,False,9
SM-013,90,slow_moving,4,40.11,False,9
SM-013,91,slow_moving,1,40.11,False,9
SM-013,92,slow_moving,2,40.11,False,9
SM-013,93,slow_moving,3,40.11,False,9
SM-013,94,slow_moving,1,40.11,False,9
SM-013,95,slow_moving,1,40.11,False,9
SM-013,96,slow_moving,2,40.11,False,9
SM-013,97,slow_moving,1,40.11,False,9
SM-013,98,slow_moving,2,31.2,True,9
SM-013,99,slow_moving,4,40.11,False,9
SM-013,100,slow_moving,1,40.11,False,9
SM-013,101,slow_moving,0,40.11,False,9
SM-013,102,slow_moving,1,40.11,False,9
SM-013,103,slow_moving,0,40.11,False,9
SM-014,0,slow_moving,2,32.11,False,6
SM-014,1,slow_moving,9,32.11,False,6
SM-014,2,slow_moving,0,32.11,False,6
SM-014,3,slow_moving,4,32.11,False,6
SM-014,4,slow_moving,8,32.11,False,6
SM-014,5,slow_moving,12,32.11,False,6
SM-014,6,slow_moving,5,32.11,False,6
SM-014,7,slow_moving,2,32.11,False,6
SM-014,8,slow_moving,4,32.11,False,6
SM-014,9,slow_moving,6,32.11,False,6
SM-014,10,slow_moving,2,32.11,False,6
SM-014,11,slow_moving,1,32.11,False,6
SM-014,12,slow_moving,4,32.11,False,6
SM-014,13,slow_moving,6,32.11,False,6
SM-014,14,slow_moving,3,32.11,False,6
SM-014,15,slow_moving,5,32.11,False,6
SM-014,16,slow_moving,10,32.11,False,6
SM-014,17,slow_moving,4,32.11,False,6
SM-014,18,slow_moving,5,32.11,False,6
SM-014,19,slow_moving,3,32.11,False,6
SM-014,20,slow_moving,9,32.11,False,6
SM-014,21,slow_moving,12,32.11,False,6
SM-014,22,slow_moving,4,32.11,False,6
SM-014,23,slow_moving,10,32.11,False,6
SM-014,24,slow_moving,4,32.11,False,6
SM-014,25,slow_moving,1,32.11,False,6
SM-014,26,slow_moving,8,32.11,False,6
SM-014,27,slow_moving,4,32.11,False,6
SM-014,28,slow_moving,0,32.11,False,6
SM-014,29,slow_moving,6,32.11,False,6
SM-014,30,slow_moving,5,32.11,False,6
SM-014,31,slow_moving,6,32.11,False,6
SM-014,32,slow_moving,7,32.11,False,6
SM-014,33,slow_moving,13,25.8,True,6
SM-014,34,slow_moving,5,32.11,False,6
SM-014,35,slow_moving,4,32.11,False,6
SM-014,36,slow_moving,4,32.11,False,6
SM-014,37,slow_moving,15,32.11,False,6
SM-014,38,slow_moving,8,32.11,False,6
SM-014,39,slow_moving,2,32.11,False,6
SM-014,40,slow_moving,6,32.11,False,6
SM-014,41,slow_moving,3,32.11,False,6
SM-014,42,slow_moving,4,32.11,False,6
SM-014,43,slow_moving,2,32.11,False,6
SM-014,44,slow_moving,1,32.11,False,6
SM-014,45,slow_moving,6,32.11,False,6
SM-014,46,slow_moving,12,32.11,False,6
SM-014,47,slow_moving,7,32.11,False,6
SM-014,48,slow_moving,6,32.11,False,6
SM-014,49,slow_moving,1,32.11,False,6
SM-014,50,slow_moving,5,32.11,False,6
SM-014,51,slow_moving,4,32.11,False,6
SM-014,52,slow_moving,7,32.11,False,6
SM-014,53,slow_moving,3,32.11,False,6
SM-014,54,slow_moving,5,32.11,False,6
SM-014,55,slow_moving,6,32.11,False,6
SM-014,56,slow_moving,7,32.11,False,6
SM-014,57,slow_moving,4,32.11,False,6
SM-014,58,slow_moving,12,32.11,False,6
SM-014,59,slow_moving,2,32.11,False,6
SM-014,60,slow_moving,7,32.11,False,6
SM-014,61,slow_moving,5,32.11,False,6
SM-014,62,slow_moving,0,32.11,False,6
SM-014,63,slow_moving,8,32.11,False,6
SM-014,64,slow_moving,5,32.11,False,6
SM-014,65,slow_moving,6,32.11,False,6
SM-014,66,slow_moving,5,32.11,False,6
SM-014,67,slow_moving,4,32.11,False,6
SM-014,68,slow_moving,0,32.11,False,6
SM-014,69,slow_moving,2,32.11,False,6
SM-014,70,slow_moving,1,32.11,False,6
SM-014,71,slow_moving,4,32.11,False,6
SM-014,72,slow_moving,5,32.11,False,6
SM-014,73,slow_moving,3,32.11,False,6
SM-014,74,slow_moving,8,32.11,False,6
SM-014,75,slow_moving,13,32.11,False,6
SM-014,76,slow_moving,6,32.11,False,6
SM-014,77,slow_moving,3,32.11,False,6
SM-014,78,slow_moving,5,32.11,False,6
SM-014,79,slow_moving,7,32.11,False,6
SM-014,80,slow_moving,5,32.11,False,6
SM-014,81,slow_moving,1,32.11,False,6
SM-014,82,slow_moving,4,32.11,False,6
SM-014,83,slow_moving,3,32.11,False,6
SM-014,84,slow_moving,9,32.11,False,6
SM-014,85,slow_moving,5,32.11,False,6
SM-014,86,slow_moving,3,32.11,False,6
SM-014,87,slow_moving,4,32.11,False,6
SM-014,88,slow_moving,1,32.11,False,6
SM-014,89,slow_moving,5,32.11,False,6
SM-014,90,slow_moving,3,32.11,False,6
SM-014,91,slow_moving,3,32.11,False,6
SM-014,92,slow_moving,4,32.11,False,6
SM-014,93,slow_moving,1,32.11,False,6
SM-014,94,slow_moving,5,32.11,False,6
SM-014,95,slow_moving,3,32.11,False,6
SM-014,96,slow_moving,5,32.11,False,6
SM-014,97,slow_moving,5,32.11,False,6
SM-014,98,slow_moving,6,32.11,False,6
SM-014,99,slow_moving,5,32.11,False,6
SM-014,100,slow_moving,7,32.11,False,6
SM-014,101,slow_moving,3,32.11,False,6
SM-014,102,slow_moving,11,32.11,False,6
SM-014,103,slow_moving,4,32.11,False,6
SM-015,0,slow_moving,9,42.46,False,10
SM-015,1,slow_moving,12,42.46,False,10
SM-015,2,slow_moving,3,42.46,False,10
SM-015,3,slow_moving,4,42.46,False,10
SM-015,4,slow_moving,3,42.46,False,10
SM-015,5,slow_moving,4,42.46,False,10
SM-015,6,slow_moving,4,42.46,False,10
SM-015,7,slow_moving,13,42.46,False,10
SM-015,8,slow_moving,3,42.46,False,10
SM-015,9,slow_moving,6,42.46,False,10
SM-015,10,slow_moving,1,42.46,False,10
SM-015,11,slow_moving,8,42.46,False,10
SM-015,12,slow_moving,5,42.46,False,10
SM-015,13,slow_moving,2,42.46,False,10
SM-015,14,slow_moving,5,42.46,False,10
SM-015,15,slow_moving,2,42.46,False,10
SM-015,16,slow_moving,3,42.46,False,10
SM-015,17,slow_moving,1,42.46,False,10
SM-015,18,slow_moving,2,42.46,False,10
SM-015,19,slow_moving,4,42.46,False,10
SM-015,20,slow_moving,4,42.46,False,10
SM-015,21,slow_moving,7,42.46,False,10
SM-015,22,slow_moving,8,42.46,False,10
SM-015,23,slow_moving,2,42.46,False,10
SM-015,24,slow_moving,1,42.46,False,10
SM-015,25,slow_moving,5,42.46,False,10
SM-015,26,slow_moving,4,42.46,False,10
SM-015,27,slow_moving,8,42.46,False,10
SM-015,28,slow_moving,6,42.46,False,10
SM-015,29,slow_moving,4,42.46,False,10
SM-015,30,slow_moving,4,42.46,False,10
SM-015,31,slow_moving,3,42.46,False,10
SM-015,32,slow_moving,1,42.46,False,10
SM-015,33,slow_moving,2,42.46,False,10
SM-015,34,slow_moving,0,42.46,False,10
SM-015,35,slow_moving,6,42.46,False,10
SM-015,36,slow_moving,5,42.46,False,10
SM-015,37,slow_moving,4,42.46,False,10
SM-015,38,slow_moving,4,42.46,False,10
SM-015,39,slow_moving,8,42.46,False,10
SM-015,40,slow_moving,1,42.46,False,10
SM-015,41,slow_moving,5,42.46,False,10
SM-015,42,slow_moving,2,42.46,False,10
SM-015,43,slow_moving,4,42.46,False,10
SM-015,44,slow_moving,0,42.46,False,10
SM-015,45,slow_moving,4,42.46,False,10
SM-015,46,slow_moving,4,42.46,False,10
SM-015,47,slow_moving,3,42.46,False,10
SM-015,48,slow_moving,10,42.46,False,10
SM-015,49,slow_moving,2,42.46,False,10
SM-015,50,slow_moving,6,42.46,False,10
SM-015,51,slow_moving,4,42.46,False,10
SM-015,52,slow_moving,5,42.46,False,10
SM-015,53,slow_moving,10,42.46,False,10
SM-015,54,slow_moving,5,42.46,False,10
SM-015,55,slow_moving,4,42.46,False,10
SM-015,56,slow_moving,5,34.19,True,10
SM-015,57,slow_moving,4,42.46,False,10
SM-015,58,slow_moving,6,42.46,False,10
SM-015,59,slow_moving,3,42.46,False,10
SM-015,60,slow_moving,5,34.19,True,10
SM-015,61,slow_moving,5,42.46,False,10
SM-015,62,slow_moving,8,42.46,False,10
SM-015,63,slow_moving,8,42.46,False,10
SM-015,64,slow_moving,6,42.46,False,10
SM-015,65,slow_moving,3,42.46,False,10
SM-015,66,slow_moving,5,42.46,False,10
SM-015,67,slow_moving,6,42.46,False,10
SM-015,68,slow_moving,6,42.46,False,10
SM-015,69,slow_moving,3,42.46,False,10
SM-015,70,slow_moving,2,42.46,False,10
SM-015,71,slow_moving,4,42.46,False,10
SM-015,72,slow_moving,2,42.46,False,10
SM-015,73,slow_moving,5,42.46,False,10
SM-015,74,slow_moving,14,42.46,False,10
SM-015,75,slow_moving,8,34.19,True,10
SM-015,76,slow_moving,7,42.46,False,10
SM-015,77,slow_moving,5,42.46,False,10
SM-015,78,slow_moving,4,42.46,False,10
SM-015,79,slow_moving,3,42.46,False,10
SM-015,80,slow_moving,4,42.46,False,10
SM-015,81,slow_moving,3,42.46,False,10
SM-015,82,slow_moving,7,42.46,False,10
SM-015,83,slow_moving,4,42.46,False,10
SM-015,84,slow_moving,11,34.19,True,10
SM-015,85,slow_moving,1,42.46,False,10
SM-015,86,slow_moving,5,42.46,False,10
SM-015,87,slow_moving,21,34.19,True,10
SM-015,88,slow_moving,5,42.46,False,10
SM-015,89,slow_moving,9,42.46,False,10
SM-015,90,slow_moving,7,42.46,False,10
SM-015,91,slow_moving,4,42.46,False,10
SM-015,92,slow_moving,5,42.46,False,10
SM-015,93,slow_moving,8,42.46,False,10
SM-015,94,slow_moving,5,42.46,False,10
SM-015,95,slow_moving,6,42.46,False,10
SM-015,96,slow_moving,4,42.46,False,10
SM-015,97,slow_moving,8,42.46,False,10
SM-015,98,slow_moving,2,42.46,False,10
SM-015,99,slow_moving,4,42.46,False,10
SM-015,100,slow_moving,7,42.46,False,10
SM-015,101,slow_moving,1,42.46,False,10
SM-015,102,slow_moving,0,42.46,False,10
SM-015,103,slow_moving,8,42.46,False,10
SM-016,0,slow_moving,5,22.33,False,9
SM-016,1,slow_moving,9,22.33,False,9
SM-016,2,slow_moving,5,22.33,False,9
SM-016,3,slow_moving,9,22.33,False,9
SM-016,4,slow_moving,3,22.33,False,9
SM-016,5,slow_moving,15,22.33,False,9
SM-016,6,slow_moving,6,22.33,False,9
SM-016,7,slow_moving,5,22.33,False,9
SM-016,8,slow_moving,14,22.33,False,9
SM-016,9,slow_moving,45,18.7,True,9
SM-016,10,slow_moving,10,22.33,False,9
SM-016,11,slow_moving,3,22.33,False,9
SM-016,12,slow_moving,0,22.33,False,9
SM-016,13,slow_moving,4,22.33,False,9
SM-016,14,slow_moving,5,22.33,False,9
SM-016,15,slow_moving,23,22.33,False,9
SM-016,16,slow_moving,4,22.33,False,9
SM-016,17,slow_moving,4,22.33,False,9
SM-016,18,slow_moving,37,18.7,True,9
SM-016,19,slow_moving,6,22.33,False,9
SM-016,20,slow_moving,13,18.7,True,9
SM-016,21,slow_moving,10,22.33,False,9
SM-016,22,slow_moving,6,22.33,False,9
SM-016,23,slow_moving,7,22.33,False,9
SM-016,24,slow_moving,35,18.7,True,9
SM-016,25,slow_moving,11,22.33,False,9
SM-016,26,slow_moving,6,18.7,True,9
SM-016,27,slow_moving,4,22.33,False,9
SM-016,28,slow_moving,2,22.33,False,9
SM-016,29,slow_moving,9,22.33,False,9
SM-016,30,slow_moving,14,22.33,False,9
SM-016,31,slow_moving,2,22.33,False,9
SM-016,32,slow_moving,7,22.33,False,9
SM-016,33,slow_moving,5,22.33,False,9
SM-016,34,slow_moving,6,22.33,False,9
SM-016,35,slow_moving,5,22.33,False,9
SM-016,36,slow_moving,10,22.33,False,9
SM-016,37,slow_moving,2,22.33,False,9
SM-016,38,slow_moving,1,22.33,False,9
SM-016,39,slow_moving,10,22.33,False,9
SM-016,40,slow_moving,8,22.33,False,9
SM-016,41,slow_moving,5,22.33,False,9
SM-016,42,slow_moving,10,22.33,False,9
SM-016,43,slow_moving,6,22.33,False,9
SM-016,44,slow_moving,2,22.33,False,9
SM-016,45,slow_moving,10,22.33,False,9
SM-016,46,slow_moving,9,22.33,False,9
SM-016,47,slow_moving,20,22.33,False,9
SM-016,48,slow_moving,2,22.33,False,9
SM-016,49,slow_moving,5,22.33,False,9
SM-016,50,slow_moving,18,22.33,False,9
SM-016,51,slow_moving,20,22.33,False,9
SM-016,52,slow_moving,5,22.33,False,9
SM-016,53,slow_moving,3,22.33,False,9
SM-016,54,slow_moving,9,22.33,False,9
SM-016,55,slow_moving,3,22.33,False,9
SM-016,56,slow_moving,4,22.33,False,9
SM-016,57,slow_moving,5,22.33,False,9
SM-016,58,slow_moving,8,22.33,False,9
SM-016,59,slow_moving,10,22.33,False,9
SM-016,60,slow_moving,15,22.33,False,9
SM-016,61,slow_moving,4,22.33,False,9
SM-016,62,slow_moving,12,22.33,False,9
SM-016,63,slow_moving,2,22.33,False,9
SM-016,64,slow_moving,7,22.33,False,9
SM-016,65,slow_moving,6,22.33,False,9
SM-016,66,slow_moving,11,22.33,False,9
SM-016,67,slow_moving,5,22.33,False,9
SM-016,68,slow_moving,2,22.33,False,9
SM-016,69,slow_moving,6,18.7,True,9
SM-016,70,slow_moving,4,22.33,False,9
SM-016,71,slow_moving,3,22.33,False,9
SM-016,72,slow_moving,2,22.33,False,9
SM-016,73,slow_moving,2,22.33,False,9
SM-016,74,slow_moving,5,22.33,False,9
SM-016,75,slow_moving,11,22.33,False,9
SM-016,76,slow_moving,14,22.33,False,9
SM-016,77,slow_moving,7,22.33,False,9
SM-016,78,slow_moving,9,22.33,False,9
SM-016,79,slow_moving,12,22.33,False,9
SM-016,80,slow_moving,9,22.33,False,9
SM-016,81,slow_moving,15,22.33,False,9
SM-016,82,slow_moving,5,22.33,False,9
SM-016,83,slow_moving,5,22.33,False,9
SM-016,84,slow_moving,6,22.33,False,9
SM-016,85,slow_moving,9,22.33,False,9
SM-016,86,slow_moving,3,22.33,False,9
SM-016,87,slow_moving,1,22.33,False,9
SM-016,88,slow_moving,4,22.33,False,9
SM-016,89,slow_moving,15,18.7,True,9
SM-016,90,slow_moving,7,22.33,False,9
SM-016,91,slow_moving,2,22.33,False,9
SM-016,92,slow_moving,8,22.33,False,9
SM-016,93,slow_moving,6,22.33,False,9
SM-016,94,slow_moving,3,22.33,False,9
SM-016,95,slow_moving,2,22.33,False,9
SM-016,96,slow_moving,7,22.33,False,9
SM-016,97,slow_moving,5,22.33,False,9
SM-016,98,slow_moving,4,22.33,False,9
SM-016,99,slow_moving,2,22.33,False,9
SM-016,100,slow_moving,0,22.33,False,9
SM-016,101,slow_moving,9,22.33,False,9
SM-016,102,slow_moving,9,22.33,False,9
SM-016,103,slow_moving,8,22.33,False,9
SM-017,0,slow_moving,7,25.48,False,8
SM-017,1,slow_moving,9,25.48,False,8
SM-017,2,slow_moving,6,25.48,False,8
SM-017,3,slow_moving,4,25.48,False,8
SM-017,4,slow_moving,11,25.48,False,8
SM-017,5,slow_moving,6,25.48,False,8
SM-017,6,slow_moving,5,25.48,False,8
SM-017,7,slow_moving,4,25.48,False,8
SM-017,8,slow_moving,7,25.48,False,8
SM-017,9,slow_moving,41,19.56,True,8
SM-017,10,slow_moving,4,25.48,False,8
SM-017,11,slow_moving,10,25.48,False,8
SM-017,12,slow_moving,14,25.48,False,8
SM-017,13,slow_moving,2,25.48,False,8
SM-017,14,slow_moving,11,25.48,False,8
SM-017,15,slow_moving,3,25.48,False,8
SM-017,16,slow_moving,16,25.48,False,8
SM-017,17,slow_moving,24,25.48,False,8
SM-017,18,slow_moving,7,25.48,False,8
SM-017,19,slow_moving,8,25.48,False,8
SM-017,20,slow_moving,5,25.48,False,8
SM-017,21,slow_moving,5,25.48,False,8
SM-017,22,slow_moving,6,25.48,False,8
SM-017,23,slow_moving,7,25.48,False,8
SM-017,24,slow_moving,2,25.48,False,8
SM-017,25,slow_moving,11,25.48,False,8
SM-017,26,slow_moving,7,25.48,False,8
SM-017,27,slow_moving,10,25.48,False,8
SM-017,28,slow_moving,10,25.48,False,8
SM-017,29,slow_moving,7,25.48,False,8
SM-017,30,slow_moving,6,25.48,False,8
SM-017,31,slow_moving,8,25.48,False,8
SM-017,32,slow_moving,0,25.48,False,8
SM-017,33,slow_moving,3,25.48,False,8
SM-017,34,slow_moving,5,25.48,False,8
SM-017,35,slow_moving,10,25.48,False,8
SM-017,36,slow_moving,6,25.48,False,8
SM-017,37,slow_moving,4,25.48,False,8
SM-017,38,slow_moving,2,25.48,False,8
SM-017,39,slow_moving,6,25.48,False,8
SM-017,40,slow_moving,1,25.48,False,8
SM-017,41,slow_moving,8,25.48,False,8
SM-017,42,slow_moving,6,25.48,False,8
SM-017,43,slow_moving,3,25.48,False,8
SM-017,44,slow_moving,25,19.56,True,8
SM-017,45,slow_moving,7,25.48,False,8
SM-017,46,slow_moving,4,25.48,False,8
SM-017,47,slow_moving,6,25.48,False,8
SM-017,48,slow_moving,8,25.48,False,8
SM-017,49,slow_moving,10,25.48,False,8
SM-017,50,slow_moving,3,25.48,False,8
SM-017,51,slow_moving,9,25.48,False,8
SM-017,52,slow_moving,22,25.48,False,8
SM-017,53,slow_moving,3,25.48,False,8
SM-017,54,slow_moving,13,25.48,False,8
SM-017,55,slow_moving,21,25.48,False,8
SM-017,56,slow_moving,12,25.48,False,8
SM-017,57,slow_moving,13,25.48,False,8
SM-017,58,slow_moving,7,25.48,False,8
SM-017,59,slow_moving,16,25.48,False,8
SM-017,60,slow_moving,11,25.48,False,8
SM-017,61,slow_moving,10,25.48,False,8
SM-017,62,slow_moving,5,25.48,False,8
SM-017,63,slow_moving,5,25.48,False,8
SM-017,64,slow_moving,8,25.48,False,8
SM-017,65,slow_moving,3,25.48,False,8
SM-017,66,slow_moving,6,25.48,False,8
SM-017,67,slow_moving,10,25.48,False,8
SM-017,68,slow_moving,12,25.48,False,8
SM-017,69,slow_moving,30,19.56,True,8
SM-017,70,slow_moving,8,25.48,False,8
SM-017,71,slow_moving,19,19.56,True,8
SM-017,72,slow_moving,5,25.48,False,8
SM-017,73,slow_moving,9,19.56,True,8
SM-017,74,slow_moving,3,25.48,False,8
SM-017,75,slow_moving,7,25.48,False,8
SM-017,76,slow_moving,5,25.48,False,8
SM-017,77,slow_moving,2,25.48,False,8
SM-017,78,slow_moving,5,25.48,False,8
SM-017,79,slow_moving,10,25.48,False,8
SM-017,80,slow_moving,23,19.56,True,8
SM-017,81,slow_moving,3,25.48,False,8
SM-017,82,slow_moving,2,25.48,False,8
SM-017,83,slow_moving,28,19.56,True,8
SM-017,84,slow_moving,3,25.48,False,8
SM-017,85,slow_moving,8,25.48,False,8
SM-017,86,slow_moving,9,25.48,False,8
SM-017,87,slow_moving,8,25.48,False,8
SM-017,88,slow_moving,1,25.48,False,8
SM-017,89,slow_moving,8,25.48,False,8
SM-017,90,slow_moving,17,19.56,True,8
SM-017,91,slow_moving,8,25.48,False,8
SM-017,92,slow_moving,3,25.48,False,8
SM-017,93,slow_moving,3,25.48,False,8
SM-017,94,slow_moving,3,25.48,False,8
SM-017,95,slow_moving,6,25.48,False,8
SM-017,96,slow_moving,6,25.48,False,8
SM-017,97,slow_moving,9,25.48,False,8
SM-017,98,slow_moving,6,25.48,False,8
SM-017,99,slow_moving,8,25.48,False,8
SM-017,100,slow_moving,2,25.48,False,8
SM-017,101,slow_moving,8,25.48,False,8
SM-017,102,slow_moving,7,25.48,False,8
SM-017,103,slow_moving,3,25.48,False,8
SM-018,0,slow_moving,7,49.72,False,9
SM-018,1,slow_moving,3,49.72,False,9
SM-018,2,slow_moving,2,49.72,False,9
SM-018,3,slow_moving,5,49.72,False,9
SM-018,4,slow_moving,4,49.72,False,9
SM-018,5,slow_moving,5,49.72,False,9
SM-018,6,slow_moving,2,49.72,False,9
SM-018,7,slow_moving,2,49.72,False,9
SM-018,8,slow_moving,3,49.72,False,9
SM-018,9,slow_moving,11,38.26,True,9
SM-018,10,slow_moving,3,38.26,True,9
SM-018,11,slow_moving,7,49.72,False,9
SM-018,12,slow_moving,5,49.72,False,9
SM-018,13,slow_moving,1,49.72,False,9
SM-018,14,slow_moving,6,49.72,False,9
SM-018,15,slow_moving,4,49.72,False,9
SM-018,16,slow_moving,1,49.72,False,9
SM-018,17,slow_moving,4,49.72,False,9
SM-018,18,slow_moving,1,49.72,False,9
SM-018,19,slow_moving,1,49.72,False,9
SM-018,20,slow_moving,7,49.72,False,9
SM-018,21,slow_moving,1,49.72,False,9
SM-018,22,slow_moving,6,49.72,False,9
SM-018,23,slow_moving,2,49.72,False,9
SM-018,24,slow_moving,2,49.72,False,9
SM-018,25,slow_moving,3,49.72,False,9
SM-018,26,slow_moving,1,49.72,False,9
SM-018,27,slow_moving,5,49.72,False,9
SM-018,28,slow_moving,4,49.72,False,9
SM-018,29,slow_moving,1,49.72,False,9
SM-018,30,slow_moving,2,49.72,False,9
SM-018,31,slow_moving,1,49.72,False,9
SM-018,32,slow_moving,2,49.72,False,9
SM-018,33,slow_moving,1,49.72,False,9
SM-018,34,slow_moving,2,49.72,False,9
SM-018,35,slow_moving,2,49.72,False,9
SM-018,36,slow_moving,3,49.72,False,9
SM-018,37,slow_moving,3,49.72,False,9
SM-018,38,slow_moving,2,49.72,False,9
SM-018,39,slow_moving,5,49.72,False,9
SM-018,40,slow_moving,4,49.72,False,9
SM-018,41,slow_moving,0,49.72,False,9
SM-018,42,slow_moving,1,49.72,False,9
SM-018,43,slow_moving,2,49.72,False,9
SM-018,44,slow_moving,0,49.72,False,9
SM-018,45,slow_moving,5,49.72,False,9
SM-018,46,slow_moving,2,49.72,False,9
SM-018,47,slow_moving,1,49.72,False,9
SM-018,48,slow_moving,4,49.72,False,9
SM-018,49,slow_moving,0,49.72,False,9
SM-018,50,slow_moving,3,49.72,False,9
SM-018,51,slow_moving,3,49.72,False,9
SM-018,52,slow_moving,2,49.72,False,9
SM-018,53,slow_moving,5,49.72,False,9
SM-018,54,slow_moving,2,49.72,False,9
SM-018,55,slow_moving,1,49.72,False,9
SM-018,56,slow_moving,1,49.72,False,9
SM-018,57,slow_moving,6,49.72,False,9
SM-018,58,slow_moving,5,49.72,False,9
SM-018,59,slow_moving,1,49.72,False,9
SM-018,60,slow_moving,5,49.72,False,9
SM-018,61,slow_moving,2,49.72,False,9
SM-018,62,slow_moving,3,49.72,False,9
SM-018,63,slow_moving,2,49.72,False,9
SM-018,64,slow_moving,6,49.72,False,9
SM-018,65,slow_moving,5,49.72,False,9
SM-018,66,slow_moving,1,49.72,False,9
SM-018,67,slow_moving,2,49.72,False,9
SM-018,68,slow_moving,0,49.72,False,9
SM-018,69,slow_moving,2,49.72,False,9
SM-018,70,slow_moving,4,49.72,False,9
SM-018,71,slow_moving,3,49.72,False,9
SM-018,72,slow_moving,5,49.72,False,9
SM-018,73,slow_moving,4,49.72,False,9
SM-018,74,slow_moving,3,49.72,False,9
SM-018,75,slow_moving,3,49.72,False,9
SM-018,76,slow_moving,4,49.72,False,9
SM-018,77,slow_moving,2,49.72,False,9
SM-018,78,slow_moving,2,49.72,False,9
SM-018,79,slow_moving,2,49.72,False,9
SM-018,80,slow_moving,1,49.72,False,9
SM-018,81,slow_moving,4,49.72,False,9
SM-018,82,slow_moving,1,49.72,False,9
SM-018,83,slow_moving,4,49.72,False,9
SM-018,84,slow_moving,3,49.72,False,9
SM-018,85,slow_moving,2,49.72,False,9
SM-018,86,slow_moving,3,49.72,False,9
SM-018,87,slow_moving,4,49.72,False,9
SM-018,88,slow_moving,5,49.72,False,9
SM-018,89,slow_moving,2,49.72,False,9
SM-018,90,slow_moving,5,49.72,False,9
SM-018,91,slow_moving,5,49.72,False,9
SM-018,92,slow_moving,0,49.72,False,9
SM-018,93,slow_moving,1,49.72,False,9
SM-018,94,slow_moving,2,49.72,False,9
SM-018,95,slow_moving,2,49.72,False,9
SM-018,96,slow_moving,0,49.72,False,9
SM-018,97,slow_moving,3,49.72,False,9
SM-018,98,slow_moving,2,49.72,False,9
SM-018,99,slow_moving,4,49.72,False,9
SM-018,100,slow_moving,3,49.72,False,9
SM-018,101,slow_moving,1,49.72,False,9
SM-018,102,slow_moving,2,49.72,False,9
SM-018,103,slow_moving,0,49.72,False,9
SM-019,0,slow_moving,5,55.58,False,7
SM-019,1,slow_moving,1,55.58,False,7
SM-019,2,slow_moving,3,55.58,False,7
SM-019,3,slow_moving,3,55.58,False,7
SM-019,4,slow_moving,5,55.58,False,7
SM-019,5,slow_moving,3,55.58,False,7
SM-019,6,slow_moving,7,45.58,True,7
SM-019,7,slow_moving,4,55.58,False,7
SM-019,8,slow_moving,3,55.58,False,7
SM-019,9,slow_moving,5,55.58,False,7
SM-019,10,slow_moving,2,55.58,False,7
SM-019,11,slow_moving,2,55.58,False,7
SM-019,12,slow_moving,3,55.58,False,7
SM-019,13,slow_moving,8,55.58,False,7
SM-019,14,slow_moving,4,55.58,False,7
SM-019,15,slow_moving,5,55.58,False,7
SM-019,16,slow_moving,2,55.58,False,7
SM-019,17,slow_moving,1,55.58,False,7
SM-019,18,slow_moving,2,55.58,False,7
SM-019,19,slow_moving,4,55.58,False,7
SM-019,20,slow_moving,2,55.58,False,7
SM-019,21,slow_moving,4,55.58,False,7
SM-019,22,slow_moving,4,55.58,False,7
SM-019,23,slow_moving,3,55.58,False,7
SM-019,24,slow_moving,9,45.58,True,7
SM-019,25,slow_moving,5,55.58,False,7
SM-019,26,slow_moving,2,55.58,False,7
SM-019,27,slow_moving,5,45.58,True,7
SM-019,28,slow_moving,13,45.58,True,7
SM-019,29,slow_moving,4,55.58,False,7
SM-019,30,slow_moving,2,55.58,False,7
SM-019,31,slow_moving,2,55.58,False,7
SM-019,32,slow_moving,10,55.58,False,7
SM-019,33,slow_moving,5,55.58,False,7
SM-019,34,slow_moving,4,55.58,False,7
SM-019,35,slow_moving,2,55.58,False,7
SM-019,36,slow_moving,1,55.58,False,7
SM-019,37,slow_moving,1,55.58,False,7
SM-019,38,slow_moving,6,55.58,False,7
SM-019,39,slow_moving,0,55.58,False,7
SM-019,40,slow_moving,5,55.58,False,7
SM-019,41,slow_moving,9,55.58,False,7
SM-019,42,slow_moving,2,55.58,False,7
SM-019,43,slow_moving,2,55.58,False,7
SM-019,44,slow_moving,3,55.58,False,7
SM-019,45,slow_moving,4,55.58,False,7
SM-019,46,slow_moving,6,55.58,False,7
SM-019,47,slow_moving,3,55.58,False,7
SM-019,48,slow_moving,5,55.58,False,7
SM-019,49,slow_moving,3,55.58,False,7
SM-019,50,slow_moving,3,55.58,False,7
SM-019,51,slow_moving,0,55.58,False,7
SM-019,52,slow_moving,4,55.58,False,7
SM-019,53,slow_moving,19,45.58,True,7
SM-019,54,slow_moving,7,55.58,False,7
SM-019,55,slow_moving,5,55.58,False,7
SM-019,56,slow_moving,17,45.58,True,7
SM-019,57,slow_moving,11,45.58,True,7
SM-019,58,slow_moving,7,45.58,True,7
SM-019,59,slow_moving,1,55.58,False,7
SM-019,60,slow_moving,3,55.58,False,7
SM-019,61,slow_moving,3,55.58,False,7
SM-019,62,slow_moving,2,55.58,False,7
SM-019,63,slow_moving,4,55.58,False,7
SM-019,64,slow_moving,5,55.58,False,7
SM-019,65,slow_moving,9,55.58,False,7
SM-019,66,slow_moving,15,45.58,True,7
SM-019,67,slow_moving,0,55.58,False,7
SM-019,68,slow_moving,2,55.58,False,7
SM-019,69,slow_moving,0,55.58,False,7
SM-019,70,slow_moving,5,55.58,False,7
SM-019,71,slow_moving,0,55.58,False,7
SM-019,72,slow_moving,4,55.58,False,7
SM-019,73,slow_moving,6,55.58,False,7
SM-019,74,slow_moving,6,45.58,True,7
SM-019,75,slow_moving,2,55.58,False,7
SM-019,76,slow_moving,1,55.58,False,7
SM-019,77,slow_moving,7,55.58,False,7
SM-019,78,slow_moving,4,55.58,False,7
SM-019,79,slow_moving,6,55.58,False,7
SM-019,80,slow_moving,0,55.58,False,7
SM-019,81,slow_moving,5,55.58,False,7
SM-019,82,slow_moving,2,55.58,False,7
SM-019,83,slow_moving,4,55.58,False,7
SM-019,84,slow_moving,3,55.58,False,7
SM-019,85,slow_moving,7,55.58,False,7
SM-019,86,slow_moving,12,45.58,True,7
SM-019,87,slow_moving,5,55.58,False,7
SM-019,88,slow_moving,2,55.58,False,7
SM-019,89,slow_moving,6,55.58,False,7
SM-019,90,slow_moving,3,55.58,False,7
SM-019,91,slow_moving,1,55.58,False,7
SM-019,92,slow_moving,1,55.58,False,7
SM-019,93,slow_moving,0,55.58,False,7
SM-019,94,slow_moving,2,55.58,False,7
SM-019,95,slow_moving,4,55.58,False,7
SM-019,96,slow_moving,5,55.58,False,7
SM-019,97,slow_moving,4,55.58,False,7
SM-019,98,slow_moving,1,55.58,False,7
SM-019,99,slow_moving,5,55.58,False,7
SM-019,100,slow_moving,14,45.58,True,7
SM-019,101,slow_moving,8,55.58,False,7
SM-019,102,slow_moving,2,55.58,False,7
SM-019,103,slow_moving,4,55.58,False,7
SM-020,0,slow_moving,5,58.89,False,10
SM-020,1,slow_moving,2,58.89,False,10
SM-020,2,slow_moving,0,58.89,False,10
SM-020,3,slow_moving,2,58.89,False,10
SM-020,4,slow_moving,3,58.89,False,10
SM-020,5,slow_moving,0,58.89,False,10
SM-020,6,slow_moving,3,58.89,False,10
SM-020,7,slow_moving,3,58.89,False,10
SM-020,8,slow_moving,3,58.89,False,10
SM-020,9,slow_moving,9,58.89,False,10
SM-020,10,slow_moving,2,58.89,False,10
SM-020,11,slow_moving,3,58.89,False,10
SM-020,12,slow_moving,5,49.57,True,10
SM-020,13,slow_moving,1,58.89,False,10
SM-020,14,slow_moving,2,58.89,False,10
SM-020,15,slow_moving,8,58.89,False,10
SM-020,16,slow_moving,4,58.89,False,10
SM-020,17,slow_moving,4,58.89,False,10
SM-020,18,slow_moving,3,58.89,False,10
SM-020,19,slow_moving,4,58.89,False,10
SM-020,20,slow_moving,3,58.89,False,10
SM-020,21,slow_moving,4,58.89,False,10
SM-020,22,slow_moving,6,49.57,True,10
SM-020,23,slow_moving,2,58.89,False,10
SM-020,24,slow_moving,13,58.89,False,10
SM-020,25,slow_moving,5,58.89,False,10
SM-020,26,slow_moving,4,58.89,False,10
SM-020,27,slow_moving,1,58.89,False,10
SM-020,28,slow_moving,0,58.89,False,10
SM-020,29,slow_moving,3,58.89,False,10
SM-020,30,slow_moving,5,58.89,False,10
SM-020,31,slow_moving,1,58.89,False,10
SM-020,32,slow_moving,3,58.89,False,10
SM-020,33,slow_moving,6,58.89,False,10
SM-020,34,slow_moving,3,58.89,False,10
SM-020,35,slow_moving,1,58.89,False,10
SM-020,36,slow_moving,1,58.89,False,10
SM-020,37,slow_moving,7,58.89,False,10
SM-020,38,slow_moving,2,58.89,False,10
SM-020,39,slow_moving,3,58.89,False,10
SM-020,40,slow_moving,2,58.89,False,10
SM-020,41,slow_moving,4,49.57,True,10
SM-020,42,slow_moving,3,58.89,False,10
SM-020,43,slow_moving,3,58.89,False,10
SM-020,44,slow_moving,3,58.89,False,10
SM-020,45,slow_moving,1,58.89,False,10
SM-020,46,slow_moving,1,58.89,False,10
SM-020,47,slow_moving,5,58.89,False,10
SM-020,48,slow_moving,3,58.89,False,10
SM-020,49,slow_moving,1,58.89,False,10
SM-020,50,slow_moving,6,58.89,False,10
SM-020,51,slow_moving,3,58.89,False,10
SM-020,52,slow_moving,4,58.89,False,10
SM-020,53,slow_moving,1,58.89,False,10
SM-020,54,slow_moving,4,58.89,False,10
SM-020,55,slow_moving,3,58.89,False,10
SM-020,56,slow_moving,4,58.89,False,10
SM-020,57,slow_moving,3,58.89,False,10
SM-020,58,slow_moving,4,58.89,False,10
SM-020,59,slow_moving,4,58.89,False,10
SM-020,60,slow_moving,3,58.89,False,10
SM-020,61,slow_moving,2,58.89,False,10
SM-020,62,slow_moving,15,49.57,True,10
SM-020,63,slow_moving,1,58.89,False,10
SM-020,64,slow_moving,1,58.89,False,10
SM-020,65,slow_moving,4,58.89,False,10
SM-020,66,slow_moving,3,58.89,False,10
SM-020,67,slow_moving,3,58.89,False,10
SM-020,68,slow_moving,2,49.57,True,10
SM-020,69,slow_moving,4,58.89,False,10
SM-020,70,slow_moving,0,58.89,False,10
SM-020,71,slow_moving,5,58.89,False,10
SM-020,72,slow_moving,3,58.89,False,10
SM-020,73,slow_moving,3,58.89,False,10
SM-020,74,slow_moving,4,58.89,False,10
SM-020,75,slow_moving,2,58.89,False,10
SM-020,76,slow_moving,0,58.89,False,10
SM-020,77,slow_moving,4,58.89,False,10
SM-020,78,slow_moving,3,58.89,False,10
SM-020,79,slow_moving,8,49.57,True,10
SM-020,80,slow_moving,2,58.89,False,10
SM-020,81,slow_moving,3,58.89,False,10
SM-020,82,slow_moving,5,58.89,False,10
SM-020,83,slow_moving,5,58.89,False,10
SM-020,84,slow_moving,7,58.89,False,10
SM-020,85,slow_moving,3,58.89,False,10
SM-020,86,slow_moving,3,58.89,False,10
SM-020,87,slow_moving,5,58.89,False,10
SM-020,88,slow_moving,5,49.57,True,10
SM-020,89,slow_moving,8,58.89,False,10
SM-020,90,slow_moving,2,58.89,False,10
SM-020,91,slow_moving,3,58.89,False,10
SM-020,92,slow_moving,1,58.89,False,10
SM-020,93,slow_moving,5,58.89,False,10
SM-020,94,slow_moving,5,58.89,False,10
SM-020,95,slow_moving,10,49.57,True,10
SM-020,96,slow_moving,4,58.89,False,10
SM-020,97,slow_moving,3,58.89,False,10
SM-020,98,slow_moving,6,58.89,False,10
SM-020,99,slow_moving,5,58.89,False,10
SM-020,100,slow_moving,5,58.89,False,10
SM-020,101,slow_moving,0,58.89,False,10
SM-020,102,slow_moving,4,58.89,False,10
SM-020,103,slow_moving,5,58.89,False,10
SM-021,0,slow_moving,10,51.36,False,9
SM-021,1,slow_moving,5,51.36,False,9
SM-021,2,slow_moving,5,51.36,False,9
SM-021,3,slow_moving,4,51.36,False,9
SM-021,4,slow_moving,9,51.36,False,9
SM-021,5,slow_moving,6,51.36,False,9
SM-021,6,slow_moving,9,51.36,False,9
SM-021,7,slow_moving,2,51.36,False,9
SM-021,8,slow_moving,4,51.36,False,9
SM-021,9,slow_moving,6,51.36,False,9
SM-021,10,slow_moving,10,51.36,False,9
SM-021,11,slow_moving,14,39.92,True,9
SM-021,12,slow_moving,23,39.92,True,9
SM-021,13,slow_moving,12,39.92,True,9
SM-021,14,slow_moving,5,51.36,False,9
SM-021,15,slow_moving,6,51.36,False,9
SM-021,16,slow_moving,5,51.36,False,9
SM-021,17,slow_moving,9,51.36,False,9
SM-021,18,slow_moving,5,51.36,False,9
SM-021,19,slow_moving,5,51.36,False,9
SM-021,20,slow_moving,7,51.36,False,9
SM-021,21,slow_moving,9,51.36,False,9
SM-021,22,slow_moving,3,51.36,False,9
SM-021,23,slow_moving,1,51.36,False,9
SM-021,24,slow_moving,3,51.36,False,9
SM-021,25,slow_moving,9,51.36,False,9
SM-021,26,slow_moving,8,51.36,False,9
SM-021,27,slow_moving,2,51.36,False,9
SM-021,28,slow_moving,8,51.36,False,9
SM-021,29,slow_moving,12,51.36,False,9
SM-021,30,slow_moving,10,51.36,False,9
SM-021,31,slow_moving,6,51.36,False,9
SM-021,32,slow_moving,10,51.36,False,9
SM-021,33,slow_moving,17,39.92,True,9
SM-021,34,slow_moving,4,51.36,False,9
SM-021,35,slow_moving,14,51.36,False,9
SM-021,36,slow_moving,5,51.36,False,9
SM-021,37,slow_moving,8,39.92,True,9
SM-021,38,slow_moving,6,51.36,False,9
SM-021,39,slow_moving,5,51.36,False,9
SM-021,40,slow_moving,13,51.36,False,9
SM-021,41,slow_moving,18,39.92,True,9
SM-021,42,slow_moving,9,51.36,False,9
SM-021,43,slow_moving,2,51.36,False,9
SM-021,44,slow_moving,2,51.36,False,9
SM-021,45,slow_moving,9,51.36,False,9
SM-021,46,slow_moving,7,51.36,False,9
SM-021,47,slow_moving,5,39.92,True,9
SM-021,48,slow_moving,8,39.92,True,9
SM-021,49,slow_moving,13,51.36,False,9
SM-021,50,slow_moving,5,51.36,False,9
SM-021,51,slow_moving,11,51.36,False,9
SM-021,52,slow_moving,5,51.36,False,9
SM-021,53,slow_moving,14,39.92,True,9
SM-021,54,slow_moving,5,51.36,False,9
SM-021,55,slow_moving,4,51.36,False,9
SM-021,56,slow_moving,7,51.36,False,9
SM-021,57,slow_moving,9,51.36,False,9
SM-021,58,slow_moving,8,51.36,False,9
SM-021,59,slow_moving,6,51.36,False,9
SM-021,60,slow_moving,8,51.36,False,9
SM-021,61,slow_moving,5,51.36,False,9
SM-021,62,slow_moving,3,51.36,False,9
SM-021,63,slow_moving,23,39.92,True,9
SM-021,64,slow_moving,9,51.36,False,9
SM-021,65,slow_moving,7,51.36,False,9
SM-021,66,slow_moving,3,51.36,False,9
SM-021,67,slow_moving,5,51.36,False,9
SM-021,68,slow_moving,10,51.36,False,9
SM-021,69,slow_moving,8,51.36,False,9
SM-021,70,slow_moving,5,51.36,False,9
SM-021,71,slow_moving,4,51.36,False,9
SM-021,72,slow_moving,4,51.36,False,9
SM-021,73,slow_moving,7,51.36,False,9
SM-021,74,slow_moving,4,51.36,False,9
SM-021,75,slow_moving,7,51.36,False,9
SM-021,76,slow_moving,6,51.36,False,9
SM-021,77,slow_moving,6,51.36,False,9
SM-021,78,slow_moving,11,39.92,True,9
SM-021,79,slow_moving,5,51.36,False,9
SM-021,80,slow_moving,5,51.36,False,9
SM-021,81,slow_moving,9,39.92,True,9
SM-021,82,slow_moving,7,51.36,False,9
SM-021,83,slow_moving,4,51.36,False,9
SM-021,84,slow_moving,7,51.36,False,9
SM-021,85,slow_moving,4,51.36,False,9
SM-021,86,slow_moving,4,51.36,False,9
SM-021,87,slow_moving,8,51.36,False,9
SM-021,88,slow_moving,11,51.36,False,9
SM-021,89,slow_moving,5,51.36,False,9
SM-021,90,slow_moving,5,51.36,False,9
SM-021,91,slow_moving,3,51.36,False,9
SM-021,92,slow_moving,6,51.36,False,9
SM-021,93,slow_moving,3,51.36,False,9
SM-021,94,slow_moving,4,51.36,False,9
SM-021,95,slow_moving,5,51.36,False,9
SM-021,96,slow_moving,20,39.92,True,9
SM-021,97,slow_moving,5,51.36,False,9
SM-021,98,slow_moving,5,51.36,False,9
SM-021,99,slow_moving,9,39.92,True,9
SM-021,100,slow_moving,4,51.36,False,9
SM-021,101,slow_moving,5,51.36,False,9
SM-021,102,slow_moving,2,51.36,False,9
SM-021,103,slow_moving,10,51.36,False,9
SM-022,0,slow_moving,3,22.49,False,10
SM-022,1,slow_moving,5,22.49,False,10
SM-022,2,slow_moving,5,17.85,True,10
SM-022,3,slow_moving,5,22.49,False,10
SM-022,4,slow_moving,7,22.49,False,10
SM-022,5,slow_moving,17,22.49,False,10
SM-022,6,slow_moving,16,22.49,False,10
SM-022,7,slow_moving,5,22.49,False,10
SM-022,8,slow_moving,10,22.49,False,10
SM-022,9,slow_moving,0,22.49,False,10
SM-022,10,slow_moving,0,22.49,False,10
SM-022,11,slow_moving,5,22.49,False,10
SM-022,12,slow_moving,11,22.49,False,10
SM-022,13,slow_moving,7,22.49,False,10
SM-022,14,slow_moving,4,22.49,False,10
SM-022,15,slow_moving,11,22.49,False,10
SM-022,16,slow_moving,21,22.49,False,10
SM-022,17,slow_moving,1,22.49,False,10
SM-022,18,slow_moving,5,22.49,False,10
SM-022,19,slow_moving,6,22.49,False,10
SM-022,20,slow_moving,10,22.49,False,10
SM-022,21,slow_moving,1,22.49,False,10
SM-022,22,slow_moving,10,22.49,False,10
SM-022,23,slow_moving,8,22.49,False,10
SM-022,24,slow_moving,2,22.49,False,10
SM-022,25,slow_moving,14,22.49,False,10
SM-022,26,slow_moving,5,22.49,False,10
SM-022,27,slow_moving,15,22.49,False,10
SM-022,28,slow_moving,9,22.49,False,10
SM-022,29,slow_moving,26,17.85,True,10
SM-022,30,slow_moving,1,22.49,False,10
SM-022,31,slow_moving,2,22.49,False,10
SM-022,32,slow_moving,8,22.49,False,10
SM-022,33,slow_moving,2,22.49,False,10
SM-022,34,slow_moving,3,22.49,False,10
SM-022,35,slow_moving,16,17.85,True,10
SM-022,36,slow_moving,15,17.85,True,10
SM-022,37,slow_moving,11,22.49,False,10
SM-022,38,slow_moving,2,22.49,False,10
SM-022,39,slow_moving,6,22.49,False,10
SM-022,40,slow_moving,3,22.49,False,10
SM-022,41,slow_moving,3,22.49,False,10
SM-022,42,slow_moving,9,22.49,False,10
SM-022,43,slow_moving,7,22.49,False,10
SM-022,44,slow_moving,14,17.85,True,10
SM-022,45,slow_moving,3,22.49,False,10
SM-022,46,slow_moving,13,22.49,False,10
SM-022,47,slow_moving,3,22.49,False,10
SM-022,48,slow_moving,9,22.49,False,10
SM-022,49,slow_moving,6,22.49,False,10
SM-022,50,slow_moving,4,22.49,False,10
SM-022,51,slow_moving,5,17.85,True,10
SM-022,52,slow_moving,6,22.49,False,10
SM-022,53,slow_moving,5,22.49,False,10
SM-022,54,slow_moving,18,22.49,False,10
SM-022,55,slow_moving,12,22.49,False,10
SM-022,56,slow_moving,6,22.49,False,10
SM-022,57,slow_moving,12,22.49,False,10
SM-022,58,slow_moving,9,22.49,False,10
SM-022,59,slow_moving,9,22.49,False,10
SM-022,60,slow_moving,7,22.49,False,10
SM-022,61,slow_moving,1,22.49,False,10
SM-022,62,slow_moving,2,22.49,False,10
SM-022,63,slow_moving,7,22.49,False,10
SM-022,64,slow_moving,1,22.49,False,10
SM-022,65,slow_moving,4,22.49,False,10
SM-022,66,slow_moving,12,22.49,False,10
SM-022,67,slow_moving,3,22.49,False,10
SM-022,68,slow_moving,9,22.49,False,10
SM-022,69,slow_moving,27,17.85,True,10
SM-022,70,slow_moving,6,22.49,False,10
SM-022,71,slow_moving,11,22.49,False,10
SM-022,72,slow_moving,11,22.49,False,10
SM-022,73,slow_moving,4,22.49,False,10
SM-022,74,slow_moving,14,17.85,True,10
SM-022,75,slow_moving,4,22.49,False,10
SM-022,76,slow_moving,9,22.49,False,10
SM-022,77,slow_moving,4,22.49,False,10
SM-022,78,slow_moving,1,22.49,False,10
SM-022,79,slow_moving,8,22.49,False,10
SM-022,80,slow_moving,8,22.49,False,10
SM-022,81,slow_moving,5,22.49,False,10
SM-022,82,slow_moving,6,22.49,False,10
SM-022,83,slow_moving,8,22.49,False,10
SM-022,84,slow_moving,10,17.85,True,10
SM-022,85,slow_moving,3,22.49,False,10
SM-022,86,slow_moving,7,22.49,False,10
SM-022,87,slow_moving,12,22.49,False,10
SM-022,88,slow_moving,6,22.49,False,10
SM-022,89,slow_moving,9,22.49,False,10
SM-022,90,slow_moving,3,22.49,False,10
SM-022,91,slow_moving,5,22.49,False,10
SM-022,92,slow_moving,2,22.49,False,10
SM-022,93,slow_moving,3,22.49,False,10
SM-022,94,slow_moving,5,22.49,False,10
SM-022,95,slow_moving,11,22.49,False,10
SM-022,96,slow_moving,11,22.49,False,10
SM-022,97,slow_moving,4,22.49,False,10
SM-022,98,slow_moving,13,22.49,False,10
SM-022,99,slow_moving,4,22.49,False,10
SM-022,100,slow_moving,6,22.49,False,10
SM-022,101,slow_moving,12,22.49,False,10
SM-022,102,slow_moving,2,22.49,False,10
SM-022,103,slow_moving,6,22.49,False,10
SM-023,0,slow_moving,2,39.06,False,10
SM-023,1,slow_moving,4,39.06,False,10
SM-023,2,slow_moving,1,39.06,False,10
SM-023,3,slow_moving,2,39.06,False,10
SM-023,4,slow_moving,4,39.06,False,10
SM-023,5,slow_moving,11,29.3,True,10
SM-023,6,slow_moving,2,39.06,False,10
SM-023,7,slow_moving,4,39.06,False,10
SM-023,8,slow_moving,2,39.06,False,10
SM-023,9,slow_moving,4,39.06,False,10
SM-023,10,slow_moving,1,39.06,False,10
SM-023,11,slow_moving,1,39.06,False,10
SM-023,12,slow_moving,5,39.06,False,10
SM-023,13,slow_moving,9,39.06,False,10
SM-023,14,slow_moving,10,29.3,True,10
SM-023,15,slow_moving,5,39.06,False,10
SM-023,16,slow_moving,1,39.06,False,10
SM-023,17,slow_moving,4,39.06,False,10
SM-023,18,slow_moving,5,39.06,False,10
SM-023,19,slow_moving,8,39.06,False,10
SM-023,20,slow_moving,3,39.06,False,10
SM-023,21,slow_moving,4,39.06,False,10
SM-023,22,slow_moving,6,39.06,False,10
SM-023,23,slow_moving,6,39.06,False,10
SM-023,24,slow_moving,4,39.06,False,10
SM-023,25,slow_moving,3,39.06,False,10
SM-023,26,slow_moving,5,39.06,False,10
SM-023,27,slow_moving,4,39.06,False,10
SM-023,28,slow_moving,5,39.06,False,10
SM-023,29,slow_moving,5,39.06,False,10
SM-023,30,slow_moving,5,39.06,False,10
SM-023,31,slow_moving,3,39.06,False,10
SM-023,32,slow_moving,5,39.06,False,10
SM-023,33,slow_moving,6,39.06,False,10
SM-023,34,slow_moving,4,39.06,False,10
SM-023,35,slow_moving,9,39.06,False,10
SM-023,36,slow_moving,4,39.06,False,10
SM-023,37,slow_moving,3,39.06,False,10
SM-023,38,slow_moving,6,39.06,False,10
SM-023,39,slow_moving,2,39.06,False,10
SM-023,40,slow_moving,2,39.06,False,10
SM-023,41,slow_moving,4,39.06,False,10
SM-023,42,slow_moving,5,39.06,False,10
SM-023,43,slow_moving,5,39.06,False,10
SM-023,44,slow_moving,2,39.06,False,10
SM-023,45,slow_moving,3,39.06,False,10
SM-023,46,slow_moving,3,39.06,False,10
SM-023,47,slow_moving,4,39.06,False,10
SM-023,48,slow_moving,20,29.3,True,10
SM-023,49,slow_moving,8,39.06,False,10
SM-023,50,slow_moving,3,39.06,False,10
SM-023,51,slow_moving,13,29.3,True,10
SM-023,52,slow_moving,3,39.06,False,10
SM-023,53,slow_moving,4,39.06,False,10
SM-023,54,slow_moving,16,29.3,True,10
SM-023,55,slow_moving,2,39.06,False,10
SM-023,56,slow_moving,6,39.06,False,10
SM-023,57,slow_moving,5,39.06,False,10
SM-023,58,slow_moving,7,39.06,False,10
SM-023,59,slow_moving,6,39.06,False,10
SM-023,60,slow_moving,1,39.06,False,10
SM-023,61,slow_moving,3,39.06,False,10
SM-023,62,slow_moving,8,39.06,False,10
SM-023,63,slow_moving,5,39.06,False,10
SM-023,64,slow_moving,2,39.06,False,10
SM-023,65,slow_moving,2,39.06,False,10
SM-023,66,slow_moving,7,39.06,False,10
SM-023,67,slow_moving,3,39.06,False,10
SM-023,68,slow_moving,2,39.06,False,10
SM-023,69,slow_moving,5,39.06,False,10
SM-023,70,slow_moving,2,39.06,False,10
SM-023,71,slow_moving,4,39.06,False,10
SM-023,72,slow_moving,5,39.06,False,10
SM-023,73,slow_moving,5,39.06,False,10
SM-023,74,slow_moving,3,39.06,False,10
SM-023,75,slow_moving,5,39.06,False,10
SM-023,76,slow_moving,2,39.06,False,10
SM-023,77,slow_moving,3,39.06,False,10
SM-023,78,slow_moving,3,39.06,False,10
SM-023,79,slow_moving,4,39.06,False,10
SM-023,80,slow_moving,2,39.06,False,10
SM-023,81,slow_moving,2,39.06,False,10
SM-023,82,slow_moving,4,39.06,False,10
SM-023,83,slow_moving,2,39.06,False,10
SM-023,84,slow_moving,4,39.06,False,10
SM-023,85,slow_moving,1,39.06,False,10
SM-023,86,slow_moving,5,39.06,False,10
SM-023,87,slow_moving,3,39.06,False,10
SM-023,88,slow_moving,5,39.06,False,10
SM-023,89,slow_moving,2,39.06,False,10
SM-023,90,slow_moving,3,39.06,False,10
SM-023,91,slow_moving,3,39.06,False,10
SM-023,92,slow_moving,2,39.06,False,10
SM-023,93,slow_moving,2,39.06,False,10
SM-023,94,slow_moving,6,39.06,False,10
SM-023,95,slow_moving,5,39.06,False,10
SM-023,96,slow_moving,6,39.06,False,10
SM-023,97,slow_moving,6,39.06,False,10
SM-023,98,slow_moving,0,39.06,False,10
SM-023,99,slow_moving,4,39.06,False,10
SM-023,100,slow_moving,4,39.06,False,10
SM-023,101,slow_moving,7,39.06,False,10
SM-023,102,slow_moving,9,39.06,False,10
SM-023,103,slow_moving,2,39.06,False,10
SM-024,0,slow_moving,0,53.71,False,7
SM-024,1,slow_moving,3,53.71,False,7
SM-024,2,slow_moving,3,53.71,False,7
SM-024,3,slow_moving,5,53.71,False,7
SM-024,4,slow_moving,3,53.71,False,7
SM-024,5,slow_moving,1,53.71,False,7
SM-024,6,slow_moving,5,53.71,False,7
SM-024,7,slow_moving,4,53.71,False,7
SM-024,8,slow_moving,1,53.71,False,7
SM-024,9,slow_moving,1,53.71,False,7
SM-024,10,slow_moving,4,43.99,True,7
SM-024,11,slow_moving,5,53.71,False,7
SM-024,12,slow_moving,4,53.71,False,7
SM-024,13,slow_moving,4,53.71,False,7
SM-024,14,slow_moving,4,53.71,False,7
SM-024,15,slow_moving,3,53.71,False,7
SM-024,16,slow_moving,3,53.71,False,7
SM-024,17,slow_moving,3,53.71,False,7
SM-024,18,slow_moving,2,53.71,False,7
SM-024,19,slow_moving,0,53.71,False,7
SM-024,20,slow_moving,3,53.71,False,7
SM-024,21,slow_moving,3,53.71,False,7
SM-024,22,slow_moving,1,53.71,False,7
SM-024,23,slow_moving,7,53.71,False,7
SM-024,24,slow_moving,2,53.71,False,7
SM-024,25,slow_moving,2,53.71,False,7
SM-024,26,slow_moving,0,53.71,False,7
SM-024,27,slow_moving,3,53.71,False,7
SM-024,28,slow_moving,5,53.71,False,7
SM-024,29,slow_moving,4,53.71,False,7
SM-024,30,slow_moving,3,53.71,False,7
SM-024,31,slow_moving,2,53.71,False,7
SM-024,32,slow_moving,1,53.71,False,7
SM-024,33,slow_moving,4,53.71,False,7
SM-024,34,slow_moving,3,53.71,False,7
SM-024,35,slow_moving,3,53.71,False,7
SM-024,36,slow_moving,3,53.71,False,7
SM-024,37,slow_moving,4,53.71,False,7
SM-024,38,slow_moving,3,53.71,False,7
SM-024,39,slow_moving,2,53.71,False,7
SM-024,40,slow_moving,3,53.71,False,7
SM-024,41,slow_moving,4,53.71,False,7
SM-024,42,slow_moving,4,53.71,False,7
SM-024,43,slow_moving,1,53.71,False,7
SM-024,44,slow_moving,5,53.71,False,7
SM-024,45,slow_moving,0,53.71,False,7
SM-024,46,slow_moving,3,53.71,False,7
SM-024,47,slow_moving,1,53.71,False,7
SM-024,48,slow_moving,5,53.71,False,7
SM-024,49,slow_moving,5,43.99,True,7
SM-024,50,slow_moving,4,53.71,False,7
SM-024,51,slow_moving,4,53.71,False,7
SM-024,52,slow_moving,2,53.71,False,7
SM-024,53,slow_moving,2,53.71,False,7
SM-024,54,slow_moving,6,53.71,False,7
SM-024,55,slow_moving,8,43.99,True,7
SM-024,56,slow_moving,3,53.71,False,7
SM-024,57,slow_moving,1,53.71,False,7
SM-024,58,slow_moving,1,53.71,False,7
SM-024,59,slow_moving,3,53.71,False,7
SM-024,60,slow_moving,3,53.71,False,7
SM-024,61,slow_moving,1,53.71,False,7
SM-024,62,slow_moving,3,53.71,False,7
SM-024,63,slow_moving,3,53.71,False,7
SM-024,64,slow_moving,4,53.71,False,7
SM-024,65,slow_moving,4,53.71,False,7
SM-024,66,slow_moving,6,43.99,True,7
SM-024,67,slow_moving,2,53.71,False,7
SM-024,68,slow_moving,7,53.71,False,7
SM-024,69,slow_moving,0,53.71,False,7
SM-024,70,slow_moving,2,53.71,False,7
SM-024,71,slow_moving,0,53.71,False,7
SM-024,72,slow_moving,4,53.71,False,7
SM-024,73,slow_moving,3,53.71,False,7
SM-024,74,slow_moving,4,53.71,False,7
SM-024,75,slow_moving,3,53.71,False,7
SM-024,76,slow_moving,4,53.71,False,7
SM-024,77,slow_moving,7,53.71,False,7
SM-024,78,slow_moving,3,53.71,False,7
SM-024,79,slow_moving,1,53.71,False,7
SM-024,80,slow_moving,1,53.71,False,7
SM-024,81,slow_moving,3,53.71,False,7
SM-024,82,slow_moving,3,43.99,True,7
SM-024,83,slow_moving,1,53.71,False,7
SM-024,84,slow_moving,1,53.71,False,7
SM-024,85,slow_moving,0,53.71,False,7
SM-024,86,slow_moving,1,53.71,False,7
SM-024,87,slow_moving,3,53.71,False,7
SM-024,88,slow_moving,2,53.71,False,7
SM-024,89,slow_moving,5,53.71,False,7
SM-024,90,slow_moving,2,53.71,False,7
SM-024,91,slow_moving,5,53.71,False,7
SM-024,92,slow_moving,3,53.71,False,7
SM-024,93,slow_moving,2,53.71,False,7
SM-024,94,slow_moving,3,53.71,False,7
SM-024,95,slow_moving,3,53.71,False,7
SM-024,96,slow_moving,4,53.71,False,7
SM-024,97,slow_moving,8,43.99,True,7
SM-024,98,slow_moving,8,43.99,True,7
SM-024,99,slow_moving,1,53.71,False,7
SM-024,100,slow_moving,5,43.99,True,7
SM-024,101,slow_moving,0,53.71,False,7
SM-024,102,slow_moving,1,53.71,False,7
SM-024,103,slow_moving,1,53.71,False,7
SM-025,0,slow_moving,7,55.13,False,8
SM-025,1,slow_moving,6,55.13,False,8
SM-025,2,slow_moving,0,55.13,False,8
SM-025,3,slow_moving,1,55.13,False,8
SM-025,4,slow_moving,7,55.13,False,8
SM-025,5,slow_moving,8,55.13,False,8
SM-025,6,slow_moving,22,41.95,True,8
SM-025,7,slow_moving,4,55.13,False,8
SM-025,8,slow_moving,10,55.13,False,8
SM-025,9,slow_moving,17,55.13,False,8
SM-025,10,slow_moving,4,55.13,False,8
SM-025,11,slow_moving,6,55.13,False,8
SM-025,12,slow_moving,7,55.13,False,8
SM-025,13,slow_moving,2,55.13,False,8
SM-025,14,slow_moving,4,41.95,True,8
SM-025,15,slow_moving,6,55.13,False,8
SM-025,16,slow_moving,20,41.95,True,8
SM-025,17,slow_moving,11,55.13,False,8
SM-025,18,slow_moving,11,55.13,False,8
SM-025,19,slow_moving,9,55.13,False,8
SM-025,20,slow_moving,7,41.95,True,8
SM-025,21,slow_moving,5,55.13,False,8
SM-025,22,slow_moving,4,55.13,False,8
SM-025,23,slow_moving,2,55.13,False,8
SM-025,24,slow_moving,5,55.13,False,8
SM-025,25,slow_moving,3,55.13,False,8
SM-025,26,slow_moving,8,55.13,False,8
SM-025,27,slow_moving,12,55.13,False,8
SM-025,28,slow_moving,2,55.13,False,8
SM-025,29,slow_moving,4,55.13,False,8
SM-025,30,slow_moving,3,55.13,False,8
SM-025,31,slow_moving,4,55.13,False,8
SM-025,32,slow_moving,8,41.95,True,8
SM-025,33,slow_moving,3,55.13,False,8
SM-025,34,slow_moving,1,55.13,False,8
SM-025,35,slow_moving,8,55.13,False,8
SM-025,36,slow_moving,5,55.13,False,8
SM-025,37,slow_moving,9,55.13,False,8
SM-025,38,slow_moving,9,55.13,False,8
SM-025,39,slow_moving,10,55.13,False,8
SM-025,40,slow_moving,3,55.13,False,8
SM-025,41,slow_moving,4,55.13,False,8
SM-025,42,slow_moving,5,55.13,False,8
SM-025,43,slow_moving,3,55.13,False,8
SM-025,44,slow_moving,4,55.13,False,8
SM-025,45,slow_moving,6,55.13,False,8
SM-025,46,slow_moving,7,55.13,False,8
SM-025,47,slow_moving,1,55.13,False,8
SM-025,48,slow_moving,9,55.13,False,8
SM-025,49,slow_moving,4,55.13,False,8
SM-025,50,slow_moving,2,55.13,False,8
SM-025,51,slow_moving,7,55.13,False,8
SM-025,52,slow_moving,6,55.13,False,8
SM-025,53,slow_moving,0,55.13,False,8
SM-025,54,slow_moving,2,55.13,False,8
SM-025,55,slow_moving,2,55.13,False,8
SM-025,56,slow_moving,2,55.13,False,8
SM-025,57,slow_moving,10,55.13,False,8
SM-025,58,slow_moving,5,55.13,False,8
SM-025,59,slow_moving,9,55.13,False,8
SM-025,60,slow_moving,5,55.13,False,8
SM-025,61,slow_moving,7,55.13,False,8
SM-025,62,slow_moving,7,55.13,False,8
SM-025,63,slow_moving,4,55.13,False,8
SM-025,64,slow_moving,38,41.95,True,8
SM-025,65,slow_moving,3,55.13,False,8
SM-025,66,slow_moving,7,55.13,False,8
SM-025,67,slow_moving,2,55.13,False,8
SM-025,68,slow_moving,9,55.13,False,8
SM-025,69,slow_moving,6,55.13,False,8
SM-025,70,slow_moving,4,55.13,False,8
SM-025,71,slow_moving,8,55.13,False,8
SM-025,72,slow_moving,5,55.13,False,8
SM-025,73,slow_moving,0,55.13,False,8
SM-025,74,slow_moving,6,55.13,False,8
SM-025,75,slow_moving,4,55.13,False,8
SM-025,76,slow_moving,6,55.13,False,8
SM-025,77,slow_moving,4,55.13,False,8
SM-025,78,slow_moving,5,55.13,False,8
SM-025,79,slow_moving,1,55.13,False,8
SM-025,80,slow_moving,3,55.13,False,8
SM-025,81,slow_moving,7,55.13,False,8
SM-025,82,slow_moving,16,55.13,False,8
SM-025,83,slow_moving,4,55.13,False,8
SM-025,84,slow_moving,6,55.13,False,8
SM-025,85,slow_moving,3,55.13,False,8
SM-025,86,slow_moving,3,55.13,False,8
SM-025,87,slow_moving,5,55.13,False,8
SM-025,88,slow_moving,4,55.13,False,8
SM-025,89,slow_moving,5,41.95,True,8
SM-025,90,slow_moving,5,55.13,False,8
SM-025,91,slow_moving,3,55.13,False,8
SM-025,92,slow_moving,1,55.13,False,8
SM-025,93,slow_moving,7,55.13,False,8
SM-025,94,slow_moving,4,55.13,False,8
SM-025,95,slow_moving,5,55.13,False,8
SM-025,96,slow_moving,4,55.13,False,8
SM-025,97,slow_moving,7,55.13,False,8
SM-025,98,slow_moving,4,55.13,False,8
SM-025,99,slow_moving,10,55.13,False,8
SM-025,100,slow_moving,4,55.13,False,8
SM-025,101,slow_moving,2,55.13,False,8
SM-025,102,slow_moving,7,55.13,False,8
SM-025,103,slow_moving,2,55.13,False,8
SM-026,0,slow_moving,1,53.36,False,8
SM-026,1,slow_moving,5,53.36,False,8
SM-026,2,slow_moving,2,53.36,False,8
SM-026,3,slow_moving,4,53.36,False,8
SM-026,4,slow_moving,3,53.36,False,8
SM-026,5,slow_moving,4,53.36,False,8
SM-026,6,slow_moving,6,53.36,False,8
SM-026,7,slow_moving,5,53.36,False,8
SM-026,8,slow_moving,5,53.36,False,8
SM-026,9,slow_moving,3,53.36,False,8
SM-026,10,slow_moving,4,53.36,False,8
SM-026,11,slow_moving,2,53.36,False,8
SM-026,12,slow_moving,2,53.36,False,8
SM-026,13,slow_moving,2,53.36,False,8
SM-026,14,slow_moving,5,53.36,False,8
SM-026,15,slow_moving,2,53.36,False,8
SM-026,16,slow_moving,2,53.36,False,8
SM-026,17,slow_moving,2,53.36,False,8
SM-026,18,slow_moving,3,53.36,False,8
SM-026,19,slow_moving,4,53.36,False,8
SM-026,20,slow_moving,6,53.36,False,8
SM-026,21,slow_moving,3,53.36,False,8
SM-026,22,slow_moving,4,53.36,False,8
SM-026,23,slow_moving,2,53.36,False,8
SM-026,24,slow_moving,3,53.36,False,8
SM-026,25,slow_moving,1,53.36,False,8
SM-026,26,slow_moving,6,53.36,False,8
SM-026,27,slow_moving,4,53.36,False,8
SM-026,28,slow_moving,3,53.36,False,8
SM-026,29,slow_moving,1,53.36,False,8
SM-026,30,slow_moving,1,53.36,False,8
SM-026,31,slow_moving,3,53.36,False,8
SM-026,32,slow_moving,2,53.36,False,8
SM-026,33,slow_moving,1,53.36,False,8
SM-026,34,slow_moving,5,53.36,False,8
SM-026,35,slow_moving,9,53.36,False,8
SM-026,36,slow_moving,3,53.36,False,8
SM-026,37,slow_moving,2,53.36,False,8
SM-026,38,slow_moving,1,53.36,False,8
SM-026,39,slow_moving,5,44.39,True,8
SM-026,40,slow_moving,5,53.36,False,8
SM-026,41,slow_moving,2,53.36,False,8
SM-026,42,slow_moving,5,44.39,True,8
SM-026,43,slow_moving,1,53.36,False,8
SM-026,44,slow_moving,3,53.36,False,8
SM-026,45,slow_moving,3,53.36,False,8
SM-026,46,slow_moving,2,53.36,False,8
SM-026,47,slow_moving,7,53.36,False,8
SM-026,48,slow_moving,1,53.36,False,8
SM-026,49,slow_moving,3,53.36,False,8
SM-026,50,slow_moving,2,53.36,False,8
SM-026,51,slow_moving,1,53.36,False,8
SM-026,52,slow_moving,3,53.36,False,8
SM-026,53,slow_moving,2,53.36,False,8
SM-026,54,slow_moving,6,53.36,False,8
SM-026,55,slow_moving,3,53.36,False,8
SM-026,56,slow_moving,2,53.36,False,8
SM-026,57,slow_moving,8,44.39,True,8
SM-026,58,slow_moving,3,53.36,False,8
SM-026,59,slow_moving,5,53.36,False,8
SM-026,60,slow_moving,5,53.36,False,8
SM-026,61,slow_moving,4,53.36,False,8
SM-026,62,slow_moving,1,53.36,False,8
SM-026,63,slow_moving,5,53.36,False,8
SM-026,64,slow_moving,2,53.36,False,8
SM-026,65,slow_moving,3,53.36,False,8
SM-026,66,slow_moving,3,53.36,False,8
SM-026,67,slow_moving,3,53.36,False,8
SM-026,68,slow_moving,8,44.39,True,8
SM-026,69,slow_moving,5,53.36,False,8
SM-026,70,slow_moving,4,53.36,False,8
SM-026,71,slow_moving,3,53.36,False,8
SM-026,72,slow_moving,1,53.36,False,8
SM-026,73,slow_moving,2,53.36,False,8
SM-026,74,slow_moving,1,53.36,False,8
SM-026,75,slow_moving,3,53.36,False,8
SM-026,76,slow_moving,1,53.36,False,8
SM-026,77,slow_moving,2,53.36,False,8
SM-026,78,slow_moving,2,53.36,False,8
SM-026,79,slow_moving,2,53.36,False,8
SM-026,80,slow_moving,3,53.36,False,8
SM-026,81,slow_moving,5,44.39,True,8
SM-026,82,slow_moving,3,53.36,False,8
SM-026,83,slow_moving,0,53.36,False,8
SM-026,84,slow_moving,1,53.36,False,8
SM-026,85,slow_moving,2,53.36,False,8
SM-026,86,slow_moving,2,53.36,False,8
SM-026,87,slow_moving,3,53.36,False,8
SM-026,88,slow_moving,1,53.36,False,8
SM-026,89,slow_moving,3,53.36,False,8
SM-026,90,slow_moving,2,53.36,False,8
SM-026,91,slow_moving,3,53.36,False,8
SM-026,92,slow_moving,3,53.36,False,8
SM-026,93,slow_moving,2,53.36,False,8
SM-026,94,slow_moving,2,53.36,False,8
SM-026,95,slow_moving,4,53.36,False,8
SM-026,96,slow_moving,4,53.36,False,8
SM-026,97,slow_moving,2,53.36,False,8
SM-026,98,slow_moving,3,53.36,False,8
SM-026,99,slow_moving,1,53.36,False,8
SM-026,100,slow_moving,2,44.39,True,8
SM-026,101,slow_moving,2,53.36,False,8
SM-026,102,slow_moving,3,53.36,False,8
SM-026,103,slow_moving,2,53.36,False,8
SM-027,0,slow_moving,0,46.39,False,7
SM-027,1,slow_moving,8,35.92,True,7
SM-027,2,slow_moving,1,46.39,False,7
SM-027,3,slow_moving,3,46.39,False,7
SM-027,4,slow_moving,1,46.39,False,7
SM-027,5,slow_moving,4,46.39,False,7
SM-027,6,slow_moving,2,46.39,False,7
SM-027,7,slow_moving,2,46.39,False,7
SM-027,8,slow_moving,5,46.39,False,7
SM-027,9,slow_moving,4,46.39,False,7
SM-027,10,slow_moving,4,46.39,False,7
SM-027,11,slow_moving,4,46.39,False,7
SM-027,12,slow_moving,2,46.39,False,7
SM-027,13,slow_moving,0,46.39,False,7
SM-027,14,slow_moving,3,46.39,False,7
SM-027,15,slow_moving,2,46.39,False,7
SM-027,16,slow_moving,3,35.92,True,7
SM-027,17,slow_moving,3,46.39,False,7
SM-027,18,slow_moving,3,46.39,False,7
SM-027,19,slow_moving,0,46.39,False,7
SM-027,20,slow_moving,3,46.39,False,7
SM-027,21,slow_moving,1,46.39,False,7
SM-027,22,slow_moving,2,46.39,False,7
SM-027,23,slow_moving,2,46.39,False,7
SM-027,24,slow_moving,5,46.39,False,7
SM-027,25,slow_moving,3,46.39,False,7
SM-027,26,slow_moving,3,46.39,False,7
SM-027,27,slow_moving,1,46.39,False,7
SM-027,28,slow_moving,6,46.39,False,7
SM-027,29,slow_moving,6,46.39,False,7
SM-027,30,slow_moving,4,46.39,False,7
SM-027,31,slow_moving,2,46.39,False,7
SM-027,32,slow_moving,0,46.39,False,7
SM-027,33,slow_moving,2,46.39,False,7
SM-027,34,slow_moving,3,46.39,False,7
SM-027,35,slow_moving,4,46.39,False,7
SM-027,36,slow_moving,4,35.92,True,7
SM-027,37,slow_moving,1,46.39,False,7
SM-027,38,slow_moving,3,46.39,False,7
SM-027,39,slow_moving,2,46.39,False,7
SM-027,40,slow_moving,3,46.39,False,7
SM-027,41,slow_moving,2,46.39,False,7
SM-027,42,slow_moving,5,46.39,False,7
SM-027,43,slow_moving,4,46.39,False,7
SM-027,44,slow_moving,2,46.39,False,7
SM-027,45,slow_moving,2,46.39,False,7
SM-027,46,slow_moving,1,46.39,False,7
SM-027,47,slow_moving,1,46.39,False,7
SM-027,48,slow_moving,1,46.39,False,7
SM-027,49,slow_moving,1,46.39,False,7
SM-027,50,slow_moving,2,46.39,False,7
SM-027,51,slow_moving,3,46.39,False,7
SM-027,52,slow_moving,14,35.92,True,7
SM-027,53,slow_moving,3,46.39,False,7
SM-027,54,slow_moving,4,46.39,False,7
SM-027,55,slow_moving,1,46.39,False,7
SM-027,56,slow_moving,1,46.39,False,7
SM-027,57,slow_moving,3,46.39,False,7
SM-027,58,slow_moving,2,46.39,False,7
SM-027,59,slow_moving,3,46.39,False,7
SM-027,60,slow_moving,4,46.39,False,7
SM-027,61,slow_moving,1,46.39,False,7
SM-027,62,slow_moving,4,46.39,False,7
SM-027,63,slow_moving,3,35.92,True,7
SM-027,64,slow_moving,1,46.39,False,7
SM-027,65,slow_moving,2,46.39,False,7
SM-027,66,slow_moving,0,46.39,False,7
SM-027,67,slow_moving,1,46.39,False,7
SM-027,68,slow_moving,1,46.39,False,7
SM-027,69,slow_moving,3,46.39,False,7
SM-027,70,slow_moving,2,46.39,False,7
SM-027,71,slow_moving,2,46.39,False,7
SM-027,72,slow_moving,12,35.92,True,7
SM-027,73,slow_moving,5,46.39,False,7
SM-027,74,slow_moving,0,46.39,False,7
SM-027,75,slow_moving,3,35.92,True,7
SM-027,76,slow_moving,3,46.39,False,7
SM-027,77,slow_moving,1,46.39,False,7
SM-027,78,slow_moving,2,46.39,False,7
SM-027,79,slow_moving,3,46.39,False,7
SM-027,80,slow_moving,5,35.92,True,7
SM-027,81,slow_moving,2,46.39,False,7
SM-027,82,slow_moving,4,46.39,False,7
SM-027,83,slow_moving,1,46.39,False,7
SM-027,84,slow_moving,3,46.39,False,7
SM-027,85,slow_moving,2,46.39,False,7
SM-027,86,slow_moving,6,46.39,False,7
SM-027,87,slow_moving,4,46.39,False,7
SM-027,88,slow_moving,2,46.39,False,7
SM-027,89,slow_moving,4,46.39,False,7
SM-027,90,slow_moving,8,35.92,True,7
SM-027,91,slow_moving,1,46.39,False,7
SM-027,92,slow_moving,1,46.39,False,7
SM-027,93,slow_moving,4,35.92,True,7
SM-027,94,slow_moving,9,46.39,False,7
SM-027,95,slow_moving,3,46.39,False,7
SM-027,96,slow_moving,3,46.39,False,7
SM-027,97,slow_moving,2,46.39,False,7
SM-027,98,slow_moving,2,46.39,False,7
SM-027,99,slow_moving,2,35.92,True,7
SM-027,100,slow_moving,3,46.39,False,7
SM-027,101,slow_moving,3,46.39,False,7
SM-027,102,slow_moving,0,46.39,False,7
SM-027,103,slow_moving,3,46.39,False,7
SM-028,0,slow_moving,4,44.25,False,7
SM-028,1,slow_moving,4,44.25,False,7
SM-028,2,slow_moving,2,44.25,False,7
SM-028,3,slow_moving,11,44.25,False,7
SM-028,4,slow_moving,5,44.25,False,7
SM-028,5,slow_moving,11,34.9,True,7
SM-028,6,slow_moving,6,44.25,False,7
SM-028,7,slow_moving,10,44.25,False,7
SM-028,8,slow_moving,5,44.25,False,7
SM-028,9,slow_moving,6,44.25,False,7
SM-028,10,slow_moving,2,44.25,False,7
SM-028,11,slow_moving,13,34.9,True,7
SM-028,12,slow_moving,13,44.25,False,7
SM-028,13,slow_moving,6,44.25,False,7
SM-028,14,slow_moving,3,44.25,False,7
SM-028,15,slow_moving,10,44.25,False,7
SM-028,16,slow_moving,12,44.25,False,7
SM-028,17,slow_moving,1,44.25,False,7
SM-028,18,slow_moving,21,34.9,True,7
SM-028,19,slow_moving,10,44.25,False,7
SM-028,20,slow_moving,4,44.25,False,7
SM-028,21,slow_moving,7,44.25,False,7
SM-028,22,slow_moving,13,44.25,False,7
SM-028,23,slow_moving,5,44.25,False,7
SM-028,24,slow_moving,8,44.25,False,7
SM-028,25,slow_moving,3,44.25,False,7
SM-028,26,slow_moving,6,44.25,False,7
SM-028,27,slow_moving,5,34.9,True,7
SM-028,28,slow_moving,3,44.25,False,7
SM-028,29,slow_moving,6,44.25,False,7
SM-028,30,slow_moving,8,44.25,False,7
SM-028,31,slow_moving,2,44.25,False,7
SM-028,32,slow_moving,10,44.25,False,7
SM-028,33,slow_moving,5,44.25,False,7
SM-028,34,slow_moving,7,44.25,False,7
SM-028,35,slow_moving,10,44.25,False,7
SM-028,36,slow_moving,3,44.25,False,7
SM-028,37,slow_moving,2,44.25,False,7
SM-028,38,slow_moving,10,44.25,False,7
SM-028,39,slow_moving,4,44.25,False,7
SM-028,40,slow_moving,9,34.9,True,7
SM-028,41,slow_moving,3,44.25,False,7
SM-028,42,slow_moving,0,44.25,False,7
SM-028,43,slow_moving,16,34.9,True,7
SM-028,44,slow_moving,6,44.25,False,7
SM-028,45,slow_moving,5,44.25,False,7
SM-028,46,slow_moving,6,44.25,False,7
SM-028,47,slow_moving,4,34.9,True,7
SM-028,48,slow_moving,9,34.9,True,7
SM-028,49,slow_moving,4,44.25,False,7
SM-028,50,slow_moving,7,44.25,False,7
SM-028,51,slow_moving,3,34.9,True,7
SM-028,52,slow_moving,4,44.25,False,7
SM-028,53,slow_moving,4,44.25,False,7
SM-028,54,slow_moving,6,44.25,False,7
SM-028,55,slow_moving,7,44.25,False,7
SM-028,56,slow_moving,8,34.9,True,7
SM-028,57,slow_moving,6,44.25,False,7
SM-028,58,slow_moving,5,34.9,True,7
SM-028,59,slow_moving,3,44.25,False,7
SM-028,60,slow_moving,5,44.25,False,7
SM-028,61,slow_moving,1,44.25,False,7
SM-028,62,slow_moving,2,44.25,False,7
SM-028,63,slow_moving,4,44.25,False,7
SM-028,64,slow_moving,3,44.25,False,7
SM-028,65,slow_moving,4,44.25,False,7
SM-028,66,slow_moving,1,44.25,False,7
SM-028,67,slow_moving,3,44.25,False,7
SM-028,68,slow_moving,1,44.25,False,7
SM-028,69,slow_moving,4,44.25,False,7
SM-028,70,slow_moving,2,44.25,False,7
SM-028,71,slow_moving,14,44.25,False,7
SM-028,72,slow_moving,8,44.25,False,7
SM-028,73,slow_moving,5,44.25,False,7
SM-028,74,slow_moving,7,44.25,False,7
SM-028,75,slow_moving,3,44.25,False,7
SM-028,76,slow_moving,4,44.25,False,7
SM-028,77,slow_moving,2,44.25,False,7
SM-028,78,slow_moving,1,44.25,False,7
SM-028,79,slow_moving,6,44.25,False,7
SM-028,80,slow_moving,14,44.25,False,7
SM-028,81,slow_moving,4,44.25,False,7
SM-028,82,slow_moving,6,44.25,False,7
SM-028,83,slow_moving,8,44.25,False,7
SM-028,84,slow_moving,2,44.25,False,7
SM-028,85,slow_moving,20,34.9,True,7
SM-028,86,slow_moving,4,44.25,False,7
SM-028,87,slow_moving,6,44.25,False,7
SM-028,88,slow_moving,3,44.25,False,7
SM-028,89,slow_moving,3,44.25,False,7
SM-028,90,slow_moving,9,44.25,False,7
SM-028,91,slow_moving,3,44.25,False,7
SM-028,92,slow_moving,2,44.25,False,7
SM-028,93,slow_moving,2,44.25,False,7
SM-028,94,slow_moving,8,44.25,False,7
SM-028,95,slow_moving,8,44.25,False,7
SM-028,96,slow_moving,12,34.9,True,7
SM-028,97,slow_moving,6,44.25,False,7
SM-028,98,slow_moving,18,34.9,True,7
SM-028,99,slow_moving,5,44.25,False,7
SM-028,100,slow_moving,2,44.25,False,7
SM-028,101,slow_moving,0,44.25,False,7
SM-028,102,slow_moving,1,44.25,False,7
SM-028,103,slow_moving,8,44.25,False,7
SM-029,0,slow_moving,17,46.58,True,6
SM-029,1,slow_moving,6,46.58,True,6
SM-029,2,slow_moving,12,57.79,False,6
SM-029,3,slow_moving,6,57.79,False,6
SM-029,4,slow_moving,4,57.79,False,6
SM-029,5,slow_moving,2,57.79,False,6
SM-029,6,slow_moving,1,57.79,False,6
SM-029,7,slow_moving,4,57.79,False,6
SM-029,8,slow_moving,1,57.79,False,6
SM-029,9,slow_moving,3,57.79,False,6
SM-029,10,slow_moving,4,57.79,False,6
SM-029,11,slow_moving,9,57.79,False,6
SM-029,12,slow_moving,3,57.79,False,6
SM-029,13,slow_moving,4,57.79,False,6
SM-029,14,slow_moving,4,57.79,False,6
SM-029,15,slow_moving,0,57.79,False,6
SM-029,16,slow_moving,4,57.79,False,6
SM-029,17,slow_moving,2,57.79,False,6
SM-029,18,slow_moving,1,57.79,False,6
SM-029,19,slow_moving,2,57.79,False,6
SM-029,20,slow_moving,6,57.79,False,6
SM-029,21,slow_moving,2,57.79,False,6
SM-029,22,slow_moving,2,57.79,False,6
SM-029,23,slow_moving,3,57.79,False,6
SM-029,24,slow_moving,1,57.79,False,6
SM-029,25,slow_moving,0,57.79,False,6
SM-029,26,slow_moving,2,57.79,False,6
SM-029,27,slow_moving,6,46.58,True,6
SM-029,28,slow_moving,8,57.79,False,6
SM-029,29,slow_moving,3,57.79,False,6
SM-029,30,slow_moving,8,57.79,False,6
SM-029,31,slow_moving,4,57.79,False,6
SM-029,32,slow_moving,5,57.79,False,6
SM-029,33,slow_moving,5,57.79,False,6
SM-029,34,slow_moving,3,57.79,False,6
SM-029,35,slow_moving,2,57.79,False,6
SM-029,36,slow_moving,3,57.79,False,6
SM-029,37,slow_moving,4,57.79,False,6
SM-029,38,slow_moving,0,57.79,False,6
SM-029,39,slow_moving,2,57.79,False,6
SM-029,40,slow_moving,3,57.79,False,6
SM-029,41,slow_moving,1,57.79,False,6
SM-029,42,slow_moving,3,57.79,False,6
SM-029,43,slow_moving,3,57.79,False,6
SM-029,44,slow_moving,4,57.79,False,6
SM-029,45,slow_moving,1,57.79,False,6
SM-029,46,slow_moving,8,57.79,False,6
SM-029,47,slow_moving,8,57.79,False,6
SM-029,48,slow_moving,3,57.79,False,6
SM-029,49,slow_moving,7,57.79,False,6
SM-029,50,slow_moving,1,57.79,False,6
SM-029,51,slow_moving,9,57.79,False,6
SM-029,52,slow_moving,3,57.79,False,6
SM-029,53,slow_moving,2,57.79,False,6
SM-029,54,slow_moving,0,57.79,False,6
SM-029,55,slow_moving,3,57.79,False,6
SM-029,56,slow_moving,2,57.79,False,6
SM-029,57,slow_moving,0,57.79,False,6
SM-029,58,slow_moving,2,57.79,False,6
SM-029,59,slow_moving,4,57.79,False,6
SM-029,60,slow_moving,3,57.79,False,6
SM-029,61,slow_moving,2,57.79,False,6
SM-029,62,slow_moving,3,57.79,False,6
SM-029,63,slow_moving,5,57.79,False,6
SM-029,64,slow_moving,2,57.79,False,6
SM-029,65,slow_moving,1,57.79,False,6
SM-029,66,slow_moving,3,57.79,False,6
SM-029,67,slow_moving,0,57.79,False,6
SM-029,68,slow_moving,0,57.79,False,6
SM-029,69,slow_moving,2,57.79,False,6
SM-029,70,slow_moving,4,57.79,False,6
SM-029,71,slow_moving,3,57.79,False,6
SM-029,72,slow_moving,7,46.58,True,6
SM-029,73,slow_moving,1,57.79,False,6
SM-029,74,slow_moving,2,57.79,False,6
SM-029,75,slow_moving,4,57.79,False,6
SM-029,76,slow_moving,5,57.79,False,6
SM-029,77,slow_moving,5,57.79,False,6
SM-029,78,slow_moving,1,57.79,False,6
SM-029,79,slow_moving,6,57.79,False,6
SM-029,80,slow_moving,1,57.79,False,6
SM-029,81,slow_moving,1,57.79,False,6
SM-029,82,slow_moving,1,57.79,False,6
SM-029,83,slow_moving,5,57.79,False,6
SM-029,84,slow_moving,3,57.79,False,6
SM-029,85,slow_moving,4,57.79,False,6
SM-029,86,slow_moving,4,57.79,False,6
SM-029,87,slow_moving,4,57.79,False,6
SM-029,88,slow_moving,2,57.79,False,6
SM-029,89,slow_moving,7,57.79,False,6
SM-029,90,slow_moving,2,57.79,False,6
SM-029,91,slow_moving,6,57.79,False,6
SM-029,92,slow_moving,3,57.79,False,6
SM-029,93,slow_moving,1,57.79,False,6
SM-029,94,slow_moving,0,57.79,False,6
SM-029,95,slow_moving,0,57.79,False,6
SM-029,96,slow_moving,0,57.79,False,6
SM-029,97,slow_moving,3,57.79,False,6
SM-029,98,slow_moving,5,57.79,False,6
SM-029,99,slow_moving,5,57.79,False,6
SM-029,100,slow_moving,0,57.79,False,6
SM-029,101,slow_moving,7,57.79,False,6
SM-029,102,slow_moving,3,57.79,False,6
SM-029,103,slow_moving,0,57.79,False,6
SM-030,0,slow_moving,8,29.82,False,10
SM-030,1,slow_moving,6,29.82,False,10
SM-030,2,slow_moving,1,29.82,False,10
SM-030,3,slow_moving,8,29.82,False,10
SM-030,4,slow_moving,12,29.82,False,10
SM-030,5,slow_moving,5,29.82,False,10
SM-030,6,slow_moving,4,29.82,False,10
SM-030,7,slow_moving,3,29.82,False,10
SM-030,8,slow_moving,7,29.82,False,10
SM-030,9,slow_moving,6,29.82,False,10
SM-030,10,slow_moving,24,22.42,True,10
SM-030,11,slow_moving,3,29.82,False,10
SM-030,12,slow_moving,9,29.82,False,10
SM-030,13,slow_moving,5,29.82,False,10
SM-030,14,slow_moving,4,29.82,False,10
SM-030,15,slow_moving,4,29.82,False,10
SM-030,16,slow_moving,2,29.82,False,10
SM-030,17,slow_moving,10,29.82,False,10
SM-030,18,slow_moving,13,29.82,False,10
SM-030,19,slow_moving,6,29.82,False,10
SM-030,20,slow_moving,15,29.82,False,10
SM-030,21,slow_moving,4,29.82,False,10
SM-030,22,slow_moving,4,29.82,False,10
SM-030,23,slow_moving,3,29.82,False,10
SM-030,24,slow_moving,2,29.82,False,10
SM-030,25,slow_moving,9,29.82,False,10
SM-030,26,slow_moving,10,29.82,False,10
SM-030,27,slow_moving,16,29.82,False,10
SM-030,28,slow_moving,7,29.82,False,10
SM-030,29,slow_moving,7,29.82,False,10
SM-030,30,slow_moving,9,29.82,False,10
SM-030,31,slow_moving,4,29.82,False,10
SM-030,32,slow_moving,14,29.82,False,10
SM-030,33,slow_moving,8,29.82,False,10
SM-030,34,slow_moving,5,29.82,False,10
SM-030,35,slow_moving,8,29.82,False,10
SM-030,36,slow_moving,25,22.42,True,10
SM-030,37,slow_moving,3,29.82,False,10
SM-030,38,slow_moving,5,29.82,False,10
SM-030,39,slow_moving,5,29.82,False,10
SM-030,40,slow_moving,5,29.82,False,10
SM-030,41,slow_moving,8,29.82,False,10
SM-030,42,slow_moving,5,29.82,False,10
SM-030,43,slow_moving,14,22.42,True,10
SM-030,44,slow_moving,7,29.82,False,10
SM-030,45,slow_moving,10,29.82,False,10
SM-030,46,slow_moving,1,29.82,False,10
SM-030,47,slow_moving,10,29.82,False,10
SM-030,48,slow_moving,6,29.82,False,10
SM-030,49,slow_moving,6,29.82,False,10
SM-030,50,slow_moving,10,29.82,False,10
SM-030,51,slow_moving,9,29.82,False,10
SM-030,52,slow_moving,8,29.82,False,10
SM-030,53,slow_moving,13,29.82,False,10
SM-030,54,slow_moving,3,29.82,False,10
SM-030,55,slow_moving,11,29.82,False,10
SM-030,56,slow_moving,7,29.82,False,10
SM-030,57,slow_moving,6,22.42,True,10
SM-030,58,slow_moving,9,29.82,False,10
SM-030,59,slow_moving,11,29.82,False,10
SM-030,60,slow_moving,3,29.82,False,10
SM-030,61,slow_moving,1,29.82,False,10
SM-030,62,slow_moving,2,29.82,False,10
SM-030,63,slow_moving,3,29.82,False,10
SM-030,64,slow_moving,4,29.82,False,10
SM-030,65,slow_moving,8,29.82,False,10
SM-030,66,slow_moving,3,29.82,False,10
SM-030,67,slow_moving,2,29.82,False,10
SM-030,68,slow_moving,3,29.82,False,10
SM-030,69,slow_moving,18,29.82,False,10
SM-030,70,slow_moving,6,22.42,True,10
SM-030,71,slow_moving,4,29.82,False,10
SM-030,72,slow_moving,2,29.82,False,10
SM-030,73,slow_moving,8,29.82,False,10
SM-030,74,slow_moving,5,29.82,False,10
SM-030,75,slow_moving,2,29.82,False,10
SM-030,76,slow_moving,7,29.82,False,10
SM-030,77,slow_moving,5,29.82,False,10
SM-030,78,slow_moving,20,22.42,True,10
SM-030,79,slow_moving,5,29.82,False,10
SM-030,80,slow_moving,9,29.82,False,10
SM-030,81,slow_moving,15,22.42,True,10
SM-030,82,slow_moving,3,29.82,False,10
SM-030,83,slow_moving,4,29.82,False,10
SM-030,84,slow_moving,14,29.82,False,10
SM-030,85,slow_moving,9,29.82,False,10
SM-030,86,slow_moving,4,29.82,False,10
SM-030,87,slow_moving,7,29.82,False,10
SM-030,88,slow_moving,9,29.82,False,10
SM-030,89,slow_moving,4,29.82,False,10
SM-030,90,slow_moving,1,29.82,False,10
SM-030,91,slow_moving,5,29.82,False,10
SM-030,92,slow_moving,5,29.82,False,10
SM-030,93,slow_moving,6,29.82,False,10
SM-030,94,slow_moving,10,29.82,False,10
SM-030,95,slow_moving,2,29.82,False,10
SM-030,96,slow_moving,2,29.82,False,10
SM-030,97,slow_moving,6,29.82,False,10
SM-030,98,slow_moving,8,29.82,False,10
SM-030,99,slow_moving,1,29.82,False,10
SM-030,100,slow_moving,7,29.82,False,10
SM-030,101,slow_moving,3,29.82,False,10
SM-030,102,slow_moving,3,29.82,False,10
SM-030,103,slow_moving,5,29.82,False,10
SM-031,0,slow_moving,2,58.32,False,8
SM-031,1,slow_moving,3,58.32,False,8
SM-031,2,slow_moving,5,58.32,False,8
SM-031,3,slow_moving,9,58.32,False,8
SM-031,4,slow_moving,3,58.32,False,8
SM-031,5,slow_moving,3,58.32,False,8
SM-031,6,slow_moving,7,58.32,False,8
SM-031,7,slow_moving,1,58.32,False,8
SM-031,8,slow_moving,2,58.32,False,8
SM-031,9,slow_moving,2,58.32,False,8
SM-031,10,slow_moving,6,49.07,True,8
SM-031,11,slow_moving,1,58.32,False,8
SM-031,12,slow_moving,4,58.32,False,8
SM-031,13,slow_moving,1,58.32,False,8
SM-031,14,slow_moving,2,58.32,False,8
SM-031,15,slow_moving,2,58.32,False,8
SM-031,16,slow_moving,4,58.32,False,8
SM-031,17,slow_moving,3,58.32,False,8
SM-031,18,slow_moving,4,58.32,False,8
SM-031,19,slow_moving,6,58.32,False,8
SM-031,20,slow_moving,1,58.32,False,8
SM-031,21,slow_moving,1,58.32,False,8
SM-031,22,slow_moving,3,58.32,False,8
SM-031,23,slow_moving,2,58.32,False,8
SM-031,24,slow_moving,6,58.32,False,8
SM-031,25,slow_moving,3,58.32,False,8
SM-031,26,slow_moving,4,58.32,False,8
SM-031,27,slow_moving,1,58.32,False,8
SM-031,28,slow_moving,4,58.32,False,8
SM-031,29,slow_moving,2,58.32,False,8
SM-031,30,slow_moving,6,58.32,False,8
SM-031,31,slow_moving,2,58.32,False,8
SM-031,32,slow_moving,5,58.32,False,8
SM-031,33,slow_moving,3,58.32,False,8
SM-031,34,slow_moving,3,58.32,False,8
SM-031,35,slow_moving,2,58.32,False,8
SM-031,36,slow_moving,6,58.32,False,8
SM-031,37,slow_moving,4,58.32,False,8
SM-031,38,slow_moving,4,58.32,False,8
SM-031,39,slow_moving,5,58.32,False,8
SM-031,40,slow_moving,6,58.32,False,8
SM-031,41,slow_moving,5,58.32,False,8
SM-031,42,slow_moving,2,58.32,False,8
SM-031,43,slow_moving,6,49.07,True,8
SM-031,44,slow_moving,2,58.32,False,8
SM-031,45,slow_moving,0,58.32,False,8
SM-031,46,slow_moving,2,58.32,False,8
SM-031,47,slow_moving,2,58.32,False,8
SM-031,48,slow_moving,3,58.32,False,8
SM-031,49,slow_moving,1,58.32,False,8
SM-031,50,slow_moving,1,58.32,False,8
SM-031,51,slow_moving,7,58.32,False,8
SM-031,52,slow_moving,6,58.32,False,8
SM-031,53,slow_moving,1,58.32,False,8
SM-031,54,slow_moving,2,58.32,False,8
SM-031,55,slow_moving,2,58.32,False,8
SM-031,56,slow_moving,2,58.32,False,8
SM-031,57,slow_moving,1,58.32,False,8
SM-031,58,slow_moving,3,58.32,False,8
SM-031,59,slow_moving,2,58.32,False,8
SM-031,60,slow_moving,2,58.32,False,8
SM-031,61,slow_moving,5,58.32,False,8
SM-031,62,slow_moving,0,58.32,False,8
SM-031,63,slow_moving,2,58.32,False,8
SM-031,64,slow_moving,1,58.32,False,8
SM-031,65,slow_moving,2,58.32,False,8
SM-031,66,slow_moving,3,58.32,False,8
SM-031,67,slow_moving,3,58.32,False,8
SM-031,68,slow_moving,1,58.32,False,8
SM-031,69,slow_moving,6,58.32,False,8
SM-031,70,slow_moving,1,58.32,False,8
SM-031,71,slow_moving,3,58.32,False,8
SM-031,72,slow_moving,8,49.07,True,8
SM-031,73,slow_moving,2,58.32,False,8
SM-031,74,slow_moving,3,58.32,False,8
SM-031,75,slow_moving,7,58.32,False,8
SM-031,76,slow_moving,1,58.32,False,8
SM-031,77,slow_moving,5,58.32,False,8
SM-031,78,slow_moving,2,58.32,False,8
SM-031,79,slow_moving,2,58.32,False,8
SM-031,80,slow_moving,2,58.32,False,8
SM-031,81,slow_moving,1,58.32,False,8
SM-031,82,slow_moving,2,58.32,False,8
SM-031,83,slow_moving,4,58.32,False,8
SM-031,84,slow_moving,3,58.32,False,8
SM-031,85,slow_moving,4,58.32,False,8
SM-031,86,slow_moving,0,58.32,False,8
SM-031,87,slow_moving,2,58.32,False,8
SM-031,88,slow_moving,3,58.32,False,8
SM-031,89,slow_moving,3,58.32,False,8
SM-031,90,slow_moving,3,58.32,False,8
SM-031,91,slow_moving,3,58.32,False,8
SM-031,92,slow_moving,8,49.07,True,8
SM-031,93,slow_moving,0,58.32,False,8
SM-031,94,slow_moving,2,58.32,False,8
SM-031,95,slow_moving,1,58.32,False,8
SM-031,96,slow_moving,1,58.32,False,8
SM-031,97,slow_moving,2,58.32,False,8
SM-031,98,slow_moving,3,58.32,False,8
SM-031,99,slow_moving,3,58.32,False,8
SM-031,100,slow_moving,1,58.32,False,8
SM-031,101,slow_moving,1,58.32,False,8
SM-031,102,slow_moving,4,58.32,False,8
SM-031,103,slow_moving,2,58.32,False,8
SM-032,0,slow_moving,13,58.93,False,10
SM-032,1,slow_moving,5,58.93,False,10
SM-032,2,slow_moving,1,58.93,False,10
SM-032,3,slow_moving,5,58.93,False,10
SM-032,4,slow_moving,0,58.93,False,10
SM-032,5,slow_moving,13,58.93,False,10
SM-032,6,slow_moving,8,58.93,False,10
SM-032,7,slow_moving,6,58.93,False,10
SM-032,8,slow_moving,2,58.93,False,10
SM-032,9,slow_moving,9,46.6,True,10
SM-032,10,slow_moving,14,58.93,False,10
SM-032,11,slow_moving,7,58.93,False,10
SM-032,12,slow_moving,6,58.93,False,10
SM-032,13,slow_moving,9,58.93,False,10
SM-032,14,slow_moving,7,58.93,False,10
SM-032,15,slow_moving,11,58.93,False,10
SM-032,16,slow_moving,5,58.93,False,10
SM-032,17,slow_moving,4,58.93,False,10
SM-032,18,slow_moving,7,58.93,False,10
SM-032,19,slow_moving,10,58.93,False,10
SM-032,20,slow_moving,28,58.93,False,10
SM-032,21,slow_moving,2,58.93,False,10
SM-032,22,slow_moving,1,58.93,False,10
SM-032,23,slow_moving,20,58.93,False,10
SM-032,24,slow_moving,6,58.93,False,10
SM-032,25,slow_moving,4,58.93,False,10
SM-032,26,slow_moving,7,58.93,False,10
SM-032,27,slow_moving,8,58.93,False,10
SM-032,28,slow_moving,7,58.93,False,10
SM-032,29,slow_moving,5,58.93,False,10
SM-032,30,slow_moving,4,58.93,False,10
SM-032,31,slow_moving,8,58.93,False,10
SM-032,32,slow_moving,8,58.93,False,10
SM-032,33,slow_moving,20,46.6,True,10
SM-032,34,slow_moving,5,58.93,False,10
SM-032,35,slow_moving,10,58.93,False,10
SM-032,36,slow_moving,6,58.93,False,10
SM-032,37,slow_moving,7,58.93,False,10
SM-032,38,slow_moving,5,58.93,False,10
SM-032,39,slow_moving,8,58.93,False,10
SM-032,40,slow_moving,5,58.93,False,10
SM-032,41,slow_moving,5,58.93,False,10
SM-032,42,slow_moving,8,58.93,False,10
SM-032,43,slow_moving,7,58.93,False,10
SM-032,44,slow_moving,5,58.93,False,10
SM-032,45,slow_moving,15,58.93,False,10
SM-032,46,slow_moving,5,58.93,False,10
SM-032,47,slow_moving,0,58.93,False,10
SM-032,48,slow_moving,13,58.93,False,10
SM-032,49,slow_moving,4,58.93,False,10
SM-032,50,slow_moving,4,58.93,False,10
SM-032,51,slow_moving,9,46.6,True,10
SM-032,52,slow_moving,9,58.93,False,10
SM-032,53,slow_moving,3,58.93,False,10
SM-032,54,slow_moving,5,58.93,False,10
SM-032,55,slow_moving,5,58.93,False,10
SM-032,56,slow_moving,10,58.93,False,10
SM-032,57,slow_moving,35,46.6,True,10
SM-032,58,slow_moving,8,58.93,False,10
SM-032,59,slow_moving,8,58.93,False,10
SM-032,60,slow_moving,8,58.93,False,10
SM-032,61,slow_moving,7,58.93,False,10
SM-032,62,slow_moving,2,58.93,False,10
SM-032,63,slow_moving,6,58.93,False,10
SM-032,64,slow_moving,4,58.93,False,10
SM-032,65,slow_moving,4,46.6,True,10
SM-032,66,slow_moving,3,58.93,False,10
SM-032,67,slow_moving,4,58.93,False,10
SM-032,68,slow_moving,7,58.93,False,10
SM-032,69,slow_moving,3,58.93,False,10
SM-032,70,slow_moving,10,46.6,True,10
SM-032,71,slow_moving,10,58.93,False,10
SM-032,72,slow_moving,5,58.93,False,10
SM-032,73,slow_moving,2,58.93,False,10
SM-032,74,slow_moving,5,58.93,False,10
SM-032,75,slow_moving,14,58.93,False,10
SM-032,76,slow_moving,5,58.93,False,10
SM-032,77,slow_moving,4,58.93,False,10
SM-032,78,slow_moving,3,58.93,False,10
SM-032,79,slow_moving,3,58.93,False,10
SM-032,80,slow_moving,0,58.93,False,10
SM-032,81,slow_moving,1,46.6,True,10
SM-032,82,slow_moving,6,58.93,False,10
SM-032,83,slow_moving,3,46.6,True,10
SM-032,84,slow_moving,6,58.93,False,10
SM-032,85,slow_moving,14,46.6,True,10
SM-032,86,slow_moving,3,58.93,False,10
SM-032,87,slow_moving,4,58.93,False,10
SM-032,88,slow_moving,4,58.93,False,10
SM-032,89,slow_moving,1,58.93,False,10
SM-032,90,slow_moving,9,58.93,False,10
SM-032,91,slow_moving,3,58.93,False,10
SM-032,92,slow_moving,8,58.93,False,10
SM-032,93,slow_moving,11,46.6,True,10
SM-032,94,slow_moving,6,58.93,False,10
SM-032,95,slow_moving,6,58.93,False,10
SM-032,96,slow_moving,4,58.93,False,10
SM-032,97,slow_moving,6,58.93,False,10
SM-032,98,slow_moving,4,58.93,False,10
SM-032,99,slow_moving,7,58.93,False,10
SM-032,100,slow_moving,5,58.93,False,10
SM-032,101,slow_moving,6,58.93,False,10
SM-032,102,slow_moving,8,58.93,False,10
SM-032,103,slow_moving,5,58.93,False,10
SM-033,0,slow_moving,4,20.37,True,8
SM-033,1,slow_moving,4,27.12,False,8
SM-033,2,slow_moving,3,27.12,False,8
SM-033,3,slow_moving,6,27.12,False,8
SM-033,4,slow_moving,6,27.12,False,8
SM-033,5,slow_moving,3,27.12,False,8
SM-033,6,slow_moving,4,27.12,False,8
SM-033,7,slow_moving,4,27.12,False,8
SM-033,8,slow_moving,6,27.12,False,8
SM-033,9,slow_moving,5,27.12,False,8
SM-033,10,slow_moving,8,20.37,True,8
SM-033,11,slow_moving,1,27.12,False,8
SM-033,12,slow_moving,6,27.12,False,8
SM-033,13,slow_moving,8,20.37,True,8
SM-033,14,slow_moving,7,27.12,False,8
SM-033,15,slow_moving,4,27.12,False,8
SM-033,16,slow_moving,0,27.12,False,8
SM-033,17,slow_moving,5,27.12,False,8
SM-033,18,slow_moving,3,27.12,False,8
SM-033,19,slow_moving,2,27.12,False,8
SM-033,20,slow_moving,3,27.12,False,8
SM-033,21,slow_moving,3,27.12,False,8
SM-033,22,slow_moving,3,27.12,False,8
SM-033,23,slow_moving,2,27.12,False,8
SM-033,24,slow_moving,5,20.37,True,8
SM-033,25,slow_moving,2,27.12,False,8
SM-033,26,slow_moving,1,27.12,False,8
SM-033,27,slow_moving,0,27.12,False,8
SM-033,28,slow_moving,4,27.12,False,8
SM-033,29,slow_moving,3,27.12,False,8
SM-033,30,slow_moving,2,27.12,False,8
SM-033,31,slow_moving,1,27.12,False,8
SM-033,32,slow_moving,10,27.12,False,8
SM-033,33,slow_moving,4,27.12,False,8
SM-033,34,slow_moving,2,27.12,False,8
SM-033,35,slow_moving,5,27.12,False,8
SM-033,36,slow_moving,9,20.37,True,8
SM-033,37,slow_moving,2,27.12,False,8
SM-033,38,slow_moving,5,27.12,False,8
SM-033,39,slow_moving,3,27.12,False,8
SM-033,40,slow_moving,23,20.37,True,8
SM-033,41,slow_moving,4,27.12,False,8
SM-033,42,slow_moving,6,27.12,False,8
SM-033,43,slow_moving,7,27.12,False,8
SM-033,44,slow_moving,2,27.12,False,8
SM-033,45,slow_moving,2,27.12,False,8
SM-033,46,slow_moving,5,27.12,False,8
SM-033,47,slow_moving,4,27.12,False,8
SM-033,48,slow_moving,6,27.12,False,8
SM-033,49,slow_moving,3,27.12,False,8
SM-033,50,slow_moving,6,27.12,False,8
SM-033,51,slow_moving,7,20.37,True,8
SM-033,52,slow_moving,4,27.12,False,8
SM-033,53,slow_moving,4,27.12,False,8
SM-033,54,slow_moving,5,27.12,False,8
SM-033,55,slow_moving,2,27.12,False,8
SM-033,56,slow_moving,1,27.12,False,8
SM-033,57,slow_moving,6,27.12,False,8
SM-033,58,slow_moving,4,27.12,False,8
SM-033,59,slow_moving,9,27.12,False,8
SM-033,60,slow_moving,3,27.12,False,8
SM-033,61,slow_moving,2,27.12,False,8
SM-033,62,slow_moving,4,27.12,False,8
SM-033,63,slow_moving,2,27.12,False,8
SM-033,64,slow_moving,3,27.12,False,8
SM-033,65,slow_moving,2,27.12,False,8
SM-033,66,slow_moving,1,27.12,False,8
SM-033,67,slow_moving,1,27.12,False,8
SM-033,68,slow_moving,5,27.12,False,8
SM-033,69,slow_moving,16,20.37,True,8
SM-033,70,slow_moving,6,27.12,False,8
SM-033,71,slow_moving,5,27.12,False,8
SM-033,72,slow_moving,3,27.12,False,8
SM-033,73,slow_moving,4,27.12,False,8
SM-033,74,slow_moving,3,27.12,False,8
SM-033,75,slow_moving,4,27.12,False,8
SM-033,76,slow_moving,4,27.12,False,8
SM-033,77,slow_moving,3,27.12,False,8
SM-033,78,slow_moving,6,27.12,False,8
SM-033,79,slow_moving,3,20.37,True,8
SM-033,80,slow_moving,4,27.12,False,8
SM-033,81,slow_moving,3,27.12,False,8
SM-033,82,slow_moving,2,27.12,False,8
SM-033,83,slow_moving,3,27.12,False,8
SM-033,84,slow_moving,10,20.37,True,8
SM-033,85,slow_moving,2,27.12,False,8
SM-033,86,slow_moving,1,27.12,False,8
SM-033,87,slow_moving,2,27.12,False,8
SM-033,88,slow_moving,3,27.12,False,8
SM-033,89,slow_moving,4,27.12,False,8
SM-033,90,slow_moving,5,27.12,False,8
SM-033,91,slow_moving,3,27.12,False,8
SM-033,92,slow_moving,1,27.12,False,8
SM-033,93,slow_moving,6,27.12,False,8
SM-033,94,slow_moving,4,27.12,False,8
SM-033,95,slow_moving,8,20.37,True,8
SM-033,96,slow_moving,4,27.12,False,8
SM-033,97,slow_moving,10,20.37,True,8
SM-033,98,slow_moving,3,27.12,False,8
SM-033,99,slow_moving,4,27.12,False,8
SM-033,100,slow_moving,5,27.12,False,8
SM-033,101,slow_moving,6,27.12,False,8
SM-033,102,slow_moving,13,20.37,True,8
SM-033,103,slow_moving,3,27.12,False,8
SM-034,0,slow_moving,5,55.92,False,6
SM-034,1,slow_moving,11,55.92,False,6
SM-034,2,slow_moving,7,55.92,False,6
SM-034,3,slow_moving,3,55.92,False,6
SM-034,4,slow_moving,10,55.92,False,6
SM-034,5,slow_moving,10,55.92,False,6
SM-034,6,slow_moving,10,55.92,False,6
SM-034,7,slow_moving,12,55.92,False,6
SM-034,8,slow_moving,7,55.92,False,6
SM-034,9,slow_moving,20,44.65,True,6
SM-034,10,slow_moving,17,44.65,True,6
SM-034,11,slow_moving,17,55.92,False,6
SM-034,12,slow_moving,6,55.92,False,6
SM-034,13,slow_moving,8,55.92,False,6
SM-034,14,slow_moving,6,55.92,False,6
SM-034,15,slow_moving,4,55.92,False,6
SM-034,16,slow_moving,5,55.92,False,6
SM-034,17,slow_moving,4,55.92,False,6
SM-034,18,slow_moving,4,55.92,False,6
SM-034,19,slow_moving,7,55.92,False,6
SM-034,20,slow_moving,1,55.92,False,6
SM-034,21,slow_moving,3,55.92,False,6
SM-034,22,slow_moving,4,55.92,False,6
SM-034,23,slow_moving,1,55.92,False,6
SM-034,24,slow_moving,3,55.92,False,6
SM-034,25,slow_moving,5,55.92,False,6
SM-034,26,slow_moving,13,55.92,False,6
SM-034,27,slow_moving,7,55.92,False,6
SM-034,28,slow_moving,12,44.65,True,6
SM-034,29,slow_moving,9,44.65,True,6
SM-034,30,slow_moving,22,44.65,True,6
SM-034,31,slow_moving,2,55.92,False,6
SM-034,32,slow_moving,4,55.92,False,6
SM-034,33,slow_moving,14,44.65,True,6
SM-034,34,slow_moving,20,44.65,True,6
SM-034,35,slow_moving,5,55.92,False,6
SM-034,36,slow_moving,5,55.92,False,6
SM-034,37,slow_moving,2,55.92,False,6
SM-034,38,slow_moving,9,55.92,False,6
SM-034,39,slow_moving,17,44.65,True,6
SM-034,40,slow_moving,3,55.92,False,6
SM-034,41,slow_moving,5,55.92,False,6
SM-034,42,slow_moving,4,55.92,False,6
SM-034,43,slow_moving,5,55.92,False,6
SM-034,44,slow_moving,10,55.92,False,6
SM-034,45,slow_moving,11,55.92,False,6
SM-034,46,slow_moving,11,55.92,False,6
SM-034,47,slow_moving,2,55.92,False,6
SM-034,48,slow_moving,7,55.92,False,6
SM-034,49,slow_moving,13,55.92,False,6
SM-034,50,slow_moving,4,55.92,False,6
SM-034,51,slow_moving,6,55.92,False,6
SM-034,52,slow_moving,1,55.92,False,6
SM-034,53,slow_moving,8,44.65,True,6
SM-034,54,slow_moving,4,55.92,False,6
SM-034,55,slow_moving,12,44.65,True,6
SM-034,56,slow_moving,8,55.92,False,6
SM-034,57,slow_moving,7,55.92,False,6
SM-034,58,slow_moving,11,55.92,False,6
SM-034,59,slow_moving,7,55.92,False,6
SM-034,60,slow_moving,1,55.92,False,6
SM-034,61,slow_moving,5,55.92,False,6
SM-034,62,slow_moving,4,44.65,True,6
SM-034,63,slow_moving,7,55.92,False,6
SM-034,64,slow_moving,5,55.92,False,6
SM-034,65,slow_moving,5,55.92,False,6
SM-034,66,slow_moving,4,55.92,False,6
SM-034,67,slow_moving,7,55.92,False,6
SM-034,68,slow_moving,3,55.92,False,6
SM-034,69,slow_moving,15,44.65,True,6
SM-034,70,slow_moving,4,55.92,False,6
SM-034,71,slow_moving,11,55.92,False,6
SM-034,72,slow_moving,8,55.92,False,6
SM-034,73,slow_moving,7,55.92,False,6
SM-034,74,slow_moving,12,55.92,False,6
SM-034,75,slow_moving,3,55.92,False,6
SM-034,76,slow_moving,8,55.92,False,6
SM-034,77,slow_moving,6,55.92,False,6
SM-034,78,slow_moving,7,55.92,False,6
SM-034,79,slow_moving,1,55.92,False,6
SM-034,80,slow_moving,3,55.92,False,6
SM-034,81,slow_moving,3,55.92,False,6
SM-034,82,slow_moving,9,55.92,False,6
SM-034,83,slow_moving,6,44.65,True,6
SM-034,84,slow_moving,6,55.92,False,6
SM-034,85,slow_moving,3,55.92,False,6
SM-034,86,slow_moving,2,55.92,False,6
SM-034,87,slow_moving,4,55.92,False,6
SM-034,88,slow_moving,4,55.92,False,6
SM-034,89,slow_moving,3,55.92,False,6
SM-034,90,slow_moving,11,44.65,True,6
SM-034,91,slow_moving,7,55.92,False,6
SM-034,92,slow_moving,6,55.92,False,6
SM-034,93,slow_moving,3,55.92,False,6
SM-034,94,slow_moving,6,55.92,False,6
SM-034,95,slow_moving,5,55.92,False,6
SM-034,96,slow_moving,9,55.92,False,6
SM-034,97,slow_moving,3,55.92,False,6
SM-034,98,slow_moving,5,55.92,False,6
SM-034,99,slow_moving,6,55.92,False,6
SM-034,100,slow_moving,9,44.65,True,6
SM-034,101,slow_moving,1,55.92,False,6
SM-034,102,slow_moving,8,55.92,False,6
SM-034,103,slow_moving,6,55.92,False,6
SM-035,0,slow_moving,0,28.9,False,7
SM-035,1,slow_moving,2,28.9,False,7
SM-035,2,slow_moving,3,28.9,False,7
SM-035,3,slow_moving,2,28.9,False,7
SM-035,4,slow_moving,1,28.9,False,7
SM-035,5,slow_moving,2,28.9,False,7
SM-035,6,slow_moving,1,28.9,False,7
SM-035,7,slow_moving,2,28.9,False,7
SM-035,8,slow_moving,1,28.9,False,7
SM-035,9,slow_moving,7,23.69,True,7
SM-035,10,slow_moving,1,28.9,False,7
SM-035,11,slow_moving,2,28.9,False,7
SM-035,12,slow_moving,9,23.69,True,7
SM-035,13,slow_moving,0,28.9,False,7
SM-035,14,slow_moving,0,28.9,False,7
SM-035,15,slow_moving,1,28.9,False,7
SM-035,16,slow_moving,2,28.9,False,7
SM-035,17,slow_moving,0,28.9,False,7
SM-035,18,slow_moving,3,28.9,False,7
SM-035,19,slow_moving,4,28.9,False,7
SM-035,20,slow_moving,0,28.9,False,7
SM-035,21,slow_moving,1,28.9,False,7
SM-035,22,slow_moving,3,28.9,False,7
SM-035,23,slow_moving,2,28.9,False,7
SM-035,24,slow_moving,3,28.9,False,7
SM-035,25,slow_moving,0,28.9,False,7
SM-035,26,slow_moving,2,28.9,False,7
SM-035,27,slow_moving,6,23.69,True,7
SM-035,28,slow_moving,1,28.9,False,7
SM-035,29,slow_moving,3,23.69,True,7
SM-035,30,slow_moving,2,28.9,False,7
SM-035,31,slow_moving,5,28.9,False,7
SM-035,32,slow_moving,0,28.9,False,7
SM-035,33,slow_moving,3,28.9,False,7
SM-035,34,slow_moving,3,28.9,False,7
SM-035,35,slow_moving,2,28.9,False,7
SM-035,36,slow_moving,4,23.69,True,7
SM-035,37,slow_moving,5,28.9,False,7
SM-035,38,slow_moving,4,28.9,False,7
SM-035,39,slow_moving,0,28.9,False,7
SM-035,40,slow_moving,1,28.9,False,7
SM-035,41,slow_moving,2,28.9,False,7
SM-035,42,slow_moving,0,28.9,False,7
SM-035,43,slow_moving,2,28.9,False,7
SM-035,44,slow_moving,3,28.9,False,7
SM-035,45,slow_moving,3,28.9,False,7
SM-035,46,slow_moving,3,28.9,False,7
SM-035,47,slow_moving,1,28.9,False,7
SM-035,48,slow_moving,4,28.9,False,7
SM-035,49,slow_moving,2,28.9,False,7
SM-035,50,slow_moving,2,28.9,False,7
SM-035,51,slow_moving,3,28.9,False,7
SM-035,52,slow_moving,5,23.69,True,7
SM-035,53,slow_moving,2,28.9,False,7
SM-035,54,slow_moving,4,28.9,False,7
SM-035,55,slow_moving,1,28.9,False,7
SM-035,56,slow_moving,3,28.9,False,7
SM-035,57,slow_moving,2,28.9,False,7
SM-035,58,slow_moving,1,28.9,False,7
SM-035,59,slow_moving,1,28.9,False,7
SM-035,60,slow_moving,2,28.9,False,7
SM-035,61,slow_moving,4,28.9,False,7
SM-035,62,slow_moving,3,28.9,False,7
SM-035,63,slow_moving,1,28.9,False,7
SM-035,64,slow_moving,4,28.9,False,7
SM-035,65,slow_moving,5,28.9,False,7
SM-035,66,slow_moving,5,23.69,True,7
SM-035,67,slow_moving,1,28.9,False,7
SM-035,68,slow_moving,1,28.9,False,7
SM-035,69,slow_moving,3,28.9,False,7
SM-035,70,slow_moving,1,28.9,False,7
SM-035,71,slow_moving,5,28.9,False,7
SM-035,72,slow_moving,3,28.9,False,7
SM-035,73,slow_moving,1,28.9,False,7
SM-035,74,slow_moving,2,28.9,False,7
SM-035,75,slow_moving,2,28.9,False,7
SM-035,76,slow_moving,1,28.9,False,7
SM-035,77,slow_moving,3,28.9,False,7
SM-035,78,slow_moving,1,28.9,False,7
SM-035,79,slow_moving,1,28.9,False,7
SM-035,80,slow_moving,2,28.9,False,7
SM-035,81,slow_moving,1,28.9,False,7
SM-035,82,slow_moving,4,28.9,False,7
SM-035,83,slow_moving,1,28.9,False,7
SM-035,84,slow_moving,1,28.9,False,7
SM-035,85,slow_moving,4,28.9,False,7
SM-035,86,slow_moving,2,28.9,False,7
SM-035,87,slow_moving,7,28.9,False,7
SM-035,88,slow_moving,1,28.9,False,7
SM-035,89,slow_moving,4,28.9,False,7
SM-035,90,slow_moving,2,28.9,False,7
SM-035,91,slow_moving,3,28.9,False,7
SM-035,92,slow_moving,1,28.9,False,7
SM-035,93,slow_moving,2,28.9,False,7
SM-035,94,slow_moving,0,28.9,False,7
SM-035,95,slow_moving,3,28.9,False,7
SM-035,96,slow_moving,4,28.9,False,7
SM-035,97,slow_moving,2,23.69,True,7
SM-035,98,slow_moving,4,28.9,False,7
SM-035,99,slow_moving,2,28.9,False,7
SM-035,100,slow_moving,0,28.9,False,7
SM-035,101,slow_moving,1,28.9,False,7
SM-035,102,slow_moving,4,23.69,True,7
SM-035,103,slow_moving,2,28.9,False,7
SM-036,0,slow_moving,15,49.61,False,9
SM-036,1,slow_moving,6,49.61,False,9
SM-036,2,slow_moving,24,37.35,True,9
SM-036,3,slow_moving,5,49.61,False,9
SM-036,4,slow_moving,1,49.61,False,9
SM-036,5,slow_moving,6,49.61,False,9
SM-036,6,slow_moving,7,49.61,False,9
SM-036,7,slow_moving,16,49.61,False,9
SM-036,8,slow_moving,0,49.61,False,9
SM-036,9,slow_moving,10,49.61,False,9
SM-036,10,slow_moving,4,49.61,False,9
SM-036,11,slow_moving,19,49.61,False,9
SM-036,12,slow_moving,0,49.61,False,9
SM-036,13,slow_moving,4,49.61,False,9
SM-036,14,slow_moving,10,49.61,False,9
SM-036,15,slow_moving,6,49.61,False,9
SM-036,16,slow_moving,5,49.61,False,9
SM-036,17,slow_moving,4,49.61,False,9
SM-036,18,slow_moving,5,49.61,False,9
SM-036,19,slow_moving,3,49.61,False,9
SM-036,20,slow_moving,22,49.61,False,9
SM-036,21,slow_moving,7,49.61,False,9
SM-036,22,slow_moving,3,49.61,False,9
SM-036,23,slow_moving,1,49.61,False,9
SM-036,24,slow_moving,4,49.61,False,9
SM-036,25,slow_moving,13,49.61,False,9
SM-036,26,slow_moving,11,49.61,False,9
SM-036,27,slow_moving,4,49.61,False,9
SM-036,28,slow_moving,12,37.35,True,9
SM-036,29,slow_moving,6,49.61,False,9
SM-036,30,slow_moving,3,49.61,False,9
SM-036,31,slow_moving,9,49.61,False,9
SM-036,32,slow_moving,7,49.61,False,9
SM-036,33,slow_moving,1,49.61,False,9
SM-036,34,slow_moving,13,49.61,False,9
SM-036,35,slow_moving,7,49.61,False,9
SM-036,36,slow_moving,2,49.61,False,9
SM-036,37,slow_moving,9,49.61,False,9
SM-036,38,slow_moving,9,49.61,False,9
SM-036,39,slow_moving,13,49.61,False,9
SM-036,40,slow_moving,10,49.61,False,9
SM-036,41,slow_moving,5,49.61,False,9
SM-036,42,slow_moving,5,49.61,False,9
SM-036,43,slow_moving,0,49.61,False,9
SM-036,44,slow_moving,8,49.61,False,9
SM-036,45,slow_moving,4,49.61,False,9
SM-036,46,slow_moving,3,49.61,False,9
SM-036,47,slow_moving,19,37.35,True,9
SM-036,48,slow_moving,2,49.61,False,9
SM-036,49,slow_moving,0,49.61,False,9
SM-036,50,slow_moving,6,49.61,False,9
SM-036,51,slow_moving,4,49.61,False,9
SM-036,52,slow_moving,5,49.61,False,9
SM-036,53,slow_moving,1,49.61,False,9
SM-036,54,slow_moving,6,49.61,False,9
SM-036,55,slow_moving,4,49.61,False,9
SM-036,56,slow_moving,12,37.35,True,9
SM-036,57,slow_moving,0,49.61,False,9
SM-036,58,slow_moving,3,49.61,False,9
SM-036,59,slow_moving,11,49.61,False,9
SM-036,60,slow_moving,4,49.61,False,9
SM-036,61,slow_moving,6,49.61,False,9
SM-036,62,slow_moving,3,49.61,False,9
SM-036,63,slow_moving,3,49.61,False,9
SM-036,64,slow_moving,8,49.61,False,9
SM-036,65,slow_moving,2,49.61,False,9
SM-036,66,slow_moving,17,49.61,False,9
SM-036,67,slow_moving,4,49.61,False,9
SM-036,68,slow_moving,2,49.61,False,9
SM-036,69,slow_moving,1,49.61,False,9
SM-036,70,slow_moving,9,49.61,False,9
SM-036,71,slow_moving,4,49.61,False,9
SM-036,72,slow_moving,5,49.61,False,9
SM-036,73,slow_moving,5,49.61,False,9
SM-036,74,slow_moving,6,49.61,False,9
SM-036,75,slow_moving,6,49.61,False,9
SM-036,76,slow_moving,2,49.61,False,9
SM-036,77,slow_moving,5,49.61,False,9
SM-036,78,slow_moving,6,49.61,False,9
SM-036,79,slow_moving,2,49.61,False,9
SM-036,80,slow_moving,5,49.61,False,9
SM-036,81,slow_moving,4,49.61,False,9
SM-036,82,slow_moving,11,49.61,False,9
SM-036,83,slow_moving,14,37.35,True,9
SM-036,84,slow_moving,5,49.61,False,9
SM-036,85,slow_moving,3,49.61,False,9
SM-036,86,slow_moving,1,49.61,False,9
SM-036,87,slow_moving,4,49.61,False,9
SM-036,88,slow_moving,4,49.61,False,9
SM-036,89,slow_moving,25,37.35,True,9
SM-036,90,slow_moving,4,49.61,False,9
SM-036,91,slow_moving,5,49.61,False,9
SM-036,92,slow_moving,10,49.61,False,9
SM-036,93,slow_moving,5,49.61,False,9
SM-036,94,slow_moving,6,49.61,False,9
SM-036,95,slow_moving,18,49.61,False,9
SM-036,96,slow_moving,8,49.61,False,9
SM-036,97,slow_moving,3,49.61,False,9
SM-036,98,slow_moving,4,49.61,False,9
SM-036,99,slow_moving,6,49.61,False,9
SM-036,100,slow_moving,7,49.61,False,9
SM-036,101,slow_moving,5,49.61,False,9
SM-036,102,slow_moving,4,49.61,False,9
SM-036,103,slow_moving,8,49.61,False,9
SM-037,0,slow_moving,7,37.23,False,10
SM-037,1,slow_moving,0,37.23,False,10
SM-037,2,slow_moving,1,37.23,False,10
SM-037,3,slow_moving,1,37.23,False,10
SM-037,4,slow_moving,2,37.23,False,10
SM-037,5,slow_moving,5,37.23,False,10
SM-037,6,slow_moving,0,37.23,False,10
SM-037,7,slow_moving,11,37.23,False,10
SM-037,8,slow_moving,11,37.23,False,10
SM-037,9,slow_moving,7,37.23,False,10
SM-037,10,slow_moving,2,37.23,False,10
SM-037,11,slow_moving,5,37.23,False,10
SM-037,12,slow_moving,5,37.23,False,10
SM-037,13,slow_moving,6,37.23,False,10
SM-037,14,slow_moving,1,37.23,False,10
SM-037,15,slow_moving,7,37.23,False,10
SM-037,16,slow_moving,2,37.23,False,10
SM-037,17,slow_moving,6,37.23,False,10
SM-037,18,slow_moving,0,37.23,False,10
SM-037,19,slow_moving,1,37.23,False,10
SM-037,20,slow_moving,13,37.23,False,10
SM-037,21,slow_moving,6,37.23,False,10
SM-037,22,slow_moving,37,28.85,True,10
SM-037,23,slow_moving,2,37.23,False,10
SM-037,24,slow_moving,7,37.23,False,10
SM-037,25,slow_moving,9,37.23,False,10
SM-037,26,slow_moving,1,37.23,False,10
SM-037,27,slow_moving,7,37.23,False,10
SM-037,28,slow_moving,5,37.23,False,10
SM-037,29,slow_moving,10,37.23,False,10
SM-037,30,slow_moving,16,37.23,False,10
SM-037,31,slow_moving,6,37.23,False,10
SM-037,32,slow_moving,23,28.85,True,10
SM-037,33,slow_moving,4,37.23,False,10
SM-037,34,slow_moving,7,37.23,False,10
SM-037,35,slow_moving,5,37.23,False,10
SM-037,36,slow_moving,13,37.23,False,10
SM-037,37,slow_moving,11,37.23,False,10
SM-037,38,slow_moving,5,37.23,False,10
SM-037,39,slow_moving,5,37.23,False,10
SM-037,40,slow_moving,5,37.23,False,10
SM-037,41,slow_moving,8,28.85,True,10
SM-037,42,slow_moving,11,37.23,False,10
SM-037,43,slow_moving,7,37.23,False,10
SM-037,44,slow_moving,11,37.23,False,10
SM-037,45,slow_moving,3,37.23,False,10
SM-037,46,slow_moving,3,37.23,False,10
SM-037,47,slow_moving,8,37.23,False,10
SM-037,48,slow_moving,6,37.23,False,10
SM-037,49,slow_moving,1,37.23,False,10
SM-037,50,slow_moving,8,37.23,False,10
SM-037,51,slow_moving,17,37.23,False,10
SM-037,52,slow_moving,10,37.23,False,10
SM-037,53,slow_moving,16,28.85,True,10
SM-037,54,slow_moving,3,28.85,True,10
SM-037,55,slow_moving,0,37.23,False,10
SM-037,56,slow_moving,17,37.23,False,10
SM-037,57,slow_moving,5,37.23,False,10
SM-037,58,slow_moving,4,37.23,False,10
SM-037,59,slow_moving,3,37.23,False,10
SM-037,60,slow_moving,12,37.23,False,10
SM-037,61,slow_moving,5,37.23,False,10
SM-037,62,slow_moving,2,37.23,False,10
SM-037,63,slow_moving,18,37.23,False,10
SM-037,64,slow_moving,7,37.23,False,10
SM-037,65,slow_moving,8,37.23,False,10
SM-037,66,slow_moving,2,37.23,False,10
SM-037,67,slow_moving,5,37.23,False,10
SM-037,68,slow_moving,9,37.23,False,10
SM-037,69,slow_moving,11,37.23,False,10
SM-037,70,slow_moving,37,28.85,True,10
SM-037,71,slow_moving,3,37.23,False,10
SM-037,72,slow_moving,4,37.23,False,10
SM-037,73,slow_moving,13,37.23,False,10
SM-037,74,slow_moving,3,37.23,False,10
SM-037,75,slow_moving,7,37.23,False,10
SM-037,76,slow_moving,3,37.23,False,10
SM-037,77,slow_moving,4,37.23,False,10
SM-037,78,slow_moving,2,37.23,False,10
SM-037,79,slow_moving,2,37.23,False,10
SM-037,80,slow_moving,8,37.23,False,10
SM-037,81,slow_moving,9,37.23,False,10
SM-037,82,slow_moving,2,37.23,False,10
SM-037,83,slow_moving,2,37.23,False,10
SM-037,84,slow_moving,2,37.23,False,10
SM-037,85,slow_moving,3,37.23,False,10
SM-037,86,slow_moving,28,28.85,True,10
SM-037,87,slow_moving,3,37.23,False,10
SM-037,88,slow_moving,9,37.23,False,10
SM-037,89,slow_moving,3,37.23,False,10
SM-037,90,slow_moving,6,37.23,False,10
SM-037,91,slow_moving,20,37.23,False,10
SM-037,92,slow_moving,10,37.23,False,10
SM-037,93,slow_moving,11,37.23,False,10
SM-037,94,slow_moving,11,37.23,False,10
SM-037,95,slow_moving,37,28.85,True,10
SM-037,96,slow_moving,9,37.23,False,10
SM-037,97,slow_moving,6,37.23,False,10
SM-037,98,slow_moving,7,28.85,True,10
SM-037,99,slow_moving,5,37.23,False,10
SM-037,100,slow_moving,9,37.23,False,10
SM-037,101,slow_moving,3,37.23,False,10
SM-037,102,slow_moving,3,37.23,False,10
SM-037,103,slow_moving,0,37.23,False,10
SM-038,0,slow_moving,9,36.42,True,7
SM-038,1,slow_moving,2,47.96,False,7
SM-038,2,slow_moving,4,36.42,True,7
SM-038,3,slow_moving,14,36.42,True,7
SM-038,4,slow_moving,6,47.96,False,7
SM-038,5,slow_moving,3,47.96,False,7
SM-038,6,slow_moving,5,36.42,True,7
SM-038,7,slow_moving,6,47.96,False,7
SM-038,8,slow_moving,5,47.96,False,7
SM-038,9,slow_moving,4,47.96,False,7
SM-038,10,slow_moving,4,47.96,False,7
SM-038,11,slow_moving,3,47.96,False,7
SM-038,12,slow_moving,5,47.96,False,7
SM-038,13,slow_moving,1,47.96,False,7
SM-038,14,slow_moving,5,47.96,False,7
SM-038,15,slow_moving,3,47.96,False,7
SM-038,16,slow_moving,1,47.96,False,7
SM-038,17,slow_moving,3,47.96,False,7
SM-038,18,slow_moving,5,47.96,False,7
SM-038,19,slow_moving,8,47.96,False,7
SM-038,20,slow_moving,5,47.96,False,7
SM-038,21,slow_moving,4,47.96,False,7
SM-038,22,slow_moving,2,47.96,False,7
SM-038,23,slow_moving,6,47.96,False,7
SM-038,24,slow_moving,2,47.96,False,7
SM-038,25,slow_moving,6,47.96,False,7
SM-038,26,slow_moving,3,47.96,False,7
SM-038,27,slow_moving,7,47.96,False,7
SM-038,28,slow_moving,3,47.96,False,7
SM-038,29,slow_moving,3,47.96,False,7
SM-038,30,slow_moving,4,47.96,False,7
SM-038,31,slow_moving,4,36.42,True,7
SM-038,32,slow_moving,2,47.96,False,7
SM-038,33,slow_moving,1,47.96,False,7
SM-038,34,slow_moving,5,47.96,False,7
SM-038,35,slow_moving,5,47.96,False,7
SM-038,36,slow_moving,1,47.96,False,7
SM-038,37,slow_moving,2,47.96,False,7
SM-038,38,slow_moving,2,36.42,True,7
SM-038,39,slow_moving,9,36.42,True,7
SM-038,40,slow_moving,4,36.42,True,7
SM-038,41,slow_moving,5,47.96,False,7
SM-038,42,slow_moving,8,47.96,False,7
SM-038,43,slow_moving,3,47.96,False,7
SM-038,44,slow_moving,5,47.96,False,7
SM-038,45,slow_moving,6,47.96,False,7
SM-038,46,slow_moving,5,47.96,False,7
SM-038,47,slow_moving,6,47.96,False,7
SM-038,48,slow_moving,4,47.96,False,7
SM-038,49,slow_moving,3,47.96,False,7
SM-038,50,slow_moving,8,47.96,False,7
SM-038,51,slow_moving,6,47.96,False,7
SM-038,52,slow_moving,2,47.96,False,7
SM-038,53,slow_moving,1,47.96,False,7
SM-038,54,slow_moving,6,47.96,False,7
SM-038,55,slow_moving,6,47.96,False,7
SM-038,56,slow_moving,4,47.96,False,7
SM-038,57,slow_moving,4,47.96,False,7
SM-038,58,slow_moving,5,47.96,False,7
SM-038,59,slow_moving,3,36.42,True,7
SM-038,60,slow_moving,7,47.96,False,7
SM-038,61,slow_moving,1,47.96,False,7
SM-038,62,slow_moving,4,47.96,False,7
SM-038,63,slow_moving,2,47.96,False,7
SM-038,64,slow_moving,5,47.96,False,7
SM-038,65,slow_moving,7,36.42,True,7
SM-038,66,slow_moving,5,36.42,True,7
SM-038,67,slow_moving,4,47.96,False,7
SM-038,68,slow_moving,4,47.96,False,7
SM-038,69,slow_moving,3,47.96,False,7
SM-038,70,slow_moving,5,47.96,False,7
SM-038,71,slow_moving,8,36.42,True,7
SM-038,72,slow_moving,2,47.96,False,7
SM-038,73,slow_moving,2,47.96,False,7
SM-038,74,slow_moving,1,47.96,False,7
SM-038,75,slow_moving,2,47.96,False,7
SM-038,76,slow_moving,1,47.96,False,7
SM-038,77,slow_moving,2,47.96,False,7
SM-038,78,slow_moving,3,47.96,False,7
SM-038,79,slow_moving,2,47.96,False,7
SM-038,80,slow_moving,0,47.96,False,7
SM-038,81,slow_moving,2,47.96,False,7
SM-038,82,slow_moving,2,47.96,False,7
SM-038,83,slow_moving,1,47.96,False,7
SM-038,84,slow_moving,4,47.96,False,7
SM-038,85,slow_moving,6,47.96,False,7
SM-038,86,slow_moving,5,36.42,True,7
SM-038,87,slow_moving,4,47.96,False,7
SM-038,88,slow_moving,3,47.96,False,7
SM-038,89,slow_moving,2,47.96,False,7
SM-038,90,slow_moving,0,47.96,False,7
SM-038,91,slow_moving,2,47.96,False,7
SM-038,92,slow_moving,3,47.96,False,7
SM-038,93,slow_moving,2,36.42,True,7
SM-038,94,slow_moving,3,47.96,False,7
SM-038,95,slow_moving,3,47.96,False,7
SM-038,96,slow_moving,3,36.42,True,7
SM-038,97,slow_moving,4,47.96,False,7
SM-038,98,slow_moving,1,47.96,False,7
SM-038,99,slow_moving,3,47.96,False,7
SM-038,100,slow_moving,2,47.96,False,7
SM-038,101,slow_moving,2,47.96,False,7
SM-038,102,slow_moving,4,47.96,False,7
SM-038,103,slow_moving,4,47.96,False,7
SM-039,0,slow_moving,2,43.67,False,6
SM-039,1,slow_moving,2,43.67,False,6
SM-039,2,slow_moving,4,43.67,False,6
SM-039,3,slow_moving,5,43.67,False,6
SM-039,4,slow_moving,6,43.67,False,6
SM-039,5,slow_moving,3,43.67,False,6
SM-039,6,slow_moving,1,43.67,False,6
SM-039,7,slow_moving,4,43.67,False,6
SM-039,8,slow_moving,13,36.36,True,6
SM-039,9,slow_moving,2,43.67,False,6
SM-039,10,slow_moving,0,43.67,False,6
SM-039,11,slow_moving,3,43.67,False,6
SM-039,12,slow_moving,6,43.67,False,6
SM-039,13,slow_moving,2,43.67,False,6
SM-039,14,slow_moving,3,43.67,False,6
SM-039,15,slow_moving,7,43.67,False,6
SM-039,16,slow_moving,5,43.67,False,6
SM-039,17,slow_moving,4,43.67,False,6
SM-039,18,slow_moving,10,36.36,True,6
SM-039,19,slow_moving,9,43.67,False,6
SM-039,20,slow_moving,3,43.67,False,6
SM-039,21,slow_moving,8,43.67,False,6
SM-039,22,slow_moving,2,43.67,False,6
SM-039,23,slow_moving,2,43.67,False,6
SM-039,24,slow_moving,3,43.67,False,6
SM-039,25,slow_moving,11,43.67,False,6
SM-039,26,slow_moving,3,43.67,False,6
SM-039,27,slow_moving,3,43.67,False,6
SM-039,28,slow_moving,7,43.67,False,6
SM-039,29,slow_moving,1,43.67,False,6
SM-039,30,slow_moving,3,43.67,False,6
SM-039,31,slow_moving,1,43.67,False,6
SM-039,32,slow_moving,4,43.67,False,6
SM-039,33,slow_moving,4,36.36,True,6
SM-039,34,slow_moving,1,43.67,False,6
SM-039,35,slow_moving,3,43.67,False,6
SM-039,36,slow_moving,6,43.67,False,6
SM-039,37,slow_moving,2,43.67,False,6
SM-039,38,slow_moving,7,43.67,False,6
SM-039,39,slow_moving,4,43.67,False,6
SM-039,40,slow_moving,5,43.67,False,6
SM-039,41,slow_moving,1,43.67,False,6
SM-039,42,slow_moving,5,43.67,False,6
SM-039,43,slow_moving,4,43.67,False,6
SM-039,44,slow_moving,5,43.67,False,6
SM-039,45,slow_moving,9,43.67,False,6
SM-039,46,slow_moving,3,43.67,False,6
SM-039,47,slow_moving,5,43.67,False,6
SM-039,48,slow_moving,6,43.67,False,6
SM-039,49,slow_moving,3,43.67,False,6
SM-039,50,slow_moving,7,43.67,False,6
SM-039,51,slow_moving,3,43.67,False,6
SM-039,52,slow_moving,6,43.67,False,6
SM-039,53,slow_moving,2,43.67,False,6
SM-039,54,slow_moving,3,43.67,False,6
SM-039,55,slow_moving,10,43.67,False,6
SM-039,56,slow_moving,25,36.36,True,6
SM-039,57,slow_moving,8,43.67,False,6
SM-039,58,slow_moving,8,43.67,False,6
SM-039,59,slow_moving,8,43.67,False,6
SM-039,60,slow_moving,3,43.67,False,6
SM-039,61,slow_moving,8,43.67,False,6
SM-039,62,slow_moving,4,43.67,False,6
SM-039,63,slow_moving,4,43.67,False,6
SM-039,64,slow_moving,9,43.67,False,6
SM-039,65,slow_moving,2,43.67,False,6
SM-039,66,slow_moving,4,43.67,False,6
SM-039,67,slow_moving,4,43.67,False,6
SM-039,68,slow_moving,4,43.67,False,6
SM-039,69,slow_moving,0,43.67,False,6
SM-039,70,slow_moving,6,43.67,False,6
SM-039,71,slow_moving,13,43.67,False,6
SM-039,72,slow_moving,4,43.67,False,6
SM-039,73,slow_moving,3,43.67,False,6
SM-039,74,slow_moving,5,43.67,False,6
SM-039,75,slow_moving,1,43.67,False,6
SM-039,76,slow_moving,4,43.67,False,6
SM-039,77,slow_moving,5,43.67,False,6
SM-039,78,slow_moving,6,43.67,False,6
SM-039,79,slow_moving,7,43.67,False,6
SM-039,80,slow_moving,6,43.67,False,6
SM-039,81,slow_moving,3,43.67,False,6
SM-039,82,slow_moving,5,43.67,False,6
SM-039,83,slow_moving,3,43.67,False,6
SM-039,84,slow_moving,9,36.36,True,6
SM-039,85,slow_moving,12,43.67,False,6
SM-039,86,slow_moving,3,43.67,False,6
SM-039,87,slow_moving,7,43.67,False,6
SM-039,88,slow_moving,3,43.67,False,6
SM-039,89,slow_moving,14,36.36,True,6
SM-039,90,slow_moving,7,43.67,False,6
SM-039,91,slow_moving,11,43.67,False,6
SM-039,92,slow_moving,4,43.67,False,6
SM-039,93,slow_moving,4,43.67,False,6
SM-039,94,slow_moving,26,36.36,True,6
SM-039,95,slow_moving,11,36.36,True,6
SM-039,96,slow_moving,6,43.67,False,6
SM-039,97,slow_moving,7,43.67,False,6
SM-039,98,slow_moving,3,43.67,False,6
SM-039,99,slow_moving,1,43.67,False,6
SM-039,100,slow_moving,7,43.67,False,6
SM-039,101,slow_moving,5,43.67,False,6
SM-039,102,slow_moving,19,36.36,True,6
SM-039,103,slow_moving,5,43.67,False,6
SM-040,0,slow_moving,4,35.0,False,9
SM-040,1,slow_moving,10,35.0,False,9
SM-040,2,slow_moving,1,35.0,False,9
SM-040,3,slow_moving,8,35.0,False,9
SM-040,4,slow_moving,19,35.0,False,9
SM-040,5,slow_moving,12,35.0,False,9
SM-040,6,slow_moving,4,35.0,False,9
SM-040,7,slow_moving,10,35.0,False,9
SM-040,8,slow_moving,10,35.0,False,9
SM-040,9,slow_moving,13,35.0,False,9
SM-040,10,slow_moving,22,29.46,True,9
SM-040,11,slow_moving,10,35.0,False,9
SM-040,12,slow_moving,12,35.0,False,9
SM-040,13,slow_moving,5,35.0,False,9
SM-040,14,slow_moving,7,35.0,False,9
SM-040,15,slow_moving,11,35.0,False,9
SM-040,16,slow_moving,5,35.0,False,9
SM-040,17,slow_moving,4,35.0,False,9
SM-040,18,slow_moving,5,35.0,False,9
SM-040,19,slow_moving,4,35.0,False,9
SM-040,20,slow_moving,11,35.0,False,9
SM-040,21,slow_moving,7,35.0,False,9
SM-040,22,slow_moving,2,35.0,False,9
SM-040,23,slow_moving,6,35.0,False,9
SM-040,24,slow_moving,6,35.0,False,9
SM-040,25,slow_moving,10,35.0,False,9
SM-040,26,slow_moving,6,35.0,False,9
SM-040,27,slow_moving,8,35.0,False,9
SM-040,28,slow_moving,12,35.0,False,9
SM-040,29,slow_moving,10,35.0,False,9
SM-040,30,slow_moving,7,35.0,False,9
SM-040,31,slow_moving,6,35.0,False,9
SM-040,32,slow_moving,4,35.0,False,9
SM-040,33,slow_moving,8,35.0,False,9
SM-040,34,slow_moving,8,35.0,False,9
SM-040,35,slow_moving,7,35.0,False,9
SM-040,36,slow_moving,8,35.0,False,9
SM-040,37,slow_moving,11,35.0,False,9
SM-040,38,slow_moving,25,29.46,True,9
SM-040,39,slow_moving,10,35.0,False,9
SM-040,40,slow_moving,10,35.0,False,9
SM-040,41,slow_moving,4,35.0,False,9
SM-040,42,slow_moving,9,35.0,False,9
SM-040,43,slow_moving,6,35.0,False,9
SM-040,44,slow_moving,7,35.0,False,9
SM-040,45,slow_moving,4,35.0,False,9
SM-040,46,slow_moving,8,35.0,False,9
SM-040,47,slow_moving,5,35.0,False,9
SM-040,48,slow_moving,6,35.0,False,9
SM-040,49,slow_moving,10,35.0,False,9
SM-040,50,slow_moving,2,35.0,False,9
SM-040,51,slow_moving,11,35.0,False,9
SM-040,52,slow_moving,7,35.0,False,9
SM-040,53,slow_moving,12,35.0,False,9
SM-040,54,slow_moving,4,35.0,False,9
SM-040,55,slow_moving,4,35.0,False,9
SM-040,56,slow_moving,8,35.0,False,9
SM-040,57,slow_moving,7,35.0,False,9
SM-040,58,slow_moving,6,35.0,False,9
SM-040,59,slow_moving,10,35.0,False,9
SM-040,60,slow_moving,7,35.0,False,9
SM-040,61,slow_moving,6,35.0,False,9
SM-040,62,slow_moving,6,35.0,False,9
SM-040,63,slow_moving,10,35.0,False,9
SM-040,64,slow_moving,6,35.0,False,9
SM-040,65,slow_moving,11,35.0,False,9
SM-040,66,slow_moving,6,35.0,False,9
SM-040,67,slow_moving,5,35.0,False,9
SM-040,68,slow_moving,16,29.46,True,9
SM-040,69,slow_moving,6,35.0,False,9
SM-040,70,slow_moving,9,35.0,False,9
SM-040,71,slow_moving,9,35.0,False,9
SM-040,72,slow_moving,4,35.0,False,9
SM-040,73,slow_moving,8,35.0,False,9
SM-040,74,slow_moving,10,35.0,False,9
SM-040,75,slow_moving,7,35.0,False,9
SM-040,76,slow_moving,8,35.0,False,9
SM-040,77,slow_moving,7,35.0,False,9
SM-040,78,slow_moving,7,35.0,False,9
SM-040,79,slow_moving,4,35.0,False,9
SM-040,80,slow_moving,36,29.46,True,9
SM-040,81,slow_moving,6,35.0,False,9
SM-040,82,slow_moving,9,35.0,False,9
SM-040,83,slow_moving,8,35.0,False,9
SM-040,84,slow_moving,7,35.0,False,9
SM-040,85,slow_moving,3,35.0,False,9
SM-040,86,slow_moving,4,35.0,False,9
SM-040,87,slow_moving,13,35.0,False,9
SM-040,88,slow_moving,6,35.0,False,9
SM-040,89,slow_moving,8,35.0,False,9
SM-040,90,slow_moving,5,35.0,False,9
SM-040,91,slow_moving,8,35.0,False,9
SM-040,92,slow_moving,6,35.0,False,9
SM-040,93,slow_moving,11,35.0,False,9
SM-040,94,slow_moving,8,35.0,False,9
SM-040,95,slow_moving,5,35.0,False,9
SM-040,96,slow_moving,1,35.0,False,9
SM-040,97,slow_moving,6,35.0,False,9
SM-040,98,slow_moving,8,35.0,False,9
SM-040,99,slow_moving,6,35.0,False,9
SM-040,100,slow_moving,1,35.0,False,9
SM-040,101,slow_moving,9,35.0,False,9
SM-040,102,slow_moving,16,29.46,True,9
SM-040,103,slow_moving,10,35.0,False,9
SEAS-001,0,seasonal,11,38.67,False,8
SEAS-001,1,seasonal,19,33.85,True,8
SEAS-001,2,seasonal,11,38.67,False,8
SEAS-001,3,seasonal,10,33.85,True,8
SEAS-001,4,seasonal,10,38.67,False,8
SEAS-001,5,seasonal,11,38.67,False,8
SEAS-001,6,seasonal,6,38.67,False,8
SEAS-001,7,seasonal,10,38.67,False,8
SEAS-001,8,seasonal,11,38.67,False,8
SEAS-001,9,seasonal,20,33.85,True,8
SEAS-001,10,seasonal,17,38.67,False,8
SEAS-001,11,seasonal,20,38.67,False,8
SEAS-001,12,seasonal,20,38.67,False,8
SEAS-001,13,seasonal,23,38.67,False,8
SEAS-001,14,seasonal,16,38.67,False,8
SEAS-001,15,seasonal,21,38.67,False,8
SEAS-001,16,seasonal,29,38.67,False,8
SEAS-001,17,seasonal,22,38.67,False,8
SEAS-001,18,seasonal,25,38.67,False,8
SEAS-001,19,seasonal,26,38.67,False,8
SEAS-001,20,seasonal,74,33.85,True,8
SEAS-001,21,seasonal,22,38.67,False,8
SEAS-001,22,seasonal,28,38.67,False,8
SEAS-001,23,seasonal,53,33.85,True,8
SEAS-001,24,seasonal,34,38.67,False,8
SEAS-001,25,seasonal,46,38.67,False,8
SEAS-001,26,seasonal,33,38.67,False,8
SEAS-001,27,seasonal,24,38.67,False,8
SEAS-001,28,seasonal,46,38.67,False,8
SEAS-001,29,seasonal,56,33.85,True,8
SEAS-001,30,seasonal,34,38.67,False,8
SEAS-001,31,seasonal,81,33.85,True,8
SEAS-001,32,seasonal,44,38.67,False,8
SEAS-001,33,seasonal,35,38.67,False,8
SEAS-001,34,seasonal,55,33.85,True,8
SEAS-001,35,seasonal,35,38.67,False,8
SEAS-001,36,seasonal,35,38.67,False,8
SEAS-001,37,seasonal,26,38.67,False,8
SEAS-001,38,seasonal,26,38.67,False,8
SEAS-001,39,seasonal,17,38.67,False,8
SEAS-001,40,seasonal,18,38.67,False,8
SEAS-001,41,seasonal,35,33.85,True,8
SEAS-001,42,seasonal,21,38.67,False,8
SEAS-001,43,seasonal,25,38.67,False,8
SEAS-001,44,seasonal,8,38.67,False,8
SEAS-001,45,seasonal,4,38.67,False,8
SEAS-001,46,seasonal,9,38.67,False,8
SEAS-001,47,seasonal,16,38.67,False,8
SEAS-001,48,seasonal,12,38.67,False,8
SEAS-001,49,seasonal,5,38.67,False,8
SEAS-001,50,seasonal,12,33.85,True,8
SEAS-001,51,seasonal,10,38.67,False,8
SEAS-001,52,seasonal,8,38.67,False,8
SEAS-001,53,seasonal,8,38.67,False,8
SEAS-001,54,seasonal,7,38.67,False,8
SEAS-001,55,seasonal,7,38.67,False,8
SEAS-001,56,seasonal,6,38.67,False,8
SEAS-001,57,seasonal,10,33.85,True,8
SEAS-001,58,seasonal,14,33.85,True,8
SEAS-001,59,seasonal,8,38.67,False,8
SEAS-001,60,seasonal,10,38.67,False,8
SEAS-001,61,seasonal,30,33.85,True,8
SEAS-001,62,seasonal,18,38.67,False,8
SEAS-001,63,seasonal,29,33.85,True,8
SEAS-001,64,seasonal,20,38.67,False,8
SEAS-001,65,seasonal,14,38.67,False,8
SEAS-001,66,seasonal,22,38.67,False,8
SEAS-001,67,seasonal,21,38.67,False,8
SEAS-001,68,seasonal,23,38.67,False,8
SEAS-001,69,seasonal,17,38.67,False,8
SEAS-001,70,seasonal,35,33.85,True,8
SEAS-001,71,seasonal,27,38.67,False,8
SEAS-001,72,seasonal,36,38.67,False,8
SEAS-001,73,seasonal,32,38.67,False,8
SEAS-001,74,seasonal,41,38.67,False,8
SEAS-001,75,seasonal,33,38.67,False,8
SEAS-001,76,seasonal,39,38.67,False,8
SEAS-001,77,seasonal,35,38.67,False,8
SEAS-001,78,seasonal,44,38.67,False,8
SEAS-001,79,seasonal,69,33.85,True,8
SEAS-001,80,seasonal,42,38.67,False,8
SEAS-001,81,seasonal,49,38.67,False,8
SEAS-001,82,seasonal,41,38.67,False,8
SEAS-001,83,seasonal,44,38.67,False,8
SEAS-001,84,seasonal,30,38.67,False,8
SEAS-001,85,seasonal,26,38.67,False,8
SEAS-001,86,seasonal,32,38.67,False,8
SEAS-001,87,seasonal,35,38.67,False,8
SEAS-001,88,seasonal,27,38.67,False,8
SEAS-001,89,seasonal,28,38.67,False,8
SEAS-001,90,seasonal,31,38.67,False,8
SEAS-001,91,seasonal,21,38.67,False,8
SEAS-001,92,seasonal,25,38.67,False,8
SEAS-001,93,seasonal,28,33.85,True,8
SEAS-001,94,seasonal,24,38.67,False,8
SEAS-001,95,seasonal,26,38.67,False,8
SEAS-001,96,seasonal,24,38.67,False,8
SEAS-001,97,seasonal,14,38.67,False,8
SEAS-001,98,seasonal,10,38.67,False,8
SEAS-001,99,seasonal,17,38.67,False,8
SEAS-001,100,seasonal,11,38.67,False,8
SEAS-001,101,seasonal,5,38.67,False,8
SEAS-001,102,seasonal,11,38.67,False,8
SEAS-001,103,seasonal,20,38.67,False,8
SEAS-002,0,seasonal,173,33.64,True,8
SEAS-002,1,seasonal,57,39.01,False,8
SEAS-002,2,seasonal,58,39.01,False,8
SEAS-002,3,seasonal,107,39.01,False,8
SEAS-002,4,seasonal,100,39.01,False,8
SEAS-002,5,seasonal,63,39.01,False,8
SEAS-002,6,seasonal,72,39.01,False,8
SEAS-002,7,seasonal,132,39.01,False,8
SEAS-002,8,seasonal,105,39.01,False,8
SEAS-002,9,seasonal,131,39.01,False,8
SEAS-002,10,seasonal,67,39.01,False,8
SEAS-002,11,seasonal,300,33.64,True,8
SEAS-002,12,seasonal,81,39.01,False,8
SEAS-002,13,seasonal,84,39.01,False,8
SEAS-002,14,seasonal,117,39.01,False,8
SEAS-002,15,seasonal,141,39.01,False,8
SEAS-002,16,seasonal,172,33.64,True,8
SEAS-002,17,seasonal,57,39.01,False,8
SEAS-002,18,seasonal,74,39.01,False,8
SEAS-002,19,seasonal,85,39.01,False,8
SEAS-002,20,seasonal,87,39.01,False,8
SEAS-002,21,seasonal,91,39.01,False,8
SEAS-002,22,seasonal,94,39.01,False,8
SEAS-002,23,seasonal,74,39.01,False,8
SEAS-002,24,seasonal,64,39.01,False,8
SEAS-002,25,seasonal,52,39.01,False,8
SEAS-002,26,seasonal,45,39.01,False,8
SEAS-002,27,seasonal,41,39.01,False,8
SEAS-002,28,seasonal,68,39.01,False,8
SEAS-002,29,seasonal,82,33.64,True,8
SEAS-002,30,seasonal,42,39.01,False,8
SEAS-002,31,seasonal,17,39.01,False,8
SEAS-002,32,seasonal,48,39.01,False,8
SEAS-002,33,seasonal,29,39.01,False,8
SEAS-002,34,seasonal,18,39.01,False,8
SEAS-002,35,seasonal,25,39.01,False,8
SEAS-002,36,seasonal,17,39.01,False,8
SEAS-002,37,seasonal,15,39.01,False,8
SEAS-002,38,seasonal,17,33.64,True,8
SEAS-002,39,seasonal,19,39.01,False,8
SEAS-002,40,seasonal,9,39.01,False,8
SEAS-002,41,seasonal,20,39.01,False,8
SEAS-002,42,seasonal,15,39.01,False,8
SEAS-002,43,seasonal,13,39.01,False,8
SEAS-002,44,seasonal,11,39.01,False,8
SEAS-002,45,seasonal,16,39.01,False,8
SEAS-002,46,seasonal,17,39.01,False,8
SEAS-002,47,seasonal,32,39.01,False,8
SEAS-002,48,seasonal,87,33.64,True,8
SEAS-002,49,seasonal,29,39.01,False,8
SEAS-002,50,seasonal,28,39.01,False,8
SEAS-002,51,seasonal,51,39.01,False,8
SEAS-002,52,seasonal,43,39.01,False,8
SEAS-002,53,seasonal,47,39.01,False,8
SEAS-002,54,seasonal,29,39.01,False,8
SEAS-002,55,seasonal,58,39.01,False,8
SEAS-002,56,seasonal,89,39.01,False,8
SEAS-002,57,seasonal,84,39.01,False,8
SEAS-002,58,seasonal,76,39.01,False,8
SEAS-002,59,seasonal,59,39.01,False,8
SEAS-002,60,seasonal,63,39.01,False,8
SEAS-002,61,seasonal,89,39.01,False,8
SEAS-002,62,seasonal,223,33.64,True,8
SEAS-002,63,seasonal,75,39.01,False,8
SEAS-002,64,seasonal,174,33.64,True,8
SEAS-002,65,seasonal,122,39.01,False,8
SEAS-002,66,seasonal,112,39.01,False,8
SEAS-002,67,seasonal,59,39.01,False,8
SEAS-002,68,seasonal,135,39.01,False,8
SEAS-002,69,seasonal,111,39.01,False,8
SEAS-002,70,seasonal,64,39.01,False,8
SEAS-002,71,seasonal,79,39.01,False,8
SEAS-002,72,seasonal,77,39.01,False,8
SEAS-002,73,seasonal,109,39.01,False,8
SEAS-002,74,seasonal,70,39.01,False,8
SEAS-002,75,seasonal,60,39.01,False,8
SEAS-002,76,seasonal,92,39.01,False,8
SEAS-002,77,seasonal,46,39.01,False,8
SEAS-002,78,seasonal,74,39.01,False,8
SEAS-002,79,seasonal,72,39.01,False,8
SEAS-002,80,seasonal,46,39.01,False,8
SEAS-002,81,seasonal,38,39.01,False,8
SEAS-002,82,seasonal,49,39.01,False,8
SEAS-002,83,seasonal,72,33.64,True,8
SEAS-002,84,seasonal,26,39.01,False,8
SEAS-002,85,seasonal,35,39.01,False,8
SEAS-002,86,seasonal,27,39.01,False,8
SEAS-002,87,seasonal,13,39.01,False,8
SEAS-002,88,seasonal,24,39.01,False,8
SEAS-002,89,seasonal,19,39.01,False,8
SEAS-002,90,seasonal,18,39.01,False,8
SEAS-002,91,seasonal,13,39.01,False,8
SEAS-002,92,seasonal,33,33.64,True,8
SEAS-002,93,seasonal,7,39.01,False,8
SEAS-002,94,seasonal,14,39.01,False,8
SEAS-002,95,seasonal,13,39.01,False,8
SEAS-002,96,seasonal,11,39.01,False,8
SEAS-002,97,seasonal,14,39.01,False,8
SEAS-002,98,seasonal,66,33.64,True,8
SEAS-002,99,seasonal,20,39.01,False,8
SEAS-002,100,seasonal,104,33.64,True,8
SEAS-002,101,seasonal,46,39.01,False,8
SEAS-002,102,seasonal,54,39.01,False,8
SEAS-002,103,seasonal,54,39.01,False,8
SEAS-003,0,seasonal,12,36.26,False,8
SEAS-003,1,seasonal,7,36.26,False,8
SEAS-003,2,seasonal,12,36.26,False,8
SEAS-003,3,seasonal,17,36.26,False,8
SEAS-003,4,seasonal,26,30.35,True,8
SEAS-003,5,seasonal,43,30.35,True,8
SEAS-003,6,seasonal,11,36.26,False,8
SEAS-003,7,seasonal,14,36.26,False,8
SEAS-003,8,seasonal,18,36.26,False,8
SEAS-003,9,seasonal,15,36.26,False,8
SEAS-003,10,seasonal,26,36.26,False,8
SEAS-003,11,seasonal,8,36.26,False,8
SEAS-003,12,seasonal,38,30.35,True,8
SEAS-003,13,seasonal,16,36.26,False,8
SEAS-003,14,seasonal,36,36.26,False,8
SEAS-003,15,seasonal,24,36.26,False,8
SEAS-003,16,seasonal,25,36.26,False,8
SEAS-003,17,seasonal,20,36.26,False,8
SEAS-003,18,seasonal,130,30.35,True,8
SEAS-003,19,seasonal,44,36.26,False,8
SEAS-003,20,seasonal,26,36.26,False,8
SEAS-003,21,seasonal,48,36.26,False,8
SEAS-003,22,seasonal,28,36.26,False,8
SEAS-003,23,seasonal,31,36.26,False,8
SEAS-003,24,seasonal,108,30.35,True,8
SEAS-003,25,seasonal,38,36.26,False,8
SEAS-003,26,seasonal,40,36.26,False,8
SEAS-003,27,seasonal,23,36.26,False,8
SEAS-003,28,seasonal,23,36.26,False,8
SEAS-003,29,seasonal,36,36.26,False,8
SEAS-003,30,seasonal,20,36.26,False,8
SEAS-003,31,seasonal,26,36.26,False,8
SEAS-003,32,seasonal,34,36.26,False,8
SEAS-003,33,seasonal,28,36.26,False,8
SEAS-003,34,seasonal,47,36.26,False,8
SEAS-003,35,seasonal,29,36.26,False,8
SEAS-003,36,seasonal,30,36.26,False,8
SEAS-003,37,seasonal,26,36.26,False,8
SEAS-003,38,seasonal,19,36.26,False,8
SEAS-003,39,seasonal,26,36.26,False,8
SEAS-003,40,seasonal,18,36.26,False,8
SEAS-003,41,seasonal,63,30.35,True,8
SEAS-003,42,seasonal,15,36.26,False,8
SEAS-003,43,seasonal,21,36.26,False,8
SEAS-003,44,seasonal,19,36.26,False,8
SEAS-003,45,seasonal,16,36.26,False,8
SEAS-003,46,seasonal,16,36.26,False,8
SEAS-003,47,seasonal,10,36.26,False,8
SEAS-003,48,seasonal,12,36.26,False,8
SEAS-003,49,seasonal,12,36.26,False,8
SEAS-003,50,seasonal,16,36.26,False,8
SEAS-003,51,seasonal,7,36.26,False,8
SEAS-003,52,seasonal,6,36.26,False,8
SEAS-003,53,seasonal,11,36.26,False,8
SEAS-003,54,seasonal,9,36.26,False,8
SEAS-003,55,seasonal,9,36.26,False,8
SEAS-003,56,seasonal,11,30.35,True,8
SEAS-003,57,seasonal,12,36.26,False,8
SEAS-003,58,seasonal,14,36.26,False,8
SEAS-003,59,seasonal,9,36.26,False,8
SEAS-003,60,seasonal,17,36.26,False,8
SEAS-003,61,seasonal,15,36.26,False,8
SEAS-003,62,seasonal,17,36.26,False,8
SEAS-003,63,seasonal,27,36.26,False,8
SEAS-003,64,seasonal,24,36.26,False,8
SEAS-003,65,seasonal,21,36.26,False,8
SEAS-003,66,seasonal,27,36.26,False,8
SEAS-003,67,seasonal,28,36.26,False,8
SEAS-003,68,seasonal,33,36.26,False,8
SEAS-003,69,seasonal,24,36.26,False,8
SEAS-003,70,seasonal,28,36.26,False,8
SEAS-003,71,seasonal,27,36.26,False,8
SEAS-003,72,seasonal,49,30.35,True,8
SEAS-003,73,seasonal,38,36.26,False,8
SEAS-003,74,seasonal,24,36.26,False,8
SEAS-003,75,seasonal,38,36.26,False,8
SEAS-003,76,seasonal,37,36.26,False,8
SEAS-003,77,seasonal,35,36.26,False,8
SEAS-003,78,seasonal,37,36.26,False,8
SEAS-003,79,seasonal,54,36.26,False,8
SEAS-003,80,seasonal,36,36.26,False,8
SEAS-003,81,seasonal,38,36.26,False,8
SEAS-003,82,seasonal,28,36.26,False,8
SEAS-003,83,seasonal,29,36.26,False,8
SEAS-003,84,seasonal,22,36.26,False,8
SEAS-003,85,seasonal,24,36.26,False,8
SEAS-003,86,seasonal,30,36.26,False,8
SEAS-003,87,seasonal,50,36.26,False,8
SEAS-003,88,seasonal,18,36.26,False,8
SEAS-003,89,seasonal,16,36.26,False,8
SEAS-003,90,seasonal,23,36.26,False,8
SEAS-003,91,seasonal,19,36.26,False,8
SEAS-003,92,seasonal,42,30.35,True,8
SEAS-003,93,seasonal,20,36.26,False,8
SEAS-003,94,seasonal,11,36.26,False,8
SEAS-003,95,seasonal,16,36.26,False,8
SEAS-003,96,seasonal,17,36.26,False,8
SEAS-003,97,seasonal,14,36.26,False,8
SEAS-003,98,seasonal,12,36.26,False,8
SEAS-003,99,seasonal,36,30.35,True,8
SEAS-003,100,seasonal,12,36.26,False,8
SEAS-003,101,seasonal,5,36.26,False,8
SEAS-003,102,seasonal,9,36.26,False,8
SEAS-003,103,seasonal,13,36.26,False,8
SEAS-004,0,seasonal,33,22.97,False,8
SEAS-004,1,seasonal,39,22.97,False,8
SEAS-004,2,seasonal,40,22.97,False,8
SEAS-004,3,seasonal,43,22.97,False,8
SEAS-004,4,seasonal,102,19.29,True,8
SEAS-004,5,seasonal,43,22.97,False,8
SEAS-004,6,seasonal,39,22.97,False,8
SEAS-004,7,seasonal,40,22.97,False,8
SEAS-004,8,seasonal,77,19.29,True,8
SEAS-004,9,seasonal,40,22.97,False,8
SEAS-004,10,seasonal,24,22.97,False,8
SEAS-004,11,seasonal,32,22.97,False,8
SEAS-004,12,seasonal,79,19.29,True,8
SEAS-004,13,seasonal,60,22.97,False,8
SEAS-004,14,seasonal,31,22.97,False,8
SEAS-004,15,seasonal,37,22.97,False,8
SEAS-004,16,seasonal,37,22.97,False,8
SEAS-004,17,seasonal,39,22.97,False,8
SEAS-004,18,seasonal,37,22.97,False,8
SEAS-004,19,seasonal,37,22.97,False,8
SEAS-004,20,seasonal,28,22.97,False,8
SEAS-004,21,seasonal,30,22.97,False,8
SEAS-004,22,seasonal,28,22.97,False,8
SEAS-004,23,seasonal,19,22.97,False,8
SEAS-004,24,seasonal,17,22.97,False,8
SEAS-004,25,seasonal,10,22.97,False,8
SEAS-004,26,seasonal,9,22.97,False,8
SEAS-004,27,seasonal,51,19.29,True,8
SEAS-004,28,seasonal,5,22.97,False,8
SEAS-004,29,seasonal,9,22.97,False,8
SEAS-004,30,seasonal,9,22.97,False,8
SEAS-004,31,seasonal,7,22.97,False,8
SEAS-004,32,seasonal,20,19.29,True,8
SEAS-004,33,seasonal,9,22.97,False,8
SEAS-004,34,seasonal,10,22.97,False,8
SEAS-004,35,seasonal,5,22.97,False,8
SEAS-004,36,seasonal,15,22.97,False,8
SEAS-004,37,seasonal,5,22.97,False,8
SEAS-004,38,seasonal,15,22.97,False,8
SEAS-004,39,seasonal,35,19.29,True,8
SEAS-004,40,seasonal,14,22.97,False,8
SEAS-004,41,seasonal,19,22.97,False,8
SEAS-004,42,seasonal,21,22.97,False,8
SEAS-004,43,seasonal,21,22.97,False,8
SEAS-004,44,seasonal,27,22.97,False,8
SEAS-004,45,seasonal,29,22.97,False,8
SEAS-004,46,seasonal,23,22.97,False,8
SEAS-004,47,seasonal,30,22.97,False,8
SEAS-004,48,seasonal,29,22.97,False,8
SEAS-004,49,seasonal,40,22.97,False,8
SEAS-004,50,seasonal,40,22.97,False,8
SEAS-004,51,seasonal,38,22.97,False,8
SEAS-004,52,seasonal,44,22.97,False,8
SEAS-004,53,seasonal,39,22.97,False,8
SEAS-004,54,seasonal,37,22.97,False,8
SEAS-004,55,seasonal,33,22.97,False,8
SEAS-004,56,seasonal,30,22.97,False,8
SEAS-004,57,seasonal,46,22.97,False,8
SEAS-004,58,seasonal,28,22.97,False,8
SEAS-004,59,seasonal,27,22.97,False,8
SEAS-004,60,seasonal,42,22.97,False,8
SEAS-004,61,seasonal,105,19.29,True,8
SEAS-004,62,seasonal,42,22.97,False,8
SEAS-004,63,seasonal,95,19.29,True,8
SEAS-004,64,seasonal,38,22.97,False,8
SEAS-004,65,seasonal,28,22.97,False,8
SEAS-004,66,seasonal,26,22.97,False,8
SEAS-004,67,seasonal,33,22.97,False,8
SEAS-004,68,seasonal,32,22.97,False,8
SEAS-004,69,seasonal,34,22.97,False,8
SEAS-004,70,seasonal,32,22.97,False,8
SEAS-004,71,seasonal,28,22.97,False,8
SEAS-004,72,seasonal,17,22.97,False,8
SEAS-004,73,seasonal,16,22.97,False,8
SEAS-004,74,seasonal,18,22.97,False,8
SEAS-004,75,seasonal,16,22.97,False,8
SEAS-004,76,seasonal,37,19.29,True,8
SEAS-004,77,seasonal,16,22.97,False,8
SEAS-004,78,seasonal,40,19.29,True,8
SEAS-004,79,seasonal,11,22.97,False,8
SEAS-004,80,seasonal,25,19.29,True,8
SEAS-004,81,seasonal,13,22.97,False,8
SEAS-004,82,seasonal,10,22.97,False,8
SEAS-004,83,seasonal,6,22.97,False,8
SEAS-004,84,seasonal,4,22.97,False,8
SEAS-004,85,seasonal,4,22.97,False,8
SEAS-004,86,seasonal,12,22.97,False,8
SEAS-004,87,seasonal,8,22.97,False,8
SEAS-004,88,seasonal,9,22.97,False,8
SEAS-004,89,seasonal,17,22.97,False,8
SEAS-004,90,seasonal,11,22.97,False,8
SEAS-004,91,seasonal,15,22.97,False,8
SEAS-004,92,seasonal,21,19.29,True,8
SEAS-004,93,seasonal,12,22.97,False,8
SEAS-004,94,seasonal,26,22.97,False,8
SEAS-004,95,seasonal,23,22.97,False,8
SEAS-004,96,seasonal,22,22.97,False,8
SEAS-004,97,seasonal,25,22.97,False,8
SEAS-004,98,seasonal,34,22.97,False,8
SEAS-004,99,seasonal,16,22.97,False,8
SEAS-004,100,seasonal,42,22.97,False,8
SEAS-004,101,seasonal,40,22.97,False,8
SEAS-004,102,seasonal,34,22.97,False,8
SEAS-004,103,seasonal,139,19.29,True,8
SEAS-005,0,seasonal,57,39.99,False,7
SEAS-005,1,seasonal,78,39.99,False,7
SEAS-005,2,seasonal,15,39.99,False,7
SEAS-005,3,seasonal,51,39.99,False,7
SEAS-005,4,seasonal,30,39.99,False,7
SEAS-005,5,seasonal,24,39.99,False,7
SEAS-005,6,seasonal,33,39.99,False,7
SEAS-005,7,seasonal,49,39.99,False,7
SEAS-005,8,seasonal,42,39.99,False,7
SEAS-005,9,seasonal,60,34.47,True,7
SEAS-005,10,seasonal,21,39.99,False,7
SEAS-005,11,seasonal,25,39.99,False,7
SEAS-005,12,seasonal,20,39.99,False,7
SEAS-005,13,seasonal,10,39.99,False,7
SEAS-005,14,seasonal,31,34.47,True,7
SEAS-005,15,seasonal,19,39.99,False,7
SEAS-005,16,seasonal,31,39.99,False,7
SEAS-005,17,seasonal,14,39.99,False,7
SEAS-005,18,seasonal,17,39.99,False,7
SEAS-005,19,seasonal,42,34.47,True,7
SEAS-005,20,seasonal,9,39.99,False,7
SEAS-005,21,seasonal,17,39.99,False,7
SEAS-005,22,seasonal,14,39.99,False,7
SEAS-005,23,seasonal,65,34.47,True,7
SEAS-005,24,seasonal,27,39.99,False,7
SEAS-005,25,seasonal,43,34.47,True,7
SEAS-005,26,seasonal,32,39.99,False,7
SEAS-005,27,seasonal,29,39.99,False,7
SEAS-005,28,seasonal,27,39.99,False,7
SEAS-005,29,seasonal,48,39.99,False,7
SEAS-005,30,seasonal,44,34.47,True,7
SEAS-005,31,seasonal,39,39.99,False,7
SEAS-005,32,seasonal,50,39.99,False,7
SEAS-005,33,seasonal,51,39.99,False,7
SEAS-005,34,seasonal,32,39.99,False,7
SEAS-005,35,seasonal,45,39.99,False,7
SEAS-005,36,seasonal,45,39.99,False,7
SEAS-005,37,seasonal,47,39.99,False,7
SEAS-005,38,seasonal,144,34.47,True,7
SEAS-005,39,seasonal,71,39.99,False,7
SEAS-005,40,seasonal,92,34.47,True,7
SEAS-005,41,seasonal,97,39.99,False,7
SEAS-005,42,seasonal,40,39.99,False,7
SEAS-005,43,seasonal,75,34.47,True,7
SEAS-005,44,seasonal,104,34.47,True,7
SEAS-005,45,seasonal,64,39.99,False,7
SEAS-005,46,seasonal,50,39.99,False,7
SEAS-005,47,seasonal,48,39.99,False,7
SEAS-005,48,seasonal,80,34.47,True,7
SEAS-005,49,seasonal,31,39.99,False,7
SEAS-005,50,seasonal,37,39.99,False,7
SEAS-005,51,seasonal,54,39.99,False,7
SEAS-005,52,seasonal,25,39.99,False,7
SEAS-005,53,seasonal,50,39.99,False,7
SEAS-005,54,seasonal,27,39.99,False,7
SEAS-005,55,seasonal,33,39.99,False,7
SEAS-005,56,seasonal,29,39.99,False,7
SEAS-005,57,seasonal,40,34.47,True,7
SEAS-005,58,seasonal,24,39.99,False,7
SEAS-005,59,seasonal,27,39.99,False,7
SEAS-005,60,seasonal,35,39.99,False,7
SEAS-005,61,seasonal,30,39.99,False,7
SEAS-005,62,seasonal,16,39.99,False,7
SEAS-005,63,seasonal,32,39.99,False,7
SEAS-005,64,seasonal,39,39.99,False,7
SEAS-005,65,seasonal,22,39.99,False,7
SEAS-005,66,seasonal,18,39.99,False,7
SEAS-005,67,seasonal,36,34.47,True,7
SEAS-005,68,seasonal,10,39.99,False,7
SEAS-005,69,seasonal,12,39.99,False,7
SEAS-005,70,seasonal,17,39.99,False,7
SEAS-005,71,seasonal,12,39.99,False,7
SEAS-005,72,seasonal,22,39.99,False,7
SEAS-005,73,seasonal,15,39.99,False,7
SEAS-005,74,seasonal,42,34.47,True,7
SEAS-005,75,seasonal,25,39.99,False,7
SEAS-005,76,seasonal,25,39.99,False,7
SEAS-005,77,seasonal,22,39.99,False,7
SEAS-005,78,seasonal,35,39.99,False,7
SEAS-005,79,seasonal,29,39.99,False,7
SEAS-005,80,seasonal,33,39.99,False,7
SEAS-005,81,seasonal,50,39.99,False,7
SEAS-005,82,seasonal,40,39.99,False,7
SEAS-005,83,seasonal,59,39.99,False,7
SEAS-005,84,seasonal,61,39.99,False,7
SEAS-005,85,seasonal,37,39.99,False,7
SEAS-005,86,seasonal,86,34.47,True,7
SEAS-005,87,seasonal,66,39.99,False,7
SEAS-005,88,seasonal,27,39.99,False,7
SEAS-005,89,seasonal,42,39.99,False,7
SEAS-005,90,seasonal,40,39.99,False,7
SEAS-005,91,seasonal,43,39.99,False,7
SEAS-005,92,seasonal,71,39.99,False,7
SEAS-005,93,seasonal,51,39.99,False,7
SEAS-005,94,seasonal,42,39.99,False,7
SEAS-005,95,seasonal,74,39.99,False,7
SEAS-005,96,seasonal,59,39.99,False,7
SEAS-005,97,seasonal,62,39.99,False,7
SEAS-005,98,seasonal,63,34.47,True,7
SEAS-005,99,seasonal,59,39.99,False,7
SEAS-005,100,seasonal,46,39.99,False,7
SEAS-005,101,seasonal,47,39.99,False,7
SEAS-005,102,seasonal,103,34.47,True,7
SEAS-005,103,seasonal,60,39.99,False,7
SEAS-006,0,seasonal,30,42.75,False,6
SEAS-006,1,seasonal,34,42.75,False,6
SEAS-006,2,seasonal,18,42.75,False,6
SEAS-006,3,seasonal,12,42.75,False,6
SEAS-006,4,seasonal,17,42.75,False,6
SEAS-006,5,seasonal,10,42.75,False,6
SEAS-006,6,seasonal,15,42.75,False,6
SEAS-006,7,seasonal,22,42.75,False,6
SEAS-006,8,seasonal,21,35.56,True,6
SEAS-006,9,seasonal,18,42.75,False,6
SEAS-006,10,seasonal,17,35.56,True,6
SEAS-006,11,seasonal,15,42.75,False,6
SEAS-006,12,seasonal,16,42.75,False,6
SEAS-006,13,seasonal,22,42.75,False,6
SEAS-006,14,seasonal,17,42.75,False,6
SEAS-006,15,seasonal,23,42.75,False,6
SEAS-006,16,seasonal,21,42.75,False,6
SEAS-006,17,seasonal,31,42.75,False,6
SEAS-006,18,seasonal,32,42.75,False,6
SEAS-006,19,seasonal,22,42.75,False,6
SEAS-006,20,seasonal,14,42.75,False,6
SEAS-006,21,seasonal,40,42.75,False,6
SEAS-006,22,seasonal,53,35.56,True,6
SEAS-006,23,seasonal,65,42.75,False,6
SEAS-006,24,seasonal,73,35.56,True,6
SEAS-006,25,seasonal,41,42.75,False,6
SEAS-006,26,seasonal,50,42.75,False,6
SEAS-006,27,seasonal,44,42.75,False,6
SEAS-006,28,seasonal,50,42.75,False,6
SEAS-006,29,seasonal,77,35.56,True,6
SEAS-006,30,seasonal,38,42.75,False,6
SEAS-006,31,seasonal,159,35.56,True,6
SEAS-006,32,seasonal,90,35.56,True,6
SEAS-006,33,seasonal,56,42.75,False,6
SEAS-006,34,seasonal,54,42.75,False,6
SEAS-006,35,seasonal,56,42.75,False,6
SEAS-006,36,seasonal,57,42.75,False,6
SEAS-006,37,seasonal,51,42.75,False,6
SEAS-006,38,seasonal,80,42.75,False,6
SEAS-006,39,seasonal,54,42.75,False,6
SEAS-006,40,seasonal,34,42.75,False,6
SEAS-006,41,seasonal,30,42.75,False,6
SEAS-006,42,seasonal,25,42.75,False,6
SEAS-006,43,seasonal,46,42.75,False,6
SEAS-006,44,seasonal,83,35.56,True,6
SEAS-006,45,seasonal,27,42.75,False,6
SEAS-006,46,seasonal,44,42.75,False,6
SEAS-006,47,seasonal,40,42.75,False,6
SEAS-006,48,seasonal,29,42.75,False,6
SEAS-006,49,seasonal,39,42.75,False,6
SEAS-006,50,seasonal,36,42.75,False,6
SEAS-006,51,seasonal,22,42.75,False,6
SEAS-006,52,seasonal,29,42.75,False,6
SEAS-006,53,seasonal,16,42.75,False,6
SEAS-006,54,seasonal,22,42.75,False,6
SEAS-006,55,seasonal,12,42.75,False,6
SEAS-006,56,seasonal,17,42.75,False,6
SEAS-006,57,seasonal,22,35.56,True,6
SEAS-006,58,seasonal,21,42.75,False,6
SEAS-006,59,seasonal,11,42.75,False,6
SEAS-006,60,seasonal,35,35.56,True,6
SEAS-006,61,seasonal,11,42.75,False,6
SEAS-006,62,seasonal,13,42.75,False,6
SEAS-006,63,seasonal,18,42.75,False,6
SEAS-006,64,seasonal,16,42.75,False,6
SEAS-006,65,seasonal,21,42.75,False,6
SEAS-006,66,seasonal,23,42.75,False,6
SEAS-006,67,seasonal,29,42.75,False,6
SEAS-006,68,seasonal,17,42.75,False,6
SEAS-006,69,seasonal,23,42.75,False,6
SEAS-006,70,seasonal,19,42.75,False,6
SEAS-006,71,seasonal,26,42.75,False,6
SEAS-006,72,seasonal,57,35.56,True,6
SEAS-006,73,seasonal,49,35.56,True,6
SEAS-006,74,seasonal,30,42.75,False,6
SEAS-006,75,seasonal,60,35.56,True,6
SEAS-006,76,seasonal,26,42.75,False,6
SEAS-006,77,seasonal,27,42.75,False,6
SEAS-006,78,seasonal,32,42.75,False,6
SEAS-006,79,seasonal,46,42.75,False,6
SEAS-006,80,seasonal,39,42.75,False,6
SEAS-006,81,seasonal,27,42.75,False,6
SEAS-006,82,seasonal,41,42.75,False,6
SEAS-006,83,seasonal,40,42.75,False,6
SEAS-006,84,seasonal,153,35.56,True,6
SEAS-006,85,seasonal,65,42.75,False,6
SEAS-006,86,seasonal,82,42.75,False,6
SEAS-006,87,seasonal,106,35.56,True,6
SEAS-006,88,seasonal,65,35.56,True,6
SEAS-006,89,seasonal,27,42.75,False,6
SEAS-006,90,seasonal,72,42.75,False,6
SEAS-006,91,seasonal,51,42.75,False,6
SEAS-006,92,seasonal,74,42.75,False,6
SEAS-006,93,seasonal,37,42.75,False,6
SEAS-006,94,seasonal,28,42.75,False,6
SEAS-006,95,seasonal,36,42.75,False,6
SEAS-006,96,seasonal,28,42.75,False,6
SEAS-006,97,seasonal,17,42.75,False,6
SEAS-006,98,seasonal,44,42.75,False,6
SEAS-006,99,seasonal,37,42.75,False,6
SEAS-006,100,seasonal,40,42.75,False,6
SEAS-006,101,seasonal,28,42.75,False,6
SEAS-006,102,seasonal,25,42.75,False,6
SEAS-006,103,seasonal,38,42.75,False,6
SEAS-007,0,seasonal,27,29.87,False,9
SEAS-007,1,seasonal,38,29.87,False,9
SEAS-007,2,seasonal,48,29.87,False,9
SEAS-007,3,seasonal,22,29.87,False,9
SEAS-007,4,seasonal,43,29.87,False,9
SEAS-007,5,seasonal,26,29.87,False,9
SEAS-007,6,seasonal,49,24.46,True,9
SEAS-007,7,seasonal,17,29.87,False,9
SEAS-007,8,seasonal,21,29.87,False,9
SEAS-007,9,seasonal,22,29.87,False,9
SEAS-007,10,seasonal,24,29.87,False,9
SEAS-007,11,seasonal,22,29.87,False,9
SEAS-007,12,seasonal,17,29.87,False,9
SEAS-007,13,seasonal,23,29.87,False,9
SEAS-007,14,seasonal,14,29.87,False,9
SEAS-007,15,seasonal,21,29.87,False,9
SEAS-007,16,seasonal,12,29.87,False,9
SEAS-007,17,seasonal,23,29.87,False,9
SEAS-007,18,seasonal,37,24.46,True,9
SEAS-007,19,seasonal,40,29.87,False,9
SEAS-007,20,seasonal,30,29.87,False,9
SEAS-007,21,seasonal,40,29.87,False,9
SEAS-007,22,seasonal,21,29.87,False,9
SEAS-007,23,seasonal,89,24.46,True,9
SEAS-007,24,seasonal,35,29.87,False,9
SEAS-007,25,seasonal,85,24.46,True,9
SEAS-007,26,seasonal,25,29.87,False,9
SEAS-007,27,seasonal,127,24.46,True,9
SEAS-007,28,seasonal,64,29.87,False,9
SEAS-007,29,seasonal,58,29.87,False,9
SEAS-007,30,seasonal,64,29.87,False,9
SEAS-007,31,seasonal,132,24.46,True,9
SEAS-007,32,seasonal,60,29.87,False,9
SEAS-007,33,seasonal,50,29.87,False,9
SEAS-007,34,seasonal,80,29.87,False,9
SEAS-007,35,seasonal,78,29.87,False,9
SEAS-007,36,seasonal,70,29.87,False,9
SEAS-007,37,seasonal,92,29.87,False,9
SEAS-007,38,seasonal,58,29.87,False,9
SEAS-007,39,seasonal,111,29.87,False,9
SEAS-007,40,seasonal,68,29.87,False,9
SEAS-007,41,seasonal,92,29.87,False,9
SEAS-007,42,seasonal,61,29.87,False,9
SEAS-007,43,seasonal,81,29.87,False,9
SEAS-007,44,seasonal,47,29.87,False,9
SEAS-007,45,seasonal,184,24.46,True,9
SEAS-007,46,seasonal,59,29.87,False,9
SEAS-007,47,seasonal,133,24.46,True,9
SEAS-007,48,seasonal,53,29.87,False,9
SEAS-007,49,seasonal,42,29.87,False,9
SEAS-007,50,seasonal,52,29.87,False,9
SEAS-007,51,seasonal,47,29.87,False,9
SEAS-007,52,seasonal,33,29.87,False,9
SEAS-007,53,seasonal,52,29.87,False,9
SEAS-007,54,seasonal,25,29.87,False,9
SEAS-007,55,seasonal,32,29.87,False,9
SEAS-007,56,seasonal,45,29.87,False,9
SEAS-007,57,seasonal,25,29.87,False,9
SEAS-007,58,seasonal,26,29.87,False,9
SEAS-007,59,seasonal,18,29.87,False,9
SEAS-007,60,seasonal,20,29.87,False,9
SEAS-007,61,seasonal,13,29.87,False,9
SEAS-007,62,seasonal,49,24.46,True,9
SEAS-007,63,seasonal,13,29.87,False,9
SEAS-007,64,seasonal,13,29.87,False,9
SEAS-007,65,seasonal,15,29.87,False,9
SEAS-007,66,seasonal,21,29.87,False,9
SEAS-007,67,seasonal,18,29.87,False,9
SEAS-007,68,seasonal,15,29.87,False,9
SEAS-007,69,seasonal,16,29.87,False,9
SEAS-007,70,seasonal,31,29.87,False,9
SEAS-007,71,seasonal,19,29.87,False,9
SEAS-007,72,seasonal,28,29.87,False,9
SEAS-007,73,seasonal,32,29.87,False,9
SEAS-007,74,seasonal,31,29.87,False,9
SEAS-007,75,seasonal,32,29.87,False,9
SEAS-007,76,seasonal,32,29.87,False,9
SEAS-007,77,seasonal,51,29.87,False,9
SEAS-007,78,seasonal,51,29.87,False,9
SEAS-007,79,seasonal,47,29.87,False,9
SEAS-007,80,seasonal,54,29.87,False,9
SEAS-007,81,seasonal,56,29.87,False,9
SEAS-007,82,seasonal,181,24.46,True,9
SEAS-007,83,seasonal,53,29.87,False,9
SEAS-007,84,seasonal,63,29.87,False,9
SEAS-007,85,seasonal,64,29.87,False,9
SEAS-007,86,seasonal,57,29.87,False,9
SEAS-007,87,seasonal,61,29.87,False,9
SEAS-007,88,seasonal,65,29.87,False,9
SEAS-007,89,seasonal,84,29.87,False,9
SEAS-007,90,seasonal,87,29.87,False,9
SEAS-007,91,seasonal,73,29.87,False,9
SEAS-007,92,seasonal,89,29.87,False,9
SEAS-007,93,seasonal,84,29.87,False,9
SEAS-007,94,seasonal,55,29.87,False,9
SEAS-007,95,seasonal,63,29.87,False,9
SEAS-007,96,seasonal,86,29.87,False,9
SEAS-007,97,seasonal,57,29.87,False,9
SEAS-007,98,seasonal,60,29.87,False,9
SEAS-007,99,seasonal,57,29.87,False,9
SEAS-007,100,seasonal,48,29.87,False,9
SEAS-007,101,seasonal,52,29.87,False,9
SEAS-007,102,seasonal,47,29.87,False,9
SEAS-007,103,seasonal,59,29.87,False,9
SEAS-008,0,seasonal,17,30.5,False,8
SEAS-008,1,seasonal,20,30.5,False,8
SEAS-008,2,seasonal,25,30.5,False,8
SEAS-008,3,seasonal,12,30.5,False,8
SEAS-008,4,seasonal,33,30.5,False,8
SEAS-008,5,seasonal,16,30.5,False,8
SEAS-008,6,seasonal,25,30.5,False,8
SEAS-008,7,seasonal,31,24.98,True,8
SEAS-008,8,seasonal,23,30.5,False,8
SEAS-008,9,seasonal,49,30.5,False,8
SEAS-008,10,seasonal,115,24.98,True,8
SEAS-008,11,seasonal,62,30.5,False,8
SEAS-008,12,seasonal,61,30.5,False,8
SEAS-008,13,seasonal,62,30.5,False,8
SEAS-008,14,seasonal,97,24.98,True,8
SEAS-008,15,seasonal,54,30.5,False,8
SEAS-008,16,seasonal,50,30.5,False,8
SEAS-008,17,seasonal,33,30.5,False,8
SEAS-008,18,seasonal,31,30.5,False,8
SEAS-008,19,seasonal,57,30.5,False,8
SEAS-008,20,seasonal,63,30.5,False,8
SEAS-008,21,seasonal,65,30.5,False,8
SEAS-008,22,seasonal,146,24.98,True,8
SEAS-008,23,seasonal,53,30.5,False,8
SEAS-008,24,seasonal,79,30.5,False,8
SEAS-008,25,seasonal,52,30.5,False,8
SEAS-008,26,seasonal,70,30.5,False,8
SEAS-008,27,seasonal,79,30.5,False,8
SEAS-008,28,seasonal,56,30.5,False,8
SEAS-008,29,seasonal,57,30.5,False,8
SEAS-008,30,seasonal,62,30.5,False,8
SEAS-008,31,seasonal,51,30.5,False,8
SEAS-008,32,seasonal,84,30.5,False,8
SEAS-008,33,seasonal,53,30.5,False,8
SEAS-008,34,seasonal,179,24.98,True,8
SEAS-008,35,seasonal,49,30.5,False,8
SEAS-008,36,seasonal,124,24.98,True,8
SEAS-008,37,seasonal,38,30.5,False,8
SEAS-008,38,seasonal,68,24.98,True,8
SEAS-008,39,seasonal,39,30.5,False,8
SEAS-008,40,seasonal,42,30.5,False,8
SEAS-008,41,seasonal,41,30.5,False,8
SEAS-008,42,seasonal,55,30.5,False,8
SEAS-008,43,seasonal,10,30.5,False,8
SEAS-008,44,seasonal,29,30.5,False,8
SEAS-008,45,seasonal,40,30.5,False,8
SEAS-008,46,seasonal,28,30.5,False,8
SEAS-008,47,seasonal,15,30.5,False,8
SEAS-008,48,seasonal,28,30.5,False,8
SEAS-008,49,seasonal,44,24.98,True,8
SEAS-008,50,seasonal,9,30.5,False,8
SEAS-008,51,seasonal,47,24.98,True,8
SEAS-008,52,seasonal,16,30.5,False,8
SEAS-008,53,seasonal,25,30.5,False,8
SEAS-008,54,seasonal,33,30.5,False,8
SEAS-008,55,seasonal,21,30.5,False,8
SEAS-008,56,seasonal,20,30.5,False,8
SEAS-008,57,seasonal,15,30.5,False,8
SEAS-008,58,seasonal,40,24.98,True,8
SEAS-008,59,seasonal,23,30.5,False,8
SEAS-008,60,seasonal,19,30.5,False,8
SEAS-008,61,seasonal,31,30.5,False,8
SEAS-008,62,seasonal,37,30.5,False,8
SEAS-008,63,seasonal,43,30.5,False,8
SEAS-008,64,seasonal,46,30.5,False,8
SEAS-008,65,seasonal,43,30.5,False,8
SEAS-008,66,seasonal,106,24.98,True,8
SEAS-008,67,seasonal,36,30.5,False,8
SEAS-008,68,seasonal,52,24.98,True,8
SEAS-008,69,seasonal,62,30.5,False,8
SEAS-008,70,seasonal,50,30.5,False,8
SEAS-008,71,seasonal,43,30.5,False,8
SEAS-008,72,seasonal,109,24.98,True,8
SEAS-008,73,seasonal,65,30.5,False,8
SEAS-008,74,seasonal,50,30.5,False,8
SEAS-008,75,seasonal,58,30.5,False,8
SEAS-008,76,seasonal,98,30.5,False,8
SEAS-008,77,seasonal,76,30.5,False,8
SEAS-008,78,seasonal,49,30.5,False,8
SEAS-008,79,seasonal,110,30.5,False,8
SEAS-008,80,seasonal,174,24.98,True,8
SEAS-008,81,seasonal,67,30.5,False,8
SEAS-008,82,seasonal,62,30.5,False,8
SEAS-008,83,seasonal,56,30.5,False,8
SEAS-008,84,seasonal,33,30.5,False,8
SEAS-008,85,seasonal,39,30.5,False,8
SEAS-008,86,seasonal,62,30.5,False,8
SEAS-008,87,seasonal,51,30.5,False,8
SEAS-008,88,seasonal,64,30.5,False,8
SEAS-008,89,seasonal,49,30.5,False,8
SEAS-008,90,seasonal,46,30.5,False,8
SEAS-008,91,seasonal,41,30.5,False,8
SEAS-008,92,seasonal,68,30.5,False,8
SEAS-008,93,seasonal,32,30.5,False,8
SEAS-008,94,seasonal,38,30.5,False,8
SEAS-008,95,seasonal,28,30.5,False,8
SEAS-008,96,seasonal,23,30.5,False,8
SEAS-008,97,seasonal,14,30.5,False,8
SEAS-008,98,seasonal,31,30.5,False,8
SEAS-008,99,seasonal,25,30.5,False,8
SEAS-008,100,seasonal,25,30.5,False,8
SEAS-008,101,seasonal,29,30.5,False,8
SEAS-008,102,seasonal,21,30.5,False,8
SEAS-008,103,seasonal,28,30.5,False,8
SEAS-009,0,seasonal,6,25.83,False,8
SEAS-009,1,seasonal,5,25.83,False,8
SEAS-009,2,seasonal,7,21.83,True,8
SEAS-009,3,seasonal,5,25.83,False,8
SEAS-009,4,seasonal,20,21.83,True,8
SEAS-009,5,seasonal,11,25.83,False,8
SEAS-009,6,seasonal,14,25.83,False,8
SEAS-009,7,seasonal,6,25.83,False,8
SEAS-009,8,seasonal,33,21.83,True,8
SEAS-009,9,seasonal,12,25.83,False,8
SEAS-009,10,seasonal,9,25.83,False,8
SEAS-009,11,seasonal,21,25.83,False,8
SEAS-009,12,seasonal,20,25.83,False,8
SEAS-009,13,seasonal,22,25.83,False,8
SEAS-009,14,seasonal,45,25.83,False,8
SEAS-009,15,seasonal,31,25.83,False,8
SEAS-009,16,seasonal,29,25.83,False,8
SEAS-009,17,seasonal,34,25.83,False,8
SEAS-009,18,seasonal,40,25.83,False,8
SEAS-009,19,seasonal,44,25.83,False,8
SEAS-009,20,seasonal,22,25.83,False,8
SEAS-009,21,seasonal,30,25.83,False,8
SEAS-009,22,seasonal,49,25.83,False,8
SEAS-009,23,seasonal,35,25.83,False,8
SEAS-009,24,seasonal,50,21.83,True,8
SEAS-009,25,seasonal,33,25.83,False,8
SEAS-009,26,seasonal,24,25.83,False,8
SEAS-009,27,seasonal,39,25.83,False,8
SEAS-009,28,seasonal,39,25.83,False,8
SEAS-009,29,seasonal,114,21.83,True,8
SEAS-009,30,seasonal,39,25.83,False,8
SEAS-009,31,seasonal,49,25.83,False,8
SEAS-009,32,seasonal,53,25.83,False,8
SEAS-009,33,seasonal,31,25.83,False,8
SEAS-009,34,seasonal,81,21.83,True,8
SEAS-009,35,seasonal,35,25.83,False,8
SEAS-009,36,seasonal,29,25.83,False,8
SEAS-009,37,seasonal,22,25.83,False,8
SEAS-009,38,seasonal,33,25.83,False,8
SEAS-009,39,seasonal,28,25.83,False,8
SEAS-009,40,seasonal,30,25.83,False,8
SEAS-009,41,seasonal,40,21.83,True,8
SEAS-009,42,seasonal,19,25.83,False,8
SEAS-009,43,seasonal,19,25.83,False,8
SEAS-009,44,seasonal,19,25.83,False,8
SEAS-009,45,seasonal,26,21.83,True,8
SEAS-009,46,seasonal,6,25.83,False,8
SEAS-009,47,seasonal,15,25.83,False,8
SEAS-009,48,seasonal,7,25.83,False,8
SEAS-009,49,seasonal,7,25.83,False,8
SEAS-009,50,seasonal,0,25.83,False,8
SEAS-009,51,seasonal,13,21.83,True,8
SEAS-009,52,seasonal,9,25.83,False,8
SEAS-009,53,seasonal,1,25.83,False,8
SEAS-009,54,seasonal,11,25.83,False,8
SEAS-009,55,seasonal,6,25.83,False,8
SEAS-009,56,seasonal,21,21.83,True,8
SEAS-009,57,seasonal,9,25.83,False,8
SEAS-009,58,seasonal,9,25.83,False,8
SEAS-009,59,seasonal,14,25.83,False,8
SEAS-009,60,seasonal,16,25.83,False,8
SEAS-009,61,seasonal,20,25.83,False,8
SEAS-009,62,seasonal,15,25.83,False,8
SEAS-009,63,seasonal,15,25.83,False,8
SEAS-009,64,seasonal,15,25.83,False,8
SEAS-009,65,seasonal,30,25.83,False,8
SEAS-009,66,seasonal,16,25.83,False,8
SEAS-009,67,seasonal,25,25.83,False,8
SEAS-009,68,seasonal,28,25.83,False,8
SEAS-009,69,seasonal,33,25.83,False,8
SEAS-009,70,seasonal,44,25.83,False,8
SEAS-009,71,seasonal,55,25.83,False,8
SEAS-009,72,seasonal,37,25.83,False,8
SEAS-009,73,seasonal,28,25.83,False,8
SEAS-009,74,seasonal,32,25.83,False,8
SEAS-009,75,seasonal,40,25.83,False,8
SEAS-009,76,seasonal,44,25.83,False,8
SEAS-009,77,seasonal,43,25.83,False,8
SEAS-009,78,seasonal,37,25.83,False,8
SEAS-009,79,seasonal,41,25.83,False,8
SEAS-009,80,seasonal,34,25.83,False,8
SEAS-009,81,seasonal,121,21.83,True,8
SEAS-009,82,seasonal,50,25.83,False,8
SEAS-009,83,seasonal,43,25.83,False,8
SEAS-009,84,seasonal,47,25.83,False,8
SEAS-009,85,seasonal,30,25.83,False,8
SEAS-009,86,seasonal,33,25.83,False,8
SEAS-009,87,seasonal,25,25.83,False,8
SEAS-009,88,seasonal,30,25.83,False,8
SEAS-009,89,seasonal,36,25.83,False,8
SEAS-009,90,seasonal,18,25.83,False,8
SEAS-009,91,seasonal,27,25.83,False,8
SEAS-009,92,seasonal,31,25.83,False,8
SEAS-009,93,seasonal,19,25.83,False,8
SEAS-009,94,seasonal,17,25.83,False,8
SEAS-009,95,seasonal,14,25.83,False,8
SEAS-009,96,seasonal,16,25.83,False,8
SEAS-009,97,seasonal,18,25.83,False,8
SEAS-009,98,seasonal,23,25.83,False,8
SEAS-009,99,seasonal,11,25.83,False,8
SEAS-009,100,seasonal,8,25.83,False,8
SEAS-009,101,seasonal,10,25.83,False,8
SEAS-009,102,seasonal,7,25.83,False,8
SEAS-009,103,seasonal,2,25.83,False,8
SEAS-010,0,seasonal,70,37.72,False,6
SEAS-010,1,seasonal,74,37.72,False,6
SEAS-010,2,seasonal,53,37.72,False,6
SEAS-010,3,seasonal,53,37.72,False,6
SEAS-010,4,seasonal,43,37.72,False,6
SEAS-010,5,seasonal,43,37.72,False,6
SEAS-010,6,seasonal,40,37.72,False,6
SEAS-010,7,seasonal,35,37.72,False,6
SEAS-010,8,seasonal,21,37.72,False,6
SEAS-010,9,seasonal,21,37.72,False,6
SEAS-010,10,seasonal,20,37.72,False,6
SEAS-010,11,seasonal,24,37.72,False,6
SEAS-010,12,seasonal,21,37.72,False,6
SEAS-010,13,seasonal,16,37.72,False,6
SEAS-010,14,seasonal,27,30.91,True,6
SEAS-010,15,seasonal,30,30.91,True,6
SEAS-010,16,seasonal,9,37.72,False,6
SEAS-010,17,seasonal,5,37.72,False,6
SEAS-010,18,seasonal,9,37.72,False,6
SEAS-010,19,seasonal,9,37.72,False,6
SEAS-010,20,seasonal,6,37.72,False,6
SEAS-010,21,seasonal,9,37.72,False,6
SEAS-010,22,seasonal,8,37.72,False,6
SEAS-010,23,seasonal,16,37.72,False,6
SEAS-010,24,seasonal,20,37.72,False,6
SEAS-010,25,seasonal,20,37.72,False,6
SEAS-010,26,seasonal,15,37.72,False,6
SEAS-010,27,seasonal,36,37.72,False,6
SEAS-010,28,seasonal,24,37.72,False,6
SEAS-010,29,seasonal,65,37.72,False,6
SEAS-010,30,seasonal,56,37.72,False,6
SEAS-010,31,seasonal,73,37.72,False,6
SEAS-010,32,seasonal,53,37.72,False,6
SEAS-010,33,seasonal,52,37.72,False,6
SEAS-010,34,seasonal,48,37.72,False,6
SEAS-010,35,seasonal,52,37.72,False,6
SEAS-010,36,seasonal,80,37.72,False,6
SEAS-010,37,seasonal,80,37.72,False,6
SEAS-010,38,seasonal,49,37.72,False,6
SEAS-010,39,seasonal,55,37.72,False,6
SEAS-010,40,seasonal,64,37.72,False,6
SEAS-010,41,seasonal,87,37.72,False,6
SEAS-010,42,seasonal,67,37.72,False,6
SEAS-010,43,seasonal,127,30.91,True,6
SEAS-010,44,seasonal,95,37.72,False,6
SEAS-010,45,seasonal,115,37.72,False,6
SEAS-010,46,seasonal,103,37.72,False,6
SEAS-010,47,seasonal,94,37.72,False,6
SEAS-010,48,seasonal,79,37.72,False,6
SEAS-010,49,seasonal,96,37.72,False,6
SEAS-010,50,seasonal,106,37.72,False,6
SEAS-010,51,seasonal,169,30.91,True,6
SEAS-010,52,seasonal,49,37.72,False,6
SEAS-010,53,seasonal,63,37.72,False,6
SEAS-010,54,seasonal,121,30.91,True,6
SEAS-010,55,seasonal,44,37.72,False,6
SEAS-010,56,seasonal,58,37.72,False,6
SEAS-010,57,seasonal,44,37.72,False,6
SEAS-010,58,seasonal,63,30.91,True,6
SEAS-010,59,seasonal,33,37.72,False,6
SEAS-010,60,seasonal,42,37.72,False,6
SEAS-010,61,seasonal,22,37.72,False,6
SEAS-010,62,seasonal,25,37.72,False,6
SEAS-010,63,seasonal,25,37.72,False,6
SEAS-010,64,seasonal,25,30.91,True,6
SEAS-010,65,seasonal,14,37.72,False,6
SEAS-010,66,seasonal,15,37.72,False,6
SEAS-010,67,seasonal,9,37.72,False,6
SEAS-010,68,seasonal,9,37.72,False,6
SEAS-010,69,seasonal,8,37.72,False,6
SEAS-010,70,seasonal,12,37.72,False,6
SEAS-010,71,seasonal,15,30.91,True,6
SEAS-010,72,seasonal,11,37.72,False,6
SEAS-010,73,seasonal,13,37.72,False,6
SEAS-010,74,seasonal,16,37.72,False,6
SEAS-010,75,seasonal,15,37.72,False,6
SEAS-010,76,seasonal,16,37.72,False,6
SEAS-010,77,seasonal,17,37.72,False,6
SEAS-010,78,seasonal,21,37.72,False,6
SEAS-010,79,seasonal,26,37.72,False,6
SEAS-010,80,seasonal,35,37.72,False,6
SEAS-010,81,seasonal,77,30.91,True,6
SEAS-010,82,seasonal,55,37.72,False,6
SEAS-010,83,seasonal,35,37.72,False,6
SEAS-010,84,seasonal,65,37.72,False,6
SEAS-010,85,seasonal,37,37.72,False,6
SEAS-010,86,seasonal,51,37.72,False,6
SEAS-010,87,seasonal,53,37.72,False,6
SEAS-010,88,seasonal,61,37.72,False,6
SEAS-010,89,seasonal,97,37.72,False,6
SEAS-010,90,seasonal,73,37.72,False,6
SEAS-010,91,seasonal,69,37.72,False,6
SEAS-010,92,seasonal,75,37.72,False,6
SEAS-010,93,seasonal,57,37.72,False,6
SEAS-010,94,seasonal,218,30.91,True,6
SEAS-010,95,seasonal,89,37.72,False,6
SEAS-010,96,seasonal,87,37.72,False,6
SEAS-010,97,seasonal,63,37.72,False,6
SEAS-010,98,seasonal,63,37.72,False,6
SEAS-010,99,seasonal,106,37.72,False,6
SEAS-010,100,seasonal,79,37.72,False,6
SEAS-010,101,seasonal,149,30.91,True,6
SEAS-010,102,seasonal,85,37.72,False,6
SEAS-010,103,seasonal,89,37.72,False,6
SEAS-011,0,seasonal,30,20.69,False,5
SEAS-011,1,seasonal,64,20.69,False,5
SEAS-011,2,seasonal,39,20.69,False,5
SEAS-011,3,seasonal,29,20.69,False,5
SEAS-011,4,seasonal,40,20.69,False,5
SEAS-011,5,seasonal,43,20.69,False,5
SEAS-011,6,seasonal,30,20.69,False,5
SEAS-011,7,seasonal,35,20.69,False,5
SEAS-011,8,seasonal,84,20.69,False,5
SEAS-011,9,seasonal,93,20.69,False,5
SEAS-011,10,seasonal,60,20.69,False,5
SEAS-011,11,seasonal,68,20.69,False,5
SEAS-011,12,seasonal,31,20.69,False,5
SEAS-011,13,seasonal,51,20.69,False,5
SEAS-011,14,seasonal,74,20.69,False,5
SEAS-011,15,seasonal,93,20.69,False,5
SEAS-011,16,seasonal,103,20.69,False,5
SEAS-011,17,seasonal,58,20.69,False,5
SEAS-011,18,seasonal,24,20.69,False,5
SEAS-011,19,seasonal,88,20.69,False,5
SEAS-011,20,seasonal,46,20.69,False,5
SEAS-011,21,seasonal,30,20.69,False,5
SEAS-011,22,seasonal,59,20.69,False,5
SEAS-011,23,seasonal,42,20.69,False,5
SEAS-011,24,seasonal,48,20.69,False,5
SEAS-011,25,seasonal,90,18.54,True,5
SEAS-011,26,seasonal,43,20.69,False,5
SEAS-011,27,seasonal,35,20.69,False,5
SEAS-011,28,seasonal,73,18.54,True,5
SEAS-011,29,seasonal,40,20.69,False,5
SEAS-011,30,seasonal,74,18.54,True,5
SEAS-011,31,seasonal,7,20.69,False,5
SEAS-011,32,seasonal,28,20.69,False,5
SEAS-011,33,seasonal,12,20.69,False,5
SEAS-011,34,seasonal,31,18.54,True,5
SEAS-011,35,seasonal,15,20.69,False,5
SEAS-011,36,seasonal,20,20.69,False,5
SEAS-011,37,seasonal,7,20.69,False,5
SEAS-011,38,seasonal,10,20.69,False,5
SEAS-011,39,seasonal,11,20.69,False,5
SEAS-011,40,seasonal,19,20.69,False,5
SEAS-011,41,seasonal,11,20.69,False,5
SEAS-011,42,seasonal,18,20.69,False,5
SEAS-011,43,seasonal,40,20.69,False,5
SEAS-011,44,seasonal,20,20.69,False,5
SEAS-011,45,seasonal,13,20.69,False,5
SEAS-011,46,seasonal,14,20.69,False,5
SEAS-011,47,seasonal,23,20.69,False,5
SEAS-011,48,seasonal,22,20.69,False,5
SEAS-011,49,seasonal,26,20.69,False,5
SEAS-011,50,seasonal,22,20.69,False,5
SEAS-011,51,seasonal,49,20.69,False,5
SEAS-011,52,seasonal,34,20.69,False,5
SEAS-011,53,seasonal,58,20.69,False,5
SEAS-011,54,seasonal,47,20.69,False,5
SEAS-011,55,seasonal,57,20.69,False,5
SEAS-011,56,seasonal,30,20.69,False,5
SEAS-011,57,seasonal,46,20.69,False,5
SEAS-011,58,seasonal,127,18.54,True,5
SEAS-011,59,seasonal,63,20.69,False,5
SEAS-011,60,seasonal,19,20.69,False,5
SEAS-011,61,seasonal,35,20.69,False,5
SEAS-011,62,seasonal,59,20.69,False,5
SEAS-011,63,seasonal,93,20.69,False,5
SEAS-011,64,seasonal,104,20.69,False,5
SEAS-011,65,seasonal,194,18.54,True,5
SEAS-011,66,seasonal,63,20.69,False,5
SEAS-011,67,seasonal,60,20.69,False,5
SEAS-011,68,seasonal,85,20.69,False,5
SEAS-011,69,seasonal,40,20.69,False,5
SEAS-011,70,seasonal,77,20.69,False,5
SEAS-011,71,seasonal,59,20.69,False,5
SEAS-011,72,seasonal,60,20.69,False,5
SEAS-011,73,seasonal,38,20.69,False,5
SEAS-011,74,seasonal,23,20.69,False,5
SEAS-011,75,seasonal,138,18.54,True,5
SEAS-011,76,seasonal,24,20.69,False,5
SEAS-011,77,seasonal,28,20.69,False,5
SEAS-011,78,seasonal,52,18.54,True,5
SEAS-011,79,seasonal,42,20.69,False,5
SEAS-011,80,seasonal,32,20.69,False,5
SEAS-011,81,seasonal,46,20.69,False,5
SEAS-011,82,seasonal,24,20.69,False,5
SEAS-011,83,seasonal,24,20.69,False,5
SEAS-011,84,seasonal,15,20.69,False,5
SEAS-011,85,seasonal,10,20.69,False,5
SEAS-011,86,seasonal,18,20.69,False,5
SEAS-011,87,seasonal,8,20.69,False,5
SEAS-011,88,seasonal,4,20.69,False,5
SEAS-011,89,seasonal,18,20.69,False,5
SEAS-011,90,seasonal,45,18.54,True,5
SEAS-011,91,seasonal,13,20.69,False,5
SEAS-011,92,seasonal,8,20.69,False,5
SEAS-011,93,seasonal,12,20.69,False,5
SEAS-011,94,seasonal,14,20.69,False,5
SEAS-011,95,seasonal,18,20.69,False,5
SEAS-011,96,seasonal,10,20.69,False,5
SEAS-011,97,seasonal,45,18.54,True,5
SEAS-011,98,seasonal,11,20.69,False,5
SEAS-011,99,seasonal,26,20.69,False,5
SEAS-011,100,seasonal,29,20.69,False,5
SEAS-011,101,seasonal,26,20.69,False,5
SEAS-011,102,seasonal,61,20.69,False,5
SEAS-011,103,seasonal,23,20.69,False,5
SEAS-012,0,seasonal,54,36.11,False,5
SEAS-012,1,seasonal,69,36.11,False,5
SEAS-012,2,seasonal,83,36.11,False,5
SEAS-012,3,seasonal,30,36.11,False,5
SEAS-012,4,seasonal,60,36.11,False,5
SEAS-012,5,seasonal,57,36.11,False,5
SEAS-012,6,seasonal,227,29.21,True,5
SEAS-012,7,seasonal,59,36.11,False,5
SEAS-012,8,seasonal,36,36.11,False,5
SEAS-012,9,seasonal,38,36.11,False,5
SEAS-012,10,seasonal,87,29.21,True,5
SEAS-012,11,seasonal,44,36.11,False,5
SEAS-012,12,seasonal,47,36.11,False,5
SEAS-012,13,seasonal,39,36.11,False,5
SEAS-012,14,seasonal,30,36.11,False,5
SEAS-012,15,seasonal,32,36.11,False,5
SEAS-012,16,seasonal,28,36.11,False,5
SEAS-012,17,seasonal,25,36.11,False,5
SEAS-012,18,seasonal,19,36.11,False,5
SEAS-012,19,seasonal,14,36.11,False,5
SEAS-012,20,seasonal,24,36.11,False,5
SEAS-012,21,seasonal,24,36.11,False,5
SEAS-012,22,seasonal,15,36.11,False,5
SEAS-012,23,seasonal,11,36.11,False,5
SEAS-012,24,seasonal,51,29.21,True,5
SEAS-012,25,seasonal,16,36.11,False,5
SEAS-012,26,seasonal,16,36.11,False,5
SEAS-012,27,seasonal,14,36.11,False,5
SEAS-012,28,seasonal,12,36.11,False,5
SEAS-012,29,seasonal,15,36.11,False,5
SEAS-012,30,seasonal,16,36.11,False,5
SEAS-012,31,seasonal,45,29.21,True,5
SEAS-012,32,seasonal,29,36.11,False,5
SEAS-012,33,seasonal,16,36.11,False,5
SEAS-012,34,seasonal,25,36.11,False,5
SEAS-012,35,seasonal,43,36.11,False,5
SEAS-012,36,seasonal,39,36.11,False,5
SEAS-012,37,seasonal,32,36.11,False,5
SEAS-012,38,seasonal,40,36.11,False,5
SEAS-012,39,seasonal,29,36.11,False,5
SEAS-012,40,seasonal,60,36.11,False,5
SEAS-012,41,seasonal,61,36.11,False,5
SEAS-012,42,seasonal,39,36.11,False,5
SEAS-012,43,seasonal,57,36.11,False,5
SEAS-012,44,seasonal,92,36.11,False,5
SEAS-012,45,seasonal,46,36.11,False,5
SEAS-012,46,seasonal,55,36.11,False,5
SEAS-012,47,seasonal,69,36.11,False,5
SEAS-012,48,seasonal,78,36.11,False,5
SEAS-012,49,seasonal,57,36.11,False,5
SEAS-012,50,seasonal,58,36.11,False,5
SEAS-012,51,seasonal,92,36.11,False,5
SEAS-012,52,seasonal,55,36.11,False,5
SEAS-012,53,seasonal,198,29.21,True,5
SEAS-012,54,seasonal,48,36.11,False,5
SEAS-012,55,seasonal,55,36.11,False,5
SEAS-012,56,seasonal,35,36.11,False,5
SEAS-012,57,seasonal,43,36.11,False,5
SEAS-012,58,seasonal,37,36.11,False,5
SEAS-012,59,seasonal,51,36.11,False,5
SEAS-012,60,seasonal,40,36.11,False,5
SEAS-012,61,seasonal,40,36.11,False,5
SEAS-012,62,seasonal,38,36.11,False,5
SEAS-012,63,seasonal,25,36.11,False,5
SEAS-012,64,seasonal,41,36.11,False,5
SEAS-012,65,seasonal,32,36.11,False,5
SEAS-012,66,seasonal,35,36.11,False,5
SEAS-012,67,seasonal,45,36.11,False,5
SEAS-012,68,seasonal,49,29.21,True,5
SEAS-012,69,seasonal,49,29.21,True,5
SEAS-012,70,seasonal,29,36.11,False,5
SEAS-012,71,seasonal,30,29.21,True,5
SEAS-012,72,seasonal,9,36.11,False,5
SEAS-012,73,seasonal,20,36.11,False,5
SEAS-012,74,seasonal,12,36.11,False,5
SEAS-012,75,seasonal,26,36.11,False,5
SEAS-012,76,seasonal,11,36.11,False,5
SEAS-012,77,seasonal,40,29.21,True,5
SEAS-012,78,seasonal,9,36.11,False,5
SEAS-012,79,seasonal,15,36.11,False,5
SEAS-012,80,seasonal,14,36.11,False,5
SEAS-012,81,seasonal,12,36.11,False,5
SEAS-012,82,seasonal,20,36.11,False,5
SEAS-012,83,seasonal,18,36.11,False,5
SEAS-012,84,seasonal,41,29.21,True,5
SEAS-012,85,seasonal,72,29.21,True,5
SEAS-012,86,seasonal,96,29.21,True,5
SEAS-012,87,seasonal,19,36.11,False,5
SEAS-012,88,seasonal,41,36.11,False,5
SEAS-012,89,seasonal,54,36.11,False,5
SEAS-012,90,seasonal,30,36.11,False,5
SEAS-012,91,seasonal,52,36.11,False,5
SEAS-012,92,seasonal,39,36.11,False,5
SEAS-012,93,seasonal,41,36.11,False,5
SEAS-012,94,seasonal,35,36.11,False,5
SEAS-012,95,seasonal,73,36.11,False,5
SEAS-012,96,seasonal,127,29.21,True,5
SEAS-012,97,seasonal,56,36.11,False,5
SEAS-012,98,seasonal,65,36.11,False,5
SEAS-012,99,seasonal,51,36.11,False,5
SEAS-012,100,seasonal,71,36.11,False,5
SEAS-012,101,seasonal,67,36.11,False,5
SEAS-012,102,seasonal,174,29.21,True,5
SEAS-012,103,seasonal,164,29.21,True,5
SEAS-013,0,seasonal,110,38.81,False,7
SEAS-013,1,seasonal,47,38.81,False,7
SEAS-013,2,seasonal,53,38.81,False,7
SEAS-013,3,seasonal,77,38.81,False,7
SEAS-013,4,seasonal,94,38.81,False,7
SEAS-013,5,seasonal,248,33.93,True,7
SEAS-013,6,seasonal,51,38.81,False,7
SEAS-013,7,seasonal,242,33.93,True,7
SEAS-013,8,seasonal,53,38.81,False,7
SEAS-013,9,seasonal,48,38.81,False,7
SEAS-013,10,seasonal,211,33.93,True,7
SEAS-013,11,seasonal,52,38.81,False,7
SEAS-013,12,seasonal,87,38.81,False,7
SEAS-013,13,seasonal,43,38.81,False,7
SEAS-013,14,seasonal,83,38.81,False,7
SEAS-013,15,seasonal,88,38.81,False,7
SEAS-013,16,seasonal,103,38.81,False,7
SEAS-013,17,seasonal,72,38.81,False,7
SEAS-013,18,seasonal,52,38.81,False,7
SEAS-013,19,seasonal,71,38.81,False,7
SEAS-013,20,seasonal,31,38.81,False,7
SEAS-013,21,seasonal,41,38.81,False,7
SEAS-013,22,seasonal,59,38.81,False,7
SEAS-013,23,seasonal,154,33.93,True,7
SEAS-013,24,seasonal,29,38.81,False,7
SEAS-013,25,seasonal,29,38.81,False,7
SEAS-013,26,seasonal,34,38.81,False,7
SEAS-013,27,seasonal,96,33.93,True,7
SEAS-013,28,seasonal,42,38.81,False,7
SEAS-013,29,seasonal,15,38.81,False,7
SEAS-013,30,seasonal,31,38.81,False,7
SEAS-013,31,seasonal,43,38.81,False,7
SEAS-013,32,seasonal,34,38.81,False,7
SEAS-013,33,seasonal,32,38.81,False,7
SEAS-013,34,seasonal,32,38.81,False,7
SEAS-013,35,seasonal,25,38.81,False,7
SEAS-013,36,seasonal,137,33.93,True,7
SEAS-013,37,seasonal,37,38.81,False,7
SEAS-013,38,seasonal,32,38.81,False,7
SEAS-013,39,seasonal,98,33.93,True,7
SEAS-013,40,seasonal,137,33.93,True,7
SEAS-013,41,seasonal,46,38.81,False,7
SEAS-013,42,seasonal,62,38.81,False,7
SEAS-013,43,seasonal,53,38.81,False,7
SEAS-013,44,seasonal,53,38.81,False,7
SEAS-013,45,seasonal,45,38.81,False,7
SEAS-013,46,seasonal,30,38.81,False,7
SEAS-013,47,seasonal,78,38.81,False,7
SEAS-013,48,seasonal,70,38.81,False,7
SEAS-013,49,seasonal,205,33.93,True,7
SEAS-013,50,seasonal,163,33.93,True,7
SEAS-013,51,seasonal,47,38.81,False,7
SEAS-013,52,seasonal,71,38.81,False,7
SEAS-013,53,seasonal,92,38.81,False,7
SEAS-013,54,seasonal,64,38.81,False,7
SEAS-013,55,seasonal,45,38.81,False,7
SEAS-013,56,seasonal,40,38.81,False,7
SEAS-013,57,seasonal,257,33.93,True,7
SEAS-013,58,seasonal,83,38.81,False,7
SEAS-013,59,seasonal,52,38.81,False,7
SEAS-013,60,seasonal,101,38.81,False,7
SEAS-013,61,seasonal,89,38.81,False,7
SEAS-013,62,seasonal,96,38.81,False,7
SEAS-013,63,seasonal,87,38.81,False,7
SEAS-013,64,seasonal,57,38.81,False,7
SEAS-013,65,seasonal,48,38.81,False,7
SEAS-013,66,seasonal,65,38.81,False,7
SEAS-013,67,seasonal,77,38.81,False,7
SEAS-013,68,seasonal,62,38.81,False,7
SEAS-013,69,seasonal,55,38.81,False,7
SEAS-013,70,seasonal,145,33.93,True,7
SEAS-013,71,seasonal,36,38.81,False,7
SEAS-013,72,seasonal,150,33.93,True,7
SEAS-013,73,seasonal,126,33.93,True,7
SEAS-013,74,seasonal,33,38.81,False,7
SEAS-013,75,seasonal,44,38.81,False,7
SEAS-013,76,seasonal,46,38.81,False,7
SEAS-013,77,seasonal,31,38.81,False,7
SEAS-013,78,seasonal,43,38.81,False,7
SEAS-013,79,seasonal,37,38.81,False,7
SEAS-013,80,seasonal,133,33.93,True,7
SEAS-013,81,seasonal,42,38.81,False,7
SEAS-013,82,seasonal,28,38.81,False,7
SEAS-013,83,seasonal,26,38.81,False,7
SEAS-013,84,seasonal,17,38.81,False,7
SEAS-013,85,seasonal,16,38.81,False,7
SEAS-013,86,seasonal,38,38.81,False,7
SEAS-013,87,seasonal,38,38.81,False,7
SEAS-013,88,seasonal,124,33.93,True,7
SEAS-013,89,seasonal,36,38.81,False,7
SEAS-013,90,seasonal,23,38.81,False,7
SEAS-013,91,seasonal,39,38.81,False,7
SEAS-013,92,seasonal,28,38.81,False,7
SEAS-013,93,seasonal,59,38.81,False,7
SEAS-013,94,seasonal,146,33.93,True,7
SEAS-013,95,seasonal,43,38.81,False,7
SEAS-013,96,seasonal,30,38.81,False,7
SEAS-013,97,seasonal,74,38.81,False,7
SEAS-013,98,seasonal,271,33.93,True,7
SEAS-013,99,seasonal,71,38.81,False,7
SEAS-013,100,seasonal,89,38.81,False,7
SEAS-013,101,seasonal,79,38.81,False,7
SEAS-013,102,seasonal,108,38.81,False,7
SEAS-013,103,seasonal,74,38.81,False,7
SEAS-014,0,seasonal,90,38.98,False,5
SEAS-014,1,seasonal,57,38.98,False,5
SEAS-014,2,seasonal,75,38.98,False,5
SEAS-014,3,seasonal,103,38.98,False,5
SEAS-014,4,seasonal,196,33.48,True,5
SEAS-014,5,seasonal,50,38.98,False,5
SEAS-014,6,seasonal,64,38.98,False,5
SEAS-014,7,seasonal,52,38.98,False,5
SEAS-014,8,seasonal,67,38.98,False,5
SEAS-014,9,seasonal,32,38.98,False,5
SEAS-014,10,seasonal,45,38.98,False,5
SEAS-014,11,seasonal,33,38.98,False,5
SEAS-014,12,seasonal,44,38.98,False,5
SEAS-014,13,seasonal,24,38.98,False,5
SEAS-014,14,seasonal,31,38.98,False,5
SEAS-014,15,seasonal,22,38.98,False,5
SEAS-014,16,seasonal,15,38.98,False,5
SEAS-014,17,seasonal,22,38.98,False,5
SEAS-014,18,seasonal,20,38.98,False,5
SEAS-014,19,seasonal,15,38.98,False,5
SEAS-014,20,seasonal,18,38.98,False,5
SEAS-014,21,seasonal,14,38.98,False,5
SEAS-014,22,seasonal,11,38.98,False,5
SEAS-014,23,seasonal,10,38.98,False,5
SEAS-014,24,seasonal,15,38.98,False,5
SEAS-014,25,seasonal,18,38.98,False,5
SEAS-014,26,seasonal,26,38.98,False,5
SEAS-014,27,seasonal,37,38.98,False,5
SEAS-014,28,seasonal,30,38.98,False,5
SEAS-014,29,seasonal,26,38.98,False,5
SEAS-014,30,seasonal,28,38.98,False,5
SEAS-014,31,seasonal,26,38.98,False,5
SEAS-014,32,seasonal,42,38.98,False,5
SEAS-014,33,seasonal,39,38.98,False,5
SEAS-014,34,seasonal,49,38.98,False,5
SEAS-014,35,seasonal,53,38.98,False,5
SEAS-014,36,seasonal,101,38.98,False,5
SEAS-014,37,seasonal,79,38.98,False,5
SEAS-014,38,seasonal,97,38.98,False,5
SEAS-014,39,seasonal,37,38.98,False,5
SEAS-014,40,seasonal,86,38.98,False,5
SEAS-014,41,seasonal,82,38.98,False,5
SEAS-014,42,seasonal,117,38.98,False,5
SEAS-014,43,seasonal,155,38.98,False,5
SEAS-014,44,seasonal,126,38.98,False,5
SEAS-014,45,seasonal,121,38.98,False,5
SEAS-014,46,seasonal,64,38.98,False,5
SEAS-014,47,seasonal,98,38.98,False,5
SEAS-014,48,seasonal,96,38.98,False,5
SEAS-014,49,seasonal,74,38.98,False,5
SEAS-014,50,seasonal,145,38.98,False,5
SEAS-014,51,seasonal,74,38.98,False,5
SEAS-014,52,seasonal,108,38.98,False,5
SEAS-014,53,seasonal,52,38.98,False,5
SEAS-014,54,seasonal,119,38.98,False,5
SEAS-014,55,seasonal,87,38.98,False,5
SEAS-014,56,seasonal,114,38.98,False,5
SEAS-014,57,seasonal,68,38.98,False,5
SEAS-014,58,seasonal,58,38.98,False,5
SEAS-014,59,seasonal,76,38.98,False,5
SEAS-014,60,seasonal,68,38.98,False,5
SEAS-014,61,seasonal,54,38.98,False,5
SEAS-014,62,seasonal,44,38.98,False,5
SEAS-014,63,seasonal,26,38.98,False,5
SEAS-014,64,seasonal,32,38.98,False,5
SEAS-014,65,seasonal,53,33.48,True,5
SEAS-014,66,seasonal,30,38.98,False,5
SEAS-014,67,seasonal,11,38.98,False,5
SEAS-014,68,seasonal,10,38.98,False,5
SEAS-014,69,seasonal,27,38.98,False,5
SEAS-014,70,seasonal,13,38.98,False,5
SEAS-014,71,seasonal,12,38.98,False,5
SEAS-014,72,seasonal,12,38.98,False,5
SEAS-014,73,seasonal,10,38.98,False,5
SEAS-014,74,seasonal,54,33.48,True,5
SEAS-014,75,seasonal,6,38.98,False,5
SEAS-014,76,seasonal,32,33.48,True,5
SEAS-014,77,seasonal,24,38.98,False,5
SEAS-014,78,seasonal,25,38.98,False,5
SEAS-014,79,seasonal,18,38.98,False,5
SEAS-014,80,seasonal,40,38.98,False,5
SEAS-014,81,seasonal,40,38.98,False,5
SEAS-014,82,seasonal,20,38.98,False,5
SEAS-014,83,seasonal,37,38.98,False,5
SEAS-014,84,seasonal,49,38.98,False,5
SEAS-014,85,seasonal,76,38.98,False,5
SEAS-014,86,seasonal,71,38.98,False,5
SEAS-014,87,seasonal,40,38.98,False,5
SEAS-014,88,seasonal,48,38.98,False,5
SEAS-014,89,seasonal,45,38.98,False,5
SEAS-014,90,seasonal,82,38.98,False,5
SEAS-014,91,seasonal,59,38.98,False,5
SEAS-014,92,seasonal,66,38.98,False,5
SEAS-014,93,seasonal,332,33.48,True,5
SEAS-014,94,seasonal,73,38.98,False,5
SEAS-014,95,seasonal,87,38.98,False,5
SEAS-014,96,seasonal,127,38.98,False,5
SEAS-014,97,seasonal,88,38.98,False,5
SEAS-014,98,seasonal,91,38.98,False,5
SEAS-014,99,seasonal,138,38.98,False,5
SEAS-014,100,seasonal,131,38.98,False,5
SEAS-014,101,seasonal,141,38.98,False,5
SEAS-014,102,seasonal,124,33.48,True,5
SEAS-014,103,seasonal,131,38.98,False,5
SEAS-015,0,seasonal,28,17.61,False,6
SEAS-015,1,seasonal,28,17.61,False,6
SEAS-015,2,seasonal,17,17.61,False,6
SEAS-015,3,seasonal,16,17.61,False,6
SEAS-015,4,seasonal,24,17.61,False,6
SEAS-015,5,seasonal,17,17.61,False,6
SEAS-015,6,seasonal,10,17.61,False,6
SEAS-015,7,seasonal,20,17.61,False,6
SEAS-015,8,seasonal,11,17.61,False,6
SEAS-015,9,seasonal,6,17.61,False,6
SEAS-015,10,seasonal,5,17.61,False,6
SEAS-015,11,seasonal,7,17.61,False,6
SEAS-015,12,seasonal,8,17.61,False,6
SEAS-015,13,seasonal,5,17.61,False,6
SEAS-015,14,seasonal,11,17.61,False,6
SEAS-015,15,seasonal,20,15.16,True,6
SEAS-015,16,seasonal,6,17.61,False,6
SEAS-015,17,seasonal,6,17.61,False,6
SEAS-015,18,seasonal,6,17.61,False,6
SEAS-015,19,seasonal,4,17.61,False,6
SEAS-015,20,seasonal,27,15.16,True,6
SEAS-015,21,seasonal,13,17.61,False,6
SEAS-015,22,seasonal,11,17.61,False,6
SEAS-015,23,seasonal,15,17.61,False,6
SEAS-015,24,seasonal,22,17.61,False,6
SEAS-015,25,seasonal,33,17.61,False,6
SEAS-015,26,seasonal,21,17.61,False,6
SEAS-015,27,seasonal,63,15.16,True,6
SEAS-015,28,seasonal,29,17.61,False,6
SEAS-015,29,seasonal,28,17.61,False,6
SEAS-015,30,seasonal,24,17.61,False,6
SEAS-015,31,seasonal,27,17.61,False,6
SEAS-015,32,seasonal,32,17.61,False,6
SEAS-015,33,seasonal,28,17.61,False,6
SEAS-015,34,seasonal,30,17.61,False,6
SEAS-015,35,seasonal,33,17.61,False,6
SEAS-015,36,seasonal,75,15.16,True,6
SEAS-015,37,seasonal,36,17.61,False,6
SEAS-015,38,seasonal,37,17.61,False,6
SEAS-015,39,seasonal,29,17.61,False,6
SEAS-015,40,seasonal,24,17.61,False,6
SEAS-015,41,seasonal,35,17.61,False,6
SEAS-015,42,seasonal,30,17.61,False,6
SEAS-015,43,seasonal,32,17.61,False,6
SEAS-015,44,seasonal,65,15.16,True,6
SEAS-015,45,seasonal,26,17.61,False,6
SEAS-015,46,seasonal,32,17.61,False,6
SEAS-015,47,seasonal,33,17.61,False,6
SEAS-015,48,seasonal,41,17.61,False,6
SEAS-015,49,seasonal,25,17.61,False,6
SEAS-015,50,seasonal,30,17.61,False,6
SEAS-015,51,seasonal,24,17.61,False,6
SEAS-015,52,seasonal,57,15.16,True,6
SEAS-015,53,seasonal,21,17.61,False,6
SEAS-015,54,seasonal,23,17.61,False,6
SEAS-015,55,seasonal,14,17.61,False,6
SEAS-015,56,seasonal,16,17.61,False,6
SEAS-015,57,seasonal,21,17.61,False,6
SEAS-015,58,seasonal,14,17.61,False,6
SEAS-015,59,seasonal,11,17.61,False,6
SEAS-015,60,seasonal,13,17.61,False,6
SEAS-015,61,seasonal,31,15.16,True,6
SEAS-015,62,seasonal,7,17.61,False,6
SEAS-015,63,seasonal,16,15.16,True,6
SEAS-015,64,seasonal,8,17.61,False,6
SEAS-015,65,seasonal,4,17.61,False,6
SEAS-015,66,seasonal,9,17.61,False,6
SEAS-015,67,seasonal,11,17.61,False,6
SEAS-015,68,seasonal,8,17.61,False,6
SEAS-015,69,seasonal,8,17.61,False,6
SEAS-015,70,seasonal,9,17.61,False,6
SEAS-015,71,seasonal,14,17.61,False,6
SEAS-015,72,seasonal,14,17.61,False,6
SEAS-015,73,seasonal,10,17.61,False,6
SEAS-015,74,seasonal,17,17.61,False,6
SEAS-015,75,seasonal,13,17.61,False,6
SEAS-015,76,seasonal,10,17.61,False,6
SEAS-015,77,seasonal,13,17.61,False,6
SEAS-015,78,seasonal,20,17.61,False,6
SEAS-015,79,seasonal,26,17.61,False,6
SEAS-015,80,seasonal,20,17.61,False,6
SEAS-015,81,seasonal,28,17.61,False,6
SEAS-015,82,seasonal,21,17.61,False,6
SEAS-015,83,seasonal,31,17.61,False,6
SEAS-015,84,seasonal,35,17.61,False,6
SEAS-015,85,seasonal,101,15.16,True,6
SEAS-015,86,seasonal,92,15.16,True,6
SEAS-015,87,seasonal,27,17.61,False,6
SEAS-015,88,seasonal,28,17.61,False,6
SEAS-015,89,seasonal,107,15.16,True,6
SEAS-015,90,seasonal,82,15.16,True,6
SEAS-015,91,seasonal,108,15.16,True,6
SEAS-015,92,seasonal,35,17.61,False,6
SEAS-015,93,seasonal,34,17.61,False,6
SEAS-015,94,seasonal,42,17.61,False,6
SEAS-015,95,seasonal,45,17.61,False,6
SEAS-015,96,seasonal,30,17.61,False,6
SEAS-015,97,seasonal,33,17.61,False,6
SEAS-015,98,seasonal,36,17.61,False,6
SEAS-015,99,seasonal,33,17.61,False,6
SEAS-015,100,seasonal,30,17.61,False,6
SEAS-015,101,seasonal,31,17.61,False,6
SEAS-015,102,seasonal,29,17.61,False,6
SEAS-015,103,seasonal,28,17.61,False,6
SEAS-016,0,seasonal,95,15.44,False,7
SEAS-016,1,seasonal,324,12.81,True,7
SEAS-016,2,seasonal,60,15.44,False,7
SEAS-016,3,seasonal,59,15.44,False,7
SEAS-016,4,seasonal,42,15.44,False,7
SEAS-016,5,seasonal,201,12.81,True,7
SEAS-016,6,seasonal,39,15.44,False,7
SEAS-016,7,seasonal,110,15.44,False,7
SEAS-016,8,seasonal,107,12.81,True,7
SEAS-016,9,seasonal,213,12.81,True,7
SEAS-016,10,seasonal,173,12.81,True,7
SEAS-016,11,seasonal,26,15.44,False,7
SEAS-016,12,seasonal,45,15.44,False,7
SEAS-016,13,seasonal,61,15.44,False,7
SEAS-016,14,seasonal,44,15.44,False,7
SEAS-016,15,seasonal,34,15.44,False,7
SEAS-016,16,seasonal,63,15.44,False,7
SEAS-016,17,seasonal,13,15.44,False,7
SEAS-016,18,seasonal,22,15.44,False,7
SEAS-016,19,seasonal,25,15.44,False,7
SEAS-016,20,seasonal,26,15.44,False,7
SEAS-016,21,seasonal,24,15.44,False,7
SEAS-016,22,seasonal,20,15.44,False,7
SEAS-016,23,seasonal,59,12.81,True,7
SEAS-016,24,seasonal,32,15.44,False,7
SEAS-016,25,seasonal,16,15.44,False,7
SEAS-016,26,seasonal,27,15.44,False,7
SEAS-016,27,seasonal,23,15.44,False,7
SEAS-016,28,seasonal,55,12.81,True,7
SEAS-016,29,seasonal,19,15.44,False,7
SEAS-016,30,seasonal,27,15.44,False,7
SEAS-016,31,seasonal,22,15.44,False,7
SEAS-016,32,seasonal,12,15.44,False,7
SEAS-016,33,seasonal,31,15.44,False,7
SEAS-016,34,seasonal,20,15.44,False,7
SEAS-016,35,seasonal,91,12.81,True,7
SEAS-016,36,seasonal,13,15.44,False,7
SEAS-016,37,seasonal,97,12.81,True,7
SEAS-016,38,seasonal,123,12.81,True,7
SEAS-016,39,seasonal,29,15.44,False,7
SEAS-016,40,seasonal,33,15.44,False,7
SEAS-016,41,seasonal,104,12.81,True,7
SEAS-016,42,seasonal,39,15.44,False,7
SEAS-016,43,seasonal,50,15.44,False,7
SEAS-016,44,seasonal,79,15.44,False,7
SEAS-016,45,seasonal,63,15.44,False,7
SEAS-016,46,seasonal,39,15.44,False,7
SEAS-016,47,seasonal,80,15.44,False,7
SEAS-016,48,seasonal,54,15.44,False,7
SEAS-016,49,seasonal,70,15.44,False,7
SEAS-016,50,seasonal,61,15.44,False,7
SEAS-016,51,seasonal,90,15.44,False,7
SEAS-016,52,seasonal,44,15.44,False,7
SEAS-016,53,seasonal,71,15.44,False,7
SEAS-016,54,seasonal,45,15.44,False,7
SEAS-016,55,seasonal,86,15.44,False,7
SEAS-016,56,seasonal,58,15.44,False,7
SEAS-016,57,seasonal,107,15.44,False,7
SEAS-016,58,seasonal,57,15.44,False,7
SEAS-016,59,seasonal,57,15.44,False,7
SEAS-016,60,seasonal,66,15.44,False,7
SEAS-016,61,seasonal,54,15.44,False,7
SEAS-016,62,seasonal,119,12.81,True,7
SEAS-016,63,seasonal,129,12.81,True,7
SEAS-016,64,seasonal,31,15.44,False,7
SEAS-016,65,seasonal,50,15.44,False,7
SEAS-016,66,seasonal,43,15.44,False,7
SEAS-016,67,seasonal,67,15.44,False,7
SEAS-016,68,seasonal,44,15.44,False,7
SEAS-016,69,seasonal,39,15.44,False,7
SEAS-016,70,seasonal,90,12.81,True,7
SEAS-016,71,seasonal,13,15.44,False,7
SEAS-016,72,seasonal,23,15.44,False,7
SEAS-016,73,seasonal,28,15.44,False,7
SEAS-016,74,seasonal,19,15.44,False,7
SEAS-016,75,seasonal,23,15.44,False,7
SEAS-016,76,seasonal,41,15.44,False,7
SEAS-016,77,seasonal,30,15.44,False,7
SEAS-016,78,seasonal,13,15.44,False,7
SEAS-016,79,seasonal,57,15.44,False,7
SEAS-016,80,seasonal,66,12.81,True,7
SEAS-016,81,seasonal,43,15.44,False,7
SEAS-016,82,seasonal,6,15.44,False,7
SEAS-016,83,seasonal,26,15.44,False,7
SEAS-016,84,seasonal,27,15.44,False,7
SEAS-016,85,seasonal,63,12.81,True,7
SEAS-016,86,seasonal,24,15.44,False,7
SEAS-016,87,seasonal,30,15.44,False,7
SEAS-016,88,seasonal,45,15.44,False,7
SEAS-016,89,seasonal,41,15.44,False,7
SEAS-016,90,seasonal,25,15.44,False,7
SEAS-016,91,seasonal,50,15.44,False,7
SEAS-016,92,seasonal,104,12.81,True,7
SEAS-016,93,seasonal,56,15.44,False,7
SEAS-016,94,seasonal,167,12.81,True,7
SEAS-016,95,seasonal,48,15.44,False,7
SEAS-016,96,seasonal,52,15.44,False,7
SEAS-016,97,seasonal,44,15.44,False,7
SEAS-016,98,seasonal,29,15.44,False,7
SEAS-016,99,seasonal,63,15.44,False,7
SEAS-016,100,seasonal,110,15.44,False,7
SEAS-016,101,seasonal,59,15.44,False,7
SEAS-016,102,seasonal,101,15.44,False,7
SEAS-016,103,seasonal,49,15.44,False,7
SEAS-017,0,seasonal,27,18.04,False,8
SEAS-017,1,seasonal,55,15.29,True,8
SEAS-017,2,seasonal,34,18.04,False,8
SEAS-017,3,seasonal,32,18.04,False,8
SEAS-017,4,seasonal,38,18.04,False,8
SEAS-017,5,seasonal,33,18.04,False,8
SEAS-017,6,seasonal,20,18.04,False,8
SEAS-017,7,seasonal,26,18.04,False,8
SEAS-017,8,seasonal,35,18.04,False,8
SEAS-017,9,seasonal,35,18.04,False,8
SEAS-017,10,seasonal,31,18.04,False,8
SEAS-017,11,seasonal,44,18.04,False,8
SEAS-017,12,seasonal,38,18.04,False,8
SEAS-017,13,seasonal,44,18.04,False,8
SEAS-017,14,seasonal,44,18.04,False,8
SEAS-017,15,seasonal,22,18.04,False,8
SEAS-017,16,seasonal,22,18.04,False,8
SEAS-017,17,seasonal,13,18.04,False,8
SEAS-017,18,seasonal,25,18.04,False,8
SEAS-017,19,seasonal,29,18.04,False,8
SEAS-017,20,seasonal,26,18.04,False,8
SEAS-017,21,seasonal,19,18.04,False,8
SEAS-017,22,seasonal,23,18.04,False,8
SEAS-017,23,seasonal,71,15.29,True,8
SEAS-017,24,seasonal,12,18.04,False,8
SEAS-017,25,seasonal,24,18.04,False,8
SEAS-017,26,seasonal,16,18.04,False,8
SEAS-017,27,seasonal,17,18.04,False,8
SEAS-017,28,seasonal,11,18.04,False,8
SEAS-017,29,seasonal,17,18.04,False,8
SEAS-017,30,seasonal,3,18.04,False,8
SEAS-017,31,seasonal,7,18.04,False,8
SEAS-017,32,seasonal,13,18.04,False,8
SEAS-017,33,seasonal,9,18.04,False,8
SEAS-017,34,seasonal,31,15.29,True,8
SEAS-017,35,seasonal,7,18.04,False,8
SEAS-017,36,seasonal,6,18.04,False,8
SEAS-017,37,seasonal,7,18.04,False,8
SEAS-017,38,seasonal,10,18.04,False,8
SEAS-017,39,seasonal,16,18.04,False,8
SEAS-017,40,seasonal,16,18.04,False,8
SEAS-017,41,seasonal,15,18.04,False,8
SEAS-017,42,seasonal,10,18.04,False,8
SEAS-017,43,seasonal,13,18.04,False,8
SEAS-017,44,seasonal,8,18.04,False,8
SEAS-017,45,seasonal,21,18.04,False,8
SEAS-017,46,seasonal,19,18.04,False,8
SEAS-017,47,seasonal,21,18.04,False,8
SEAS-017,48,seasonal,9,18.04,False,8
SEAS-017,49,seasonal,34,18.04,False,8
SEAS-017,50,seasonal,27,18.04,False,8
SEAS-017,51,seasonal,20,18.04,False,8
SEAS-017,52,seasonal,21,18.04,False,8
SEAS-017,53,seasonal,20,18.04,False,8
SEAS-017,54,seasonal,32,18.04,False,8
SEAS-017,55,seasonal,35,18.04,False,8
SEAS-017,56,seasonal,29,18.04,False,8
SEAS-017,57,seasonal,40,18.04,False,8
SEAS-017,58,seasonal,40,18.04,False,8
SEAS-017,59,seasonal,31,18.04,False,8
SEAS-017,60,seasonal,24,18.04,False,8
SEAS-017,61,seasonal,57,18.04,False,8
SEAS-017,62,seasonal,28,18.04,False,8
SEAS-017,63,seasonal,30,18.04,False,8
SEAS-017,64,seasonal,36,18.04,False,8
SEAS-017,65,seasonal,31,18.04,False,8
SEAS-017,66,seasonal,28,18.04,False,8
SEAS-017,67,seasonal,18,18.04,False,8
SEAS-017,68,seasonal,49,18.04,False,8
SEAS-017,69,seasonal,26,18.04,False,8
SEAS-017,70,seasonal,30,18.04,False,8
SEAS-017,71,seasonal,27,18.04,False,8
SEAS-017,72,seasonal,18,18.04,False,8
SEAS-017,73,seasonal,50,15.29,True,8
SEAS-017,74,seasonal,23,18.04,False,8
SEAS-017,75,seasonal,36,15.29,True,8
SEAS-017,76,seasonal,22,18.04,False,8
SEAS-017,77,seasonal,27,18.04,False,8
SEAS-017,78,seasonal,26,15.29,True,8
SEAS-017,79,seasonal,11,18.04,False,8
SEAS-017,80,seasonal,10,18.04,False,8
SEAS-017,81,seasonal,10,18.04,False,8
SEAS-017,82,seasonal,9,18.04,False,8
SEAS-017,83,seasonal,12,18.04,False,8
SEAS-017,84,seasonal,11,18.04,False,8
SEAS-017,85,seasonal,11,18.04,False,8
SEAS-017,86,seasonal,10,18.04,False,8
SEAS-017,87,seasonal,7,18.04,False,8
SEAS-017,88,seasonal,14,18.04,False,8
SEAS-017,89,seasonal,13,18.04,False,8
SEAS-017,90,seasonal,9,18.04,False,8
SEAS-017,91,seasonal,12,18.04,False,8
SEAS-017,92,seasonal,20,18.04,False,8
SEAS-017,93,seasonal,8,18.04,False,8
SEAS-017,94,seasonal,9,18.04,False,8
SEAS-017,95,seasonal,11,18.04,False,8
SEAS-017,96,seasonal,16,18.04,False,8
SEAS-017,97,seasonal,72,15.29,True,8
SEAS-017,98,seasonal,41,15.29,True,8
SEAS-017,99,seasonal,24,18.04,False,8
SEAS-017,100,seasonal,15,18.04,False,8
SEAS-017,101,seasonal,16,18.04,False,8
SEAS-017,102,seasonal,41,15.29,True,8
SEAS-017,103,seasonal,30,18.04,False,8
SEAS-018,0,seasonal,27,27.31,False,9
SEAS-018,1,seasonal,33,27.31,False,9
SEAS-018,2,seasonal,38,27.31,False,9
SEAS-018,3,seasonal,15,27.31,False,9
SEAS-018,4,seasonal,24,27.31,False,9
SEAS-018,5,seasonal,14,27.31,False,9
SEAS-018,6,seasonal,23,27.31,False,9
SEAS-018,7,seasonal,22,27.31,False,9
SEAS-018,8,seasonal,25,27.31,False,9
SEAS-018,9,seasonal,40,22.16,True,9
SEAS-018,10,seasonal,24,27.31,False,9
SEAS-018,11,seasonal,24,27.31,False,9
SEAS-018,12,seasonal,62,22.16,True,9
SEAS-018,13,seasonal,22,27.31,False,9
SEAS-018,14,seasonal,26,27.31,False,9
SEAS-018,15,seasonal,12,27.31,False,9
SEAS-018,16,seasonal,32,27.31,False,9
SEAS-018,17,seasonal,26,27.31,False,9
SEAS-018,18,seasonal,24,27.31,False,9
SEAS-018,19,seasonal,33,27.31,False,9
SEAS-018,20,seasonal,24,27.31,False,9
SEAS-018,21,seasonal,38,27.31,False,9
SEAS-018,22,seasonal,36,27.31,False,9
SEAS-018,23,seasonal,71,22.16,True,9
SEAS-018,24,seasonal,46,27.31,False,9
SEAS-018,25,seasonal,45,27.31,False,9
SEAS-018,26,seasonal,102,22.16,True,9
SEAS-018,27,seasonal,65,27.31,False,9
SEAS-018,28,seasonal,63,27.31,False,9
SEAS-018,29,seasonal,54,27.31,False,9
SEAS-018,30,seasonal,69,27.31,False,9
SEAS-018,31,seasonal,63,27.31,False,9
SEAS-018,32,seasonal,61,27.31,False,9
SEAS-018,33,seasonal,53,27.31,False,9
SEAS-018,34,seasonal,50,27.31,False,9
SEAS-018,35,seasonal,110,22.16,True,9
SEAS-018,36,seasonal,91,27.31,False,9
SEAS-018,37,seasonal,74,27.31,False,9
SEAS-018,38,seasonal,54,27.31,False,9
SEAS-018,39,seasonal,82,27.31,False,9
SEAS-018,40,seasonal,41,27.31,False,9
SEAS-018,41,seasonal,30,27.31,False,9
SEAS-018,42,seasonal,113,22.16,True,9
SEAS-018,43,seasonal,47,27.31,False,9
SEAS-018,44,seasonal,29,27.31,False,9
SEAS-018,45,seasonal,23,27.31,False,9
SEAS-018,46,seasonal,90,22.16,True,9
SEAS-018,47,seasonal,29,27.31,False,9
SEAS-018,48,seasonal,57,27.31,False,9
SEAS-018,49,seasonal,24,27.31,False,9
SEAS-018,50,seasonal,35,27.31,False,9
SEAS-018,51,seasonal,31,27.31,False,9
SEAS-018,52,seasonal,26,27.31,False,9
SEAS-018,53,seasonal,20,27.31,False,9
SEAS-018,54,seasonal,20,27.31,False,9
SEAS-018,55,seasonal,24,27.31,False,9
SEAS-018,56,seasonal,19,27.31,False,9
SEAS-018,57,seasonal,23,27.31,False,9
SEAS-018,58,seasonal,23,27.31,False,9
SEAS-018,59,seasonal,14,27.31,False,9
SEAS-018,60,seasonal,32,27.31,False,9
SEAS-018,61,seasonal,20,27.31,False,9
SEAS-018,62,seasonal,79,22.16,True,9
SEAS-018,63,seasonal,19,27.31,False,9
SEAS-018,64,seasonal,18,27.31,False,9
SEAS-018,65,seasonal,12,27.31,False,9
SEAS-018,66,seasonal,36,27.31,False,9
SEAS-018,67,seasonal,20,27.31,False,9
SEAS-018,68,seasonal,17,27.31,False,9
SEAS-018,69,seasonal,36,27.31,False,9
SEAS-018,70,seasonal,20,27.31,False,9
SEAS-018,71,seasonal,32,27.31,False,9
SEAS-018,72,seasonal,91,22.16,True,9
SEAS-018,73,seasonal,34,27.31,False,9
SEAS-018,74,seasonal,37,27.31,False,9
SEAS-018,75,seasonal,33,27.31,False,9
SEAS-018,76,seasonal,141,22.16,True,9
SEAS-018,77,seasonal,50,27.31,False,9
SEAS-018,78,seasonal,49,27.31,False,9
SEAS-018,79,seasonal,53,27.31,False,9
SEAS-018,80,seasonal,53,27.31,False,9
SEAS-018,81,seasonal,62,27.31,False,9
SEAS-018,82,seasonal,59,27.31,False,9
SEAS-018,83,seasonal,66,27.31,False,9
SEAS-018,84,seasonal,32,27.31,False,9
SEAS-018,85,seasonal,208,22.16,True,9
SEAS-018,86,seasonal,57,27.31,False,9
SEAS-018,87,seasonal,68,27.31,False,9
SEAS-018,88,seasonal,59,27.31,False,9
SEAS-018,89,seasonal,36,27.31,False,9
SEAS-018,90,seasonal,126,22.16,True,9
SEAS-018,91,seasonal,66,27.31,False,9
SEAS-018,92,seasonal,62,27.31,False,9
SEAS-018,93,seasonal,69,27.31,False,9
SEAS-018,94,seasonal,36,27.31,False,9
SEAS-018,95,seasonal,161,22.16,True,9
SEAS-018,96,seasonal,33,27.31,False,9
SEAS-018,97,seasonal,40,27.31,False,9
SEAS-018,98,seasonal,59,27.31,False,9
SEAS-018,99,seasonal,48,27.31,False,9
SEAS-018,100,seasonal,123,22.16,True,9
SEAS-018,101,seasonal,53,27.31,False,9
SEAS-018,102,seasonal,32,27.31,False,9
SEAS-018,103,seasonal,23,27.31,False,9
SEAS-019,0,seasonal,63,41.94,False,9
SEAS-019,1,seasonal,70,41.94,False,9
SEAS-019,2,seasonal,30,41.94,False,9
SEAS-019,3,seasonal,77,41.94,False,9
SEAS-019,4,seasonal,161,35.6,True,9
SEAS-019,5,seasonal,26,41.94,False,9
SEAS-019,6,seasonal,65,41.94,False,9
SEAS-019,7,seasonal,52,41.94,False,9
SEAS-019,8,seasonal,55,41.94,False,9
SEAS-019,9,seasonal,70,41.94,False,9
SEAS-019,10,seasonal,171,35.6,True,9
SEAS-019,11,seasonal,162,35.6,True,9
SEAS-019,12,seasonal,109,41.94,False,9
SEAS-019,13,seasonal,102,41.94,False,9
SEAS-019,14,seasonal,91,41.94,False,9
SEAS-019,15,seasonal,136,41.94,False,9
SEAS-019,16,seasonal,70,41.94,False,9
SEAS-019,17,seasonal,60,41.94,False,9
SEAS-019,18,seasonal,37,41.94,False,9
SEAS-019,19,seasonal,111,41.94,False,9
SEAS-019,20,seasonal,156,35.6,True,9
SEAS-019,21,seasonal,42,41.94,False,9
SEAS-019,22,seasonal,62,41.94,False,9
SEAS-019,23,seasonal,50,41.94,False,9
SEAS-019,24,seasonal,25,41.94,False,9
SEAS-019,25,seasonal,46,41.94,False,9
SEAS-019,26,seasonal,24,41.94,False,9
SEAS-019,27,seasonal,45,41.94,False,9
SEAS-019,28,seasonal,40,41.94,False,9
SEAS-019,29,seasonal,51,41.94,False,9
SEAS-019,30,seasonal,38,41.94,False,9
SEAS-019,31,seasonal,18,41.94,False,9
SEAS-019,32,seasonal,38,41.94,False,9
SEAS-019,33,seasonal,22,41.94,False,9
SEAS-019,34,seasonal,19,41.94,False,9
SEAS-019,35,seasonal,35,41.94,False,9
SEAS-019,36,seasonal,11,41.94,False,9
SEAS-019,37,seasonal,28,41.94,False,9
SEAS-019,38,seasonal,31,41.94,False,9
SEAS-019,39,seasonal,20,41.94,False,9
SEAS-019,40,seasonal,31,41.94,False,9
SEAS-019,41,seasonal,39,41.94,False,9
SEAS-019,42,seasonal,42,41.94,False,9
SEAS-019,43,seasonal,23,41.94,False,9
SEAS-019,44,seasonal,39,41.94,False,9
SEAS-019,45,seasonal,17,41.94,False,9
SEAS-019,46,seasonal,21,41.94,False,9
SEAS-019,47,seasonal,60,41.94,False,9
SEAS-019,48,seasonal,33,41.94,False,9
SEAS-019,49,seasonal,41,41.94,False,9
SEAS-019,50,seasonal,54,41.94,False,9
SEAS-019,51,seasonal,46,41.94,False,9
SEAS-019,52,seasonal,57,41.94,False,9
SEAS-019,53,seasonal,55,41.94,False,9
SEAS-019,54,seasonal,59,41.94,False,9
SEAS-019,55,seasonal,64,41.94,False,9
SEAS-019,56,seasonal,57,41.94,False,9
SEAS-019,57,seasonal,36,41.94,False,9
SEAS-019,58,seasonal,127,41.94,False,9
SEAS-019,59,seasonal,83,41.94,False,9
SEAS-019,60,seasonal,101,41.94,False,9
SEAS-019,61,seasonal,111,41.94,False,9
SEAS-019,62,seasonal,84,41.94,False,9
SEAS-019,63,seasonal,74,41.94,False,9
SEAS-019,64,seasonal,39,41.94,False,9
SEAS-019,65,seasonal,77,41.94,False,9
SEAS-019,66,seasonal,52,41.94,False,9
SEAS-019,67,seasonal,82,41.94,False,9
SEAS-019,68,seasonal,60,41.94,False,9
SEAS-019,69,seasonal,55,41.94,False,9
SEAS-019,70,seasonal,80,41.94,False,9
SEAS-019,71,seasonal,105,41.94,False,9
SEAS-019,72,seasonal,191,35.6,True,9
SEAS-019,73,seasonal,69,41.94,False,9
SEAS-019,74,seasonal,58,41.94,False,9
SEAS-019,75,seasonal,28,41.94,False,9
SEAS-019,76,seasonal,50,41.94,False,9
SEAS-019,77,seasonal,74,41.94,False,9
SEAS-019,78,seasonal,37,41.94,False,9
SEAS-019,79,seasonal,32,41.94,False,9
SEAS-019,80,seasonal,46,41.94,False,9
SEAS-019,81,seasonal,22,41.94,False,9
SEAS-019,82,seasonal,106,35.6,True,9
SEAS-019,83,seasonal,36,41.94,False,9
SEAS-019,84,seasonal,31,41.94,False,9
SEAS-019,85,seasonal,35,41.94,False,9
SEAS-019,86,seasonal,34,41.94,False,9
SEAS-019,87,seasonal,21,41.94,False,9
SEAS-019,88,seasonal,21,41.94,False,9
SEAS-019,89,seasonal,31,41.94,False,9
SEAS-019,90,seasonal,25,41.94,False,9
SEAS-019,91,seasonal,11,41.94,False,9
SEAS-019,92,seasonal,25,41.94,False,9
SEAS-019,93,seasonal,22,41.94,False,9
SEAS-019,94,seasonal,35,41.94,False,9
SEAS-019,95,seasonal,24,41.94,False,9
SEAS-019,96,seasonal,40,41.94,False,9
SEAS-019,97,seasonal,32,41.94,False,9
SEAS-019,98,seasonal,34,41.94,False,9
SEAS-019,99,seasonal,38,41.94,False,9
SEAS-019,100,seasonal,19,41.94,False,9
SEAS-019,101,seasonal,68,41.94,False,9
SEAS-019,102,seasonal,48,41.94,False,9
SEAS-019,103,seasonal,61,41.94,False,9
SEAS-020,0,seasonal,75,43.94,False,5
SEAS-020,1,seasonal,60,43.94,False,5
SEAS-020,2,seasonal,72,43.94,False,5
SEAS-020,3,seasonal,69,43.94,False,5
SEAS-020,4,seasonal,117,43.94,False,5
SEAS-020,5,seasonal,85,43.94,False,5
SEAS-020,6,seasonal,91,43.94,False,5
SEAS-020,7,seasonal,157,37.31,True,5
SEAS-020,8,seasonal,184,37.31,True,5
SEAS-020,9,seasonal,77,43.94,False,5
SEAS-020,10,seasonal,66,43.94,False,5
SEAS-020,11,seasonal,84,43.94,False,5
SEAS-020,12,seasonal,79,43.94,False,5
SEAS-020,13,seasonal,70,43.94,False,5
SEAS-020,14,seasonal,106,43.94,False,5
SEAS-020,15,seasonal,72,43.94,False,5
SEAS-020,16,seasonal,132,37.31,True,5
SEAS-020,17,seasonal,74,43.94,False,5
SEAS-020,18,seasonal,80,43.94,False,5
SEAS-020,19,seasonal,76,43.94,False,5
SEAS-020,20,seasonal,84,43.94,False,5
SEAS-020,21,seasonal,34,43.94,False,5
SEAS-020,22,seasonal,88,37.31,True,5
SEAS-020,23,seasonal,97,37.31,True,5
SEAS-020,24,seasonal,49,43.94,False,5
SEAS-020,25,seasonal,30,43.94,False,5
SEAS-020,26,seasonal,51,43.94,False,5
SEAS-020,27,seasonal,49,37.31,True,5
SEAS-020,28,seasonal,24,43.94,False,5
SEAS-020,29,seasonal,16,43.94,False,5
SEAS-020,30,seasonal,26,43.94,False,5
SEAS-020,31,seasonal,20,43.94,False,5
SEAS-020,32,seasonal,10,43.94,False,5
SEAS-020,33,seasonal,8,43.94,False,5
SEAS-020,34,seasonal,12,43.94,False,5
SEAS-020,35,seasonal,13,43.94,False,5
SEAS-020,36,seasonal,8,43.94,False,5
SEAS-020,37,seasonal,5,43.94,False,5
SEAS-020,38,seasonal,16,43.94,False,5
SEAS-020,39,seasonal,16,43.94,False,5
SEAS-020,40,seasonal,10,43.94,False,5
SEAS-020,41,seasonal,22,43.94,False,5
SEAS-020,42,seasonal,38,43.94,False,5
SEAS-020,43,seasonal,27,43.94,False,5
SEAS-020,44,seasonal,25,43.94,False,5
SEAS-020,45,seasonal,35,43.94,False,5
SEAS-020,46,seasonal,35,43.94,False,5
SEAS-020,47,seasonal,43,43.94,False,5
SEAS-020,48,seasonal,62,43.94,False,5
SEAS-020,49,seasonal,74,43.94,False,5
SEAS-020,50,seasonal,65,37.31,True,5
SEAS-020,51,seasonal,68,43.94,False,5
SEAS-020,52,seasonal,62,43.94,False,5
SEAS-020,53,seasonal,90,43.94,False,5
SEAS-020,54,seasonal,73,43.94,False,5
SEAS-020,55,seasonal,94,43.94,False,5
SEAS-020,56,seasonal,81,43.94,False,5
SEAS-020,57,seasonal,60,43.94,False,5
SEAS-020,58,seasonal,88,43.94,False,5
SEAS-020,59,seasonal,107,43.94,False,5
SEAS-020,60,seasonal,99,43.94,False,5
SEAS-020,61,seasonal,92,43.94,False,5
SEAS-020,62,seasonal,112,43.94,False,5
SEAS-020,63,seasonal,113,43.94,False,5
SEAS-020,64,seasonal,40,43.94,False,5
SEAS-020,65,seasonal,56,43.94,False,5
SEAS-020,66,seasonal,130,43.94,False,5
SEAS-020,67,seasonal,93,43.94,False,5
SEAS-020,68,seasonal,100,43.94,False,5
SEAS-020,69,seasonal,78,37.31,True,5
SEAS-020,70,seasonal,77,43.94,False,5
SEAS-020,71,seasonal,33,43.94,False,5
SEAS-020,72,seasonal,62,43.94,False,5
SEAS-020,73,seasonal,74,43.94,False,5
SEAS-020,74,seasonal,39,43.94,False,5
SEAS-020,75,seasonal,43,43.94,False,5
SEAS-020,76,seasonal,38,43.94,False,5
SEAS-020,77,seasonal,36,43.94,False,5
SEAS-020,78,seasonal,37,37.31,True,5
SEAS-020,79,seasonal,74,37.31,True,5
SEAS-020,80,seasonal,23,43.94,False,5
SEAS-020,81,seasonal,28,43.94,False,5
SEAS-020,82,seasonal,16,43.94,False,5
SEAS-020,83,seasonal,11,43.94,False,5
SEAS-020,84,seasonal,12,43.94,False,5
SEAS-020,85,seasonal,10,43.94,False,5
SEAS-020,86,seasonal,15,43.94,False,5
SEAS-020,87,seasonal,5,43.94,False,5
SEAS-020,88,seasonal,13,37.31,True,5
SEAS-020,89,seasonal,9,43.94,False,5
SEAS-020,90,seasonal,10,43.94,False,5
SEAS-020,91,seasonal,14,43.94,False,5
SEAS-020,92,seasonal,11,43.94,False,5
SEAS-020,93,seasonal,18,43.94,False,5
SEAS-020,94,seasonal,18,43.94,False,5
SEAS-020,95,seasonal,30,43.94,False,5
SEAS-020,96,seasonal,32,43.94,False,5
SEAS-020,97,seasonal,30,43.94,False,5
SEAS-020,98,seasonal,35,43.94,False,5
SEAS-020,99,seasonal,30,43.94,False,5
SEAS-020,100,seasonal,52,43.94,False,5
SEAS-020,101,seasonal,50,43.94,False,5
SEAS-020,102,seasonal,37,43.94,False,5
SEAS-020,103,seasonal,87,37.31,True,5
SEAS-021,0,seasonal,48,38.17,True,5
SEAS-021,1,seasonal,35,44.17,False,5
SEAS-021,2,seasonal,24,44.17,False,5
SEAS-021,3,seasonal,30,44.17,False,5
SEAS-021,4,seasonal,26,44.17,False,5
SEAS-021,5,seasonal,24,44.17,False,5
SEAS-021,6,seasonal,35,44.17,False,5
SEAS-021,7,seasonal,27,44.17,False,5
SEAS-021,8,seasonal,34,44.17,False,5
SEAS-021,9,seasonal,14,44.17,False,5
SEAS-021,10,seasonal,13,44.17,False,5
SEAS-021,11,seasonal,32,44.17,False,5
SEAS-021,12,seasonal,13,44.17,False,5
SEAS-021,13,seasonal,20,44.17,False,5
SEAS-021,14,seasonal,82,38.17,True,5
SEAS-021,15,seasonal,44,44.17,False,5
SEAS-021,16,seasonal,25,44.17,False,5
SEAS-021,17,seasonal,23,44.17,False,5
SEAS-021,18,seasonal,12,44.17,False,5
SEAS-021,19,seasonal,20,44.17,False,5
SEAS-021,20,seasonal,20,44.17,False,5
SEAS-021,21,seasonal,20,44.17,False,5
SEAS-021,22,seasonal,24,44.17,False,5
SEAS-021,23,seasonal,12,44.17,False,5
SEAS-021,24,seasonal,20,44.17,False,5
SEAS-021,25,seasonal,16,44.17,False,5
SEAS-021,26,seasonal,14,44.17,False,5
SEAS-021,27,seasonal,18,44.17,False,5
SEAS-021,28,seasonal,10,44.17,False,5
SEAS-021,29,seasonal,16,44.17,False,5
SEAS-021,30,seasonal,13,44.17,False,5
SEAS-021,31,seasonal,15,38.17,True,5
SEAS-021,32,seasonal,14,44.17,False,5
SEAS-021,33,seasonal,17,44.17,False,5
SEAS-021,34,seasonal,12,44.17,False,5
SEAS-021,35,seasonal,12,44.17,False,5
SEAS-021,36,seasonal,12,44.17,False,5
SEAS-021,37,seasonal,10,44.17,False,5
SEAS-021,38,seasonal,13,44.17,False,5
SEAS-021,39,seasonal,14,44.17,False,5
SEAS-021,40,seasonal,19,44.17,False,5
SEAS-021,41,seasonal,18,44.17,False,5
SEAS-021,42,seasonal,27,44.17,False,5
SEAS-021,43,seasonal,41,38.17,True,5
SEAS-021,44,seasonal,53,38.17,True,5
SEAS-021,45,seasonal,22,44.17,False,5
SEAS-021,46,seasonal,24,44.17,False,5
SEAS-021,47,seasonal,22,44.17,False,5
SEAS-021,48,seasonal,41,44.17,False,5
SEAS-021,49,seasonal,27,44.17,False,5
SEAS-021,50,seasonal,35,44.17,False,5
SEAS-021,51,seasonal,13,44.17,False,5
SEAS-021,52,seasonal,41,44.17,False,5
SEAS-021,53,seasonal,30,44.17,False,5
SEAS-021,54,seasonal,26,44.17,False,5
SEAS-021,55,seasonal,40,44.17,False,5
SEAS-021,56,seasonal,35,44.17,False,5
SEAS-021,57,seasonal,63,38.17,True,5
SEAS-021,58,seasonal,32,44.17,False,5
SEAS-021,59,seasonal,27,44.17,False,5
SEAS-021,60,seasonal,39,44.17,False,5
SEAS-021,61,seasonal,29,44.17,False,5
SEAS-021,62,seasonal,23,44.17,False,5
SEAS-021,63,seasonal,21,44.17,False,5
SEAS-021,64,seasonal,22,44.17,False,5
SEAS-021,65,seasonal,16,44.17,False,5
SEAS-021,66,seasonal,21,44.17,False,5
SEAS-021,67,seasonal,26,44.17,False,5
SEAS-021,68,seasonal,34,44.17,False,5
SEAS-021,69,seasonal,30,44.17,False,5
SEAS-021,70,seasonal,22,44.17,False,5
SEAS-021,71,seasonal,19,44.17,False,5
SEAS-021,72,seasonal,62,38.17,True,5
SEAS-021,73,seasonal,15,44.17,False,5
SEAS-021,74,seasonal,18,44.17,False,5
SEAS-021,75,seasonal,40,38.17,True,5
SEAS-021,76,seasonal,13,44.17,False,5
SEAS-021,77,seasonal,10,44.17,False,5
SEAS-021,78,seasonal,13,44.17,False,5
SEAS-021,79,seasonal,17,44.17,False,5
SEAS-021,80,seasonal,9,44.17,False,5
SEAS-021,81,seasonal,11,44.17,False,5
SEAS-021,82,seasonal,8,44.17,False,5
SEAS-021,83,seasonal,13,44.17,False,5
SEAS-021,84,seasonal,31,38.17,True,5
SEAS-021,85,seasonal,3,44.17,False,5
SEAS-021,86,seasonal,37,38.17,True,5
SEAS-021,87,seasonal,10,44.17,False,5
SEAS-021,88,seasonal,17,44.17,False,5
SEAS-021,89,seasonal,14,44.17,False,5
SEAS-021,90,seasonal,35,38.17,True,5
SEAS-021,91,seasonal,53,38.17,True,5
SEAS-021,92,seasonal,10,44.17,False,5
SEAS-021,93,seasonal,7,44.17,False,5
SEAS-021,94,seasonal,65,38.17,True,5
SEAS-021,95,seasonal,25,44.17,False,5
SEAS-021,96,seasonal,19,44.17,False,5
SEAS-021,97,seasonal,37,44.17,False,5
SEAS-021,98,seasonal,32,44.17,False,5
SEAS-021,99,seasonal,29,44.17,False,5
SEAS-021,100,seasonal,15,44.17,False,5
SEAS-021,101,seasonal,25,44.17,False,5
SEAS-021,102,seasonal,66,38.17,True,5
SEAS-021,103,seasonal,102,38.17,True,5
SEAS-022,0,seasonal,56,37.45,False,8
SEAS-022,1,seasonal,61,37.45,False,8
SEAS-022,2,seasonal,45,37.45,False,8
SEAS-022,3,seasonal,29,37.45,False,8
SEAS-022,4,seasonal,48,37.45,False,8
SEAS-022,5,seasonal,66,37.45,False,8
SEAS-022,6,seasonal,57,37.45,False,8
SEAS-022,7,seasonal,52,37.45,False,8
SEAS-022,8,seasonal,75,37.45,False,8
SEAS-022,9,seasonal,46,37.45,False,8
SEAS-022,10,seasonal,49,37.45,False,8
SEAS-022,11,seasonal,52,37.45,False,8
SEAS-022,12,seasonal,42,37.45,False,8
SEAS-022,13,seasonal,50,37.45,False,8
SEAS-022,14,seasonal,45,37.45,False,8
SEAS-022,15,seasonal,74,37.45,False,8
SEAS-022,16,seasonal,33,37.45,False,8
SEAS-022,17,seasonal,29,37.45,False,8
SEAS-022,18,seasonal,34,37.45,False,8
SEAS-022,19,seasonal,91,32.59,True,8
SEAS-022,20,seasonal,38,37.45,False,8
SEAS-022,21,seasonal,33,37.45,False,8
SEAS-022,22,seasonal,22,37.45,False,8
SEAS-022,23,seasonal,18,37.45,False,8
SEAS-022,24,seasonal,42,32.59,True,8
SEAS-022,25,seasonal,20,37.45,False,8
SEAS-022,26,seasonal,15,37.45,False,8
SEAS-022,27,seasonal,17,37.45,False,8
SEAS-022,28,seasonal,19,37.45,False,8
SEAS-022,29,seasonal,18,37.45,False,8
SEAS-022,30,seasonal,9,37.45,False,8
SEAS-022,31,seasonal,13,37.45,False,8
SEAS-022,32,seasonal,11,37.45,False,8
SEAS-022,33,seasonal,13,37.45,False,8
SEAS-022,34,seasonal,13,37.45,False,8
SEAS-022,35,seasonal,17,37.45,False,8
SEAS-022,36,seasonal,14,37.45,False,8
SEAS-022,37,seasonal,47,32.59,True,8
SEAS-022,38,seasonal,59,32.59,True,8
SEAS-022,39,seasonal,59,32.59,True,8
SEAS-022,40,seasonal,21,37.45,False,8
SEAS-022,41,seasonal,23,37.45,False,8
SEAS-022,42,seasonal,39,37.45,False,8
SEAS-022,43,seasonal,34,37.45,False,8
SEAS-022,44,seasonal,32,37.45,False,8
SEAS-022,45,seasonal,48,37.45,False,8
SEAS-022,46,seasonal,48,37.45,False,8
SEAS-022,47,seasonal,43,37.45,False,8
SEAS-022,48,seasonal,37,37.45,False,8
SEAS-022,49,seasonal,152,32.59,True,8
SEAS-022,50,seasonal,44,37.45,False,8
SEAS-022,51,seasonal,41,37.45,False,8
SEAS-022,52,seasonal,39,37.45,False,8
SEAS-022,53,seasonal,48,37.45,False,8
SEAS-022,54,seasonal,42,37.45,False,8
SEAS-022,55,seasonal,46,37.45,False,8
SEAS-022,56,seasonal,71,37.45,False,8
SEAS-022,57,seasonal,63,37.45,False,8
SEAS-022,58,seasonal,74,37.45,False,8
SEAS-022,59,seasonal,67,37.45,False,8
SEAS-022,60,seasonal,41,37.45,False,8
SEAS-022,61,seasonal,55,37.45,False,8
SEAS-022,62,seasonal,51,37.45,False,8
SEAS-022,63,seasonal,93,32.59,True,8
SEAS-022,64,seasonal,58,37.45,False,8
SEAS-022,65,seasonal,32,37.45,False,8
SEAS-022,66,seasonal,79,32.59,True,8
SEAS-022,67,seasonal,124,32.59,True,8
SEAS-022,68,seasonal,38,37.45,False,8
SEAS-022,69,seasonal,29,37.45,False,8
SEAS-022,70,seasonal,30,37.45,False,8
SEAS-022,71,seasonal,30,37.45,False,8
SEAS-022,72,seasonal,33,37.45,False,8
SEAS-022,73,seasonal,38,37.45,False,8
SEAS-022,74,seasonal,13,37.45,False,8
SEAS-022,75,seasonal,27,37.45,False,8
SEAS-022,76,seasonal,23,37.45,False,8
SEAS-022,77,seasonal,19,37.45,False,8
SEAS-022,78,seasonal,17,37.45,False,8
SEAS-022,79,seasonal,16,37.45,False,8
SEAS-022,80,seasonal,6,37.45,False,8
SEAS-022,81,seasonal,37,32.59,True,8
SEAS-022,82,seasonal,14,37.45,False,8
SEAS-022,83,seasonal,14,37.45,False,8
SEAS-022,84,seasonal,13,37.45,False,8
SEAS-022,85,seasonal,13,37.45,False,8
SEAS-022,86,seasonal,18,37.45,False,8
SEAS-022,87,seasonal,26,32.59,True,8
SEAS-022,88,seasonal,14,37.45,False,8
SEAS-022,89,seasonal,18,37.45,False,8
SEAS-022,90,seasonal,82,32.59,True,8
SEAS-022,91,seasonal,25,37.45,False,8
SEAS-022,92,seasonal,22,37.45,False,8
SEAS-022,93,seasonal,28,37.45,False,8
SEAS-022,94,seasonal,51,32.59,True,8
SEAS-022,95,seasonal,26,37.45,False,8
SEAS-022,96,seasonal,34,37.45,False,8
SEAS-022,97,seasonal,25,37.45,False,8
SEAS-022,98,seasonal,33,37.45,False,8
SEAS-022,99,seasonal,46,37.45,False,8
SEAS-022,100,seasonal,42,37.45,False,8
SEAS-022,101,seasonal,61,37.45,False,8
SEAS-022,102,seasonal,48,37.45,False,8
SEAS-022,103,seasonal,52,37.45,False,8
SEAS-023,0,seasonal,52,38.75,False,7
SEAS-023,1,seasonal,56,38.75,False,7
SEAS-023,2,seasonal,64,38.75,False,7
SEAS-023,3,seasonal,82,38.75,False,7
SEAS-023,4,seasonal,89,38.75,False,7
SEAS-023,5,seasonal,63,38.75,False,7
SEAS-023,6,seasonal,50,38.75,False,7
SEAS-023,7,seasonal,73,38.75,False,7
SEAS-023,8,seasonal,95,38.75,False,7
SEAS-023,9,seasonal,58,38.75,False,7
SEAS-023,10,seasonal,85,38.75,False,7
SEAS-023,11,seasonal,233,31.41,True,7
SEAS-023,12,seasonal,71,38.75,False,7
SEAS-023,13,seasonal,58,38.75,False,7
SEAS-023,14,seasonal,48,38.75,False,7
SEAS-023,15,seasonal,80,38.75,False,7
SEAS-023,16,seasonal,82,38.75,False,7
SEAS-023,17,seasonal,108,38.75,False,7
SEAS-023,18,seasonal,59,38.75,False,7
SEAS-023,19,seasonal,95,38.75,False,7
SEAS-023,20,seasonal,43,38.75,False,7
SEAS-023,21,seasonal,43,38.75,False,7
SEAS-023,22,seasonal,59,38.75,False,7
SEAS-023,23,seasonal,121,31.41,True,7
SEAS-023,24,seasonal,108,31.41,True,7
SEAS-023,25,seasonal,36,38.75,False,7
SEAS-023,26,seasonal,90,31.41,True,7
SEAS-023,27,seasonal,35,38.75,False,7
SEAS-023,28,seasonal,31,38.75,False,7
SEAS-023,29,seasonal,26,38.75,False,7
SEAS-023,30,seasonal,31,38.75,False,7
SEAS-023,31,seasonal,21,38.75,False,7
SEAS-023,32,seasonal,16,38.75,False,7
SEAS-023,33,seasonal,24,38.75,False,7
SEAS-023,34,seasonal,32,38.75,False,7
SEAS-023,35,seasonal,21,38.75,False,7
SEAS-023,36,seasonal,19,38.75,False,7
SEAS-023,37,seasonal,45,31.41,True,7
SEAS-023,38,seasonal,19,38.75,False,7
SEAS-023,39,seasonal,35,38.75,False,7
SEAS-023,40,seasonal,24,38.75,False,7
SEAS-023,41,seasonal,23,38.75,False,7
SEAS-023,42,seasonal,28,38.75,False,7
SEAS-023,43,seasonal,20,38.75,False,7
SEAS-023,44,seasonal,28,38.75,False,7
SEAS-023,45,seasonal,14,38.75,False,7
SEAS-023,46,seasonal,26,38.75,False,7
SEAS-023,47,seasonal,20,38.75,False,7
SEAS-023,48,seasonal,54,38.75,False,7
SEAS-023,49,seasonal,31,38.75,False,7
SEAS-023,50,seasonal,66,38.75,False,7
SEAS-023,51,seasonal,45,38.75,False,7
SEAS-023,52,seasonal,48,38.75,False,7
SEAS-023,53,seasonal,72,38.75,False,7
SEAS-023,54,seasonal,44,38.75,False,7
SEAS-023,55,seasonal,60,38.75,False,7
SEAS-023,56,seasonal,72,38.75,False,7
SEAS-023,57,seasonal,35,38.75,False,7
SEAS-023,58,seasonal,53,38.75,False,7
SEAS-023,59,seasonal,71,38.75,False,7
SEAS-023,60,seasonal,128,38.75,False,7
SEAS-023,61,seasonal,72,38.75,False,7
SEAS-023,62,seasonal,78,38.75,False,7
SEAS-023,63,seasonal,117,38.75,False,7
SEAS-023,64,seasonal,45,38.75,False,7
SEAS-023,65,seasonal,66,38.75,False,7
SEAS-023,66,seasonal,94,38.75,False,7
SEAS-023,67,seasonal,80,38.75,False,7
SEAS-023,68,seasonal,94,38.75,False,7
SEAS-023,69,seasonal,67,38.75,False,7
SEAS-023,70,seasonal,56,38.75,False,7
SEAS-023,71,seasonal,76,38.75,False,7
SEAS-023,72,seasonal,64,38.75,False,7
SEAS-023,73,seasonal,65,38.75,False,7
SEAS-023,74,seasonal,33,38.75,False,7
SEAS-023,75,seasonal,69,38.75,False,7
SEAS-023,76,seasonal,70,38.75,False,7
SEAS-023,77,seasonal,51,38.75,False,7
SEAS-023,78,seasonal,39,38.75,False,7
SEAS-023,79,seasonal,32,38.75,False,7
SEAS-023,80,seasonal,23,38.75,False,7
SEAS-023,81,seasonal,38,38.75,False,7
SEAS-023,82,seasonal,26,38.75,False,7
SEAS-023,83,seasonal,27,38.75,False,7
SEAS-023,84,seasonal,30,38.75,False,7
SEAS-023,85,seasonal,21,38.75,False,7
SEAS-023,86,seasonal,21,38.75,False,7
SEAS-023,87,seasonal,12,38.75,False,7
SEAS-023,88,seasonal,15,38.75,False,7
SEAS-023,89,seasonal,14,38.75,False,7
SEAS-023,90,seasonal,22,38.75,False,7
SEAS-023,91,seasonal,25,38.75,False,7
SEAS-023,92,seasonal,15,38.75,False,7
SEAS-023,93,seasonal,20,38.75,False,7
SEAS-023,94,seasonal,26,38.75,False,7
SEAS-023,95,seasonal,82,31.41,True,7
SEAS-023,96,seasonal,25,38.75,False,7
SEAS-023,97,seasonal,25,38.75,False,7
SEAS-023,98,seasonal,32,38.75,False,7
SEAS-023,99,seasonal,40,38.75,False,7
SEAS-023,100,seasonal,41,38.75,False,7
SEAS-023,101,seasonal,39,38.75,False,7
SEAS-023,102,seasonal,38,38.75,False,7
SEAS-023,103,seasonal,28,38.75,False,7
SEAS-024,0,seasonal,31,43.61,False,7
SEAS-024,1,seasonal,66,43.61,False,7
SEAS-024,2,seasonal,44,43.61,False,7
SEAS-024,3,seasonal,85,43.61,False,7
SEAS-024,4,seasonal,90,38.72,True,7
SEAS-024,5,seasonal,52,43.61,False,7
SEAS-024,6,seasonal,61,43.61,False,7
SEAS-024,7,seasonal,36,43.61,False,7
SEAS-024,8,seasonal,72,43.61,False,7
SEAS-024,9,seasonal,107,38.72,True,7
SEAS-024,10,seasonal,37,43.61,False,7
SEAS-024,11,seasonal,56,43.61,False,7
SEAS-024,12,seasonal,36,43.61,False,7
SEAS-024,13,seasonal,23,43.61,False,7
SEAS-024,14,seasonal,47,38.72,True,7
SEAS-024,15,seasonal,40,43.61,False,7
SEAS-024,16,seasonal,29,43.61,False,7
SEAS-024,17,seasonal,21,43.61,False,7
SEAS-024,18,seasonal,28,43.61,False,7
SEAS-024,19,seasonal,27,43.61,False,7
SEAS-024,20,seasonal,36,43.61,False,7
SEAS-024,21,seasonal,19,43.61,False,7
SEAS-024,22,seasonal,15,43.61,False,7
SEAS-024,23,seasonal,20,43.61,False,7
SEAS-024,24,seasonal,17,43.61,False,7
SEAS-024,25,seasonal,18,43.61,False,7
SEAS-024,26,seasonal,20,43.61,False,7
SEAS-024,27,seasonal,24,43.61,False,7
SEAS-024,28,seasonal,15,43.61,False,7
SEAS-024,29,seasonal,27,43.61,False,7
SEAS-024,30,seasonal,14,43.61,False,7
SEAS-024,31,seasonal,36,43.61,False,7
SEAS-024,32,seasonal,26,43.61,False,7
SEAS-024,33,seasonal,21,43.61,False,7
SEAS-024,34,seasonal,19,43.61,False,7
SEAS-024,35,seasonal,13,43.61,False,7
SEAS-024,36,seasonal,21,43.61,False,7
SEAS-024,37,seasonal,39,43.61,False,7
SEAS-024,38,seasonal,17,43.61,False,7
SEAS-024,39,seasonal,66,38.72,True,7
SEAS-024,40,seasonal,23,43.61,False,7
SEAS-024,41,seasonal,37,43.61,False,7
SEAS-024,42,seasonal,37,43.61,False,7
SEAS-024,43,seasonal,60,43.61,False,7
SEAS-024,44,seasonal,78,38.72,True,7
SEAS-024,45,seasonal,46,43.61,False,7
SEAS-024,46,seasonal,38,43.61,False,7
SEAS-024,47,seasonal,76,43.61,False,7
SEAS-024,48,seasonal,69,43.61,False,7
SEAS-024,49,seasonal,42,43.61,False,7
SEAS-024,50,seasonal,60,43.61,False,7
SEAS-024,51,seasonal,40,43.61,False,7
SEAS-024,52,seasonal,40,43.61,False,7
SEAS-024,53,seasonal,45,43.61,False,7
SEAS-024,54,seasonal,79,43.61,False,7
SEAS-024,55,seasonal,60,43.61,False,7
SEAS-024,56,seasonal,46,43.61,False,7
SEAS-024,57,seasonal,62,43.61,False,7
SEAS-024,58,seasonal,56,43.61,False,7
SEAS-024,59,seasonal,54,43.61,False,7
SEAS-024,60,seasonal,49,43.61,False,7
SEAS-024,61,seasonal,31,43.61,False,7
SEAS-024,62,seasonal,32,43.61,False,7
SEAS-024,63,seasonal,38,43.61,False,7
SEAS-024,64,seasonal,69,43.61,False,7
SEAS-024,65,seasonal,42,43.61,False,7
SEAS-024,66,seasonal,21,43.61,False,7
SEAS-024,67,seasonal,21,43.61,False,7
SEAS-024,68,seasonal,33,43.61,False,7
SEAS-024,69,seasonal,23,43.61,False,7
SEAS-024,70,seasonal,34,43.61,False,7
SEAS-024,71,seasonal,43,43.61,False,7
SEAS-024,72,seasonal,10,43.61,False,7
SEAS-024,73,seasonal,15,43.61,False,7
SEAS-024,74,seasonal,50,38.72,True,7
SEAS-024,75,seasonal,19,43.61,False,7
SEAS-024,76,seasonal,20,43.61,False,7
SEAS-024,77,seasonal,14,43.61,False,7
SEAS-024,78,seasonal,20,43.61,False,7
SEAS-024,79,seasonal,13,38.72,True,7
SEAS-024,80,seasonal,17,43.61,False,7
SEAS-024,81,seasonal,13,43.61,False,7
SEAS-024,82,seasonal,12,43.61,False,7
SEAS-024,83,seasonal,21,43.61,False,7
SEAS-024,84,seasonal,25,43.61,False,7
SEAS-024,85,seasonal,36,43.61,False,7
SEAS-024,86,seasonal,24,43.61,False,7
SEAS-024,87,seasonal,28,38.72,True,7
SEAS-024,88,seasonal,26,43.61,False,7
SEAS-024,89,seasonal,50,38.72,True,7
SEAS-024,90,seasonal,30,43.61,False,7
SEAS-024,91,seasonal,34,43.61,False,7
SEAS-024,92,seasonal,36,43.61,False,7
SEAS-024,93,seasonal,28,43.61,False,7
SEAS-024,94,seasonal,64,43.61,False,7
SEAS-024,95,seasonal,67,38.72,True,7
SEAS-024,96,seasonal,49,43.61,False,7
SEAS-024,97,seasonal,39,43.61,False,7
SEAS-024,98,seasonal,56,43.61,False,7
SEAS-024,99,seasonal,74,43.61,False,7
SEAS-024,100,seasonal,56,43.61,False,7
SEAS-024,101,seasonal,114,43.61,False,7
SEAS-024,102,seasonal,38,43.61,False,7
SEAS-024,103,seasonal,64,43.61,False,7
SEAS-025,0,seasonal,18,23.4,False,6
SEAS-025,1,seasonal,73,20.86,True,6
SEAS-025,2,seasonal,16,23.4,False,6
SEAS-025,3,seasonal,15,23.4,False,6
SEAS-025,4,seasonal,14,23.4,False,6
SEAS-025,5,seasonal,13,23.4,False,6
SEAS-025,6,seasonal,51,20.86,True,6
SEAS-025,7,seasonal,14,23.4,False,6
SEAS-025,8,seasonal,10,23.4,False,6
SEAS-025,9,seasonal,20,23.4,False,6
SEAS-025,10,seasonal,15,23.4,False,6
SEAS-025,11,seasonal,11,23.4,False,6
SEAS-025,12,seasonal,14,23.4,False,6
SEAS-025,13,seasonal,15,23.4,False,6
SEAS-025,14,seasonal,22,23.4,False,6
SEAS-025,15,seasonal,23,23.4,False,6
SEAS-025,16,seasonal,15,23.4,False,6
SEAS-025,17,seasonal,55,20.86,True,6
SEAS-025,18,seasonal,21,23.4,False,6
SEAS-025,19,seasonal,21,23.4,False,6
SEAS-025,20,seasonal,77,20.86,True,6
SEAS-025,21,seasonal,43,23.4,False,6
SEAS-025,22,seasonal,38,23.4,False,6
SEAS-025,23,seasonal,29,23.4,False,6
SEAS-025,24,seasonal,24,23.4,False,6
SEAS-025,25,seasonal,50,20.86,True,6
SEAS-025,26,seasonal,26,23.4,False,6
SEAS-025,27,seasonal,16,23.4,False,6
SEAS-025,28,seasonal,41,23.4,False,6
SEAS-025,29,seasonal,29,23.4,False,6
SEAS-025,30,seasonal,44,23.4,False,6
SEAS-025,31,seasonal,31,23.4,False,6
SEAS-025,32,seasonal,18,23.4,False,6
SEAS-025,33,seasonal,27,23.4,False,6
SEAS-025,34,seasonal,30,23.4,False,6
SEAS-025,35,seasonal,45,23.4,False,6
SEAS-025,36,seasonal,39,23.4,False,6
SEAS-025,37,seasonal,34,23.4,False,6
SEAS-025,38,seasonal,107,20.86,True,6
SEAS-025,39,seasonal,30,23.4,False,6
SEAS-025,40,seasonal,34,23.4,False,6
SEAS-025,41,seasonal,40,23.4,False,6
SEAS-025,42,seasonal,38,23.4,False,6
SEAS-025,43,seasonal,30,23.4,False,6
SEAS-025,44,seasonal,35,23.4,False,6
SEAS-025,45,seasonal,27,23.4,False,6
SEAS-025,46,seasonal,64,20.86,True,6
SEAS-025,47,seasonal,19,23.4,False,6
SEAS-025,48,seasonal,25,23.4,False,6
SEAS-025,49,seasonal,25,23.4,False,6
SEAS-025,50,seasonal,25,23.4,False,6
SEAS-025,51,seasonal,20,23.4,False,6
SEAS-025,52,seasonal,18,23.4,False,6
SEAS-025,53,seasonal,18,23.4,False,6
SEAS-025,54,seasonal,21,23.4,False,6
SEAS-025,55,seasonal,13,23.4,False,6
SEAS-025,56,seasonal,8,23.4,False,6
SEAS-025,57,seasonal,16,23.4,False,6
SEAS-025,58,seasonal,25,20.86,True,6
SEAS-025,59,seasonal,18,23.4,False,6
SEAS-025,60,seasonal,15,23.4,False,6
SEAS-025,61,seasonal,51,20.86,True,6
SEAS-025,62,seasonal,15,23.4,False,6
SEAS-025,63,seasonal,27,23.4,False,6
SEAS-025,64,seasonal,17,23.4,False,6
SEAS-025,65,seasonal,23,20.86,True,6
SEAS-025,66,seasonal,26,23.4,False,6
SEAS-025,67,seasonal,17,23.4,False,6
SEAS-025,68,seasonal,19,23.4,False,6
SEAS-025,69,seasonal,18,23.4,False,6
SEAS-025,70,seasonal,30,23.4,False,6
SEAS-025,71,seasonal,22,23.4,False,6
SEAS-025,72,seasonal,24,23.4,False,6
SEAS-025,73,seasonal,98,20.86,True,6
SEAS-025,74,seasonal,25,23.4,False,6
SEAS-025,75,seasonal,32,23.4,False,6
SEAS-025,76,seasonal,83,20.86,True,6
SEAS-025,77,seasonal,33,23.4,False,6
SEAS-025,78,seasonal,33,23.4,False,6
SEAS-025,79,seasonal,30,23.4,False,6
SEAS-025,80,seasonal,22,23.4,False,6
SEAS-025,81,seasonal,33,23.4,False,6
SEAS-025,82,seasonal,18,23.4,False,6
SEAS-025,83,seasonal,160,20.86,True,6
SEAS-025,84,seasonal,40,23.4,False,6
SEAS-025,85,seasonal,37,23.4,False,6
SEAS-025,86,seasonal,36,23.4,False,6
SEAS-025,87,seasonal,45,23.4,False,6
SEAS-025,88,seasonal,32,23.4,False,6
SEAS-025,89,seasonal,60,23.4,False,6
SEAS-025,90,seasonal,25,23.4,False,6
SEAS-025,91,seasonal,51,23.4,False,6
SEAS-025,92,seasonal,32,23.4,False,6
SEAS-025,93,seasonal,40,23.4,False,6
SEAS-025,94,seasonal,22,23.4,False,6
SEAS-025,95,seasonal,23,23.4,False,6
SEAS-025,96,seasonal,25,23.4,False,6
SEAS-025,97,seasonal,30,23.4,False,6
SEAS-025,98,seasonal,37,23.4,False,6
SEAS-025,99,seasonal,29,23.4,False,6
SEAS-025,100,seasonal,36,23.4,False,6
SEAS-025,101,seasonal,20,23.4,False,6
SEAS-025,102,seasonal,29,23.4,False,6
SEAS-025,103,seasonal,15,23.4,False,6
SEAS-026,0,seasonal,36,40.01,False,8
SEAS-026,1,seasonal,83,35.18,True,8
SEAS-026,2,seasonal,32,40.01,False,8
SEAS-026,3,seasonal,102,35.18,True,8
SEAS-026,4,seasonal,34,40.01,False,8
SEAS-026,5,seasonal,18,40.01,False,8
SEAS-026,6,seasonal,33,40.01,False,8
SEAS-026,7,seasonal,12,40.01,False,8
SEAS-026,8,seasonal,21,40.01,False,8
SEAS-026,9,seasonal,31,40.01,False,8
SEAS-026,10,seasonal,20,40.01,False,8
SEAS-026,11,seasonal,17,40.01,False,8
SEAS-026,12,seasonal,23,40.01,False,8
SEAS-026,13,seasonal,20,40.01,False,8
SEAS-026,14,seasonal,22,40.01,False,8
SEAS-026,15,seasonal,22,40.01,False,8
SEAS-026,16,seasonal,29,35.18,True,8
SEAS-026,17,seasonal,11,40.01,False,8
SEAS-026,18,seasonal,10,40.01,False,8
SEAS-026,19,seasonal,20,40.01,False,8
SEAS-026,20,seasonal,43,35.18,True,8
SEAS-026,21,seasonal,18,40.01,False,8
SEAS-026,22,seasonal,12,40.01,False,8
SEAS-026,23,seasonal,28,40.01,False,8
SEAS-026,24,seasonal,11,40.01,False,8
SEAS-026,25,seasonal,43,40.01,False,8
SEAS-026,26,seasonal,25,40.01,False,8
SEAS-026,27,seasonal,44,35.18,True,8
SEAS-026,28,seasonal,64,35.18,True,8
SEAS-026,29,seasonal,31,40.01,False,8
SEAS-026,30,seasonal,44,40.01,False,8
SEAS-026,31,seasonal,33,40.01,False,8
SEAS-026,32,seasonal,45,40.01,False,8
SEAS-026,33,seasonal,40,40.01,False,8
SEAS-026,34,seasonal,40,40.01,False,8
SEAS-026,35,seasonal,52,40.01,False,8
SEAS-026,36,seasonal,104,35.18,True,8
SEAS-026,37,seasonal,47,40.01,False,8
SEAS-026,38,seasonal,31,40.01,False,8
SEAS-026,39,seasonal,122,35.18,True,8
SEAS-026,40,seasonal,81,40.01,False,8
SEAS-026,41,seasonal,107,35.18,True,8
SEAS-026,42,seasonal,46,40.01,False,8
SEAS-026,43,seasonal,36,40.01,False,8
SEAS-026,44,seasonal,44,40.01,False,8
SEAS-026,45,seasonal,30,40.01,False,8
SEAS-026,46,seasonal,83,40.01,False,8
SEAS-026,47,seasonal,59,40.01,False,8
SEAS-026,48,seasonal,79,40.01,False,8
SEAS-026,49,seasonal,19,40.01,False,8
SEAS-026,50,seasonal,60,40.01,False,8
SEAS-026,51,seasonal,35,40.01,False,8
SEAS-026,52,seasonal,44,40.01,False,8
SEAS-026,53,seasonal,29,40.01,False,8
SEAS-026,54,seasonal,40,40.01,False,8
SEAS-026,55,seasonal,18,40.01,False,8
SEAS-026,56,seasonal,25,40.01,False,8
SEAS-026,57,seasonal,25,40.01,False,8
SEAS-026,58,seasonal,27,40.01,False,8
SEAS-026,59,seasonal,21,40.01,False,8
SEAS-026,60,seasonal,15,40.01,False,8
SEAS-026,61,seasonal,19,40.01,False,8
SEAS-026,62,seasonal,16,40.01,False,8
SEAS-026,63,seasonal,12,40.01,False,8
SEAS-026,64,seasonal,53,35.18,True,8
SEAS-026,65,seasonal,40,35.18,True,8
SEAS-026,66,seasonal,24,40.01,False,8
SEAS-026,67,seasonal,24,40.01,False,8
SEAS-026,68,seasonal,24,40.01,False,8
SEAS-026,69,seasonal,29,40.01,False,8
SEAS-026,70,seasonal,17,40.01,False,8
SEAS-026,71,seasonal,17,40.01,False,8
SEAS-026,72,seasonal,13,40.01,False,8
SEAS-026,73,seasonal,24,40.01,False,8
SEAS-026,74,seasonal,27,40.01,False,8
SEAS-026,75,seasonal,18,40.01,False,8
SEAS-026,76,seasonal,23,40.01,False,8
SEAS-026,77,seasonal,25,40.01,False,8
SEAS-026,78,seasonal,67,35.18,True,8
SEAS-026,79,seasonal,36,40.01,False,8
SEAS-026,80,seasonal,23,40.01,False,8
SEAS-026,81,seasonal,20,40.01,False,8
SEAS-026,82,seasonal,57,40.01,False,8
SEAS-026,83,seasonal,120,35.18,True,8
SEAS-026,84,seasonal,30,40.01,False,8
SEAS-026,85,seasonal,89,40.01,False,8
SEAS-026,86,seasonal,30,40.01,False,8
SEAS-026,87,seasonal,78,40.01,False,8
SEAS-026,88,seasonal,37,40.01,False,8
SEAS-026,89,seasonal,57,40.01,False,8
SEAS-026,90,seasonal,60,40.01,False,8
SEAS-026,91,seasonal,47,40.01,False,8
SEAS-026,92,seasonal,49,40.01,False,8
SEAS-026,93,seasonal,137,35.18,True,8
SEAS-026,94,seasonal,37,40.01,False,8
SEAS-026,95,seasonal,58,40.01,False,8
SEAS-026,96,seasonal,67,40.01,False,8
SEAS-026,97,seasonal,26,40.01,False,8
SEAS-026,98,seasonal,60,40.01,False,8
SEAS-026,99,seasonal,75,40.01,False,8
SEAS-026,100,seasonal,37,40.01,False,8
SEAS-026,101,seasonal,46,40.01,False,8
SEAS-026,102,seasonal,77,40.01,False,8
SEAS-026,103,seasonal,52,40.01,False,8
SEAS-027,0,seasonal,42,22.04,False,9
SEAS-027,1,seasonal,29,22.04,False,9
SEAS-027,2,seasonal,26,22.04,False,9
SEAS-027,3,seasonal,59,17.67,True,9
SEAS-027,4,seasonal,52,22.04,False,9
SEAS-027,5,seasonal,26,22.04,False,9
SEAS-027,6,seasonal,25,22.04,False,9
SEAS-027,7,seasonal,26,22.04,False,9
SEAS-027,8,seasonal,25,22.04,False,9
SEAS-027,9,seasonal,42,22.04,False,9
SEAS-027,10,seasonal,27,22.04,False,9
SEAS-027,11,seasonal,29,22.04,False,9
SEAS-027,12,seasonal,16,22.04,False,9
SEAS-027,13,seasonal,18,22.04,False,9
SEAS-027,14,seasonal,18,22.04,False,9
SEAS-027,15,seasonal,17,22.04,False,9
SEAS-027,16,seasonal,14,22.04,False,9
SEAS-027,17,seasonal,11,22.04,False,9
SEAS-027,18,seasonal,8,22.04,False,9
SEAS-027,19,seasonal,12,22.04,False,9
SEAS-027,20,seasonal,17,22.04,False,9
SEAS-027,21,seasonal,14,22.04,False,9
SEAS-027,22,seasonal,12,22.04,False,9
SEAS-027,23,seasonal,12,22.04,False,9
SEAS-027,24,seasonal,8,22.04,False,9
SEAS-027,25,seasonal,17,17.67,True,9
SEAS-027,26,seasonal,9,22.04,False,9
SEAS-027,27,seasonal,20,17.67,True,9
SEAS-027,28,seasonal,10,22.04,False,9
SEAS-027,29,seasonal,16,22.04,False,9
SEAS-027,30,seasonal,24,17.67,True,9
SEAS-027,31,seasonal,15,22.04,False,9
SEAS-027,32,seasonal,12,22.04,False,9
SEAS-027,33,seasonal,8,22.04,False,9
SEAS-027,34,seasonal,11,22.04,False,9
SEAS-027,35,seasonal,17,22.04,False,9
SEAS-027,36,seasonal,19,22.04,False,9
SEAS-027,37,seasonal,24,22.04,False,9
SEAS-027,38,seasonal,14,22.04,False,9
SEAS-027,39,seasonal,21,22.04,False,9
SEAS-027,40,seasonal,19,22.04,False,9
SEAS-027,41,seasonal,27,22.04,False,9
SEAS-027,42,seasonal,40,17.67,True,9
SEAS-027,43,seasonal,24,22.04,False,9
SEAS-027,44,seasonal,21,22.04,False,9
SEAS-027,45,seasonal,25,22.04,False,9
SEAS-027,46,seasonal,29,22.04,False,9
SEAS-027,47,seasonal,27,22.04,False,9
SEAS-027,48,seasonal,43,22.04,False,9
SEAS-027,49,seasonal,46,22.04,False,9
SEAS-027,50,seasonal,31,22.04,False,9
SEAS-027,51,seasonal,42,22.04,False,9
SEAS-027,52,seasonal,28,22.04,False,9
SEAS-027,53,seasonal,59,17.67,True,9
SEAS-027,54,seasonal,69,17.67,True,9
SEAS-027,55,seasonal,25,22.04,False,9
SEAS-027,56,seasonal,8,22.04,False,9
SEAS-027,57,seasonal,27,22.04,False,9
SEAS-027,58,seasonal,21,22.04,False,9
SEAS-027,59,seasonal,33,22.04,False,9
SEAS-027,60,seasonal,59,17.67,True,9
SEAS-027,61,seasonal,44,17.67,True,9
SEAS-027,62,seasonal,34,22.04,False,9
SEAS-027,63,seasonal,28,22.04,False,9
SEAS-027,64,seasonal,12,22.04,False,9
SEAS-027,65,seasonal,19,22.04,False,9
SEAS-027,66,seasonal,9,22.04,False,9
SEAS-027,67,seasonal,31,22.04,False,9
SEAS-027,68,seasonal,17,22.04,False,9
SEAS-027,69,seasonal,48,17.67,True,9
SEAS-027,70,seasonal,18,22.04,False,9
SEAS-027,71,seasonal,28,17.67,True,9
SEAS-027,72,seasonal,11,22.04,False,9
SEAS-027,73,seasonal,10,22.04,False,9
SEAS-027,74,seasonal,15,17.67,True,9
SEAS-027,75,seasonal,10,22.04,False,9
SEAS-027,76,seasonal,22,17.67,True,9
SEAS-027,77,seasonal,13,22.04,False,9
SEAS-027,78,seasonal,8,22.04,False,9
SEAS-027,79,seasonal,38,17.67,True,9
SEAS-027,80,seasonal,12,22.04,False,9
SEAS-027,81,seasonal,13,22.04,False,9
SEAS-027,82,seasonal,15,22.04,False,9
SEAS-027,83,seasonal,12,22.04,False,9
SEAS-027,84,seasonal,14,22.04,False,9
SEAS-027,85,seasonal,11,22.04,False,9
SEAS-027,86,seasonal,12,22.04,False,9
SEAS-027,87,seasonal,36,17.67,True,9
SEAS-027,88,seasonal,18,22.04,False,9
SEAS-027,89,seasonal,21,22.04,False,9
SEAS-027,90,seasonal,17,22.04,False,9
SEAS-027,91,seasonal,35,22.04,False,9
SEAS-027,92,seasonal,21,22.04,False,9
SEAS-027,93,seasonal,20,22.04,False,9
SEAS-027,94,seasonal,52,17.67,True,9
SEAS-027,95,seasonal,25,22.04,False,9
SEAS-027,96,seasonal,18,22.04,False,9
SEAS-027,97,seasonal,27,22.04,False,9
SEAS-027,98,seasonal,30,22.04,False,9
SEAS-027,99,seasonal,17,22.04,False,9
SEAS-027,100,seasonal,30,22.04,False,9
SEAS-027,101,seasonal,13,22.04,False,9
SEAS-027,102,seasonal,31,22.04,False,9
SEAS-027,103,seasonal,50,22.04,False,9
SEAS-028,0,seasonal,39,18.22,False,9
SEAS-028,1,seasonal,35,18.22,False,9
SEAS-028,2,seasonal,53,18.22,False,9
SEAS-028,3,seasonal,42,18.22,False,9
SEAS-028,4,seasonal,48,18.22,False,9
SEAS-028,5,seasonal,55,18.22,False,9
SEAS-028,6,seasonal,58,18.22,False,9
SEAS-028,7,seasonal,51,18.22,False,9
SEAS-028,8,seasonal,46,18.22,False,9
SEAS-028,9,seasonal,44,18.22,False,9
SEAS-028,10,seasonal,38,18.22,False,9
SEAS-028,11,seasonal,61,18.22,False,9
SEAS-028,12,seasonal,89,18.22,False,9
SEAS-028,13,seasonal,90,18.22,False,9
SEAS-028,14,seasonal,44,18.22,False,9
SEAS-028,15,seasonal,62,18.22,False,9
SEAS-028,16,seasonal,75,18.22,False,9
SEAS-028,17,seasonal,38,18.22,False,9
SEAS-028,18,seasonal,185,15.14,True,9
SEAS-028,19,seasonal,64,18.22,False,9
SEAS-028,20,seasonal,57,18.22,False,9
SEAS-028,21,seasonal,47,18.22,False,9
SEAS-028,22,seasonal,118,15.14,True,9
SEAS-028,23,seasonal,62,18.22,False,9
SEAS-028,24,seasonal,139,15.14,True,9
SEAS-028,25,seasonal,53,18.22,False,9
SEAS-028,26,seasonal,54,18.22,False,9
SEAS-028,27,seasonal,26,18.22,False,9
SEAS-028,28,seasonal,35,18.22,False,9
SEAS-028,29,seasonal,36,18.22,False,9
SEAS-028,30,seasonal,20,18.22,False,9
SEAS-028,31,seasonal,24,18.22,False,9
SEAS-028,32,seasonal,18,18.22,False,9
SEAS-028,33,seasonal,17,18.22,False,9
SEAS-028,34,seasonal,12,18.22,False,9
SEAS-028,35,seasonal,11,18.22,False,9
SEAS-028,36,seasonal,19,18.22,False,9
SEAS-028,37,seasonal,15,18.22,False,9
SEAS-028,38,seasonal,10,18.22,False,9
SEAS-028,39,seasonal,14,18.22,False,9
SEAS-028,40,seasonal,9,18.22,False,9
SEAS-028,41,seasonal,12,18.22,False,9
SEAS-028,42,seasonal,12,18.22,False,9
SEAS-028,43,seasonal,18,18.22,False,9
SEAS-028,44,seasonal,16,18.22,False,9
SEAS-028,45,seasonal,18,18.22,False,9
SEAS-028,46,seasonal,20,18.22,False,9
SEAS-028,47,seasonal,22,18.22,False,9
SEAS-028,48,seasonal,21,18.22,False,9
SEAS-028,49,seasonal,21,18.22,False,9
SEAS-028,50,seasonal,36,18.22,False,9
SEAS-028,51,seasonal,28,18.22,False,9
SEAS-028,52,seasonal,40,18.22,False,9
SEAS-028,53,seasonal,86,15.14,True,9
SEAS-028,54,seasonal,32,18.22,False,9
SEAS-028,55,seasonal,42,18.22,False,9
SEAS-028,56,seasonal,64,18.22,False,9
SEAS-028,57,seasonal,49,18.22,False,9
SEAS-028,58,seasonal,61,18.22,False,9
SEAS-028,59,seasonal,56,18.22,False,9
SEAS-028,60,seasonal,56,18.22,False,9
SEAS-028,61,seasonal,69,18.22,False,9
SEAS-028,62,seasonal,84,18.22,False,9
SEAS-028,63,seasonal,46,18.22,False,9
SEAS-028,64,seasonal,66,18.22,False,9
SEAS-028,65,seasonal,60,18.22,False,9
SEAS-028,66,seasonal,79,18.22,False,9
SEAS-028,67,seasonal,45,18.22,False,9
SEAS-028,68,seasonal,52,18.22,False,9
SEAS-028,69,seasonal,54,18.22,False,9
SEAS-028,70,seasonal,48,18.22,False,9
SEAS-028,71,seasonal,64,18.22,False,9
SEAS-028,72,seasonal,53,18.22,False,9
SEAS-028,73,seasonal,65,18.22,False,9
SEAS-028,74,seasonal,58,18.22,False,9
SEAS-028,75,seasonal,37,18.22,False,9
SEAS-028,76,seasonal,34,18.22,False,9
SEAS-028,77,seasonal,119,15.14,True,9
SEAS-028,78,seasonal,28,18.22,False,9
SEAS-028,79,seasonal,30,18.22,False,9
SEAS-028,80,seasonal,88,15.14,True,9
SEAS-028,81,seasonal,24,18.22,False,9
SEAS-028,82,seasonal,21,18.22,False,9
SEAS-028,83,seasonal,24,18.22,False,9
SEAS-028,84,seasonal,55,15.14,True,9
SEAS-028,85,seasonal,17,18.22,False,9
SEAS-028,86,seasonal,22,18.22,False,9
SEAS-028,87,seasonal,13,18.22,False,9
SEAS-028,88,seasonal,16,18.22,False,9
SEAS-028,89,seasonal,10,18.22,False,9
SEAS-028,90,seasonal,5,18.22,False,9
SEAS-028,91,seasonal,12,18.22,False,9
SEAS-028,92,seasonal,8,18.22,False,9
SEAS-028,93,seasonal,8,18.22,False,9
SEAS-028,94,seasonal,13,18.22,False,9
SEAS-028,95,seasonal,15,18.22,False,9
SEAS-028,96,seasonal,17,18.22,False,9
SEAS-028,97,seasonal,15,18.22,False,9
SEAS-028,98,seasonal,17,18.22,False,9
SEAS-028,99,seasonal,21,18.22,False,9
SEAS-028,100,seasonal,27,18.22,False,9
SEAS-028,101,seasonal,43,18.22,False,9
SEAS-028,102,seasonal,31,18.22,False,9
SEAS-028,103,seasonal,30,18.22,False,9
SEAS-029,0,seasonal,80,15.45,True,6
SEAS-029,1,seasonal,38,17.83,False,6
SEAS-029,2,seasonal,35,17.83,False,6
SEAS-029,3,seasonal,25,17.83,False,6
SEAS-029,4,seasonal,47,17.83,False,6
SEAS-029,5,seasonal,37,17.83,False,6
SEAS-029,6,seasonal,32,17.83,False,6
SEAS-029,7,seasonal,20,17.83,False,6
SEAS-029,8,seasonal,23,17.83,False,6
SEAS-029,9,seasonal,15,17.83,False,6
SEAS-029,10,seasonal,14,17.83,False,6
SEAS-029,11,seasonal,32,15.45,True,6
SEAS-029,12,seasonal,18,17.83,False,6
SEAS-029,13,seasonal,45,15.45,True,6
SEAS-029,14,seasonal,17,17.83,False,6
SEAS-029,15,seasonal,18,17.83,False,6
SEAS-029,16,seasonal,16,17.83,False,6
SEAS-029,17,seasonal,24,17.83,False,6
SEAS-029,18,seasonal,26,17.83,False,6
SEAS-029,19,seasonal,26,17.83,False,6
SEAS-029,20,seasonal,34,17.83,False,6
SEAS-029,21,seasonal,31,17.83,False,6
SEAS-029,22,seasonal,24,17.83,False,6
SEAS-029,23,seasonal,32,17.83,False,6
SEAS-029,24,seasonal,38,17.83,False,6
SEAS-029,25,seasonal,29,17.83,False,6
SEAS-029,26,seasonal,51,17.83,False,6
SEAS-029,27,seasonal,26,17.83,False,6
SEAS-029,28,seasonal,42,17.83,False,6
SEAS-029,29,seasonal,52,17.83,False,6
SEAS-029,30,seasonal,38,17.83,False,6
SEAS-029,31,seasonal,55,17.83,False,6
SEAS-029,32,seasonal,57,17.83,False,6
SEAS-029,33,seasonal,55,17.83,False,6
SEAS-029,34,seasonal,63,17.83,False,6
SEAS-029,35,seasonal,86,17.83,False,6
SEAS-029,36,seasonal,50,17.83,False,6
SEAS-029,37,seasonal,65,17.83,False,6
SEAS-029,38,seasonal,61,17.83,False,6
SEAS-029,39,seasonal,81,17.83,False,6
SEAS-029,40,seasonal,74,17.83,False,6
SEAS-029,41,seasonal,47,17.83,False,6
SEAS-029,42,seasonal,99,17.83,False,6
SEAS-029,43,seasonal,53,17.83,False,6
SEAS-029,44,seasonal,55,17.83,False,6
SEAS-029,45,seasonal,59,17.83,False,6
SEAS-029,46,seasonal,194,15.45,True,6
SEAS-029,47,seasonal,61,17.83,False,6
SEAS-029,48,seasonal,76,17.83,False,6
SEAS-029,49,seasonal,60,17.83,False,6
SEAS-029,50,seasonal,38,17.83,False,6
SEAS-029,51,seasonal,38,17.83,False,6
SEAS-029,52,seasonal,45,17.83,False,6
SEAS-029,53,seasonal,27,17.83,False,6
SEAS-029,54,seasonal,39,17.83,False,6
SEAS-029,55,seasonal,31,17.83,False,6
SEAS-029,56,seasonal,59,15.45,True,6
SEAS-029,57,seasonal,23,17.83,False,6
SEAS-029,58,seasonal,19,17.83,False,6
SEAS-029,59,seasonal,25,17.83,False,6
SEAS-029,60,seasonal,76,15.45,True,6
SEAS-029,61,seasonal,12,17.83,False,6
SEAS-029,62,seasonal,19,17.83,False,6
SEAS-029,63,seasonal,22,17.83,False,6
SEAS-029,64,seasonal,36,15.45,True,6
SEAS-029,65,seasonal,20,17.83,False,6
SEAS-029,66,seasonal,14,17.83,False,6
SEAS-029,67,seasonal,22,17.83,False,6
SEAS-029,68,seasonal,22,17.83,False,6
SEAS-029,69,seasonal,19,17.83,False,6
SEAS-029,70,seasonal,27,17.83,False,6
SEAS-029,71,seasonal,21,17.83,False,6
SEAS-029,72,seasonal,92,15.45,True,6
SEAS-029,73,seasonal,78,15.45,True,6
SEAS-029,74,seasonal,25,17.83,False,6
SEAS-029,75,seasonal,40,17.83,False,6
SEAS-029,76,seasonal,29,17.83,False,6
SEAS-029,77,seasonal,31,17.83,False,6
SEAS-029,78,seasonal,35,17.83,False,6
SEAS-029,79,seasonal,42,17.83,False,6
SEAS-029,80,seasonal,36,17.83,False,6
SEAS-029,81,seasonal,80,17.83,False,6
SEAS-029,82,seasonal,60,17.83,False,6
SEAS-029,83,seasonal,64,17.83,False,6
SEAS-029,84,seasonal,58,17.83,False,6
SEAS-029,85,seasonal,166,15.45,True,6
SEAS-029,86,seasonal,143,15.45,True,6
SEAS-029,87,seasonal,53,17.83,False,6
SEAS-029,88,seasonal,40,17.83,False,6
SEAS-029,89,seasonal,50,17.83,False,6
SEAS-029,90,seasonal,58,17.83,False,6
SEAS-029,91,seasonal,194,15.45,True,6
SEAS-029,92,seasonal,77,17.83,False,6
SEAS-029,93,seasonal,78,17.83,False,6
SEAS-029,94,seasonal,41,17.83,False,6
SEAS-029,95,seasonal,69,17.83,False,6
SEAS-029,96,seasonal,151,15.45,True,6
SEAS-029,97,seasonal,43,17.83,False,6
SEAS-029,98,seasonal,158,15.45,True,6
SEAS-029,99,seasonal,106,15.45,True,6
SEAS-029,100,seasonal,52,17.83,False,6
SEAS-029,101,seasonal,42,17.83,False,6
SEAS-029,102,seasonal,46,17.83,False,6
SEAS-029,103,seasonal,44,17.83,False,6
SEAS-030,0,seasonal,10,43.85,False,5
SEAS-030,1,seasonal,14,43.85,False,5
SEAS-030,2,seasonal,14,43.85,False,5
SEAS-030,3,seasonal,13,43.85,False,5
SEAS-030,4,seasonal,8,43.85,False,5
SEAS-030,5,seasonal,16,43.85,False,5
SEAS-030,6,seasonal,10,43.85,False,5
SEAS-030,7,seasonal,27,43.85,False,5
SEAS-030,8,seasonal,35,38.86,True,5
SEAS-030,9,seasonal,33,43.85,False,5
SEAS-030,10,seasonal,15,43.85,False,5
SEAS-030,11,seasonal,11,43.85,False,5
SEAS-030,12,seasonal,101,38.86,True,5
SEAS-030,13,seasonal,21,43.85,False,5
SEAS-030,14,seasonal,107,38.86,True,5
SEAS-030,15,seasonal,32,43.85,False,5
SEAS-030,16,seasonal,18,43.85,False,5
SEAS-030,17,seasonal,42,43.85,False,5
SEAS-030,18,seasonal,11,43.85,False,5
SEAS-030,19,seasonal,63,43.85,False,5
SEAS-030,20,seasonal,42,43.85,False,5
SEAS-030,21,seasonal,116,38.86,True,5
SEAS-030,22,seasonal,49,43.85,False,5
SEAS-030,23,seasonal,19,43.85,False,5
SEAS-030,24,seasonal,51,43.85,False,5
SEAS-030,25,seasonal,30,43.85,False,5
SEAS-030,26,seasonal,91,43.85,False,5
SEAS-030,27,seasonal,54,43.85,False,5
SEAS-030,28,seasonal,29,43.85,False,5
SEAS-030,29,seasonal,101,38.86,True,5
SEAS-030,30,seasonal,48,43.85,False,5
SEAS-030,31,seasonal,30,43.85,False,5
SEAS-030,32,seasonal,141,38.86,True,5
SEAS-030,33,seasonal,48,43.85,False,5
SEAS-030,34,seasonal,30,43.85,False,5
SEAS-030,35,seasonal,31,43.85,False,5
SEAS-030,36,seasonal,20,43.85,False,5
SEAS-030,37,seasonal,34,43.85,False,5
SEAS-030,38,seasonal,32,43.85,False,5
SEAS-030,39,seasonal,26,43.85,False,5
SEAS-030,40,seasonal,21,43.85,False,5
SEAS-030,41,seasonal,24,43.85,False,5
SEAS-030,42,seasonal,14,43.85,False,5
SEAS-030,43,seasonal,14,43.85,False,5
SEAS-030,44,seasonal,7,43.85,False,5
SEAS-030,45,seasonal,15,43.85,False,5
SEAS-030,46,seasonal,6,43.85,False,5
SEAS-030,47,seasonal,7,43.85,False,5
SEAS-030,48,seasonal,9,43.85,False,5
SEAS-030,49,seasonal,32,38.86,True,5
SEAS-030,50,seasonal,8,43.85,False,5
SEAS-030,51,seasonal,10,43.85,False,5
SEAS-030,52,seasonal,9,43.85,False,5
SEAS-030,53,seasonal,7,43.85,False,5
SEAS-030,54,seasonal,13,43.85,False,5
SEAS-030,55,seasonal,19,43.85,False,5
SEAS-030,56,seasonal,18,38.86,True,5
SEAS-030,57,seasonal,11,43.85,False,5
SEAS-030,58,seasonal,7,43.85,False,5
SEAS-030,59,seasonal,12,43.85,False,5
SEAS-030,60,seasonal,8,43.85,False,5
SEAS-030,61,seasonal,26,43.85,False,5
SEAS-030,62,seasonal,12,43.85,False,5
SEAS-030,63,seasonal,13,43.85,False,5
SEAS-030,64,seasonal,21,43.85,False,5
SEAS-030,65,seasonal,39,43.85,False,5
SEAS-030,66,seasonal,10,43.85,False,5
SEAS-030,67,seasonal,27,43.85,False,5
SEAS-030,68,seasonal,24,43.85,False,5
SEAS-030,69,seasonal,32,43.85,False,5
SEAS-030,70,seasonal,21,43.85,False,5
SEAS-030,71,seasonal,41,43.85,False,5
SEAS-030,72,seasonal,73,43.85,False,5
SEAS-030,73,seasonal,28,43.85,False,5
SEAS-030,74,seasonal,44,43.85,False,5
SEAS-030,75,seasonal,44,43.85,False,5
SEAS-030,76,seasonal,35,43.85,False,5
SEAS-030,77,seasonal,37,43.85,False,5
SEAS-030,78,seasonal,38,43.85,False,5
SEAS-030,79,seasonal,40,43.85,False,5
SEAS-030,80,seasonal,55,43.85,False,5
SEAS-030,81,seasonal,53,43.85,False,5
SEAS-030,82,seasonal,29,43.85,False,5
SEAS-030,83,seasonal,56,43.85,False,5
SEAS-030,84,seasonal,66,43.85,False,5
SEAS-030,85,seasonal,45,43.85,False,5
SEAS-030,86,seasonal,33,43.85,False,5
SEAS-030,87,seasonal,33,43.85,False,5
SEAS-030,88,seasonal,32,43.85,False,5
SEAS-030,89,seasonal,42,38.86,True,5
SEAS-030,90,seasonal,14,43.85,False,5
SEAS-030,91,seasonal,30,43.85,False,5
SEAS-030,92,seasonal,28,43.85,False,5
SEAS-030,93,seasonal,93,38.86,True,5
SEAS-030,94,seasonal,37,38.86,True,5
SEAS-030,95,seasonal,29,38.86,True,5
SEAS-030,96,seasonal,12,43.85,False,5
SEAS-030,97,seasonal,10,43.85,False,5
SEAS-030,98,seasonal,14,43.85,False,5
SEAS-030,99,seasonal,11,43.85,False,5
SEAS-030,100,seasonal,10,43.85,False,5
SEAS-030,101,seasonal,11,43.85,False,5
SEAS-030,102,seasonal,9,43.85,False,5
SEAS-030,103,seasonal,9,43.85,False,5
SEAS-031,0,seasonal,24,33.03,False,9
SEAS-031,1,seasonal,24,33.03,False,9
SEAS-031,2,seasonal,31,33.03,False,9
SEAS-031,3,seasonal,25,33.03,False,9
SEAS-031,4,seasonal,37,33.03,False,9
SEAS-031,5,seasonal,27,33.03,False,9
SEAS-031,6,seasonal,28,33.03,False,9
SEAS-031,7,seasonal,70,26.79,True,9
SEAS-031,8,seasonal,35,33.03,False,9
SEAS-031,9,seasonal,42,33.03,False,9
SEAS-031,10,seasonal,57,33.03,False,9
SEAS-031,11,seasonal,65,33.03,False,9
SEAS-031,12,seasonal,37,33.03,False,9
SEAS-031,13,seasonal,133,26.79,True,9
SEAS-031,14,seasonal,56,33.03,False,9
SEAS-031,15,seasonal,78,33.03,False,9
SEAS-031,16,seasonal,55,33.03,False,9
SEAS-031,17,seasonal,47,33.03,False,9
SEAS-031,18,seasonal,55,33.03,False,9
SEAS-031,19,seasonal,58,33.03,False,9
SEAS-031,20,seasonal,62,33.03,False,9
SEAS-031,21,seasonal,46,33.03,False,9
SEAS-031,22,seasonal,51,33.03,False,9
SEAS-031,23,seasonal,40,33.03,False,9
SEAS-031,24,seasonal,31,33.03,False,9
SEAS-031,25,seasonal,59,33.03,False,9
SEAS-031,26,seasonal,57,33.03,False,9
SEAS-031,27,seasonal,53,33.03,False,9
SEAS-031,28,seasonal,42,33.03,False,9
SEAS-031,29,seasonal,37,33.03,False,9
SEAS-031,30,seasonal,32,33.03,False,9
SEAS-031,31,seasonal,62,26.79,True,9
SEAS-031,32,seasonal,38,33.03,False,9
SEAS-031,33,seasonal,40,33.03,False,9
SEAS-031,34,seasonal,27,33.03,False,9
SEAS-031,35,seasonal,24,33.03,False,9
SEAS-031,36,seasonal,22,33.03,False,9
SEAS-031,37,seasonal,20,33.03,False,9
SEAS-031,38,seasonal,17,26.79,True,9
SEAS-031,39,seasonal,10,33.03,False,9
SEAS-031,40,seasonal,11,33.03,False,9
SEAS-031,41,seasonal,7,33.03,False,9
SEAS-031,42,seasonal,9,33.03,False,9
SEAS-031,43,seasonal,6,33.03,False,9
SEAS-031,44,seasonal,19,26.79,True,9
SEAS-031,45,seasonal,9,33.03,False,9
SEAS-031,46,seasonal,9,33.03,False,9
SEAS-031,47,seasonal,23,26.79,True,9
SEAS-031,48,seasonal,24,26.79,True,9
SEAS-031,49,seasonal,17,33.03,False,9
SEAS-031,50,seasonal,35,26.79,True,9
SEAS-031,51,seasonal,12,33.03,False,9
SEAS-031,52,seasonal,44,26.79,True,9
SEAS-031,53,seasonal,25,33.03,False,9
SEAS-031,54,seasonal,24,33.03,False,9
SEAS-031,55,seasonal,27,33.03,False,9
SEAS-031,56,seasonal,36,33.03,False,9
SEAS-031,57,seasonal,41,33.03,False,9
SEAS-031,58,seasonal,50,33.03,False,9
SEAS-031,59,seasonal,79,26.79,True,9
SEAS-031,60,seasonal,51,33.03,False,9
SEAS-031,61,seasonal,55,33.03,False,9
SEAS-031,62,seasonal,46,33.03,False,9
SEAS-031,63,seasonal,52,33.03,False,9
SEAS-031,64,seasonal,47,33.03,False,9
SEAS-031,65,seasonal,52,33.03,False,9
SEAS-031,66,seasonal,50,33.03,False,9
SEAS-031,67,seasonal,49,33.03,False,9
SEAS-031,68,seasonal,52,33.03,False,9
SEAS-031,69,seasonal,155,26.79,True,9
SEAS-031,70,seasonal,87,33.03,False,9
SEAS-031,71,seasonal,62,33.03,False,9
SEAS-031,72,seasonal,39,33.03,False,9
SEAS-031,73,seasonal,39,33.03,False,9
SEAS-031,74,seasonal,49,33.03,False,9
SEAS-031,75,seasonal,51,33.03,False,9
SEAS-031,76,seasonal,75,33.03,False,9
SEAS-031,77,seasonal,44,33.03,False,9
SEAS-031,78,seasonal,48,33.03,False,9
SEAS-031,79,seasonal,53,33.03,False,9
SEAS-031,80,seasonal,44,33.03,False,9
SEAS-031,81,seasonal,37,33.03,False,9
SEAS-031,82,seasonal,40,33.03,False,9
SEAS-031,83,seasonal,32,33.03,False,9
SEAS-031,84,seasonal,35,33.03,False,9
SEAS-031,85,seasonal,27,33.03,False,9
SEAS-031,86,seasonal,27,33.03,False,9
SEAS-031,87,seasonal,25,33.03,False,9
SEAS-031,88,seasonal,36,26.79,True,9
SEAS-031,89,seasonal,14,33.03,False,9
SEAS-031,90,seasonal,14,33.03,False,9
SEAS-031,91,seasonal,11,33.03,False,9
SEAS-031,92,seasonal,13,33.03,False,9
SEAS-031,93,seasonal,24,26.79,True,9
SEAS-031,94,seasonal,12,33.03,False,9
SEAS-031,95,seasonal,7,33.03,False,9
SEAS-031,96,seasonal,10,33.03,False,9
SEAS-031,97,seasonal,11,33.03,False,9
SEAS-031,98,seasonal,12,33.03,False,9
SEAS-031,99,seasonal,16,26.79,True,9
SEAS-031,100,seasonal,30,26.79,True,9
SEAS-031,101,seasonal,10,33.03,False,9
SEAS-031,102,seasonal,23,33.03,False,9
SEAS-031,103,seasonal,17,33.03,False,9
SEAS-032,0,seasonal,58,38.65,False,8
SEAS-032,1,seasonal,47,38.65,False,8
SEAS-032,2,seasonal,23,38.65,False,8
SEAS-032,3,seasonal,37,38.65,False,8
SEAS-032,4,seasonal,31,38.65,False,8
SEAS-032,5,seasonal,26,38.65,False,8
SEAS-032,6,seasonal,98,34.49,True,8
SEAS-032,7,seasonal,16,38.65,False,8
SEAS-032,8,seasonal,16,38.65,False,8
SEAS-032,9,seasonal,58,34.49,True,8
SEAS-032,10,seasonal,22,38.65,False,8
SEAS-032,11,seasonal,47,34.49,True,8
SEAS-032,12,seasonal,16,38.65,False,8
SEAS-032,13,seasonal,42,34.49,True,8
SEAS-032,14,seasonal,12,38.65,False,8
SEAS-032,15,seasonal,10,38.65,False,8
SEAS-032,16,seasonal,16,38.65,False,8
SEAS-032,17,seasonal,12,38.65,False,8
SEAS-032,18,seasonal,18,38.65,False,8
SEAS-032,19,seasonal,33,38.65,False,8
SEAS-032,20,seasonal,34,38.65,False,8
SEAS-032,21,seasonal,51,38.65,False,8
SEAS-032,22,seasonal,37,38.65,False,8
SEAS-032,23,seasonal,28,38.65,False,8
SEAS-032,24,seasonal,50,38.65,False,8
SEAS-032,25,seasonal,54,38.65,False,8
SEAS-032,26,seasonal,63,38.65,False,8
SEAS-032,27,seasonal,67,38.65,False,8
SEAS-032,28,seasonal,64,38.65,False,8
SEAS-032,29,seasonal,61,38.65,False,8
SEAS-032,30,seasonal,185,34.49,True,8
SEAS-032,31,seasonal,271,34.49,True,8
SEAS-032,32,seasonal,89,38.65,False,8
SEAS-032,33,seasonal,92,38.65,False,8
SEAS-032,34,seasonal,111,38.65,False,8
SEAS-032,35,seasonal,60,38.65,False,8
SEAS-032,36,seasonal,141,38.65,False,8
SEAS-032,37,seasonal,270,34.49,True,8
SEAS-032,38,seasonal,223,34.49,True,8
SEAS-032,39,seasonal,104,38.65,False,8
SEAS-032,40,seasonal,73,38.65,False,8
SEAS-032,41,seasonal,114,38.65,False,8
SEAS-032,42,seasonal,107,38.65,False,8
SEAS-032,43,seasonal,64,38.65,False,8
SEAS-032,44,seasonal,112,38.65,False,8
SEAS-032,45,seasonal,100,38.65,False,8
SEAS-032,46,seasonal,107,38.65,False,8
SEAS-032,47,seasonal,70,38.65,False,8
SEAS-032,48,seasonal,90,38.65,False,8
SEAS-032,49,seasonal,204,34.49,True,8
SEAS-032,50,seasonal,68,38.65,False,8
SEAS-032,51,seasonal,40,38.65,False,8
SEAS-032,52,seasonal,69,38.65,False,8
SEAS-032,53,seasonal,56,38.65,False,8
SEAS-032,54,seasonal,45,38.65,False,8
SEAS-032,55,seasonal,33,38.65,False,8
SEAS-032,56,seasonal,40,38.65,False,8
SEAS-032,57,seasonal,17,38.65,False,8
SEAS-032,58,seasonal,19,38.65,False,8
SEAS-032,59,seasonal,72,34.49,True,8
SEAS-032,60,seasonal,19,38.65,False,8
SEAS-032,61,seasonal,21,38.65,False,8
SEAS-032,62,seasonal,17,38.65,False,8
SEAS-032,63,seasonal,17,38.65,False,8
SEAS-032,64,seasonal,8,38.65,False,8
SEAS-032,65,seasonal,19,38.65,False,8
SEAS-032,66,seasonal,23,38.65,False,8
SEAS-032,67,seasonal,20,38.65,False,8
SEAS-032,68,seasonal,23,38.65,False,8
SEAS-032,69,seasonal,21,38.65,False,8
SEAS-032,70,seasonal,28,38.65,False,8
SEAS-032,71,seasonal,33,38.65,False,8
SEAS-032,72,seasonal,28,38.65,False,8
SEAS-032,73,seasonal,37,38.65,False,8
SEAS-032,74,seasonal,184,34.49,True,8
SEAS-032,75,seasonal,45,38.65,False,8
SEAS-032,76,seasonal,39,38.65,False,8
SEAS-032,77,seasonal,129,34.49,True,8
SEAS-032,78,seasonal,206,34.49,True,8
SEAS-032,79,seasonal,71,38.65,False,8
SEAS-032,80,seasonal,45,38.65,False,8
SEAS-032,81,seasonal,62,38.65,False,8
SEAS-032,82,seasonal,120,38.65,False,8
SEAS-032,83,seasonal,232,34.49,True,8
SEAS-032,84,seasonal,69,38.65,False,8
SEAS-032,85,seasonal,96,38.65,False,8
SEAS-032,86,seasonal,126,38.65,False,8
SEAS-032,87,seasonal,100,38.65,False,8
SEAS-032,88,seasonal,96,38.65,False,8
SEAS-032,89,seasonal,358,34.49,True,8
SEAS-032,90,seasonal,105,38.65,False,8
SEAS-032,91,seasonal,128,38.65,False,8
SEAS-032,92,seasonal,113,38.65,False,8
SEAS-032,93,seasonal,198,34.49,True,8
SEAS-032,94,seasonal,93,38.65,False,8
SEAS-032,95,seasonal,48,38.65,False,8
SEAS-032,96,seasonal,68,38.65,False,8
SEAS-032,97,seasonal,58,38.65,False,8
SEAS-032,98,seasonal,64,38.65,False,8
SEAS-032,99,seasonal,39,38.65,False,8
SEAS-032,100,seasonal,71,38.65,False,8
SEAS-032,101,seasonal,103,38.65,False,8
SEAS-032,102,seasonal,70,38.65,False,8
SEAS-032,103,seasonal,229,34.49,True,8
SEAS-033,0,seasonal,60,27.55,False,5
SEAS-033,1,seasonal,49,27.55,False,5
SEAS-033,2,seasonal,75,27.55,False,5
SEAS-033,3,seasonal,111,24.12,True,5
SEAS-033,4,seasonal,40,27.55,False,5
SEAS-033,5,seasonal,40,27.55,False,5
SEAS-033,6,seasonal,30,27.55,False,5
SEAS-033,7,seasonal,29,27.55,False,5
SEAS-033,8,seasonal,37,27.55,False,5
SEAS-033,9,seasonal,20,27.55,False,5
SEAS-033,10,seasonal,68,24.12,True,5
SEAS-033,11,seasonal,33,27.55,False,5
SEAS-033,12,seasonal,34,27.55,False,5
SEAS-033,13,seasonal,26,27.55,False,5
SEAS-033,14,seasonal,26,27.55,False,5
SEAS-033,15,seasonal,20,27.55,False,5
SEAS-033,16,seasonal,27,27.55,False,5
SEAS-033,17,seasonal,12,27.55,False,5
SEAS-033,18,seasonal,25,27.55,False,5
SEAS-033,19,seasonal,24,27.55,False,5
SEAS-033,20,seasonal,28,27.55,False,5
SEAS-033,21,seasonal,19,27.55,False,5
SEAS-033,22,seasonal,27,27.55,False,5
SEAS-033,23,seasonal,16,27.55,False,5
SEAS-033,24,seasonal,27,27.55,False,5
SEAS-033,25,seasonal,23,27.55,False,5
SEAS-033,26,seasonal,27,27.55,False,5
SEAS-033,27,seasonal,19,27.55,False,5
SEAS-033,28,seasonal,16,27.55,False,5
SEAS-033,29,seasonal,37,27.55,False,5
SEAS-033,30,seasonal,50,27.55,False,5
SEAS-033,31,seasonal,39,27.55,False,5
SEAS-033,32,seasonal,22,27.55,False,5
SEAS-033,33,seasonal,58,27.55,False,5
SEAS-033,34,seasonal,37,27.55,False,5
SEAS-033,35,seasonal,47,27.55,False,5
SEAS-033,36,seasonal,65,27.55,False,5
SEAS-033,37,seasonal,31,27.55,False,5
SEAS-033,38,seasonal,46,27.55,False,5
SEAS-033,39,seasonal,58,27.55,False,5
SEAS-033,40,seasonal,68,24.12,True,5
SEAS-033,41,seasonal,31,27.55,False,5
SEAS-033,42,seasonal,58,27.55,False,5
SEAS-033,43,seasonal,48,27.55,False,5
SEAS-033,44,seasonal,159,24.12,True,5
SEAS-033,45,seasonal,56,24.12,True,5
SEAS-033,46,seasonal,57,27.55,False,5
SEAS-033,47,seasonal,53,27.55,False,5
SEAS-033,48,seasonal,86,27.55,False,5
SEAS-033,49,seasonal,64,27.55,False,5
SEAS-033,50,seasonal,78,27.55,False,5
SEAS-033,51,seasonal,50,27.55,False,5
SEAS-033,52,seasonal,31,27.55,False,5
SEAS-033,53,seasonal,45,27.55,False,5
SEAS-033,54,seasonal,107,27.55,False,5
SEAS-033,55,seasonal,18,27.55,False,5
SEAS-033,56,seasonal,139,24.12,True,5
SEAS-033,57,seasonal,44,27.55,False,5
SEAS-033,58,seasonal,88,24.12,True,5
SEAS-033,59,seasonal,30,27.55,False,5
SEAS-033,60,seasonal,27,27.55,False,5
SEAS-033,61,seasonal,35,27.55,False,5
SEAS-033,62,seasonal,27,27.55,False,5
SEAS-033,63,seasonal,56,27.55,False,5
SEAS-033,64,seasonal,31,27.55,False,5
SEAS-033,65,seasonal,39,27.55,False,5
SEAS-033,66,seasonal,29,27.55,False,5
SEAS-033,67,seasonal,69,24.12,True,5
SEAS-033,68,seasonal,20,27.55,False,5
SEAS-033,69,seasonal,11,27.55,False,5
SEAS-033,70,seasonal,34,24.12,True,5
SEAS-033,71,seasonal,21,27.55,False,5
SEAS-033,72,seasonal,23,27.55,False,5
SEAS-033,73,seasonal,41,24.12,True,5
SEAS-033,74,seasonal,18,27.55,False,5
SEAS-033,75,seasonal,27,27.55,False,5
SEAS-033,76,seasonal,56,24.12,True,5
SEAS-033,77,seasonal,28,27.55,False,5
SEAS-033,78,seasonal,13,27.55,False,5
SEAS-033,79,seasonal,25,27.55,False,5
SEAS-033,80,seasonal,16,27.55,False,5
SEAS-033,81,seasonal,46,24.12,True,5
SEAS-033,82,seasonal,16,27.55,False,5
SEAS-033,83,seasonal,22,27.55,False,5
SEAS-033,84,seasonal,31,24.12,True,5
SEAS-033,85,seasonal,46,27.55,False,5
SEAS-033,86,seasonal,15,27.55,False,5
SEAS-033,87,seasonal,46,27.55,False,5
SEAS-033,88,seasonal,33,27.55,False,5
SEAS-033,89,seasonal,39,27.55,False,5
SEAS-033,90,seasonal,56,27.55,False,5
SEAS-033,91,seasonal,57,27.55,False,5
SEAS-033,92,seasonal,72,27.55,False,5
SEAS-033,93,seasonal,29,27.55,False,5
SEAS-033,94,seasonal,46,27.55,False,5
SEAS-033,95,seasonal,58,27.55,False,5
SEAS-033,96,seasonal,71,27.55,False,5
SEAS-033,97,seasonal,34,27.55,False,5
SEAS-033,98,seasonal,50,27.55,False,5
SEAS-033,99,seasonal,38,27.55,False,5
SEAS-033,100,seasonal,26,27.55,False,5
SEAS-033,101,seasonal,44,27.55,False,5
SEAS-033,102,seasonal,86,27.55,False,5
SEAS-033,103,seasonal,38,27.55,False,5
SEAS-034,0,seasonal,38,18.37,False,6
SEAS-034,1,seasonal,39,18.37,False,6
SEAS-034,2,seasonal,57,18.37,False,6
SEAS-034,3,seasonal,47,16.19,True,6
SEAS-034,4,seasonal,28,18.37,False,6
SEAS-034,5,seasonal,16,18.37,False,6
SEAS-034,6,seasonal,32,16.19,True,6
SEAS-034,7,seasonal,24,18.37,False,6
SEAS-034,8,seasonal,23,18.37,False,6
SEAS-034,9,seasonal,25,18.37,False,6
SEAS-034,10,seasonal,13,18.37,False,6
SEAS-034,11,seasonal,14,18.37,False,6
SEAS-034,12,seasonal,9,18.37,False,6
SEAS-034,13,seasonal,16,18.37,False,6
SEAS-034,14,seasonal,42,16.19,True,6
SEAS-034,15,seasonal,9,18.37,False,6
SEAS-034,16,seasonal,25,18.37,False,6
SEAS-034,17,seasonal,14,18.37,False,6
SEAS-034,18,seasonal,17,18.37,False,6
SEAS-034,19,seasonal,23,18.37,False,6
SEAS-034,20,seasonal,27,18.37,False,6
SEAS-034,21,seasonal,19,18.37,False,6
SEAS-034,22,seasonal,15,18.37,False,6
SEAS-034,23,seasonal,14,18.37,False,6
SEAS-034,24,seasonal,23,18.37,False,6
SEAS-034,25,seasonal,40,18.37,False,6
SEAS-034,26,seasonal,28,18.37,False,6
SEAS-034,27,seasonal,37,18.37,False,6
SEAS-034,28,seasonal,27,18.37,False,6
SEAS-034,29,seasonal,20,18.37,False,6
SEAS-034,30,seasonal,28,18.37,False,6
SEAS-034,31,seasonal,59,18.37,False,6
SEAS-034,32,seasonal,57,18.37,False,6
SEAS-034,33,seasonal,39,18.37,False,6
SEAS-034,34,seasonal,59,18.37,False,6
SEAS-034,35,seasonal,153,16.19,True,6
SEAS-034,36,seasonal,39,18.37,False,6
SEAS-034,37,seasonal,52,18.37,False,6
SEAS-034,38,seasonal,39,18.37,False,6
SEAS-034,39,seasonal,80,18.37,False,6
SEAS-034,40,seasonal,44,18.37,False,6
SEAS-034,41,seasonal,65,18.37,False,6
SEAS-034,42,seasonal,74,18.37,False,6
SEAS-034,43,seasonal,138,16.19,True,6
SEAS-034,44,seasonal,59,18.37,False,6
SEAS-034,45,seasonal,115,16.19,True,6
SEAS-034,46,seasonal,65,18.37,False,6
SEAS-034,47,seasonal,40,18.37,False,6
SEAS-034,48,seasonal,46,18.37,False,6
SEAS-034,49,seasonal,45,18.37,False,6
SEAS-034,50,seasonal,58,18.37,False,6
SEAS-034,51,seasonal,60,18.37,False,6
SEAS-034,52,seasonal,69,16.19,True,6
SEAS-034,53,seasonal,33,18.37,False,6
SEAS-034,54,seasonal,44,18.37,False,6
SEAS-034,55,seasonal,34,18.37,False,6
SEAS-034,56,seasonal,26,18.37,False,6
SEAS-034,57,seasonal,18,18.37,False,6
SEAS-034,58,seasonal,55,16.19,True,6
SEAS-034,59,seasonal,29,18.37,False,6
SEAS-034,60,seasonal,24,18.37,False,6
SEAS-034,61,seasonal,50,18.37,False,6
SEAS-034,62,seasonal,27,16.19,True,6
SEAS-034,63,seasonal,22,18.37,False,6
SEAS-034,64,seasonal,21,18.37,False,6
SEAS-034,65,seasonal,24,18.37,False,6
SEAS-034,66,seasonal,7,18.37,False,6
SEAS-034,67,seasonal,14,18.37,False,6
SEAS-034,68,seasonal,8,18.37,False,6
SEAS-034,69,seasonal,13,18.37,False,6
SEAS-034,70,seasonal,15,18.37,False,6
SEAS-034,71,seasonal,32,16.19,True,6
SEAS-034,72,seasonal,25,16.19,True,6
SEAS-034,73,seasonal,31,18.37,False,6
SEAS-034,74,seasonal,21,18.37,False,6
SEAS-034,75,seasonal,27,18.37,False,6
SEAS-034,76,seasonal,25,18.37,False,6
SEAS-034,77,seasonal,19,18.37,False,6
SEAS-034,78,seasonal,10,18.37,False,6
SEAS-034,79,seasonal,43,18.37,False,6
SEAS-034,80,seasonal,42,18.37,False,6
SEAS-034,81,seasonal,58,16.19,True,6
SEAS-034,82,seasonal,24,18.37,False,6
SEAS-034,83,seasonal,45,18.37,False,6
SEAS-034,84,seasonal,68,16.19,True,6
SEAS-034,85,seasonal,22,18.37,False,6
SEAS-034,86,seasonal,65,18.37,False,6
SEAS-034,87,seasonal,57,18.37,False,6
SEAS-034,88,seasonal,41,18.37,False,6
SEAS-034,89,seasonal,39,18.37,False,6
SEAS-034,90,seasonal,46,18.37,False,6
SEAS-034,91,seasonal,47,18.37,False,6
SEAS-034,92,seasonal,59,18.37,False,6
SEAS-034,93,seasonal,116,16.19,True,6
SEAS-034,94,seasonal,63,16.19,True,6
SEAS-034,95,seasonal,35,18.37,False,6
SEAS-034,96,seasonal,84,18.37,False,6
SEAS-034,97,seasonal,96,16.19,True,6
SEAS-034,98,seasonal,39,18.37,False,6
SEAS-034,99,seasonal,74,18.37,False,6
SEAS-034,100,seasonal,61,18.37,False,6
SEAS-034,101,seasonal,59,18.37,False,6
SEAS-034,102,seasonal,53,18.37,False,6
SEAS-034,103,seasonal,40,18.37,False,6
SEAS-035,0,seasonal,49,22.22,False,7
SEAS-035,1,seasonal,28,22.22,False,7
SEAS-035,2,seasonal,47,22.22,False,7
SEAS-035,3,seasonal,40,22.22,False,7
SEAS-035,4,seasonal,44,22.22,False,7
SEAS-035,5,seasonal,32,22.22,False,7
SEAS-035,6,seasonal,72,19.56,True,7
SEAS-035,7,seasonal,39,22.22,False,7
SEAS-035,8,seasonal,17,22.22,False,7
SEAS-035,9,seasonal,16,22.22,False,7
SEAS-035,10,seasonal,34,22.22,False,7
SEAS-035,11,seasonal,20,22.22,False,7
SEAS-035,12,seasonal,22,22.22,False,7
SEAS-035,13,seasonal,18,22.22,False,7
SEAS-035,14,seasonal,19,22.22,False,7
SEAS-035,15,seasonal,47,19.56,True,7
SEAS-035,16,seasonal,10,22.22,False,7
SEAS-035,17,seasonal,11,22.22,False,7
SEAS-035,18,seasonal,28,19.56,True,7
SEAS-035,19,seasonal,9,22.22,False,7
SEAS-035,20,seasonal,14,22.22,False,7
SEAS-035,21,seasonal,11,22.22,False,7
SEAS-035,22,seasonal,12,22.22,False,7
SEAS-035,23,seasonal,8,22.22,False,7
SEAS-035,24,seasonal,12,22.22,False,7
SEAS-035,25,seasonal,43,19.56,True,7
SEAS-035,26,seasonal,17,22.22,False,7
SEAS-035,27,seasonal,18,22.22,False,7
SEAS-035,28,seasonal,39,19.56,True,7
SEAS-035,29,seasonal,20,22.22,False,7
SEAS-035,30,seasonal,25,22.22,False,7
SEAS-035,31,seasonal,29,22.22,False,7
SEAS-035,32,seasonal,18,22.22,False,7
SEAS-035,33,seasonal,26,22.22,False,7
SEAS-035,34,seasonal,19,22.22,False,7
SEAS-035,35,seasonal,30,22.22,False,7
SEAS-035,36,seasonal,74,19.56,True,7
SEAS-035,37,seasonal,26,22.22,False,7
SEAS-035,38,seasonal,24,22.22,False,7
SEAS-035,39,seasonal,52,22.22,False,7
SEAS-035,40,seasonal,34,22.22,False,7
SEAS-035,41,seasonal,43,22.22,False,7
SEAS-035,42,seasonal,54,22.22,False,7
SEAS-035,43,seasonal,34,22.22,False,7
SEAS-035,44,seasonal,46,22.22,False,7
SEAS-035,45,seasonal,59,22.22,False,7
SEAS-035,46,seasonal,56,22.22,False,7
SEAS-035,47,seasonal,33,22.22,False,7
SEAS-035,48,seasonal,25,22.22,False,7
SEAS-035,49,seasonal,44,22.22,False,7
SEAS-035,50,seasonal,38,22.22,False,7
SEAS-035,51,seasonal,29,22.22,False,7
SEAS-035,52,seasonal,32,22.22,False,7
SEAS-035,53,seasonal,48,22.22,False,7
SEAS-035,54,seasonal,95,19.56,True,7
SEAS-035,55,seasonal,63,22.22,False,7
SEAS-035,56,seasonal,55,22.22,False,7
SEAS-035,57,seasonal,47,22.22,False,7
SEAS-035,58,seasonal,17,22.22,False,7
SEAS-035,59,seasonal,53,22.22,False,7
SEAS-035,60,seasonal,64,22.22,False,7
SEAS-035,61,seasonal,13,22.22,False,7
SEAS-035,62,seasonal,20,22.22,False,7
SEAS-035,63,seasonal,20,22.22,False,7
SEAS-035,64,seasonal,29,22.22,False,7
SEAS-035,65,seasonal,24,22.22,False,7
SEAS-035,66,seasonal,25,22.22,False,7
SEAS-035,67,seasonal,20,22.22,False,7
SEAS-035,68,seasonal,15,22.22,False,7
SEAS-035,69,seasonal,17,22.22,False,7
SEAS-035,70,seasonal,12,22.22,False,7
SEAS-035,71,seasonal,29,19.56,True,7
SEAS-035,72,seasonal,11,22.22,False,7
SEAS-035,73,seasonal,13,22.22,False,7
SEAS-035,74,seasonal,21,22.22,False,7
SEAS-035,75,seasonal,17,22.22,False,7
SEAS-035,76,seasonal,16,22.22,False,7
SEAS-035,77,seasonal,15,22.22,False,7
SEAS-035,78,seasonal,11,22.22,False,7
SEAS-035,79,seasonal,14,22.22,False,7
SEAS-035,80,seasonal,16,22.22,False,7
SEAS-035,81,seasonal,18,22.22,False,7
SEAS-035,82,seasonal,19,22.22,False,7
SEAS-035,83,seasonal,18,22.22,False,7
SEAS-035,84,seasonal,26,22.22,False,7
SEAS-035,85,seasonal,14,22.22,False,7
SEAS-035,86,seasonal,23,22.22,False,7
SEAS-035,87,seasonal,25,22.22,False,7
SEAS-035,88,seasonal,28,22.22,False,7
SEAS-035,89,seasonal,32,22.22,False,7
SEAS-035,90,seasonal,86,19.56,True,7
SEAS-035,91,seasonal,47,22.22,False,7
SEAS-035,92,seasonal,40,22.22,False,7
SEAS-035,93,seasonal,16,22.22,False,7
SEAS-035,94,seasonal,57,22.22,False,7
SEAS-035,95,seasonal,38,22.22,False,7
SEAS-035,96,seasonal,30,22.22,False,7
SEAS-035,97,seasonal,47,22.22,False,7
SEAS-035,98,seasonal,116,19.56,True,7
SEAS-035,99,seasonal,56,22.22,False,7
SEAS-035,100,seasonal,50,22.22,False,7
SEAS-035,101,seasonal,46,22.22,False,7
SEAS-035,102,seasonal,142,19.56,True,7
SEAS-035,103,seasonal,59,22.22,False,7
SEAS-036,0,seasonal,49,38.99,False,7
SEAS-036,1,seasonal,44,33.78,True,7
SEAS-036,2,seasonal,37,38.99,False,7
SEAS-036,3,seasonal,38,38.99,False,7
SEAS-036,4,seasonal,40,38.99,False,7
SEAS-036,5,seasonal,131,33.78,True,7
SEAS-036,6,seasonal,59,38.99,False,7
SEAS-036,7,seasonal,56,38.99,False,7
SEAS-036,8,seasonal,75,38.99,False,7
SEAS-036,9,seasonal,66,38.99,False,7
SEAS-036,10,seasonal,42,38.99,False,7
SEAS-036,11,seasonal,72,33.78,True,7
SEAS-036,12,seasonal,63,38.99,False,7
SEAS-036,13,seasonal,60,38.99,False,7
SEAS-036,14,seasonal,47,38.99,False,7
SEAS-036,15,seasonal,57,38.99,False,7
SEAS-036,16,seasonal,37,38.99,False,7
SEAS-036,17,seasonal,30,38.99,False,7
SEAS-036,18,seasonal,36,38.99,False,7
SEAS-036,19,seasonal,50,38.99,False,7
SEAS-036,20,seasonal,69,38.99,False,7
SEAS-036,21,seasonal,46,38.99,False,7
SEAS-036,22,seasonal,39,38.99,False,7
SEAS-036,23,seasonal,50,38.99,False,7
SEAS-036,24,seasonal,42,38.99,False,7
SEAS-036,25,seasonal,33,38.99,False,7
SEAS-036,26,seasonal,35,38.99,False,7
SEAS-036,27,seasonal,65,33.78,True,7
SEAS-036,28,seasonal,19,38.99,False,7
SEAS-036,29,seasonal,46,33.78,True,7
SEAS-036,30,seasonal,20,38.99,False,7
SEAS-036,31,seasonal,17,38.99,False,7
SEAS-036,32,seasonal,35,38.99,False,7
SEAS-036,33,seasonal,19,38.99,False,7
SEAS-036,34,seasonal,16,38.99,False,7
SEAS-036,35,seasonal,20,38.99,False,7
SEAS-036,36,seasonal,7,38.99,False,7
SEAS-036,37,seasonal,20,38.99,False,7
SEAS-036,38,seasonal,20,38.99,False,7
SEAS-036,39,seasonal,13,38.99,False,7
SEAS-036,40,seasonal,28,38.99,False,7
SEAS-036,41,seasonal,22,38.99,False,7
SEAS-036,42,seasonal,12,38.99,False,7
SEAS-036,43,seasonal,24,38.99,False,7
SEAS-036,44,seasonal,12,38.99,False,7
SEAS-036,45,seasonal,38,33.78,True,7
SEAS-036,46,seasonal,16,38.99,False,7
SEAS-036,47,seasonal,14,38.99,False,7
SEAS-036,48,seasonal,39,38.99,False,7
SEAS-036,49,seasonal,20,38.99,False,7
SEAS-036,50,seasonal,37,33.78,True,7
SEAS-036,51,seasonal,48,38.99,False,7
SEAS-036,52,seasonal,29,38.99,False,7
SEAS-036,53,seasonal,20,38.99,False,7
SEAS-036,54,seasonal,63,38.99,False,7
SEAS-036,55,seasonal,40,38.99,False,7
SEAS-036,56,seasonal,36,38.99,False,7
SEAS-036,57,seasonal,48,38.99,False,7
SEAS-036,58,seasonal,19,38.99,False,7
SEAS-036,59,seasonal,61,38.99,False,7
SEAS-036,60,seasonal,61,38.99,False,7
SEAS-036,61,seasonal,97,33.78,True,7
SEAS-036,62,seasonal,47,38.99,False,7
SEAS-036,63,seasonal,76,38.99,False,7
SEAS-036,64,seasonal,48,38.99,False,7
SEAS-036,65,seasonal,46,38.99,False,7
SEAS-036,66,seasonal,53,38.99,False,7
SEAS-036,67,seasonal,83,33.78,True,7
SEAS-036,68,seasonal,48,38.99,False,7
SEAS-036,69,seasonal,66,38.99,False,7
SEAS-036,70,seasonal,38,38.99,False,7
SEAS-036,71,seasonal,49,38.99,False,7
SEAS-036,72,seasonal,66,38.99,False,7
SEAS-036,73,seasonal,35,38.99,False,7
SEAS-036,74,seasonal,57,38.99,False,7
SEAS-036,75,seasonal,44,38.99,False,7
SEAS-036,76,seasonal,41,38.99,False,7
SEAS-036,77,seasonal,38,38.99,False,7
SEAS-036,78,seasonal,40,38.99,False,7
SEAS-036,79,seasonal,21,38.99,False,7
SEAS-036,80,seasonal,42,38.99,False,7
SEAS-036,81,seasonal,37,38.99,False,7
SEAS-036,82,seasonal,20,38.99,False,7
SEAS-036,83,seasonal,20,38.99,False,7
SEAS-036,84,seasonal,32,33.78,True,7
SEAS-036,85,seasonal,27,38.99,False,7
SEAS-036,86,seasonal,25,38.99,False,7
SEAS-036,87,seasonal,21,38.99,False,7
SEAS-036,88,seasonal,16,38.99,False,7
SEAS-036,89,seasonal,15,38.99,False,7
SEAS-036,90,seasonal,8,38.99,False,7
SEAS-036,91,seasonal,18,38.99,False,7
SEAS-036,92,seasonal,25,38.99,False,7
SEAS-036,93,seasonal,22,38.99,False,7
SEAS-036,94,seasonal,17,38.99,False,7
SEAS-036,95,seasonal,36,38.99,False,7
SEAS-036,96,seasonal,23,38.99,False,7
SEAS-036,97,seasonal,14,38.99,False,7
SEAS-036,98,seasonal,29,38.99,False,7
SEAS-036,99,seasonal,43,33.78,True,7
SEAS-036,100,seasonal,22,38.99,False,7
SEAS-036,101,seasonal,30,38.99,False,7
SEAS-036,102,seasonal,21,38.99,False,7
SEAS-036,103,seasonal,24,38.99,False,7
SEAS-037,0,seasonal,27,35.31,False,6
SEAS-037,1,seasonal,33,35.31,False,6
SEAS-037,2,seasonal,27,35.31,False,6
SEAS-037,3,seasonal,35,35.31,False,6
SEAS-037,4,seasonal,49,35.31,False,6
SEAS-037,5,seasonal,37,35.31,False,6
SEAS-037,6,seasonal,33,35.31,False,6
SEAS-037,7,seasonal,79,31.6,True,6
SEAS-037,8,seasonal,45,35.31,False,6
SEAS-037,9,seasonal,51,35.31,False,6
SEAS-037,10,seasonal,46,35.31,False,6
SEAS-037,11,seasonal,60,35.31,False,6
SEAS-037,12,seasonal,77,35.31,False,6
SEAS-037,13,seasonal,59,35.31,False,6
SEAS-037,14,seasonal,55,35.31,False,6
SEAS-037,15,seasonal,101,35.31,False,6
SEAS-037,16,seasonal,92,35.31,False,6
SEAS-037,17,seasonal,101,35.31,False,6
SEAS-037,18,seasonal,70,35.31,False,6
SEAS-037,19,seasonal,116,35.31,False,6
SEAS-037,20,seasonal,116,35.31,False,6
SEAS-037,21,seasonal,78,35.31,False,6
SEAS-037,22,seasonal,61,35.31,False,6
SEAS-037,23,seasonal,102,35.31,False,6
SEAS-037,24,seasonal,81,35.31,False,6
SEAS-037,25,seasonal,112,35.31,False,6
SEAS-037,26,seasonal,76,35.31,False,6
SEAS-037,27,seasonal,53,35.31,False,6
SEAS-037,28,seasonal,70,35.31,False,6
SEAS-037,29,seasonal,83,35.31,False,6
SEAS-037,30,seasonal,52,35.31,False,6
SEAS-037,31,seasonal,78,31.6,True,6
SEAS-037,32,seasonal,82,35.31,False,6
SEAS-037,33,seasonal,54,35.31,False,6
SEAS-037,34,seasonal,46,35.31,False,6
SEAS-037,35,seasonal,39,35.31,False,6
SEAS-037,36,seasonal,56,35.31,False,6
SEAS-037,37,seasonal,40,35.31,False,6
SEAS-037,38,seasonal,39,35.31,False,6
SEAS-037,39,seasonal,43,35.31,False,6
SEAS-037,40,seasonal,31,35.31,False,6
SEAS-037,41,seasonal,26,35.31,False,6
SEAS-037,42,seasonal,25,35.31,False,6
SEAS-037,43,seasonal,31,35.31,False,6
SEAS-037,44,seasonal,32,35.31,False,6
SEAS-037,45,seasonal,25,35.31,False,6
SEAS-037,46,seasonal,21,35.31,False,6
SEAS-037,47,seasonal,27,35.31,False,6
SEAS-037,48,seasonal,28,35.31,False,6
SEAS-037,49,seasonal,15,35.31,False,6
SEAS-037,50,seasonal,28,35.31,False,6
SEAS-037,51,seasonal,39,31.6,True,6
SEAS-037,52,seasonal,30,35.31,False,6
SEAS-037,53,seasonal,23,35.31,False,6
SEAS-037,54,seasonal,30,35.31,False,6
SEAS-037,55,seasonal,27,35.31,False,6
SEAS-037,56,seasonal,58,35.31,False,6
SEAS-037,57,seasonal,56,35.31,False,6
SEAS-037,58,seasonal,57,35.31,False,6
SEAS-037,59,seasonal,53,35.31,False,6
SEAS-037,60,seasonal,56,31.6,True,6
SEAS-037,61,seasonal,37,35.31,False,6
SEAS-037,62,seasonal,55,35.31,False,6
SEAS-037,63,seasonal,99,35.31,False,6
SEAS-037,64,seasonal,83,35.31,False,6
SEAS-037,65,seasonal,63,35.31,False,6
SEAS-037,66,seasonal,83,35.31,False,6
SEAS-037,67,seasonal,72,35.31,False,6
SEAS-037,68,seasonal,81,35.31,False,6
SEAS-037,69,seasonal,107,35.31,False,6
SEAS-037,70,seasonal,80,35.31,False,6
SEAS-037,71,seasonal,61,35.31,False,6
SEAS-037,72,seasonal,103,35.31,False,6
SEAS-037,73,seasonal,77,35.31,False,6
SEAS-037,74,seasonal,97,35.31,False,6
SEAS-037,75,seasonal,115,35.31,False,6
SEAS-037,76,seasonal,122,35.31,False,6
SEAS-037,77,seasonal,59,35.31,False,6
SEAS-037,78,seasonal,78,35.31,False,6
SEAS-037,79,seasonal,93,35.31,False,6
SEAS-037,80,seasonal,59,35.31,False,6
SEAS-037,81,seasonal,91,35.31,False,6
SEAS-037,82,seasonal,90,35.31,False,6
SEAS-037,83,seasonal,71,35.31,False,6
SEAS-037,84,seasonal,61,35.31,False,6
SEAS-037,85,seasonal,47,35.31,False,6
SEAS-037,86,seasonal,78,35.31,False,6
SEAS-037,87,seasonal,97,31.6,True,6
SEAS-037,88,seasonal,46,35.31,False,6
SEAS-037,89,seasonal,43,35.31,False,6
SEAS-037,90,seasonal,54,35.31,False,6
SEAS-037,91,seasonal,45,35.31,False,6
SEAS-037,92,seasonal,28,35.31,False,6
SEAS-037,93,seasonal,21,35.31,False,6
SEAS-037,94,seasonal,23,35.31,False,6
SEAS-037,95,seasonal,30,35.31,False,6
SEAS-037,96,seasonal,47,31.6,True,6
SEAS-037,97,seasonal,48,31.6,True,6
SEAS-037,98,seasonal,20,35.31,False,6
SEAS-037,99,seasonal,16,35.31,False,6
SEAS-037,100,seasonal,21,35.31,False,6
SEAS-037,101,seasonal,23,35.31,False,6
SEAS-037,102,seasonal,24,35.31,False,6
SEAS-037,103,seasonal,25,35.31,False,6
SEAS-038,0,seasonal,25,34.1,False,8
SEAS-038,1,seasonal,73,34.1,False,8
SEAS-038,2,seasonal,126,30.63,True,8
SEAS-038,3,seasonal,47,34.1,False,8
SEAS-038,4,seasonal,18,34.1,False,8
SEAS-038,5,seasonal,26,34.1,False,8
SEAS-038,6,seasonal,36,34.1,False,8
SEAS-038,7,seasonal,64,34.1,False,8
SEAS-038,8,seasonal,66,34.1,False,8
SEAS-038,9,seasonal,25,34.1,False,8
SEAS-038,10,seasonal,34,34.1,False,8
SEAS-038,11,seasonal,59,30.63,True,8
SEAS-038,12,seasonal,40,30.63,True,8
SEAS-038,13,seasonal,54,34.1,False,8
SEAS-038,14,seasonal,24,34.1,False,8
SEAS-038,15,seasonal,26,34.1,False,8
SEAS-038,16,seasonal,14,34.1,False,8
SEAS-038,17,seasonal,29,34.1,False,8
SEAS-038,18,seasonal,27,34.1,False,8
SEAS-038,19,seasonal,19,34.1,False,8
SEAS-038,20,seasonal,33,30.63,True,8
SEAS-038,21,seasonal,22,34.1,False,8
SEAS-038,22,seasonal,8,34.1,False,8
SEAS-038,23,seasonal,10,34.1,False,8
SEAS-038,24,seasonal,11,30.63,True,8
SEAS-038,25,seasonal,8,34.1,False,8
SEAS-038,26,seasonal,4,34.1,False,8
SEAS-038,27,seasonal,7,34.1,False,8
SEAS-038,28,seasonal,6,34.1,False,8
SEAS-038,29,seasonal,4,34.1,False,8
SEAS-038,30,seasonal,3,30.63,True,8
SEAS-038,31,seasonal,5,34.1,False,8
SEAS-038,32,seasonal,15,30.63,True,8
SEAS-038,33,seasonal,8,34.1,False,8
SEAS-038,34,seasonal,7,34.1,False,8
SEAS-038,35,seasonal,14,34.1,False,8
SEAS-038,36,seasonal,11,34.1,False,8
SEAS-038,37,seasonal,7,34.1,False,8
SEAS-038,38,seasonal,9,34.1,False,8
SEAS-038,39,seasonal,18,34.1,False,8
SEAS-038,40,seasonal,20,34.1,False,8
SEAS-038,41,seasonal,12,34.1,False,8
SEAS-038,42,seasonal,19,34.1,False,8
SEAS-038,43,seasonal,51,30.63,True,8
SEAS-038,44,seasonal,30,34.1,False,8
SEAS-038,45,seasonal,26,34.1,False,8
SEAS-038,46,seasonal,43,34.1,False,8
SEAS-038,47,seasonal,29,34.1,False,8
SEAS-038,48,seasonal,46,34.1,False,8
SEAS-038,49,seasonal,34,34.1,False,8
SEAS-038,50,seasonal,41,34.1,False,8
SEAS-038,51,seasonal,46,34.1,False,8
SEAS-038,52,seasonal,20,34.1,False,8
SEAS-038,53,seasonal,37,34.1,False,8
SEAS-038,54,seasonal,40,34.1,False,8
SEAS-038,55,seasonal,45,34.1,False,8
SEAS-038,56,seasonal,56,34.1,False,8
SEAS-038,57,seasonal,95,30.63,True,8
SEAS-038,58,seasonal,29,34.1,False,8
SEAS-038,59,seasonal,66,34.1,False,8
SEAS-038,60,seasonal,36,34.1,False,8
SEAS-038,61,seasonal,39,34.1,False,8
SEAS-038,62,seasonal,31,34.1,False,8
SEAS-038,63,seasonal,30,34.1,False,8
SEAS-038,64,seasonal,34,34.1,False,8
SEAS-038,65,seasonal,33,30.63,True,8
SEAS-038,66,seasonal,20,34.1,False,8
SEAS-038,67,seasonal,14,34.1,False,8
SEAS-038,68,seasonal,11,34.1,False,8
SEAS-038,69,seasonal,20,34.1,False,8
SEAS-038,70,seasonal,14,34.1,False,8
SEAS-038,71,seasonal,22,34.1,False,8
SEAS-038,72,seasonal,13,34.1,False,8
SEAS-038,73,seasonal,6,34.1,False,8
SEAS-038,74,seasonal,14,34.1,False,8
SEAS-038,75,seasonal,13,34.1,False,8
SEAS-038,76,seasonal,9,34.1,False,8
SEAS-038,77,seasonal,5,34.1,False,8
SEAS-038,78,seasonal,6,34.1,False,8
SEAS-038,79,seasonal,8,34.1,False,8
SEAS-038,80,seasonal,2,34.1,False,8
SEAS-038,81,seasonal,3,34.1,False,8
SEAS-038,82,seasonal,10,34.1,False,8
SEAS-038,83,seasonal,6,34.1,False,8
SEAS-038,84,seasonal,10,34.1,False,8
SEAS-038,85,seasonal,7,34.1,False,8
SEAS-038,86,seasonal,5,34.1,False,8
SEAS-038,87,seasonal,13,34.1,False,8
SEAS-038,88,seasonal,12,34.1,False,8
SEAS-038,89,seasonal,13,34.1,False,8
SEAS-038,90,seasonal,17,34.1,False,8
SEAS-038,91,seasonal,18,34.1,False,8
SEAS-038,92,seasonal,27,34.1,False,8
SEAS-038,93,seasonal,18,34.1,False,8
SEAS-038,94,seasonal,26,34.1,False,8
SEAS-038,95,seasonal,29,34.1,False,8
SEAS-038,96,seasonal,21,34.1,False,8
SEAS-038,97,seasonal,43,30.63,True,8
SEAS-038,98,seasonal,22,34.1,False,8
SEAS-038,99,seasonal,47,34.1,False,8
SEAS-038,100,seasonal,58,34.1,False,8
SEAS-038,101,seasonal,45,34.1,False,8
SEAS-038,102,seasonal,54,34.1,False,8
SEAS-038,103,seasonal,83,30.63,True,8
SEAS-039,0,seasonal,36,24.8,False,8
SEAS-039,1,seasonal,45,24.8,False,8
SEAS-039,2,seasonal,35,24.8,False,8
SEAS-039,3,seasonal,106,20.19,True,8
SEAS-039,4,seasonal,54,24.8,False,8
SEAS-039,5,seasonal,143,20.19,True,8
SEAS-039,6,seasonal,115,20.19,True,8
SEAS-039,7,seasonal,62,24.8,False,8
SEAS-039,8,seasonal,50,24.8,False,8
SEAS-039,9,seasonal,48,24.8,False,8
SEAS-039,10,seasonal,67,24.8,False,8
SEAS-039,11,seasonal,85,24.8,False,8
SEAS-039,12,seasonal,54,24.8,False,8
SEAS-039,13,seasonal,78,24.8,False,8
SEAS-039,14,seasonal,46,24.8,False,8
SEAS-039,15,seasonal,94,20.19,True,8
SEAS-039,16,seasonal,96,24.8,False,8
SEAS-039,17,seasonal,168,20.19,True,8
SEAS-039,18,seasonal,74,24.8,False,8
SEAS-039,19,seasonal,42,24.8,False,8
SEAS-039,20,seasonal,51,24.8,False,8
SEAS-039,21,seasonal,50,24.8,False,8
SEAS-039,22,seasonal,43,24.8,False,8
SEAS-039,23,seasonal,32,24.8,False,8
SEAS-039,24,seasonal,41,24.8,False,8
SEAS-039,25,seasonal,71,24.8,False,8
SEAS-039,26,seasonal,119,20.19,True,8
SEAS-039,27,seasonal,53,24.8,False,8
SEAS-039,28,seasonal,46,24.8,False,8
SEAS-039,29,seasonal,41,24.8,False,8
SEAS-039,30,seasonal,47,24.8,False,8
SEAS-039,31,seasonal,31,24.8,False,8
SEAS-039,32,seasonal,36,24.8,False,8
SEAS-039,33,seasonal,27,24.8,False,8
SEAS-039,34,seasonal,20,24.8,False,8
SEAS-039,35,seasonal,25,24.8,False,8
SEAS-039,36,seasonal,22,24.8,False,8
SEAS-039,37,seasonal,32,24.8,False,8
SEAS-039,38,seasonal,28,24.8,False,8
SEAS-039,39,seasonal,20,24.8,False,8
SEAS-039,40,seasonal,22,24.8,False,8
SEAS-039,41,seasonal,22,24.8,False,8
SEAS-039,42,seasonal,53,20.19,True,8
SEAS-039,43,seasonal,18,24.8,False,8
SEAS-039,44,seasonal,45,24.8,False,8
SEAS-039,45,seasonal,25,24.8,False,8
SEAS-039,46,seasonal,21,24.8,False,8
SEAS-039,47,seasonal,36,24.8,False,8
SEAS-039,48,seasonal,31,24.8,False,8
SEAS-039,49,seasonal,18,24.8,False,8
SEAS-039,50,seasonal,23,24.8,False,8
SEAS-039,51,seasonal,30,24.8,False,8
SEAS-039,52,seasonal,87,20.19,True,8
SEAS-039,53,seasonal,45,24.8,False,8
SEAS-039,54,seasonal,48,24.8,False,8
SEAS-039,55,seasonal,63,24.8,False,8
SEAS-039,56,seasonal,28,24.8,False,8
SEAS-039,57,seasonal,97,20.19,True,8
SEAS-039,58,seasonal,82,24.8,False,8
SEAS-039,59,seasonal,107,20.19,True,8
SEAS-039,60,seasonal,165,20.19,True,8
SEAS-039,61,seasonal,50,24.8,False,8
SEAS-039,62,seasonal,73,24.8,False,8
SEAS-039,63,seasonal,160,20.19,True,8
SEAS-039,64,seasonal,112,20.19,True,8
SEAS-039,65,seasonal,87,24.8,False,8
SEAS-039,66,seasonal,159,20.19,True,8
SEAS-039,67,seasonal,43,24.8,False,8
SEAS-039,68,seasonal,81,24.8,False,8
SEAS-039,69,seasonal,135,20.19,True,8
SEAS-039,70,seasonal,61,24.8,False,8
SEAS-039,71,seasonal,62,24.8,False,8
SEAS-039,72,seasonal,237,20.19,True,8
SEAS-039,73,seasonal,51,24.8,False,8
SEAS-039,74,seasonal,53,24.8,False,8
SEAS-039,75,seasonal,79,24.8,False,8
SEAS-039,76,seasonal,73,24.8,False,8
SEAS-039,77,seasonal,47,24.8,False,8
SEAS-039,78,seasonal,77,24.8,False,8
SEAS-039,79,seasonal,49,24.8,False,8
SEAS-039,80,seasonal,66,24.8,False,8
SEAS-039,81,seasonal,30,24.8,False,8
SEAS-039,82,seasonal,39,24.8,False,8
SEAS-039,83,seasonal,109,20.19,True,8
SEAS-039,84,seasonal,27,24.8,False,8
SEAS-039,85,seasonal,31,24.8,False,8
SEAS-039,86,seasonal,30,24.8,False,8
SEAS-039,87,seasonal,28,24.8,False,8
SEAS-039,88,seasonal,22,24.8,False,8
SEAS-039,89,seasonal,34,24.8,False,8
SEAS-039,90,seasonal,25,24.8,False,8
SEAS-039,91,seasonal,29,24.8,False,8
SEAS-039,92,seasonal,12,24.8,False,8
SEAS-039,93,seasonal,28,24.8,False,8
SEAS-039,94,seasonal,21,24.8,False,8
SEAS-039,95,seasonal,19,24.8,False,8
SEAS-039,96,seasonal,24,24.8,False,8
SEAS-039,97,seasonal,23,24.8,False,8
SEAS-039,98,seasonal,39,24.8,False,8
SEAS-039,99,seasonal,27,24.8,False,8
SEAS-039,100,seasonal,94,20.19,True,8
SEAS-039,101,seasonal,16,24.8,False,8
SEAS-039,102,seasonal,60,24.8,False,8
SEAS-039,103,seasonal,32,24.8,False,8
SEAS-040,0,seasonal,5,19.52,False,6
SEAS-040,1,seasonal,5,19.52,False,6
SEAS-040,2,seasonal,24,19.52,False,6
SEAS-040,3,seasonal,26,19.52,False,6
SEAS-040,4,seasonal,19,19.52,False,6
SEAS-040,5,seasonal,11,19.52,False,6
SEAS-040,6,seasonal,35,16.36,True,6
SEAS-040,7,seasonal,14,19.52,False,6
SEAS-040,8,seasonal,27,19.52,False,6
SEAS-040,9,seasonal,34,19.52,False,6
SEAS-040,10,seasonal,19,19.52,False,6
SEAS-040,11,seasonal,34,19.52,False,6
SEAS-040,12,seasonal,31,19.52,False,6
SEAS-040,13,seasonal,30,19.52,False,6
SEAS-040,14,seasonal,29,19.52,False,6
SEAS-040,15,seasonal,23,19.52,False,6
SEAS-040,16,seasonal,31,19.52,False,6
SEAS-040,17,seasonal,45,19.52,False,6
SEAS-040,18,seasonal,33,19.52,False,6
SEAS-040,19,seasonal,25,19.52,False,6
SEAS-040,20,seasonal,19,19.52,False,6
SEAS-040,21,seasonal,45,19.52,False,6
SEAS-040,22,seasonal,46,19.52,False,6
SEAS-040,23,seasonal,29,19.52,False,6
SEAS-040,24,seasonal,121,16.36,True,6
SEAS-040,25,seasonal,30,19.52,False,6
SEAS-040,26,seasonal,64,19.52,False,6
SEAS-040,27,seasonal,63,19.52,False,6
SEAS-040,28,seasonal,59,19.52,False,6
SEAS-040,29,seasonal,33,19.52,False,6
SEAS-040,30,seasonal,49,19.52,False,6
SEAS-040,31,seasonal,38,19.52,False,6
SEAS-040,32,seasonal,41,19.52,False,6
SEAS-040,33,seasonal,48,19.52,False,6
SEAS-040,34,seasonal,54,19.52,False,6
SEAS-040,35,seasonal,41,19.52,False,6
SEAS-040,36,seasonal,48,19.52,False,6
SEAS-040,37,seasonal,54,19.52,False,6
SEAS-040,38,seasonal,28,19.52,False,6
SEAS-040,39,seasonal,48,19.52,False,6
SEAS-040,40,seasonal,29,19.52,False,6
SEAS-040,41,seasonal,29,19.52,False,6
SEAS-040,42,seasonal,103,16.36,True,6
SEAS-040,43,seasonal,30,19.52,False,6
SEAS-040,44,seasonal,43,19.52,False,6
SEAS-040,45,seasonal,36,19.52,False,6
SEAS-040,46,seasonal,27,19.52,False,6
SEAS-040,47,seasonal,23,19.52,False,6
SEAS-040,48,seasonal,32,19.52,False,6
SEAS-040,49,seasonal,18,19.52,False,6
SEAS-040,50,seasonal,16,19.52,False,6
SEAS-040,51,seasonal,57,16.36,True,6
SEAS-040,52,seasonal,12,19.52,False,6
SEAS-040,53,seasonal,10,19.52,False,6
SEAS-040,54,seasonal,10,19.52,False,6
SEAS-040,55,seasonal,18,19.52,False,6
SEAS-040,56,seasonal,16,19.52,False,6
SEAS-040,57,seasonal,12,19.52,False,6
SEAS-040,58,seasonal,28,19.52,False,6
SEAS-040,59,seasonal,19,19.52,False,6
SEAS-040,60,seasonal,25,19.52,False,6
SEAS-040,61,seasonal,23,19.52,False,6
SEAS-040,62,seasonal,48,16.36,True,6
SEAS-040,63,seasonal,22,19.52,False,6
SEAS-040,64,seasonal,29,19.52,False,6
SEAS-040,65,seasonal,52,19.52,False,6
SEAS-040,66,seasonal,24,19.52,False,6
SEAS-040,67,seasonal,26,19.52,False,6
SEAS-040,68,seasonal,32,19.52,False,6
SEAS-040,69,seasonal,32,19.52,False,6
SEAS-040,70,seasonal,153,16.36,True,6
SEAS-040,71,seasonal,41,19.52,False,6
SEAS-040,72,seasonal,37,19.52,False,6
SEAS-040,73,seasonal,74,19.52,False,6
SEAS-040,74,seasonal,43,19.52,False,6
SEAS-040,75,seasonal,100,19.52,False,6
SEAS-040,76,seasonal,60,19.52,False,6
SEAS-040,77,seasonal,79,19.52,False,6
SEAS-040,78,seasonal,191,16.36,True,6
SEAS-040,79,seasonal,63,19.52,False,6
SEAS-040,80,seasonal,70,19.52,False,6
SEAS-040,81,seasonal,40,19.52,False,6
SEAS-040,82,seasonal,44,19.52,False,6
SEAS-040,83,seasonal,43,19.52,False,6
SEAS-040,84,seasonal,67,19.52,False,6
SEAS-040,85,seasonal,52,19.52,False,6
SEAS-040,86,seasonal,48,19.52,False,6
SEAS-040,87,seasonal,26,19.52,False,6
SEAS-040,88,seasonal,34,19.52,False,6
SEAS-040,89,seasonal,29,19.52,False,6
SEAS-040,90,seasonal,52,19.52,False,6
SEAS-040,91,seasonal,28,19.52,False,6
SEAS-040,92,seasonal,44,19.52,False,6
SEAS-040,93,seasonal,29,19.52,False,6
SEAS-040,94,seasonal,26,19.52,False,6
SEAS-040,95,seasonal,18,19.52,False,6
SEAS-040,96,seasonal,26,19.52,False,6
SEAS-040,97,seasonal,80,16.36,True,6
SEAS-040,98,seasonal,19,19.52,False,6
SEAS-040,99,seasonal,19,19.52,False,6
SEAS-040,100,seasonal,23,19.52,False,6
SEAS-040,101,seasonal,42,16.36,True,6
SEAS-040,102,seasonal,13,19.52,False,6
SEAS-040,103,seasonal,15,19.52,False,6
INT-001,0,intermittent,6,33.55,False,9
INT-001,1,intermittent,21,25.27,True,9
INT-001,2,intermittent,3,33.55,False,9
INT-001,3,intermittent,0,33.55,False,9
INT-001,4,intermittent,0,33.55,False,9
INT-001,5,intermittent,0,33.55,False,9
INT-001,6,intermittent,23,33.55,False,9
INT-001,7,intermittent,0,33.55,False,9
INT-001,8,intermittent,7,33.55,False,9
INT-001,9,intermittent,0,33.55,False,9
INT-001,10,intermittent,29,33.55,False,9
INT-001,11,intermittent,19,33.55,False,9
INT-001,12,intermittent,0,33.55,False,9
INT-001,13,intermittent,0,33.55,False,9
INT-001,14,intermittent,29,33.55,False,9
INT-001,15,intermittent,0,33.55,False,9
INT-001,16,intermittent,0,33.55,False,9
INT-001,17,intermittent,0,33.55,False,9
INT-001,18,intermittent,29,33.55,False,9
INT-001,19,intermittent,0,33.55,False,9
INT-001,20,intermittent,0,33.55,False,9
INT-001,21,intermittent,0,33.55,False,9
INT-001,22,intermittent,0,33.55,False,9
INT-001,23,intermittent,15,33.55,False,9
INT-001,24,intermittent,14,33.55,False,9
INT-001,25,intermittent,0,33.55,False,9
INT-001,26,intermittent,1,33.55,False,9
INT-001,27,intermittent,16,33.55,False,9
INT-001,28,intermittent,0,33.55,False,9
INT-001,29,intermittent,6,33.55,False,9
INT-001,30,intermittent,4,33.55,False,9
INT-001,31,intermittent,0,33.55,False,9
INT-001,32,intermittent,0,33.55,False,9
INT-001,33,intermittent,15,33.55,False,9
INT-001,34,intermittent,0,33.55,False,9
INT-001,35,intermittent,4,33.55,False,9
INT-001,36,intermittent,0,33.55,False,9
INT-001,37,intermittent,0,33.55,False,9
INT-001,38,intermittent,0,33.55,False,9
INT-001,39,intermittent,0,33.55,False,9
INT-001,40,intermittent,0,33.55,False,9
INT-001,41,intermittent,2,33.55,False,9
INT-001,42,intermittent,11,33.55,False,9
INT-001,43,intermittent,0,33.55,False,9
INT-001,44,intermittent,0,33.55,False,9
INT-001,45,intermittent,0,33.55,False,9
INT-001,46,intermittent,0,33.55,False,9
INT-001,47,intermittent,0,33.55,False,9
INT-001,48,intermittent,5,33.55,False,9
INT-001,49,intermittent,0,33.55,False,9
INT-001,50,intermittent,0,33.55,False,9
INT-001,51,intermittent,7,33.55,False,9
INT-001,52,intermittent,9,33.55,False,9
INT-001,53,intermittent,0,33.55,False,9
INT-001,54,intermittent,0,33.55,False,9
INT-001,55,intermittent,18,33.55,False,9
INT-001,56,intermittent,0,33.55,False,9
INT-001,57,intermittent,0,33.55,False,9
INT-001,58,intermittent,0,33.55,False,9
INT-001,59,intermittent,14,33.55,False,9
INT-001,60,intermittent,0,33.55,False,9
INT-001,61,intermittent,3,33.55,False,9
INT-001,62,intermittent,0,33.55,False,9
INT-001,63,intermittent,0,33.55,False,9
INT-001,64,intermittent,7,33.55,False,9
INT-001,65,intermittent,7,33.55,False,9
INT-001,66,intermittent,4,33.55,False,9
INT-001,67,intermittent,6,33.55,False,9
INT-001,68,intermittent,18,33.55,False,9
INT-001,69,intermittent,0,33.55,False,9
INT-001,70,intermittent,0,33.55,False,9
INT-001,71,intermittent,0,33.55,False,9
INT-001,72,intermittent,0,33.55,False,9
INT-001,73,intermittent,0,25.27,True,9
INT-001,74,intermittent,0,33.55,False,9
INT-001,75,intermittent,0,33.55,False,9
INT-001,76,intermittent,0,25.27,True,9
INT-001,77,intermittent,17,33.55,False,9
INT-001,78,intermittent,0,33.55,False,9
INT-001,79,intermittent,0,33.55,False,9
INT-001,80,intermittent,0,33.55,False,9
INT-001,81,intermittent,7,33.55,False,9
INT-001,82,intermittent,0,33.55,False,9
INT-001,83,intermittent,0,33.55,False,9
INT-001,84,intermittent,0,33.55,False,9
INT-001,85,intermittent,0,33.55,False,9
INT-001,86,intermittent,0,33.55,False,9
INT-001,87,intermittent,0,33.55,False,9
INT-001,88,intermittent,0,33.55,False,9
INT-001,89,intermittent,5,33.55,False,9
INT-001,90,intermittent,0,33.55,False,9
INT-001,91,intermittent,7,33.55,False,9
INT-001,92,intermittent,0,33.55,False,9
INT-001,93,intermittent,0,33.55,False,9
INT-001,94,intermittent,0,33.55,False,9
INT-001,95,intermittent,0,33.55,False,9
INT-001,96,intermittent,0,33.55,False,9
INT-001,97,intermittent,0,33.55,False,9
INT-001,98,intermittent,0,33.55,False,9
INT-001,99,intermittent,0,33.55,False,9
INT-001,100,intermittent,0,33.55,False,9
INT-001,101,intermittent,0,33.55,False,9
INT-001,102,intermittent,0,33.55,False,9
INT-001,103,intermittent,19,33.55,False,9
INT-002,0,intermittent,7,48.41,False,10
INT-002,1,intermittent,0,48.41,False,10
INT-002,2,intermittent,0,48.41,False,10
INT-002,3,intermittent,0,48.41,False,10
INT-002,4,intermittent,0,48.41,False,10
INT-002,5,intermittent,0,48.41,False,10
INT-002,6,intermittent,0,48.41,False,10
INT-002,7,intermittent,0,48.41,False,10
INT-002,8,intermittent,0,48.41,False,10
INT-002,9,intermittent,0,48.41,False,10
INT-002,10,intermittent,0,48.41,False,10
INT-002,11,intermittent,0,48.41,False,10
INT-002,12,intermittent,0,35.58,True,10
INT-002,13,intermittent,0,48.41,False,10
INT-002,14,intermittent,7,48.41,False,10
INT-002,15,intermittent,0,48.41,False,10
INT-002,16,intermittent,0,48.41,False,10
INT-002,17,intermittent,0,48.41,False,10
INT-002,18,intermittent,0,48.41,False,10
INT-002,19,intermittent,0,48.41,False,10
INT-002,20,intermittent,0,48.41,False,10
INT-002,21,intermittent,19,48.41,False,10
INT-002,22,intermittent,0,48.41,False,10
INT-002,23,intermittent,0,48.41,False,10
INT-002,24,intermittent,0,48.41,False,10
INT-002,25,intermittent,0,48.41,False,10
INT-002,26,intermittent,4,48.41,False,10
INT-002,27,intermittent,15,48.41,False,10
INT-002,28,intermittent,0,48.41,False,10
INT-002,29,intermittent,0,48.41,False,10
INT-002,30,intermittent,0,48.41,False,10
INT-002,31,intermittent,0,48.41,False,10
INT-002,32,intermittent,0,35.58,True,10
INT-002,33,intermittent,0,48.41,False,10
INT-002,34,intermittent,22,35.58,True,10
INT-002,35,intermittent,0,48.41,False,10
INT-002,36,intermittent,0,48.41,False,10
INT-002,37,intermittent,0,48.41,False,10
INT-002,38,intermittent,0,48.41,False,10
INT-002,39,intermittent,0,35.58,True,10
INT-002,40,intermittent,0,48.41,False,10
INT-002,41,intermittent,0,48.41,False,10
INT-002,42,intermittent,4,48.41,False,10
INT-002,43,intermittent,0,48.41,False,10
INT-002,44,intermittent,0,48.41,False,10
INT-002,45,intermittent,0,48.41,False,10
INT-002,46,intermittent,0,48.41,False,10
INT-002,47,intermittent,0,48.41,False,10
INT-002,48,intermittent,0,48.41,False,10
INT-002,49,intermittent,46,35.58,True,10
INT-002,50,intermittent,0,48.41,False,10
INT-002,51,intermittent,0,48.41,False,10
INT-002,52,intermittent,0,48.41,False,10
INT-002,53,intermittent,0,48.41,False,10
INT-002,54,intermittent,0,48.41,False,10
INT-002,55,intermittent,0,48.41,False,10
INT-002,56,intermittent,0,48.41,False,10
INT-002,57,intermittent,0,48.41,False,10
INT-002,58,intermittent,0,48.41,False,10
INT-002,59,intermittent,0,48.41,False,10
INT-002,60,intermittent,0,48.41,False,10
INT-002,61,intermittent,0,48.41,False,10
INT-002,62,intermittent,0,48.41,False,10
INT-002,63,intermittent,0,48.41,False,10
INT-002,64,intermittent,0,48.41,False,10
INT-002,65,intermittent,16,48.41,False,10
INT-002,66,intermittent,0,48.41,False,10
INT-002,67,intermittent,0,48.41,False,10
INT-002,68,intermittent,0,48.41,False,10
INT-002,69,intermittent,0,48.41,False,10
INT-002,70,intermittent,0,48.41,False,10
INT-002,71,intermittent,0,48.41,False,10
INT-002,72,intermittent,9,48.41,False,10
INT-002,73,intermittent,5,48.41,False,10
INT-002,74,intermittent,0,48.41,False,10
INT-002,75,intermittent,0,48.41,False,10
INT-002,76,intermittent,0,48.41,False,10
INT-002,77,intermittent,0,35.58,True,10
INT-002,78,intermittent,0,48.41,False,10
INT-002,79,intermittent,0,48.41,False,10
INT-002,80,intermittent,0,48.41,False,10
INT-002,81,intermittent,16,48.41,False,10
INT-002,82,intermittent,0,48.41,False,10
INT-002,83,intermittent,0,48.41,False,10
INT-002,84,intermittent,0,48.41,False,10
INT-002,85,intermittent,0,48.41,False,10
INT-002,86,intermittent,0,48.41,False,10
INT-002,87,intermittent,0,48.41,False,10
INT-002,88,intermittent,0,48.41,False,10
INT-002,89,intermittent,0,48.41,False,10
INT-002,90,intermittent,0,48.41,False,10
INT-002,91,intermittent,21,48.41,False,10
INT-002,92,intermittent,0,48.41,False,10
INT-002,93,intermittent,0,48.41,False,10
INT-002,94,intermittent,0,48.41,False,10
INT-002,95,intermittent,0,48.41,False,10
INT-002,96,intermittent,0,48.41,False,10
INT-002,97,intermittent,0,48.41,False,10
INT-002,98,intermittent,0,48.41,False,10
INT-002,99,intermittent,0,48.41,False,10
INT-002,100,intermittent,0,48.41,False,10
INT-002,101,intermittent,0,48.41,False,10
INT-002,102,intermittent,0,48.41,False,10
INT-002,103,intermittent,0,48.41,False,10
INT-003,0,intermittent,0,45.3,False,10
INT-003,1,intermittent,0,45.3,False,10
INT-003,2,intermittent,0,45.3,False,10
INT-003,3,intermittent,0,45.3,False,10
INT-003,4,intermittent,0,45.3,False,10
INT-003,5,intermittent,17,45.3,False,10
INT-003,6,intermittent,0,45.3,False,10
INT-003,7,intermittent,0,45.3,False,10
INT-003,8,intermittent,0,45.3,False,10
INT-003,9,intermittent,0,45.3,False,10
INT-003,10,intermittent,0,45.3,False,10
INT-003,11,intermittent,0,45.3,False,10
INT-003,12,intermittent,0,45.3,False,10
INT-003,13,intermittent,22,45.3,False,10
INT-003,14,intermittent,0,45.3,False,10
INT-003,15,intermittent,0,45.3,False,10
INT-003,16,intermittent,0,45.3,False,10
INT-003,17,intermittent,6,45.3,False,10
INT-003,18,intermittent,0,45.3,False,10
INT-003,19,intermittent,0,45.3,False,10
INT-003,20,intermittent,0,45.3,False,10
INT-003,21,intermittent,0,45.3,False,10
INT-003,22,intermittent,0,45.3,False,10
INT-003,23,intermittent,9,45.3,False,10
INT-003,24,intermittent,5,45.3,False,10
INT-003,25,intermittent,0,45.3,False,10
INT-003,26,intermittent,5,45.3,False,10
INT-003,27,intermittent,11,45.3,False,10
INT-003,28,intermittent,3,45.3,False,10
INT-003,29,intermittent,0,45.3,False,10
INT-003,30,intermittent,1,45.3,False,10
INT-003,31,intermittent,16,45.3,False,10
INT-003,32,intermittent,0,45.3,False,10
INT-003,33,intermittent,0,45.3,False,10
INT-003,34,intermittent,0,45.3,False,10
INT-003,35,intermittent,8,45.3,False,10
INT-003,36,intermittent,0,45.3,False,10
INT-003,37,intermittent,0,45.3,False,10
INT-003,38,intermittent,4,45.3,False,10
INT-003,39,intermittent,0,45.3,False,10
INT-003,40,intermittent,0,45.3,False,10
INT-003,41,intermittent,0,45.3,False,10
INT-003,42,intermittent,0,45.3,False,10
INT-003,43,intermittent,7,45.3,False,10
INT-003,44,intermittent,0,45.3,False,10
INT-003,45,intermittent,0,45.3,False,10
INT-003,46,intermittent,0,45.3,False,10
INT-003,47,intermittent,0,45.3,False,10
INT-003,48,intermittent,0,45.3,False,10
INT-003,49,intermittent,8,45.3,False,10
INT-003,50,intermittent,11,45.3,False,10
INT-003,51,intermittent,0,45.3,False,10
INT-003,52,intermittent,0,45.3,False,10
INT-003,53,intermittent,3,45.3,False,10
INT-003,54,intermittent,0,45.3,False,10
INT-003,55,intermittent,0,31.76,True,10
INT-003,56,intermittent,0,45.3,False,10
INT-003,57,intermittent,10,45.3,False,10
INT-003,58,intermittent,0,45.3,False,10
INT-003,59,intermittent,0,45.3,False,10
INT-003,60,intermittent,9,45.3,False,10
INT-003,61,intermittent,0,45.3,False,10
INT-003,62,intermittent,0,45.3,False,10
INT-003,63,intermittent,0,45.3,False,10
INT-003,64,intermittent,0,45.3,False,10
INT-003,65,intermittent,41,31.76,True,10
INT-003,66,intermittent,0,31.76,True,10
INT-003,67,intermittent,6,45.3,False,10
INT-003,68,intermittent,0,45.3,False,10
INT-003,69,intermittent,0,45.3,False,10
INT-003,70,intermittent,0,45.3,False,10
INT-003,71,intermittent,0,45.3,False,10
INT-003,72,intermittent,0,45.3,False,10
INT-003,73,intermittent,14,45.3,False,10
INT-003,74,intermittent,5,45.3,False,10
INT-003,75,intermittent,12,45.3,False,10
INT-003,76,intermittent,0,45.3,False,10
INT-003,77,intermittent,11,45.3,False,10
INT-003,78,intermittent,0,45.3,False,10
INT-003,79,intermittent,0,45.3,False,10
INT-003,80,intermittent,6,45.3,False,10
INT-003,81,intermittent,40,31.76,True,10
INT-003,82,intermittent,0,45.3,False,10
INT-003,83,intermittent,0,45.3,False,10
INT-003,84,intermittent,23,31.76,True,10
INT-003,85,intermittent,12,45.3,False,10
INT-003,86,intermittent,0,45.3,False,10
INT-003,87,intermittent,5,45.3,False,10
INT-003,88,intermittent,77,31.76,True,10
INT-003,89,intermittent,3,45.3,False,10
INT-003,90,intermittent,11,45.3,False,10
INT-003,91,intermittent,0,45.3,False,10
INT-003,92,intermittent,0,45.3,False,10
INT-003,93,intermittent,3,45.3,False,10
INT-003,94,intermittent,0,45.3,False,10
INT-003,95,intermittent,0,45.3,False,10
INT-003,96,intermittent,0,45.3,False,10
INT-003,97,intermittent,3,45.3,False,10
INT-003,98,intermittent,0,31.76,True,10
INT-003,99,intermittent,0,45.3,False,10
INT-003,100,intermittent,0,45.3,False,10
INT-003,101,intermittent,0,31.76,True,10
INT-003,102,intermittent,0,45.3,False,10
INT-003,103,intermittent,0,45.3,False,10
INT-004,0,intermittent,2,47.54,False,6
INT-004,1,intermittent,4,47.54,False,6
INT-004,2,intermittent,4,47.54,False,6
INT-004,3,intermittent,0,47.54,False,6
INT-004,4,intermittent,0,47.54,False,6
INT-004,5,intermittent,0,47.54,False,6
INT-004,6,intermittent,0,47.54,False,6
INT-004,7,intermittent,0,47.54,False,6
INT-004,8,intermittent,0,47.54,False,6
INT-004,9,intermittent,0,47.54,False,6
INT-004,10,intermittent,0,47.54,False,6
INT-004,11,intermittent,4,47.54,False,6
INT-004,12,intermittent,0,47.54,False,6
INT-004,13,intermittent,2,47.54,False,6
INT-004,14,intermittent,2,47.54,False,6
INT-004,15,intermittent,0,47.54,False,6
INT-004,16,intermittent,12,47.54,False,6
INT-004,17,intermittent,5,47.54,False,6
INT-004,18,intermittent,0,47.54,False,6
INT-004,19,intermittent,0,47.54,False,6
INT-004,20,intermittent,0,47.54,False,6
INT-004,21,intermittent,17,47.54,False,6
INT-004,22,intermittent,2,35.94,True,6
INT-004,23,intermittent,0,35.94,True,6
INT-004,24,intermittent,0,47.54,False,6
INT-004,25,intermittent,0,47.54,False,6
INT-004,26,intermittent,0,35.94,True,6
INT-004,27,intermittent,0,47.54,False,6
INT-004,28,intermittent,0,47.54,False,6
INT-004,29,intermittent,2,47.54,False,6
INT-004,30,intermittent,0,47.54,False,6
INT-004,31,intermittent,0,47.54,False,6
INT-004,32,intermittent,7,47.54,False,6
INT-004,33,intermittent,1,47.54,False,6
INT-004,34,intermittent,0,47.54,False,6
INT-004,35,intermittent,10,47.54,False,6
INT-004,36,intermittent,0,47.54,False,6
INT-004,37,intermittent,0,47.54,False,6
INT-004,38,intermittent,0,47.54,False,6
INT-004,39,intermittent,0,47.54,False,6
INT-004,40,intermittent,0,47.54,False,6
INT-004,41,intermittent,0,47.54,False,6
INT-004,42,intermittent,8,47.54,False,6
INT-004,43,intermittent,0,47.54,False,6
INT-004,44,intermittent,5,47.54,False,6
INT-004,45,intermittent,15,47.54,False,6
INT-004,46,intermittent,0,47.54,False,6
INT-004,47,intermittent,0,35.94,True,6
INT-004,48,intermittent,0,47.54,False,6
INT-004,49,intermittent,0,47.54,False,6
INT-004,50,intermittent,0,47.54,False,6
INT-004,51,intermittent,0,47.54,False,6
INT-004,52,intermittent,0,47.54,False,6
INT-004,53,intermittent,0,47.54,False,6
INT-004,54,intermittent,2,47.54,False,6
INT-004,55,intermittent,0,47.54,False,6
INT-004,56,intermittent,0,47.54,False,6
INT-004,57,intermittent,0,47.54,False,6
INT-004,58,intermittent,0,47.54,False,6
INT-004,59,intermittent,12,47.54,False,6
INT-004,60,intermittent,0,47.54,False,6
INT-004,61,intermittent,0,47.54,False,6
INT-004,62,intermittent,6,47.54,False,6
INT-004,63,intermittent,0,47.54,False,6
INT-004,64,intermittent,14,47.54,False,6
INT-004,65,intermittent,2,47.54,False,6
INT-004,66,intermittent,0,47.54,False,6
INT-004,67,intermittent,0,47.54,False,6
INT-004,68,intermittent,0,47.54,False,6
INT-004,69,intermittent,0,47.54,False,6
INT-004,70,intermittent,0,47.54,False,6
INT-004,71,intermittent,0,35.94,True,6
INT-004,72,intermittent,0,47.54,False,6
INT-004,73,intermittent,0,47.54,False,6
INT-004,74,intermittent,0,47.54,False,6
INT-004,75,intermittent,0,47.54,False,6
INT-004,76,intermittent,0,47.54,False,6
INT-004,77,intermittent,0,47.54,False,6
INT-004,78,intermittent,0,35.94,True,6
INT-004,79,intermittent,0,47.54,False,6
INT-004,80,intermittent,0,47.54,False,6
INT-004,81,intermittent,0,47.54,False,6
INT-004,82,intermittent,0,47.54,False,6
INT-004,83,intermittent,0,47.54,False,6
INT-004,84,intermittent,0,47.54,False,6
INT-004,85,intermittent,3,47.54,False,6
INT-004,86,intermittent,0,47.54,False,6
INT-004,87,intermittent,0,47.54,False,6
INT-004,88,intermittent,0,47.54,False,6
INT-004,89,intermittent,1,47.54,False,6
INT-004,90,intermittent,0,47.54,False,6
INT-004,91,intermittent,0,47.54,False,6
INT-004,92,intermittent,7,47.54,False,6
INT-004,93,intermittent,0,47.54,False,6
INT-004,94,intermittent,0,47.54,False,6
INT-004,95,intermittent,0,47.54,False,6
INT-004,96,intermittent,7,47.54,False,6
INT-004,97,intermittent,0,47.54,False,6
INT-004,98,intermittent,2,47.54,False,6
INT-004,99,intermittent,0,47.54,False,6
INT-004,100,intermittent,1,47.54,False,6
INT-004,101,intermittent,0,47.54,False,6
INT-004,102,intermittent,0,47.54,False,6
INT-004,103,intermittent,0,47.54,False,6
INT-005,0,intermittent,0,24.67,True,8
INT-005,1,intermittent,0,31.01,False,8
INT-005,2,intermittent,0,31.01,False,8
INT-005,3,intermittent,0,31.01,False,8
INT-005,4,intermittent,0,31.01,False,8
INT-005,5,intermittent,0,31.01,False,8
INT-005,6,intermittent,15,31.01,False,8
INT-005,7,intermittent,16,31.01,False,8
INT-005,8,intermittent,9,31.01,False,8
INT-005,9,intermittent,0,31.01,False,8
INT-005,10,intermittent,0,31.01,False,8
INT-005,11,intermittent,7,31.01,False,8
INT-005,12,intermittent,0,31.01,False,8
INT-005,13,intermittent,0,31.01,False,8
INT-005,14,intermittent,10,31.01,False,8
INT-005,15,intermittent,13,31.01,False,8
INT-005,16,intermittent,0,31.01,False,8
INT-005,17,intermittent,12,31.01,False,8
INT-005,18,intermittent,11,31.01,False,8
INT-005,19,intermittent,0,31.01,False,8
INT-005,20,intermittent,15,31.01,False,8
INT-005,21,intermittent,0,31.01,False,8
INT-005,22,intermittent,0,31.01,False,8
INT-005,23,intermittent,25,31.01,False,8
INT-005,24,intermittent,0,24.67,True,8
INT-005,25,intermittent,4,31.01,False,8
INT-005,26,intermittent,11,31.01,False,8
INT-005,27,intermittent,5,31.01,False,8
INT-005,28,intermittent,0,31.01,False,8
INT-005,29,intermittent,0,31.01,False,8
INT-005,30,intermittent,0,24.67,True,8
INT-005,31,intermittent,16,31.01,False,8
INT-005,32,intermittent,5,31.01,False,8
INT-005,33,intermittent,0,24.67,True,8
INT-005,34,intermittent,0,31.01,False,8
INT-005,35,intermittent,0,31.01,False,8
INT-005,36,intermittent,0,31.01,False,8
INT-005,37,intermittent,17,31.01,False,8
INT-005,38,intermittent,0,31.01,False,8
INT-005,39,intermittent,0,31.01,False,8
INT-005,40,intermittent,0,31.01,False,8
INT-005,41,intermittent,0,31.01,False,8
INT-005,42,intermittent,6,31.01,False,8
INT-005,43,intermittent,17,31.01,False,8
INT-005,44,intermittent,0,31.01,False,8
INT-005,45,intermittent,0,31.01,False,8
INT-005,46,intermittent,0,31.01,False,8
INT-005,47,intermittent,0,31.01,False,8
INT-005,48,intermittent,0,31.01,False,8
INT-005,49,intermittent,0,31.01,False,8
INT-005,50,intermittent,0,31.01,False,8
INT-005,51,intermittent,0,31.01,False,8
INT-005,52,intermittent,0,31.01,False,8
INT-005,53,intermittent,0,31.01,False,8
INT-005,54,intermittent,0,31.01,False,8
INT-005,55,intermittent,0,31.01,False,8
INT-005,56,intermittent,0,31.01,False,8
INT-005,57,intermittent,19,31.01,False,8
INT-005,58,intermittent,0,31.01,False,8
INT-005,59,intermittent,0,31.01,False,8
INT-005,60,intermittent,0,31.01,False,8
INT-005,61,intermittent,0,31.01,False,8
INT-005,62,intermittent,0,31.01,False,8
INT-005,63,intermittent,16,31.01,False,8
INT-005,64,intermittent,0,31.01,False,8
INT-005,65,intermittent,0,31.01,False,8
INT-005,66,intermittent,0,31.01,False,8
INT-005,67,intermittent,0,24.67,True,8
INT-005,68,intermittent,0,31.01,False,8
INT-005,69,intermittent,4,31.01,False,8
INT-005,70,intermittent,0,31.01,False,8
INT-005,71,intermittent,0,31.01,False,8
INT-005,72,intermittent,3,31.01,False,8
INT-005,73,intermittent,11,31.01,False,8
INT-005,74,intermittent,16,31.01,False,8
INT-005,75,intermittent,0,31.01,False,8
INT-005,76,intermittent,5,31.01,False,8
INT-005,77,intermittent,0,31.01,False,8
INT-005,78,intermittent,0,31.01,False,8
INT-005,79,intermittent,16,31.01,False,8
INT-005,80,intermittent,28,31.01,False,8
INT-005,81,intermittent,0,31.01,False,8
INT-005,82,intermittent,14,31.01,False,8
INT-005,83,intermittent,0,31.01,False,8
INT-005,84,intermittent,0,31.01,False,8
INT-005,85,intermittent,0,31.01,False,8
INT-005,86,intermittent,0,31.01,False,8
INT-005,87,intermittent,0,31.01,False,8
INT-005,88,intermittent,7,31.01,False,8
INT-005,89,intermittent,0,31.01,False,8
INT-005,90,intermittent,0,31.01,False,8
INT-005,91,intermittent,13,31.01,False,8
INT-005,92,intermittent,0,31.01,False,8
INT-005,93,intermittent,0,31.01,False,8
INT-005,94,intermittent,0,31.01,False,8
INT-005,95,intermittent,0,31.01,False,8
INT-005,96,intermittent,6,31.01,False,8
INT-005,97,intermittent,6,31.01,False,8
INT-005,98,intermittent,0,31.01,False,8
INT-005,99,intermittent,26,31.01,False,8
INT-005,100,intermittent,11,31.01,False,8
INT-005,101,intermittent,5,31.01,False,8
INT-005,102,intermittent,0,24.67,True,8
INT-005,103,intermittent,14,31.01,False,8
INT-006,0,intermittent,0,56.18,False,8
INT-006,1,intermittent,6,56.18,False,8
INT-006,2,intermittent,0,56.18,False,8
INT-006,3,intermittent,0,56.18,False,8
INT-006,4,intermittent,19,56.18,False,8
INT-006,5,intermittent,0,56.18,False,8
INT-006,6,intermittent,0,56.18,False,8
INT-006,7,intermittent,2,56.18,False,8
INT-006,8,intermittent,9,56.18,False,8
INT-006,9,intermittent,0,56.18,False,8
INT-006,10,intermittent,0,56.18,False,8
INT-006,11,intermittent,2,56.18,False,8
INT-006,12,intermittent,10,56.18,False,8
INT-006,13,intermittent,16,56.18,False,8
INT-006,14,intermittent,0,56.18,False,8
INT-006,15,intermittent,0,56.18,False,8
INT-006,16,intermittent,14,56.18,False,8
INT-006,17,intermittent,9,56.18,False,8
INT-006,18,intermittent,13,56.18,False,8
INT-006,19,intermittent,0,56.18,False,8
INT-006,20,intermittent,0,56.18,False,8
INT-006,21,intermittent,5,56.18,False,8
INT-006,22,intermittent,0,56.18,False,8
INT-006,23,intermittent,0,56.18,False,8
INT-006,24,intermittent,0,56.18,False,8
INT-006,25,intermittent,0,56.18,False,8
INT-006,26,intermittent,0,56.18,False,8
INT-006,27,intermittent,0,56.18,False,8
INT-006,28,intermittent,0,56.18,False,8
INT-006,29,intermittent,4,56.18,False,8
INT-006,30,intermittent,8,56.18,False,8
INT-006,31,intermittent,18,56.18,False,8
INT-006,32,intermittent,0,56.18,False,8
INT-006,33,intermittent,16,56.18,False,8
INT-006,34,intermittent,0,56.18,False,8
INT-006,35,intermittent,0,56.18,False,8
INT-006,36,intermittent,0,56.18,False,8
INT-006,37,intermittent,9,56.18,False,8
INT-006,38,intermittent,0,56.18,False,8
INT-006,39,intermittent,0,56.18,False,8
INT-006,40,intermittent,0,56.18,False,8
INT-006,41,intermittent,13,56.18,False,8
INT-006,42,intermittent,0,56.18,False,8
INT-006,43,intermittent,21,56.18,False,8
INT-006,44,intermittent,0,56.18,False,8
INT-006,45,intermittent,10,56.18,False,8
INT-006,46,intermittent,0,56.18,False,8
INT-006,47,intermittent,0,56.18,False,8
INT-006,48,intermittent,0,56.18,False,8
INT-006,49,intermittent,16,56.18,False,8
INT-006,50,intermittent,0,56.18,False,8
INT-006,51,intermittent,6,56.18,False,8
INT-006,52,intermittent,2,56.18,False,8
INT-006,53,intermittent,3,56.18,False,8
INT-006,54,intermittent,0,56.18,False,8
INT-006,55,intermittent,0,56.18,False,8
INT-006,56,intermittent,0,56.18,False,8
INT-006,57,intermittent,0,56.18,False,8
INT-006,58,intermittent,0,56.18,False,8
INT-006,59,intermittent,0,56.18,False,8
INT-006,60,intermittent,0,56.18,False,8
INT-006,61,intermittent,0,56.18,False,8
INT-006,62,intermittent,0,56.18,False,8
INT-006,63,intermittent,0,56.18,False,8
INT-006,64,intermittent,23,56.18,False,8
INT-006,65,intermittent,0,56.18,False,8
INT-006,66,intermittent,0,56.18,False,8
INT-006,67,intermittent,0,56.18,False,8
INT-006,68,intermittent,11,56.18,False,8
INT-006,69,intermittent,0,56.18,False,8
INT-006,70,intermittent,0,56.18,False,8
INT-006,71,intermittent,0,45.26,True,8
INT-006,72,intermittent,8,56.18,False,8
INT-006,73,intermittent,2,56.18,False,8
INT-006,74,intermittent,0,56.18,False,8
INT-006,75,intermittent,4,56.18,False,8
INT-006,76,intermittent,0,56.18,False,8
INT-006,77,intermittent,0,56.18,False,8
INT-006,78,intermittent,0,56.18,False,8
INT-006,79,intermittent,10,56.18,False,8
INT-006,80,intermittent,0,56.18,False,8
INT-006,81,intermittent,0,56.18,False,8
INT-006,82,intermittent,8,56.18,False,8
INT-006,83,intermittent,1,56.18,False,8
INT-006,84,intermittent,0,56.18,False,8
INT-006,85,intermittent,2,56.18,False,8
INT-006,86,intermittent,15,56.18,False,8
INT-006,87,intermittent,0,56.18,False,8
INT-006,88,intermittent,0,56.18,False,8
INT-006,89,intermittent,6,56.18,False,8
INT-006,90,intermittent,0,56.18,False,8
INT-006,91,intermittent,0,56.18,False,8
INT-006,92,intermittent,0,56.18,False,8
INT-006,93,intermittent,11,56.18,False,8
INT-006,94,intermittent,0,56.18,False,8
INT-006,95,intermittent,8,56.18,False,8
INT-006,96,intermittent,0,56.18,False,8
INT-006,97,intermittent,0,56.18,False,8
INT-006,98,intermittent,0,56.18,False,8
INT-006,99,intermittent,0,56.18,False,8
INT-006,100,intermittent,0,45.26,True,8
INT-006,101,intermittent,4,56.18,False,8
INT-006,102,intermittent,0,56.18,False,8
INT-006,103,intermittent,11,56.18,False,8
INT-007,0,intermittent,0,31.51,False,6
INT-007,1,intermittent,0,31.51,False,6
INT-007,2,intermittent,0,31.51,False,6
INT-007,3,intermittent,0,31.51,False,6
INT-007,4,intermittent,12,31.51,False,6
INT-007,5,intermittent,0,31.51,False,6
INT-007,6,intermittent,0,31.51,False,6
INT-007,7,intermittent,0,31.51,False,6
INT-007,8,intermittent,0,31.51,False,6
INT-007,9,intermittent,0,31.51,False,6
INT-007,10,intermittent,5,31.51,False,6
INT-007,11,intermittent,7,31.51,False,6
INT-007,12,intermittent,0,31.51,False,6
INT-007,13,intermittent,11,31.51,False,6
INT-007,14,intermittent,0,31.51,False,6
INT-007,15,intermittent,0,31.51,False,6
INT-007,16,intermittent,0,31.51,False,6
INT-007,17,intermittent,0,31.51,False,6
INT-007,18,intermittent,0,31.51,False,6
INT-007,19,intermittent,0,31.51,False,6
INT-007,20,intermittent,6,31.51,False,6
INT-007,21,intermittent,2,31.51,False,6
INT-007,22,intermittent,19,31.51,False,6
INT-007,23,intermittent,0,31.51,False,6
INT-007,24,intermittent,16,31.51,False,6
INT-007,25,intermittent,0,31.51,False,6
INT-007,26,intermittent,0,31.51,False,6
INT-007,27,intermittent,6,31.51,False,6
INT-007,28,intermittent,0,31.51,False,6
INT-007,29,intermittent,0,31.51,False,6
INT-007,30,intermittent,0,24.25,True,6
INT-007,31,intermittent,0,31.51,False,6
INT-007,32,intermittent,0,31.51,False,6
INT-007,33,intermittent,0,31.51,False,6
INT-007,34,intermittent,0,31.51,False,6
INT-007,35,intermittent,0,31.51,False,6
INT-007,36,intermittent,11,31.51,False,6
INT-007,37,intermittent,0,31.51,False,6
INT-007,38,intermittent,0,31.51,False,6
INT-007,39,intermittent,0,31.51,False,6
INT-007,40,intermittent,0,31.51,False,6
INT-007,41,intermittent,0,24.25,True,6
INT-007,42,intermittent,0,31.51,False,6
INT-007,43,intermittent,0,31.51,False,6
INT-007,44,intermittent,0,31.51,False,6
INT-007,45,intermittent,0,31.51,False,6
INT-007,46,intermittent,14,31.51,False,6
INT-007,47,intermittent,0,31.51,False,6
INT-007,48,intermittent,0,31.51,False,6
INT-007,49,intermittent,0,31.51,False,6
INT-007,50,intermittent,0,31.51,False,6
INT-007,51,intermittent,0,31.51,False,6
INT-007,52,intermittent,0,31.51,False,6
INT-007,53,intermittent,0,31.51,False,6
INT-007,54,intermittent,11,31.51,False,6
INT-007,55,intermittent,0,31.51,False,6
INT-007,56,intermittent,11,31.51,False,6
INT-007,57,intermittent,19,31.51,False,6
INT-007,58,intermittent,20,31.51,False,6
INT-007,59,intermittent,10,31.51,False,6
INT-007,60,intermittent,0,31.51,False,6
INT-007,61,intermittent,0,31.51,False,6
INT-007,62,intermittent,0,31.51,False,6
INT-007,63,intermittent,14,31.51,False,6
INT-007,64,intermittent,0,31.51,False,6
INT-007,65,intermittent,0,31.51,False,6
INT-007,66,intermittent,0,31.51,False,6
INT-007,67,intermittent,11,31.51,False,6
INT-007,68,intermittent,0,31.51,False,6
INT-007,69,intermittent,0,31.51,False,6
INT-007,70,intermittent,0,31.51,False,6
INT-007,71,intermittent,15,31.51,False,6
INT-007,72,intermittent,7,31.51,False,6
INT-007,73,intermittent,0,31.51,False,6
INT-007,74,intermittent,0,31.51,False,6
INT-007,75,intermittent,0,31.51,False,6
INT-007,76,intermittent,0,31.51,False,6
INT-007,77,intermittent,0,31.51,False,6
INT-007,78,intermittent,0,24.25,True,6
INT-007,79,intermittent,0,31.51,False,6
INT-007,80,intermittent,25,24.25,True,6
INT-007,81,intermittent,0,31.51,False,6
INT-007,82,intermittent,0,31.51,False,6
INT-007,83,intermittent,4,31.51,False,6
INT-007,84,intermittent,9,31.51,False,6
INT-007,85,intermittent,0,31.51,False,6
INT-007,86,intermittent,0,31.51,False,6
INT-007,87,intermittent,0,31.51,False,6
INT-007,88,intermittent,0,31.51,False,6
INT-007,89,intermittent,0,31.51,False,6
INT-007,90,intermittent,0,31.51,False,6
INT-007,91,intermittent,8,31.51,False,6
INT-007,92,intermittent,3,31.51,False,6
INT-007,93,intermittent,0,31.51,False,6
INT-007,94,intermittent,0,31.51,False,6
INT-007,95,intermittent,0,31.51,False,6
INT-007,96,intermittent,7,31.51,False,6
INT-007,97,intermittent,13,31.51,False,6
INT-007,98,intermittent,0,31.51,False,6
INT-007,99,intermittent,13,24.25,True,6
INT-007,100,intermittent,0,31.51,False,6
INT-007,101,intermittent,11,31.51,False,6
INT-007,102,intermittent,12,31.51,False,6
INT-007,103,intermittent,0,24.25,True,6
INT-008,0,intermittent,0,45.71,False,7
INT-008,1,intermittent,0,45.71,False,7
INT-008,2,intermittent,0,45.71,False,7
INT-008,3,intermittent,0,45.71,False,7
INT-008,4,intermittent,0,45.71,False,7
INT-008,5,intermittent,0,45.71,False,7
INT-008,6,intermittent,5,45.71,False,7
INT-008,7,intermittent,0,45.71,False,7
INT-008,8,intermittent,1,45.71,False,7
INT-008,9,intermittent,5,45.71,False,7
INT-008,10,intermittent,0,45.71,False,7
INT-008,11,intermittent,3,45.71,False,7
INT-008,12,intermittent,0,45.71,False,7
INT-008,13,intermittent,0,45.71,False,7
INT-008,14,intermittent,0,45.71,False,7
INT-008,15,intermittent,0,45.71,False,7
INT-008,16,intermittent,0,45.71,False,7
INT-008,17,intermittent,0,45.71,False,7
INT-008,18,intermittent,0,45.71,False,7
INT-008,19,intermittent,0,45.71,False,7
INT-008,20,intermittent,0,45.71,False,7
INT-008,21,intermittent,0,45.71,False,7
INT-008,22,intermittent,0,38.44,True,7
INT-008,23,intermittent,0,45.71,False,7
INT-008,24,intermittent,0,45.71,False,7
INT-008,25,intermittent,0,45.71,False,7
INT-008,26,intermittent,4,45.71,False,7
INT-008,27,intermittent,0,45.71,False,7
INT-008,28,intermittent,2,45.71,False,7
INT-008,29,intermittent,0,45.71,False,7
INT-008,30,intermittent,0,45.71,False,7
INT-008,31,intermittent,0,45.71,False,7
INT-008,32,intermittent,0,45.71,False,7
INT-008,33,intermittent,0,45.71,False,7
INT-008,34,intermittent,0,45.71,False,7
INT-008,35,intermittent,4,45.71,False,7
INT-008,36,intermittent,0,38.44,True,7
INT-008,37,intermittent,0,45.71,False,7
INT-008,38,intermittent,4,38.44,True,7
INT-008,39,intermittent,0,45.71,False,7
INT-008,40,intermittent,0,45.71,False,7
INT-008,41,intermittent,0,45.71,False,7
INT-008,42,intermittent,0,45.71,False,7
INT-008,43,intermittent,0,45.71,False,7
INT-008,44,intermittent,0,45.71,False,7
INT-008,45,intermittent,0,45.71,False,7
INT-008,46,intermittent,5,45.71,False,7
INT-008,47,intermittent,0,45.71,False,7
INT-008,48,intermittent,0,45.71,False,7
INT-008,49,intermittent,0,45.71,False,7
INT-008,50,intermittent,0,45.71,False,7
INT-008,51,intermittent,0,45.71,False,7
INT-008,52,intermittent,0,45.71,False,7
INT-008,53,intermittent,0,45.71,False,7
INT-008,54,intermittent,0,45.71,False,7
INT-008,55,intermittent,0,45.71,False,7
INT-008,56,intermittent,0,45.71,False,7
INT-008,57,intermittent,0,45.71,False,7
INT-008,58,intermittent,0,45.71,False,7
INT-008,59,intermittent,3,45.71,False,7
INT-008,60,intermittent,0,45.71,False,7
INT-008,61,intermittent,0,45.71,False,7
INT-008,62,intermittent,0,45.71,False,7
INT-008,63,intermittent,0,45.71,False,7
INT-008,64,intermittent,0,45.71,False,7
INT-008,65,intermittent,4,45.71,False,7
INT-008,66,intermittent,0,45.71,False,7
INT-008,67,intermittent,0,45.71,False,7
INT-008,68,intermittent,3,45.71,False,7
INT-008,69,intermittent,0,45.71,False,7
INT-008,70,intermittent,0,38.44,True,7
INT-008,71,intermittent,0,45.71,False,7
INT-008,72,intermittent,0,45.71,False,7
INT-008,73,intermittent,0,45.71,False,7
INT-008,74,intermittent,0,45.71,False,7
INT-008,75,intermittent,0,45.71,False,7
INT-008,76,intermittent,0,45.71,False,7
INT-008,77,intermittent,7,45.71,False,7
INT-008,78,intermittent,1,45.71,False,7
INT-008,79,intermittent,0,45.71,False,7
INT-008,80,intermittent,0,45.71,False,7
INT-008,81,intermittent,0,45.71,False,7
INT-008,82,intermittent,0,45.71,False,7
INT-008,83,intermittent,0,45.71,False,7
INT-008,84,intermittent,0,45.71,False,7
INT-008,85,intermittent,0,45.71,False,7
INT-008,86,intermittent,0,45.71,False,7
INT-008,87,intermittent,0,38.44,True,7
INT-008,88,intermittent,0,45.71,False,7
INT-008,89,intermittent,2,45.71,False,7
INT-008,90,intermittent,0,45.71,False,7
INT-008,91,intermittent,0,45.71,False,7
INT-008,92,intermittent,0,45.71,False,7
INT-008,93,intermittent,0,45.71,False,7
INT-008,94,intermittent,0,45.71,False,7
INT-008,95,intermittent,0,45.71,False,7
INT-008,96,intermittent,2,45.71,False,7
INT-008,97,intermittent,2,45.71,False,7
INT-008,98,intermittent,0,45.71,False,7
INT-008,99,intermittent,0,45.71,False,7
INT-008,100,intermittent,6,38.44,True,7
INT-008,101,intermittent,0,45.71,False,7
INT-008,102,intermittent,0,45.71,False,7
INT-008,103,intermittent,0,45.71,False,7
INT-009,0,intermittent,0,54.02,False,7
INT-009,1,intermittent,0,54.02,False,7
INT-009,2,intermittent,0,54.02,False,7
INT-009,3,intermittent,3,54.02,False,7
INT-009,4,intermittent,0,54.02,False,7
INT-009,5,intermittent,1,54.02,False,7
INT-009,6,intermittent,8,54.02,False,7
INT-009,7,intermittent,0,54.02,False,7
INT-009,8,intermittent,17,54.02,False,7
INT-009,9,intermittent,0,54.02,False,7
INT-009,10,intermittent,0,54.02,False,7
INT-009,11,intermittent,1,54.02,False,7
INT-009,12,intermittent,13,54.02,False,7
INT-009,13,intermittent,5,54.02,False,7
INT-009,14,intermittent,0,54.02,False,7
INT-009,15,intermittent,0,54.02,False,7
INT-009,16,intermittent,0,54.02,False,7
INT-009,17,intermittent,20,54.02,False,7
INT-009,18,intermittent,0,54.02,False,7
INT-009,19,intermittent,5,54.02,False,7
INT-009,20,intermittent,0,54.02,False,7
INT-009,21,intermittent,0,54.02,False,7
INT-009,22,intermittent,8,54.02,False,7
INT-009,23,intermittent,0,54.02,False,7
INT-009,24,intermittent,6,54.02,False,7
INT-009,25,intermittent,0,54.02,False,7
INT-009,26,intermittent,0,54.02,False,7
INT-009,27,intermittent,0,54.02,False,7
INT-009,28,intermittent,0,54.02,False,7
INT-009,29,intermittent,8,54.02,False,7
INT-009,30,intermittent,0,54.02,False,7
INT-009,31,intermittent,0,54.02,False,7
INT-009,32,intermittent,0,54.02,False,7
INT-009,33,intermittent,0,38.44,True,7
INT-009,34,intermittent,0,54.02,False,7
INT-009,35,intermittent,0,54.02,False,7
INT-009,36,intermittent,0,54.02,False,7
INT-009,37,intermittent,0,54.02,False,7
INT-009,38,intermittent,0,54.02,False,7
INT-009,39,intermittent,0,54.02,False,7
INT-009,40,intermittent,0,54.02,False,7
INT-009,41,intermittent,0,54.02,False,7
INT-009,42,intermittent,0,54.02,False,7
INT-009,43,intermittent,0,54.02,False,7
INT-009,44,intermittent,0,54.02,False,7
INT-009,45,intermittent,8,54.02,False,7
INT-009,46,intermittent,14,54.02,False,7
INT-009,47,intermittent,0,54.02,False,7
INT-009,48,intermittent,0,54.02,False,7
INT-009,49,intermittent,0,54.02,False,7
INT-009,50,intermittent,0,54.02,False,7
INT-009,51,intermittent,0,54.02,False,7
INT-009,52,intermittent,26,54.02,False,7
INT-009,53,intermittent,0,54.02,False,7
INT-009,54,intermittent,0,38.44,True,7
INT-009,55,intermittent,0,54.02,False,7
INT-009,56,intermittent,0,54.02,False,7
INT-009,57,intermittent,0,54.02,False,7
INT-009,58,intermittent,0,54.02,False,7
INT-009,59,intermittent,10,54.02,False,7
INT-009,60,intermittent,3,54.02,False,7
INT-009,61,intermittent,0,54.02,False,7
INT-009,62,intermittent,0,38.44,True,7
INT-009,63,intermittent,0,38.44,True,7
INT-009,64,intermittent,7,54.02,False,7
INT-009,65,intermittent,0,54.02,False,7
INT-009,66,intermittent,0,54.02,False,7
INT-009,67,intermittent,0,54.02,False,7
INT-009,68,intermittent,0,54.02,False,7
INT-009,69,intermittent,21,54.02,False,7
INT-009,70,intermittent,0,54.02,False,7
INT-009,71,intermittent,0,54.02,False,7
INT-009,72,intermittent,11,54.02,False,7
INT-009,73,intermittent,0,38.44,True,7
INT-009,74,intermittent,0,54.02,False,7
INT-009,75,intermittent,0,54.02,False,7
INT-009,76,intermittent,17,54.02,False,7
INT-009,77,intermittent,0,54.02,False,7
INT-009,78,intermittent,0,54.02,False,7
INT-009,79,intermittent,0,54.02,False,7
INT-009,80,intermittent,0,54.02,False,7
INT-009,81,intermittent,0,54.02,False,7
INT-009,82,intermittent,0,38.44,True,7
INT-009,83,intermittent,0,54.02,False,7
INT-009,84,intermittent,0,54.02,False,7
INT-009,85,intermittent,0,54.02,False,7
INT-009,86,intermittent,0,54.02,False,7
INT-009,87,intermittent,18,54.02,False,7
INT-009,88,intermittent,0,54.02,False,7
INT-009,89,intermittent,0,38.44,True,7
INT-009,90,intermittent,0,54.02,False,7
INT-009,91,intermittent,0,54.02,False,7
INT-009,92,intermittent,20,54.02,False,7
INT-009,93,intermittent,4,54.02,False,7
INT-009,94,intermittent,0,54.02,False,7
INT-009,95,intermittent,0,54.02,False,7
INT-009,96,intermittent,0,54.02,False,7
INT-009,97,intermittent,0,38.44,True,7
INT-009,98,intermittent,21,54.02,False,7
INT-009,99,intermittent,0,54.02,False,7
INT-009,100,intermittent,9,54.02,False,7
INT-009,101,intermittent,20,54.02,False,7
INT-009,102,intermittent,0,54.02,False,7
INT-009,103,intermittent,0,54.02,False,7
INT-010,0,intermittent,0,48.43,False,9
INT-010,1,intermittent,0,48.43,False,9
INT-010,2,intermittent,0,48.43,False,9
INT-010,3,intermittent,0,48.43,False,9
INT-010,4,intermittent,0,48.43,False,9
INT-010,5,intermittent,0,48.43,False,9
INT-010,6,intermittent,0,48.43,False,9
INT-010,7,intermittent,0,48.43,False,9
INT-010,8,intermittent,9,48.43,False,9
INT-010,9,intermittent,0,48.43,False,9
INT-010,10,intermittent,0,48.43,False,9
INT-010,11,intermittent,0,48.43,False,9
INT-010,12,intermittent,0,48.43,False,9
INT-010,13,intermittent,0,48.43,False,9
INT-010,14,intermittent,0,48.43,False,9
INT-010,15,intermittent,0,48.43,False,9
INT-010,16,intermittent,4,48.43,False,9
INT-010,17,intermittent,0,48.43,False,9
INT-010,18,intermittent,0,48.43,False,9
INT-010,19,intermittent,0,48.43,False,9
INT-010,20,intermittent,7,48.43,False,9
INT-010,21,intermittent,21,48.43,False,9
INT-010,22,intermittent,0,48.43,False,9
INT-010,23,intermittent,15,48.43,False,9
INT-010,24,intermittent,4,48.43,False,9
INT-010,25,intermittent,1,48.43,False,9
INT-010,26,intermittent,0,48.43,False,9
INT-010,27,intermittent,0,48.43,False,9
INT-010,28,intermittent,0,48.43,False,9
INT-010,29,intermittent,0,48.43,False,9
INT-010,30,intermittent,0,48.43,False,9
INT-010,31,intermittent,0,48.43,False,9
INT-010,32,intermittent,0,48.43,False,9
INT-010,33,intermittent,0,48.43,False,9
INT-010,34,intermittent,0,48.43,False,9
INT-010,35,intermittent,17,48.43,False,9
INT-010,36,intermittent,0,48.43,False,9
INT-010,37,intermittent,0,48.43,False,9
INT-010,38,intermittent,0,48.43,False,9
INT-010,39,intermittent,6,48.43,False,9
INT-010,40,intermittent,0,48.43,False,9
INT-010,41,intermittent,0,48.43,False,9
INT-010,42,intermittent,0,48.43,False,9
INT-010,43,intermittent,0,48.43,False,9
INT-010,44,intermittent,0,48.43,False,9
INT-010,45,intermittent,0,48.43,False,9
INT-010,46,intermittent,21,48.43,False,9
INT-010,47,intermittent,0,48.43,False,9
INT-010,48,intermittent,0,48.43,False,9
INT-010,49,intermittent,0,48.43,False,9
INT-010,50,intermittent,6,48.43,False,9
INT-010,51,intermittent,0,48.43,False,9
INT-010,52,intermittent,0,38.53,True,9
INT-010,53,intermittent,0,48.43,False,9
INT-010,54,intermittent,0,48.43,False,9
INT-010,55,intermittent,0,48.43,False,9
INT-010,56,intermittent,0,48.43,False,9
INT-010,57,intermittent,0,48.43,False,9
INT-010,58,intermittent,0,48.43,False,9
INT-010,59,intermittent,0,48.43,False,9
INT-010,60,intermittent,0,48.43,False,9
INT-010,61,intermittent,0,48.43,False,9
INT-010,62,intermittent,0,48.43,False,9
INT-010,63,intermittent,0,48.43,False,9
INT-010,64,intermittent,0,48.43,False,9
INT-010,65,intermittent,0,48.43,False,9
INT-010,66,intermittent,0,48.43,False,9
INT-010,67,intermittent,0,48.43,False,9
INT-010,68,intermittent,0,48.43,False,9
INT-010,69,intermittent,0,48.43,False,9
INT-010,70,intermittent,0,48.43,False,9
INT-010,71,intermittent,0,48.43,False,9
INT-010,72,intermittent,0,48.43,False,9
INT-010,73,intermittent,0,48.43,False,9
INT-010,74,intermittent,0,48.43,False,9
INT-010,75,intermittent,0,48.43,False,9
INT-010,76,intermittent,0,48.43,False,9
INT-010,77,intermittent,0,48.43,False,9
INT-010,78,intermittent,0,48.43,False,9
INT-010,79,intermittent,0,48.43,False,9
INT-010,80,intermittent,0,38.53,True,9
INT-010,81,intermittent,0,48.43,False,9
INT-010,82,intermittent,0,48.43,False,9
INT-010,83,intermittent,0,48.43,False,9
INT-010,84,intermittent,12,48.43,False,9
INT-010,85,intermittent,0,48.43,False,9
INT-010,86,intermittent,7,48.43,False,9
INT-010,87,intermittent,0,48.43,False,9
INT-010,88,intermittent,0,48.43,False,9
INT-010,89,intermittent,0,48.43,False,9
INT-010,90,intermittent,0,48.43,False,9
INT-010,91,intermittent,0,48.43,False,9
INT-010,92,intermittent,0,48.43,False,9
INT-010,93,intermittent,0,48.43,False,9
INT-010,94,intermittent,0,48.43,False,9
INT-010,95,intermittent,0,48.43,False,9
INT-010,96,intermittent,0,48.43,False,9
INT-010,97,intermittent,0,48.43,False,9
INT-010,98,intermittent,0,48.43,False,9
INT-010,99,intermittent,0,48.43,False,9
INT-010,100,intermittent,0,48.43,False,9
INT-010,101,intermittent,0,48.43,False,9
INT-010,102,intermittent,0,48.43,False,9
INT-010,103,intermittent,0,48.43,False,9
INT-011,0,intermittent,0,70.19,False,9
INT-011,1,intermittent,0,70.19,False,9
INT-011,2,intermittent,0,70.19,False,9
INT-011,3,intermittent,3,70.19,False,9
INT-011,4,intermittent,2,70.19,False,9
INT-011,5,intermittent,2,70.19,False,9
INT-011,6,intermittent,0,70.19,False,9
INT-011,7,intermittent,0,70.19,False,9
INT-011,8,intermittent,0,70.19,False,9
INT-011,9,intermittent,2,70.19,False,9
INT-011,10,intermittent,0,70.19,False,9
INT-011,11,intermittent,0,70.19,False,9
INT-011,12,intermittent,0,70.19,False,9
INT-011,13,intermittent,0,70.19,False,9
INT-011,14,intermittent,7,58.69,True,9
INT-011,15,intermittent,0,70.19,False,9
INT-011,16,intermittent,0,58.69,True,9
INT-011,17,intermittent,0,70.19,False,9
INT-011,18,intermittent,2,70.19,False,9
INT-011,19,intermittent,0,70.19,False,9
INT-011,20,intermittent,0,70.19,False,9
INT-011,21,intermittent,0,70.19,False,9
INT-011,22,intermittent,0,70.19,False,9
INT-011,23,intermittent,0,70.19,False,9
INT-011,24,intermittent,0,70.19,False,9
INT-011,25,intermittent,0,70.19,False,9
INT-011,26,intermittent,0,70.19,False,9
INT-011,27,intermittent,2,70.19,False,9
INT-011,28,intermittent,0,70.19,False,9
INT-011,29,intermittent,0,70.19,False,9
INT-011,30,intermittent,5,70.19,False,9
INT-011,31,intermittent,4,70.19,False,9
INT-011,32,intermittent,0,70.19,False,9
INT-011,33,intermittent,7,70.19,False,9
INT-011,34,intermittent,0,70.19,False,9
INT-011,35,intermittent,0,70.19,False,9
INT-011,36,intermittent,4,70.19,False,9
INT-011,37,intermittent,2,70.19,False,9
INT-011,38,intermittent,0,70.19,False,9
INT-011,39,intermittent,6,70.19,False,9
INT-011,40,intermittent,0,70.19,False,9
INT-011,41,intermittent,0,70.19,False,9
INT-011,42,intermittent,0,70.19,False,9
INT-011,43,intermittent,3,70.19,False,9
INT-011,44,intermittent,0,58.69,True,9
INT-011,45,intermittent,0,70.19,False,9
INT-011,46,intermittent,5,70.19,False,9
INT-011,47,intermittent,0,70.19,False,9
INT-011,48,intermittent,5,70.19,False,9
INT-011,49,intermittent,0,70.19,False,9
INT-011,50,intermittent,0,70.19,False,9
INT-011,51,intermittent,0,70.19,False,9
INT-011,52,intermittent,0,70.19,False,9
INT-011,53,intermittent,0,70.19,False,9
INT-011,54,intermittent,0,58.69,True,9
INT-011,55,intermittent,0,70.19,False,9
INT-011,56,intermittent,2,70.19,False,9
INT-011,57,intermittent,0,70.19,False,9
INT-011,58,intermittent,3,70.19,False,9
INT-011,59,intermittent,0,70.19,False,9
INT-011,60,intermittent,0,58.69,True,9
INT-011,61,intermittent,0,70.19,False,9
INT-011,62,intermittent,0,58.69,True,9
INT-011,63,intermittent,0,70.19,False,9
INT-011,64,intermittent,3,70.19,False,9
INT-011,65,intermittent,4,70.19,False,9
INT-011,66,intermittent,4,70.19,False,9
INT-011,67,intermittent,0,70.19,False,9
INT-011,68,intermittent,0,70.19,False,9
INT-011,69,intermittent,0,70.19,False,9
INT-011,70,intermittent,0,70.19,False,9
INT-011,71,intermittent,4,70.19,False,9
INT-011,72,intermittent,0,70.19,False,9
INT-011,73,intermittent,0,70.19,False,9
INT-011,74,intermittent,0,70.19,False,9
INT-011,75,intermittent,0,70.19,False,9
INT-011,76,intermittent,0,70.19,False,9
INT-011,77,intermittent,0,70.19,False,9
INT-011,78,intermittent,0,58.69,True,9
INT-011,79,intermittent,0,70.19,False,9
INT-011,80,intermittent,3,70.19,False,9
INT-011,81,intermittent,0,58.69,True,9
INT-011,82,intermittent,2,70.19,False,9
INT-011,83,intermittent,0,70.19,False,9
INT-011,84,intermittent,0,70.19,False,9
INT-011,85,intermittent,0,70.19,False,9
INT-011,86,intermittent,1,70.19,False,9
INT-011,87,intermittent,3,70.19,False,9
INT-011,88,intermittent,0,58.69,True,9
INT-011,89,intermittent,1,70.19,False,9
INT-011,90,intermittent,5,70.19,False,9
INT-011,91,intermittent,0,70.19,False,9
INT-011,92,intermittent,2,70.19,False,9
INT-011,93,intermittent,0,70.19,False,9
INT-011,94,intermittent,0,70.19,False,9
INT-011,95,intermittent,6,70.19,False,9
INT-011,96,intermittent,0,58.69,True,9
INT-011,97,intermittent,0,70.19,False,9
INT-011,98,intermittent,4,70.19,False,9
INT-011,99,intermittent,0,70.19,False,9
INT-011,100,intermittent,0,70.19,False,9
INT-011,101,intermittent,1,70.19,False,9
INT-011,102,intermittent,4,70.19,False,9
INT-011,103,intermittent,0,70.19,False,9
INT-012,0,intermittent,0,28.53,False,7
INT-012,1,intermittent,0,28.53,False,7
INT-012,2,intermittent,0,28.53,False,7
INT-012,3,intermittent,0,28.53,False,7
INT-012,4,intermittent,0,28.53,False,7
INT-012,5,intermittent,0,28.53,False,7
INT-012,6,intermittent,6,28.53,False,7
INT-012,7,intermittent,6,28.53,False,7
INT-012,8,intermittent,0,28.53,False,7
INT-012,9,intermittent,6,28.53,False,7
INT-012,10,intermittent,0,28.53,False,7
INT-012,11,intermittent,0,28.53,False,7
INT-012,12,intermittent,0,28.53,False,7
INT-012,13,intermittent,0,28.53,False,7
INT-012,14,intermittent,0,28.53,False,7
INT-012,15,intermittent,10,28.53,False,7
INT-012,16,intermittent,0,28.53,False,7
INT-012,17,intermittent,0,28.53,False,7
INT-012,18,intermittent,4,28.53,False,7
INT-012,19,intermittent,0,28.53,False,7
INT-012,20,intermittent,0,28.53,False,7
INT-012,21,intermittent,0,28.53,False,7
INT-012,22,intermittent,0,28.53,False,7
INT-012,23,intermittent,6,28.53,False,7
INT-012,24,intermittent,0,28.53,False,7
INT-012,25,intermittent,0,28.53,False,7
INT-012,26,intermittent,0,28.53,False,7
INT-012,27,intermittent,0,28.53,False,7
INT-012,28,intermittent,7,28.53,False,7
INT-012,29,intermittent,0,28.53,False,7
INT-012,30,intermittent,0,28.53,False,7
INT-012,31,intermittent,0,28.53,False,7
INT-012,32,intermittent,0,28.53,False,7
INT-012,33,intermittent,4,28.53,False,7
INT-012,34,intermittent,0,28.53,False,7
INT-012,35,intermittent,0,28.53,False,7
INT-012,36,intermittent,3,28.53,False,7
INT-012,37,intermittent,0,28.53,False,7
INT-012,38,intermittent,0,28.53,False,7
INT-012,39,intermittent,0,28.53,False,7
INT-012,40,intermittent,0,28.53,False,7
INT-012,41,intermittent,0,28.53,False,7
INT-012,42,intermittent,0,28.53,False,7
INT-012,43,intermittent,0,28.53,False,7
INT-012,44,intermittent,0,28.53,False,7
INT-012,45,intermittent,4,28.53,False,7
INT-012,46,intermittent,0,28.53,False,7
INT-012,47,intermittent,0,28.53,False,7
INT-012,48,intermittent,6,28.53,False,7
INT-012,49,intermittent,0,28.53,False,7
INT-012,50,intermittent,0,28.53,False,7
INT-012,51,intermittent,5,28.53,False,7
INT-012,52,intermittent,10,28.53,False,7
INT-012,53,intermittent,0,28.53,False,7
INT-012,54,intermittent,0,21.92,True,7
INT-012,55,intermittent,0,28.53,False,7
INT-012,56,intermittent,0,28.53,False,7
INT-012,57,intermittent,0,28.53,False,7
INT-012,58,intermittent,0,28.53,False,7
INT-012,59,intermittent,0,28.53,False,7
INT-012,60,intermittent,0,28.53,False,7
INT-012,61,intermittent,0,28.53,False,7
INT-012,62,intermittent,0,28.53,False,7
INT-012,63,intermittent,0,28.53,False,7
INT-012,64,intermittent,4,28.53,False,7
INT-012,65,intermittent,26,21.92,True,7
INT-012,66,intermittent,0,28.53,False,7
INT-012,67,intermittent,0,28.53,False,7
INT-012,68,intermittent,0,28.53,False,7
INT-012,69,intermittent,4,28.53,False,7
INT-012,70,intermittent,0,28.53,False,7
INT-012,71,intermittent,0,28.53,False,7
INT-012,72,intermittent,0,28.53,False,7
INT-012,73,intermittent,3,28.53,False,7
INT-012,74,intermittent,0,28.53,False,7
INT-012,75,intermittent,0,28.53,False,7
INT-012,76,intermittent,0,28.53,False,7
INT-012,77,intermittent,0,28.53,False,7
INT-012,78,intermittent,0,28.53,False,7
INT-012,79,intermittent,0,21.92,True,7
INT-012,80,intermittent,0,28.53,False,7
INT-012,81,intermittent,0,28.53,False,7
INT-012,82,intermittent,9,28.53,False,7
INT-012,83,intermittent,0,28.53,False,7
INT-012,84,intermittent,3,28.53,False,7
INT-012,85,intermittent,0,28.53,False,7
INT-012,86,intermittent,0,28.53,False,7
INT-012,87,intermittent,0,28.53,False,7
INT-012,88,intermittent,0,28.53,False,7
INT-012,89,intermittent,0,28.53,False,7
INT-012,90,intermittent,0,28.53,False,7
INT-012,91,intermittent,0,28.53,False,7
INT-012,92,intermittent,0,28.53,False,7
INT-012,93,intermittent,0,28.53,False,7
INT-012,94,intermittent,13,28.53,False,7
INT-012,95,intermittent,0,28.53,False,7
INT-012,96,intermittent,0,28.53,False,7
INT-012,97,intermittent,0,28.53,False,7
INT-012,98,intermittent,0,28.53,False,7
INT-012,99,intermittent,0,28.53,False,7
INT-012,100,intermittent,0,28.53,False,7
INT-012,101,intermittent,0,28.53,False,7
INT-012,102,intermittent,3,28.53,False,7
INT-012,103,intermittent,0,28.53,False,7
INT-013,0,intermittent,0,67.75,False,8
INT-013,1,intermittent,2,67.75,False,8
INT-013,2,intermittent,0,67.75,False,8
INT-013,3,intermittent,0,67.75,False,8
INT-013,4,intermittent,0,67.75,False,8
INT-013,5,intermittent,5,67.75,False,8
INT-013,6,intermittent,0,57.03,True,8
INT-013,7,intermittent,1,67.75,False,8
INT-013,8,intermittent,0,67.75,False,8
INT-013,9,intermittent,0,67.75,False,8
INT-013,10,intermittent,0,67.75,False,8
INT-013,11,intermittent,0,67.75,False,8
INT-013,12,intermittent,0,57.03,True,8
INT-013,13,intermittent,0,67.75,False,8
INT-013,14,intermittent,7,67.75,False,8
INT-013,15,intermittent,0,67.75,False,8
INT-013,16,intermittent,0,67.75,False,8
INT-013,17,intermittent,0,67.75,False,8
INT-013,18,intermittent,0,67.75,False,8
INT-013,19,intermittent,0,67.75,False,8
INT-013,20,intermittent,0,67.75,False,8
INT-013,21,intermittent,0,67.75,False,8
INT-013,22,intermittent,0,57.03,True,8
INT-013,23,intermittent,0,67.75,False,8
INT-013,24,intermittent,0,67.75,False,8
INT-013,25,intermittent,5,67.75,False,8
INT-013,26,intermittent,0,67.75,False,8
INT-013,27,intermittent,0,67.75,False,8
INT-013,28,intermittent,12,67.75,False,8
INT-013,29,intermittent,0,67.75,False,8
INT-013,30,intermittent,0,67.75,False,8
INT-013,31,intermittent,0,67.75,False,8
INT-013,32,intermittent,6,67.75,False,8
INT-013,33,intermittent,0,67.75,False,8
INT-013,34,intermittent,0,67.75,False,8
INT-013,35,intermittent,0,67.75,False,8
INT-013,36,intermittent,0,67.75,False,8
INT-013,37,intermittent,0,67.75,False,8
INT-013,38,intermittent,0,67.75,False,8
INT-013,39,intermittent,0,67.75,False,8
INT-013,40,intermittent,0,67.75,False,8
INT-013,41,intermittent,0,67.75,False,8
INT-013,42,intermittent,11,67.75,False,8
INT-013,43,intermittent,0,67.75,False,8
INT-013,44,intermittent,0,67.75,False,8
INT-013,45,intermittent,0,67.75,False,8
INT-013,46,intermittent,0,67.75,False,8
INT-013,47,intermittent,0,67.75,False,8
INT-013,48,intermittent,0,67.75,False,8
INT-013,49,intermittent,8,67.75,False,8
INT-013,50,intermittent,0,67.75,False,8
INT-013,51,intermittent,0,67.75,False,8
INT-013,52,intermittent,0,67.75,False,8
INT-013,53,intermittent,0,67.75,False,8
INT-013,54,intermittent,0,67.75,False,8
INT-013,55,intermittent,0,67.75,False,8
INT-013,56,intermittent,0,67.75,False,8
INT-013,57,intermittent,3,67.75,False,8
INT-013,58,intermittent,0,67.75,False,8
INT-013,59,intermittent,0,67.75,False,8
INT-013,60,intermittent,0,67.75,False,8
INT-013,61,intermittent,0,67.75,False,8
INT-013,62,intermittent,0,67.75,False,8
INT-013,63,intermittent,6,67.75,False,8
INT-013,64,intermittent,0,67.75,False,8
INT-013,65,intermittent,8,67.75,False,8
INT-013,66,intermittent,0,67.75,False,8
INT-013,67,intermittent,0,57.03,True,8
INT-013,68,intermittent,2,67.75,False,8
INT-013,69,intermittent,3,67.75,False,8
INT-013,70,intermittent,0,67.75,False,8
INT-013,71,intermittent,0,67.75,False,8
INT-013,72,intermittent,0,67.75,False,8
INT-013,73,intermittent,16,67.75,False,8
INT-013,74,intermittent,0,67.75,False,8
INT-013,75,intermittent,0,67.75,False,8
INT-013,76,intermittent,4,67.75,False,8
INT-013,77,intermittent,0,67.75,False,8
INT-013,78,intermittent,0,67.75,False,8
INT-013,79,intermittent,0,67.75,False,8
INT-013,80,intermittent,0,67.75,False,8
INT-013,81,intermittent,0,67.75,False,8
INT-013,82,intermittent,0,67.75,False,8
INT-013,83,intermittent,0,67.75,False,8
INT-013,84,intermittent,7,67.75,False,8
INT-013,85,intermittent,0,67.75,False,8
INT-013,86,intermittent,0,67.75,False,8
INT-013,87,intermittent,0,67.75,False,8
INT-013,88,intermittent,0,57.03,True,8
INT-013,89,intermittent,0,67.75,False,8
INT-013,90,intermittent,0,67.75,False,8
INT-013,91,intermittent,0,67.75,False,8
INT-013,92,intermittent,1,67.75,False,8
INT-013,93,intermittent,0,67.75,False,8
INT-013,94,intermittent,0,67.75,False,8
INT-013,95,intermittent,0,67.75,False,8
INT-013,96,intermittent,0,67.75,False,8
INT-013,97,intermittent,2,67.75,False,8
INT-013,98,intermittent,0,67.75,False,8
INT-013,99,intermittent,0,67.75,False,8
INT-013,100,intermittent,0,67.75,False,8
INT-013,101,intermittent,0,67.75,False,8
INT-013,102,intermittent,0,67.75,False,8
INT-013,103,intermittent,0,67.75,False,8
INT-014,0,intermittent,0,70.62,False,8
INT-014,1,intermittent,0,70.62,False,8
INT-014,2,intermittent,6,70.62,False,8
INT-014,3,intermittent,0,70.62,False,8
INT-014,4,intermittent,0,70.62,False,8
INT-014,5,intermittent,0,70.62,False,8
INT-014,6,intermittent,0,70.62,False,8
INT-014,7,intermittent,0,70.62,False,8
INT-014,8,intermittent,0,70.62,False,8
INT-014,9,intermittent,0,70.62,False,8
INT-014,10,intermittent,0,70.62,False,8
INT-014,11,intermittent,3,70.62,False,8
INT-014,12,intermittent,9,70.62,False,8
INT-014,13,intermittent,0,70.62,False,8
INT-014,14,intermittent,0,70.62,False,8
INT-014,15,intermittent,11,70.62,False,8
INT-014,16,intermittent,14,70.62,False,8
INT-014,17,intermittent,6,70.62,False,8
INT-014,18,intermittent,0,70.62,False,8
INT-014,19,intermittent,22,70.62,False,8
INT-014,20,intermittent,0,70.62,False,8
INT-014,21,intermittent,0,59.95,True,8
INT-014,22,intermittent,0,70.62,False,8
INT-014,23,intermittent,6,70.62,False,8
INT-014,24,intermittent,0,70.62,False,8
INT-014,25,intermittent,3,70.62,False,8
INT-014,26,intermittent,0,70.62,False,8
INT-014,27,intermittent,0,70.62,False,8
INT-014,28,intermittent,0,70.62,False,8
INT-014,29,intermittent,4,70.62,False,8
INT-014,30,intermittent,0,59.95,True,8
INT-014,31,intermittent,0,70.62,False,8
INT-014,32,intermittent,0,70.62,False,8
INT-014,33,intermittent,0,70.62,False,8
INT-014,34,intermittent,0,70.62,False,8
INT-014,35,intermittent,0,59.95,True,8
INT-014,36,intermittent,0,70.62,False,8
INT-014,37,intermittent,0,70.62,False,8
INT-014,38,intermittent,0,70.62,False,8
INT-014,39,intermittent,0,70.62,False,8
INT-014,40,intermittent,0,70.62,False,8
INT-014,41,intermittent,0,70.62,False,8
INT-014,42,intermittent,0,70.62,False,8
INT-014,43,intermittent,0,70.62,False,8
INT-014,44,intermittent,17,70.62,False,8
INT-014,45,intermittent,0,70.62,False,8
INT-014,46,intermittent,2,70.62,False,8
INT-014,47,intermittent,1,70.62,False,8
INT-014,48,intermittent,1,70.62,False,8
INT-014,49,intermittent,15,70.62,False,8
INT-014,50,intermittent,9,70.62,False,8
INT-014,51,intermittent,0,70.62,False,8
INT-014,52,intermittent,0,70.62,False,8
INT-014,53,intermittent,3,70.62,False,8
INT-014,54,intermittent,0,70.62,False,8
INT-014,55,intermittent,0,70.62,False,8
INT-014,56,intermittent,8,70.62,False,8
INT-014,57,intermittent,1,70.62,False,8
INT-014,58,intermittent,0,70.62,False,8
INT-014,59,intermittent,0,70.62,False,8
INT-014,60,intermittent,0,70.62,False,8
INT-014,61,intermittent,0,70.62,False,8
INT-014,62,intermittent,14,70.62,False,8
INT-014,63,intermittent,0,70.62,False,8
INT-014,64,intermittent,0,70.62,False,8
INT-014,65,intermittent,0,59.95,True,8
INT-014,66,intermittent,0,70.62,False,8
INT-014,67,intermittent,0,70.62,False,8
INT-014,68,intermittent,3,70.62,False,8
INT-014,69,intermittent,0,70.62,False,8
INT-014,70,intermittent,2,70.62,False,8
INT-014,71,intermittent,0,70.62,False,8
INT-014,72,intermittent,0,70.62,False,8
INT-014,73,intermittent,0,70.62,False,8
INT-014,74,intermittent,0,70.62,False,8
INT-014,75,intermittent,0,70.62,False,8
INT-014,76,intermittent,7,70.62,False,8
INT-014,77,intermittent,0,70.62,False,8
INT-014,78,intermittent,0,70.62,False,8
INT-014,79,intermittent,0,70.62,False,8
INT-014,80,intermittent,0,70.62,False,8
INT-014,81,intermittent,0,70.62,False,8
INT-014,82,intermittent,0,70.62,False,8
INT-014,83,intermittent,0,70.62,False,8
INT-014,84,intermittent,0,70.62,False,8
INT-014,85,intermittent,5,70.62,False,8
INT-014,86,intermittent,8,70.62,False,8
INT-014,87,intermittent,0,70.62,False,8
INT-014,88,intermittent,0,70.62,False,8
INT-014,89,intermittent,0,70.62,False,8
INT-014,90,intermittent,6,70.62,False,8
INT-014,91,intermittent,0,70.62,False,8
INT-014,92,intermittent,6,70.62,False,8
INT-014,93,intermittent,0,70.62,False,8
INT-014,94,intermittent,11,70.62,False,8
INT-014,95,intermittent,5,70.62,False,8
INT-014,96,intermittent,0,70.62,False,8
INT-014,97,intermittent,0,70.62,False,8
INT-014,98,intermittent,0,70.62,False,8
INT-014,99,intermittent,0,70.62,False,8
INT-014,100,intermittent,0,70.62,False,8
INT-014,101,intermittent,2,70.62,False,8
INT-014,102,intermittent,21,70.62,False,8
INT-014,103,intermittent,0,59.95,True,8
INT-015,0,intermittent,0,46.04,False,9
INT-015,1,intermittent,0,46.04,False,9
INT-015,2,intermittent,23,46.04,False,9
INT-015,3,intermittent,0,46.04,False,9
INT-015,4,intermittent,17,46.04,False,9
INT-015,5,intermittent,0,46.04,False,9
INT-015,6,intermittent,0,46.04,False,9
INT-015,7,intermittent,0,46.04,False,9
INT-015,8,intermittent,0,46.04,False,9
INT-015,9,intermittent,17,46.04,False,9
INT-015,10,intermittent,0,46.04,False,9
INT-015,11,intermittent,3,46.04,False,9
INT-015,12,intermittent,0,46.04,False,9
INT-015,13,intermittent,3,46.04,False,9
INT-015,14,intermittent,0,46.04,False,9
INT-015,15,intermittent,7,46.04,False,9
INT-015,16,intermittent,0,46.04,False,9
INT-015,17,intermittent,6,46.04,False,9
INT-015,18,intermittent,0,46.04,False,9
INT-015,19,intermittent,0,46.04,False,9
INT-015,20,intermittent,0,46.04,False,9
INT-015,21,intermittent,0,46.04,False,9
INT-015,22,intermittent,6,46.04,False,9
INT-015,23,intermittent,17,46.04,False,9
INT-015,24,intermittent,0,46.04,False,9
INT-015,25,intermittent,3,46.04,False,9
INT-015,26,intermittent,0,46.04,False,9
INT-015,27,intermittent,20,46.04,False,9
INT-015,28,intermittent,0,46.04,False,9
INT-015,29,intermittent,1,46.04,False,9
INT-015,30,intermittent,0,36.46,True,9
INT-015,31,intermittent,0,46.04,False,9
INT-015,32,intermittent,0,46.04,False,9
INT-015,33,intermittent,0,46.04,False,9
INT-015,34,intermittent,9,46.04,False,9
INT-015,35,intermittent,0,46.04,False,9
INT-015,36,intermittent,0,46.04,False,9
INT-015,37,intermittent,0,46.04,False,9
INT-015,38,intermittent,0,46.04,False,9
INT-015,39,intermittent,0,46.04,False,9
INT-015,40,intermittent,0,46.04,False,9
INT-015,41,intermittent,6,46.04,False,9
INT-015,42,intermittent,0,46.04,False,9
INT-015,43,intermittent,4,46.04,False,9
INT-015,44,intermittent,9,46.04,False,9
INT-015,45,intermittent,0,46.04,False,9
INT-015,46,intermittent,6,46.04,False,9
INT-015,47,intermittent,0,46.04,False,9
INT-015,48,intermittent,0,46.04,False,9
INT-015,49,intermittent,0,46.04,False,9
INT-015,50,intermittent,0,46.04,False,9
INT-015,51,intermittent,0,46.04,False,9
INT-015,52,intermittent,0,46.04,False,9
INT-015,53,intermittent,1,46.04,False,9
INT-015,54,intermittent,0,46.04,False,9
INT-015,55,intermittent,8,46.04,False,9
INT-015,56,intermittent,0,46.04,False,9
INT-015,57,intermittent,12,46.04,False,9
INT-015,58,intermittent,0,46.04,False,9
INT-015,59,intermittent,0,46.04,False,9
INT-015,60,intermittent,0,46.04,False,9
INT-015,61,intermittent,0,46.04,False,9
INT-015,62,intermittent,1,46.04,False,9
INT-015,63,intermittent,0,46.04,False,9
INT-015,64,intermittent,0,46.04,False,9
INT-015,65,intermittent,15,46.04,False,9
INT-015,66,intermittent,0,46.04,False,9
INT-015,67,intermittent,0,46.04,False,9
INT-015,68,intermittent,0,46.04,False,9
INT-015,69,intermittent,9,46.04,False,9
INT-015,70,intermittent,0,46.04,False,9
INT-015,71,intermittent,14,46.04,False,9
INT-015,72,intermittent,0,46.04,False,9
INT-015,73,intermittent,0,46.04,False,9
INT-015,74,intermittent,4,46.04,False,9
INT-015,75,intermittent,0,46.04,False,9
INT-015,76,intermittent,0,46.04,False,9
INT-015,77,intermittent,10,46.04,False,9
INT-015,78,intermittent,0,46.04,False,9
INT-015,79,intermittent,0,46.04,False,9
INT-015,80,intermittent,16,46.04,False,9
INT-015,81,intermittent,10,46.04,False,9
INT-015,82,intermittent,2,46.04,False,9
INT-015,83,intermittent,0,46.04,False,9
INT-015,84,intermittent,6,46.04,False,9
INT-015,85,intermittent,0,46.04,False,9
INT-015,86,intermittent,0,46.04,False,9
INT-015,87,intermittent,1,46.04,False,9
INT-015,88,intermittent,0,46.04,False,9
INT-015,89,intermittent,0,46.04,False,9
INT-015,90,intermittent,0,46.04,False,9
INT-015,91,intermittent,0,46.04,False,9
INT-015,92,intermittent,0,46.04,False,9
INT-015,93,intermittent,0,46.04,False,9
INT-015,94,intermittent,3,46.04,False,9
INT-015,95,intermittent,0,46.04,False,9
INT-015,96,intermittent,0,46.04,False,9
INT-015,97,intermittent,0,46.04,False,9
INT-015,98,intermittent,0,46.04,False,9
INT-015,99,intermittent,4,46.04,False,9
INT-015,100,intermittent,0,46.04,False,9
INT-015,101,intermittent,5,46.04,False,9
INT-015,102,intermittent,0,46.04,False,9
INT-015,103,intermittent,0,46.04,False,9
INT-016,0,intermittent,0,69.76,False,11
INT-016,1,intermittent,0,69.76,False,11
INT-016,2,intermittent,0,69.76,False,11
INT-016,3,intermittent,5,69.76,False,11
INT-016,4,intermittent,0,54.99,True,11
INT-016,5,intermittent,0,69.76,False,11
INT-016,6,intermittent,2,69.76,False,11
INT-016,7,intermittent,0,69.76,False,11
INT-016,8,intermittent,13,54.99,True,11
INT-016,9,intermittent,0,69.76,False,11
INT-016,10,intermittent,0,69.76,False,11
INT-016,11,intermittent,0,69.76,False,11
INT-016,12,intermittent,0,69.76,False,11
INT-016,13,intermittent,8,69.76,False,11
INT-016,14,intermittent,0,69.76,False,11
INT-016,15,intermittent,0,69.76,False,11
INT-016,16,intermittent,0,69.76,False,11
INT-016,17,intermittent,7,69.76,False,11
INT-016,18,intermittent,0,69.76,False,11
INT-016,19,intermittent,0,69.76,False,11
INT-016,20,intermittent,0,69.76,False,11
INT-016,21,intermittent,0,69.76,False,11
INT-016,22,intermittent,14,69.76,False,11
INT-016,23,intermittent,0,69.76,False,11
INT-016,24,intermittent,0,69.76,False,11
INT-016,25,intermittent,0,69.76,False,11
INT-016,26,intermittent,0,69.76,False,11
INT-016,27,intermittent,0,69.76,False,11
INT-016,28,intermittent,0,69.76,False,11
INT-016,29,intermittent,5,69.76,False,11
INT-016,30,intermittent,0,69.76,False,11
INT-016,31,intermittent,0,69.76,False,11
INT-016,32,intermittent,18,69.76,False,11
INT-016,33,intermittent,2,69.76,False,11
INT-016,34,intermittent,26,69.76,False,11
INT-016,35,intermittent,0,69.76,False,11
INT-016,36,intermittent,0,69.76,False,11
INT-016,37,intermittent,0,69.76,False,11
INT-016,38,intermittent,0,69.76,False,11
INT-016,39,intermittent,7,69.76,False,11
INT-016,40,intermittent,0,69.76,False,11
INT-016,41,intermittent,0,69.76,False,11
INT-016,42,intermittent,0,69.76,False,11
INT-016,43,intermittent,0,69.76,False,11
INT-016,44,intermittent,0,69.76,False,11
INT-016,45,intermittent,0,69.76,False,11
INT-016,46,intermittent,0,69.76,False,11
INT-016,47,intermittent,13,69.76,False,11
INT-016,48,intermittent,29,54.99,True,11
INT-016,49,intermittent,0,54.99,True,11
INT-016,50,intermittent,0,69.76,False,11
INT-016,51,intermittent,7,69.76,False,11
INT-016,52,intermittent,0,69.76,False,11
INT-016,53,intermittent,0,69.76,False,11
INT-016,54,intermittent,20,69.76,False,11
INT-016,55,intermittent,0,69.76,False,11
INT-016,56,intermittent,0,69.76,False,11
INT-016,57,intermittent,0,69.76,False,11
INT-016,58,intermittent,9,69.76,False,11
INT-016,59,intermittent,0,69.76,False,11
INT-016,60,intermittent,0,69.76,False,11
INT-016,61,intermittent,0,69.76,False,11
INT-016,62,intermittent,12,69.76,False,11
INT-016,63,intermittent,0,69.76,False,11
INT-016,64,intermittent,0,69.76,False,11
INT-016,65,intermittent,0,69.76,False,11
INT-016,66,intermittent,0,69.76,False,11
INT-016,67,intermittent,3,69.76,False,11
INT-016,68,intermittent,0,69.76,False,11
INT-016,69,intermittent,0,69.76,False,11
INT-016,70,intermittent,0,69.76,False,11
INT-016,71,intermittent,0,69.76,False,11
INT-016,72,intermittent,3,69.76,False,11
INT-016,73,intermittent,1,69.76,False,11
INT-016,74,intermittent,0,69.76,False,11
INT-016,75,intermittent,0,69.76,False,11
INT-016,76,intermittent,0,69.76,False,11
INT-016,77,intermittent,0,69.76,False,11
INT-016,78,intermittent,1,69.76,False,11
INT-016,79,intermittent,0,69.76,False,11
INT-016,80,intermittent,0,69.76,False,11
INT-016,81,intermittent,11,69.76,False,11
INT-016,82,intermittent,0,69.76,False,11
INT-016,83,intermittent,6,69.76,False,11
INT-016,84,intermittent,13,69.76,False,11
INT-016,85,intermittent,12,69.76,False,11
INT-016,86,intermittent,0,69.76,False,11
INT-016,87,intermittent,0,69.76,False,11
INT-016,88,intermittent,0,69.76,False,11
INT-016,89,intermittent,0,69.76,False,11
INT-016,90,intermittent,0,69.76,False,11
INT-016,91,intermittent,0,54.99,True,11
INT-016,92,intermittent,0,54.99,True,11
INT-016,93,intermittent,0,69.76,False,11
INT-016,94,intermittent,0,69.76,False,11
INT-016,95,intermittent,0,69.76,False,11
INT-016,96,intermittent,0,69.76,False,11
INT-016,97,intermittent,0,69.76,False,11
INT-016,98,intermittent,3,69.76,False,11
INT-016,99,intermittent,0,69.76,False,11
INT-016,100,intermittent,0,69.76,False,11
INT-016,101,intermittent,0,69.76,False,11
INT-016,102,intermittent,0,69.76,False,11
INT-016,103,intermittent,0,69.76,False,11
INT-017,0,intermittent,0,78.0,False,9
INT-017,1,intermittent,0,78.0,False,9
INT-017,2,intermittent,0,78.0,False,9
INT-017,3,intermittent,0,55.24,True,9
INT-017,4,intermittent,10,78.0,False,9
INT-017,5,intermittent,26,55.24,True,9
INT-017,6,intermittent,8,78.0,False,9
INT-017,7,intermittent,0,78.0,False,9
INT-017,8,intermittent,0,78.0,False,9
INT-017,9,intermittent,24,78.0,False,9
INT-017,10,intermittent,0,78.0,False,9
INT-017,11,intermittent,0,78.0,False,9
INT-017,12,intermittent,0,78.0,False,9
INT-017,13,intermittent,0,78.0,False,9
INT-017,14,intermittent,0,78.0,False,9
INT-017,15,intermittent,0,78.0,False,9
INT-017,16,intermittent,0,78.0,False,9
INT-017,17,intermittent,0,78.0,False,9
INT-017,18,intermittent,0,78.0,False,9
INT-017,19,intermittent,0,78.0,False,9
INT-017,20,intermittent,5,78.0,False,9
INT-017,21,intermittent,0,78.0,False,9
INT-017,22,intermittent,0,78.0,False,9
INT-017,23,intermittent,0,78.0,False,9
INT-017,24,intermittent,0,78.0,False,9
INT-017,25,intermittent,23,55.24,True,9
INT-017,26,intermittent,0,78.0,False,9
INT-017,27,intermittent,0,78.0,False,9
INT-017,28,intermittent,4,78.0,False,9
INT-017,29,intermittent,0,78.0,False,9
INT-017,30,intermittent,0,78.0,False,9
INT-017,31,intermittent,23,78.0,False,9
INT-017,32,intermittent,16,78.0,False,9
INT-017,33,intermittent,0,78.0,False,9
INT-017,34,intermittent,0,78.0,False,9
INT-017,35,intermittent,14,78.0,False,9
INT-017,36,intermittent,0,78.0,False,9
INT-017,37,intermittent,0,78.0,False,9
INT-017,38,intermittent,0,78.0,False,9
INT-017,39,intermittent,0,78.0,False,9
INT-017,40,intermittent,0,78.0,False,9
INT-017,41,intermittent,0,78.0,False,9
INT-017,42,intermittent,0,78.0,False,9
INT-017,43,intermittent,0,78.0,False,9
INT-017,44,intermittent,0,78.0,False,9
INT-017,45,intermittent,0,78.0,False,9
INT-017,46,intermittent,0,78.0,False,9
INT-017,47,intermittent,0,78.0,False,9
INT-017,48,intermittent,0,78.0,False,9
INT-017,49,intermittent,0,78.0,False,9
INT-017,50,intermittent,0,78.0,False,9
INT-017,51,intermittent,18,78.0,False,9
INT-017,52,intermittent,0,78.0,False,9
INT-017,53,intermittent,0,78.0,False,9
INT-017,54,intermittent,61,55.24,True,9
INT-017,55,intermittent,0,78.0,False,9
INT-017,56,intermittent,0,78.0,False,9
INT-017,57,intermittent,0,78.0,False,9
INT-017,58,intermittent,0,55.24,True,9
INT-017,59,intermittent,0,78.0,False,9
INT-017,60,intermittent,0,78.0,False,9
INT-017,61,intermittent,10,78.0,False,9
INT-017,62,intermittent,0,78.0,False,9
INT-017,63,intermittent,0,78.0,False,9
INT-017,64,intermittent,0,78.0,False,9
INT-017,65,intermittent,0,78.0,False,9
INT-017,66,intermittent,0,78.0,False,9
INT-017,67,intermittent,2,78.0,False,9
INT-017,68,intermittent,0,78.0,False,9
INT-017,69,intermittent,0,78.0,False,9
INT-017,70,intermittent,3,78.0,False,9
INT-017,71,intermittent,10,78.0,False,9
INT-017,72,intermittent,0,78.0,False,9
INT-017,73,intermittent,0,78.0,False,9
INT-017,74,intermittent,0,78.0,False,9
INT-017,75,intermittent,16,78.0,False,9
INT-017,76,intermittent,0,78.0,False,9
INT-017,77,intermittent,8,78.0,False,9
INT-017,78,intermittent,0,78.0,False,9
INT-017,79,intermittent,0,78.0,False,9
INT-017,80,intermittent,0,78.0,False,9
INT-017,81,intermittent,0,78.0,False,9
INT-017,82,intermittent,0,78.0,False,9
INT-017,83,intermittent,9,78.0,False,9
INT-017,84,intermittent,0,78.0,False,9
INT-017,85,intermittent,0,78.0,False,9
INT-017,86,intermittent,0,78.0,False,9
INT-017,87,intermittent,0,78.0,False,9
INT-017,88,intermittent,0,78.0,False,9
INT-017,89,intermittent,0,78.0,False,9
INT-017,90,intermittent,10,78.0,False,9
INT-017,91,intermittent,0,78.0,False,9
INT-017,92,intermittent,0,78.0,False,9
INT-017,93,intermittent,0,78.0,False,9
INT-017,94,intermittent,10,78.0,False,9
INT-017,95,intermittent,0,78.0,False,9
INT-017,96,intermittent,0,78.0,False,9
INT-017,97,intermittent,14,78.0,False,9
INT-017,98,intermittent,0,78.0,False,9
INT-017,99,intermittent,0,78.0,False,9
INT-017,100,intermittent,0,78.0,False,9
INT-017,101,intermittent,7,78.0,False,9
INT-017,102,intermittent,0,78.0,False,9
INT-017,103,intermittent,5,78.0,False,9
INT-018,0,intermittent,8,71.5,False,7
INT-018,1,intermittent,6,71.5,False,7
INT-018,2,intermittent,0,71.5,False,7
INT-018,3,intermittent,0,71.5,False,7
INT-018,4,intermittent,0,71.5,False,7
INT-018,5,intermittent,0,71.5,False,7
INT-018,6,intermittent,0,71.5,False,7
INT-018,7,intermittent,0,71.5,False,7
INT-018,8,intermittent,0,71.5,False,7
INT-018,9,intermittent,4,71.5,False,7
INT-018,10,intermittent,0,71.5,False,7
INT-018,11,intermittent,0,71.5,False,7
INT-018,12,intermittent,0,71.5,False,7
INT-018,13,intermittent,0,71.5,False,7
INT-018,14,intermittent,0,71.5,False,7
INT-018,15,intermittent,8,71.5,False,7
INT-018,16,intermittent,0,71.5,False,7
INT-018,17,intermittent,0,71.5,False,7
INT-018,18,intermittent,0,71.5,False,7
INT-018,19,intermittent,0,71.5,False,7
INT-018,20,intermittent,0,71.5,False,7
INT-018,21,intermittent,7,71.5,False,7
INT-018,22,intermittent,0,71.5,False,7
INT-018,23,intermittent,0,71.5,False,7
INT-018,24,intermittent,0,71.5,False,7
INT-018,25,intermittent,0,71.5,False,7
INT-018,26,intermittent,9,71.5,False,7
INT-018,27,intermittent,0,71.5,False,7
INT-018,28,intermittent,6,71.5,False,7
INT-018,29,intermittent,0,71.5,False,7
INT-018,30,intermittent,1,71.5,False,7
INT-018,31,intermittent,0,71.5,False,7
INT-018,32,intermittent,0,71.5,False,7
INT-018,33,intermittent,4,71.5,False,7
INT-018,34,intermittent,0,71.5,False,7
INT-018,35,intermittent,0,71.5,False,7
INT-018,36,intermittent,0,71.5,False,7
INT-018,37,intermittent,0,71.5,False,7
INT-018,38,intermittent,0,71.5,False,7
INT-018,39,intermittent,0,52.35,True,7
INT-018,40,intermittent,0,52.35,True,7
INT-018,41,intermittent,0,71.5,False,7
INT-018,42,intermittent,0,71.5,False,7
INT-018,43,intermittent,0,71.5,False,7
INT-018,44,intermittent,3,71.5,False,7
INT-018,45,intermittent,0,52.35,True,7
INT-018,46,intermittent,0,71.5,False,7
INT-018,47,intermittent,0,71.5,False,7
INT-018,48,intermittent,0,71.5,False,7
INT-018,49,intermittent,0,71.5,False,7
INT-018,50,intermittent,0,71.5,False,7
INT-018,51,intermittent,11,71.5,False,7
INT-018,52,intermittent,6,71.5,False,7
INT-018,53,intermittent,0,71.5,False,7
INT-018,54,intermittent,0,71.5,False,7
INT-018,55,intermittent,0,71.5,False,7
INT-018,56,intermittent,0,71.5,False,7
INT-018,57,intermittent,0,71.5,False,7
INT-018,58,intermittent,0,71.5,False,7
INT-018,59,intermittent,0,71.5,False,7
INT-018,60,intermittent,0,71.5,False,7
INT-018,61,intermittent,0,71.5,False,7
INT-018,62,intermittent,8,71.5,False,7
INT-018,63,intermittent,0,71.5,False,7
INT-018,64,intermittent,0,71.5,False,7
INT-018,65,intermittent,8,71.5,False,7
INT-018,66,intermittent,0,71.5,False,7
INT-018,67,intermittent,0,71.5,False,7
INT-018,68,intermittent,0,71.5,False,7
INT-018,69,intermittent,8,71.5,False,7
INT-018,70,intermittent,0,71.5,False,7
INT-018,71,intermittent,0,71.5,False,7
INT-018,72,intermittent,0,71.5,False,7
INT-018,73,intermittent,0,71.5,False,7
INT-018,74,intermittent,3,71.5,False,7
INT-018,75,intermittent,0,71.5,False,7
INT-018,76,intermittent,0,71.5,False,7
INT-018,77,intermittent,0,71.5,False,7
INT-018,78,intermittent,13,71.5,False,7
INT-018,79,intermittent,0,71.5,False,7
INT-018,80,intermittent,10,71.5,False,7
INT-018,81,intermittent,0,52.35,True,7
INT-018,82,intermittent,0,71.5,False,7
INT-018,83,intermittent,0,71.5,False,7
INT-018,84,intermittent,0,71.5,False,7
INT-018,85,intermittent,2,71.5,False,7
INT-018,86,intermittent,0,71.5,False,7
INT-018,87,intermittent,0,71.5,False,7
INT-018,88,intermittent,0,71.5,False,7
INT-018,89,intermittent,5,71.5,False,7
INT-018,90,intermittent,4,71.5,False,7
INT-018,91,intermittent,0,71.5,False,7
INT-018,92,intermittent,0,52.35,True,7
INT-018,93,intermittent,19,52.35,True,7
INT-018,94,intermittent,5,71.5,False,7
INT-018,95,intermittent,0,71.5,False,7
INT-018,96,intermittent,0,71.5,False,7
INT-018,97,intermittent,0,71.5,False,7
INT-018,98,intermittent,6,71.5,False,7
INT-018,99,intermittent,0,71.5,False,7
INT-018,100,intermittent,0,71.5,False,7
INT-018,101,intermittent,2,71.5,False,7
INT-018,102,intermittent,5,71.5,False,7
INT-018,103,intermittent,3,71.5,False,7
INT-019,0,intermittent,12,64.54,False,12
INT-019,1,intermittent,0,64.54,False,12
INT-019,2,intermittent,0,64.54,False,12
INT-019,3,intermittent,0,64.54,False,12
INT-019,4,intermittent,0,64.54,False,12
INT-019,5,intermittent,5,64.54,False,12
INT-019,6,intermittent,11,64.54,False,12
INT-019,7,intermittent,0,64.54,False,12
INT-019,8,intermittent,2,64.54,False,12
INT-019,9,intermittent,0,64.54,False,12
INT-019,10,intermittent,0,64.54,False,12
INT-019,11,intermittent,0,64.54,False,12
INT-019,12,intermittent,3,64.54,False,12
INT-019,13,intermittent,2,64.54,False,12
INT-019,14,intermittent,0,64.54,False,12
INT-019,15,intermittent,8,64.54,False,12
INT-019,16,intermittent,0,64.54,False,12
INT-019,17,intermittent,0,64.54,False,12
INT-019,18,intermittent,3,64.54,False,12
INT-019,19,intermittent,0,64.54,False,12
INT-019,20,intermittent,0,64.54,False,12
INT-019,21,intermittent,0,64.54,False,12
INT-019,22,intermittent,0,64.54,False,12
INT-019,23,intermittent,0,64.54,False,12
INT-019,24,intermittent,0,64.54,False,12
INT-019,25,intermittent,0,64.54,False,12
INT-019,26,intermittent,0,64.54,False,12
INT-019,27,intermittent,6,50.66,True,12
INT-019,28,intermittent,6,64.54,False,12
INT-019,29,intermittent,8,64.54,False,12
INT-019,30,intermittent,12,64.54,False,12
INT-019,31,intermittent,0,64.54,False,12
INT-019,32,intermittent,0,64.54,False,12
INT-019,33,intermittent,5,64.54,False,12
INT-019,34,intermittent,0,64.54,False,12
INT-019,35,intermittent,12,64.54,False,12
INT-019,36,intermittent,2,64.54,False,12
INT-019,37,intermittent,0,64.54,False,12
INT-019,38,intermittent,0,64.54,False,12
INT-019,39,intermittent,10,64.54,False,12
INT-019,40,intermittent,0,64.54,False,12
INT-019,41,intermittent,0,64.54,False,12
INT-019,42,intermittent,0,64.54,False,12
INT-019,43,intermittent,0,64.54,False,12
INT-019,44,intermittent,0,64.54,False,12
INT-019,45,intermittent,0,50.66,True,12
INT-019,46,intermittent,2,64.54,False,12
INT-019,47,intermittent,0,64.54,False,12
INT-019,48,intermittent,15,64.54,False,12
INT-019,49,intermittent,0,64.54,False,12
INT-019,50,intermittent,8,64.54,False,12
INT-019,51,intermittent,12,64.54,False,12
INT-019,52,intermittent,0,64.54,False,12
INT-019,53,intermittent,0,64.54,False,12
INT-019,54,intermittent,0,64.54,False,12
INT-019,55,intermittent,0,64.54,False,12
INT-019,56,intermittent,0,64.54,False,12
INT-019,57,intermittent,0,64.54,False,12
INT-019,58,intermittent,0,64.54,False,12
INT-019,59,intermittent,0,64.54,False,12
INT-019,60,intermittent,0,64.54,False,12
INT-019,61,intermittent,22,64.54,False,12
INT-019,62,intermittent,0,64.54,False,12
INT-019,63,intermittent,0,64.54,False,12
INT-019,64,intermittent,0,64.54,False,12
INT-019,65,intermittent,0,64.54,False,12
INT-019,66,intermittent,0,64.54,False,12
INT-019,67,intermittent,6,64.54,False,12
INT-019,68,intermittent,0,64.54,False,12
INT-019,69,intermittent,5,64.54,False,12
INT-019,70,intermittent,0,64.54,False,12
INT-019,71,intermittent,0,64.54,False,12
INT-019,72,intermittent,0,64.54,False,12
INT-019,73,intermittent,0,64.54,False,12
INT-019,74,intermittent,0,64.54,False,12
INT-019,75,intermittent,0,64.54,False,12
INT-019,76,intermittent,0,64.54,False,12
INT-019,77,intermittent,0,64.54,False,12
INT-019,78,intermittent,0,64.54,False,12
INT-019,79,intermittent,0,64.54,False,12
INT-019,80,intermittent,0,64.54,False,12
INT-019,81,intermittent,7,64.54,False,12
INT-019,82,intermittent,0,64.54,False,12
INT-019,83,intermittent,0,64.54,False,12
INT-019,84,intermittent,0,50.66,True,12
INT-019,85,intermittent,7,64.54,False,12
INT-019,86,intermittent,0,64.54,False,12
INT-019,87,intermittent,0,64.54,False,12
INT-019,88,intermittent,15,64.54,False,12
INT-019,89,intermittent,0,64.54,False,12
INT-019,90,intermittent,18,64.54,False,12
INT-019,91,intermittent,0,64.54,False,12
INT-019,92,intermittent,5,64.54,False,12
INT-019,93,intermittent,0,64.54,False,12
INT-019,94,intermittent,0,64.54,False,12
INT-019,95,intermittent,0,64.54,False,12
INT-019,96,intermittent,8,64.54,False,12
INT-019,97,intermittent,0,64.54,False,12
INT-019,98,intermittent,6,64.54,False,12
INT-019,99,intermittent,0,64.54,False,12
INT-019,100,intermittent,0,64.54,False,12
INT-019,101,intermittent,6,64.54,False,12
INT-019,102,intermittent,3,64.54,False,12
INT-019,103,intermittent,0,64.54,False,12
INT-020,0,intermittent,3,30.0,False,11
INT-020,1,intermittent,0,30.0,False,11
INT-020,2,intermittent,0,30.0,False,11
INT-020,3,intermittent,0,30.0,False,11
INT-020,4,intermittent,0,30.0,False,11
INT-020,5,intermittent,0,30.0,False,11
INT-020,6,intermittent,0,30.0,False,11
INT-020,7,intermittent,0,30.0,False,11
INT-020,8,intermittent,0,30.0,False,11
INT-020,9,intermittent,9,30.0,False,11
INT-020,10,intermittent,0,30.0,False,11
INT-020,11,intermittent,0,30.0,False,11
INT-020,12,intermittent,13,30.0,False,11
INT-020,13,intermittent,0,30.0,False,11
INT-020,14,intermittent,0,30.0,False,11
INT-020,15,intermittent,0,30.0,False,11
INT-020,16,intermittent,0,30.0,False,11
INT-020,17,intermittent,12,30.0,False,11
INT-020,18,intermittent,0,30.0,False,11
INT-020,19,intermittent,0,30.0,False,11
INT-020,20,intermittent,0,30.0,False,11
INT-020,21,intermittent,2,30.0,False,11
INT-020,22,intermittent,0,30.0,False,11
INT-020,23,intermittent,21,30.0,False,11
INT-020,24,intermittent,0,30.0,False,11
INT-020,25,intermittent,12,30.0,False,11
INT-020,26,intermittent,65,30.0,False,11
INT-020,27,intermittent,7,30.0,False,11
INT-020,28,intermittent,0,30.0,False,11
INT-020,29,intermittent,0,30.0,False,11
INT-020,30,intermittent,8,30.0,False,11
INT-020,31,intermittent,0,30.0,False,11
INT-020,32,intermittent,0,30.0,False,11
INT-020,33,intermittent,0,30.0,False,11
INT-020,34,intermittent,0,25.44,True,11
INT-020,35,intermittent,0,30.0,False,11
INT-020,36,intermittent,0,30.0,False,11
INT-020,37,intermittent,0,30.0,False,11
INT-020,38,intermittent,0,30.0,False,11
INT-020,39,intermittent,10,30.0,False,11
INT-020,40,intermittent,0,30.0,False,11
INT-020,41,intermittent,0,30.0,False,11
INT-020,42,intermittent,0,30.0,False,11
INT-020,43,intermittent,0,30.0,False,11
INT-020,44,intermittent,14,30.0,False,11
INT-020,45,intermittent,0,30.0,False,11
INT-020,46,intermittent,0,30.0,False,11
INT-020,47,intermittent,0,30.0,False,11
INT-020,48,intermittent,0,30.0,False,11
INT-020,49,intermittent,0,30.0,False,11
INT-020,50,intermittent,11,30.0,False,11
INT-020,51,intermittent,0,30.0,False,11
INT-020,52,intermittent,7,30.0,False,11
INT-020,53,intermittent,0,30.0,False,11
INT-020,54,intermittent,11,30.0,False,11
INT-020,55,intermittent,0,30.0,False,11
INT-020,56,intermittent,0,30.0,False,11
INT-020,57,intermittent,0,30.0,False,11
INT-020,58,intermittent,0,25.44,True,11
INT-020,59,intermittent,0,30.0,False,11
INT-020,60,intermittent,0,30.0,False,11
INT-020,61,intermittent,0,30.0,False,11
INT-020,62,intermittent,0,30.0,False,11
INT-020,63,intermittent,0,30.0,False,11
INT-020,64,intermittent,0,30.0,False,11
INT-020,65,intermittent,0,30.0,False,11
INT-020,66,intermittent,0,30.0,False,11
INT-020,67,intermittent,0,30.0,False,11
INT-020,68,intermittent,0,30.0,False,11
INT-020,69,intermittent,0,30.0,False,11
INT-020,70,intermittent,0,30.0,False,11
INT-020,71,intermittent,23,30.0,False,11
INT-020,72,intermittent,1,30.0,False,11
INT-020,73,intermittent,3,30.0,False,11
INT-020,74,intermittent,0,30.0,False,11
INT-020,75,intermittent,0,30.0,False,11
INT-020,76,intermittent,0,30.0,False,11
INT-020,77,intermittent,0,30.0,False,11
INT-020,78,intermittent,0,30.0,False,11
INT-020,79,intermittent,0,30.0,False,11
INT-020,80,intermittent,0,30.0,False,11
INT-020,81,intermittent,0,30.0,False,11
INT-020,82,intermittent,0,30.0,False,11
INT-020,83,intermittent,15,30.0,False,11
INT-020,84,intermittent,0,30.0,False,11
INT-020,85,intermittent,0,30.0,False,11
INT-020,86,intermittent,5,30.0,False,11
INT-020,87,intermittent,0,30.0,False,11
INT-020,88,intermittent,0,30.0,False,11
INT-020,89,intermittent,0,30.0,False,11
INT-020,90,intermittent,0,30.0,False,11
INT-020,91,intermittent,0,30.0,False,11
INT-020,92,intermittent,0,30.0,False,11
INT-020,93,intermittent,0,30.0,False,11
INT-020,94,intermittent,0,30.0,False,11
INT-020,95,intermittent,13,30.0,False,11
INT-020,96,intermittent,0,30.0,False,11
INT-020,97,intermittent,0,30.0,False,11
INT-020,98,intermittent,10,30.0,False,11
INT-020,99,intermittent,0,30.0,False,11
INT-020,100,intermittent,0,30.0,False,11
INT-020,101,intermittent,0,30.0,False,11
INT-020,102,intermittent,0,30.0,False,11
INT-020,103,intermittent,0,30.0,False,11
INT-021,0,intermittent,0,73.5,False,12
INT-021,1,intermittent,0,73.5,False,12
INT-021,2,intermittent,0,73.5,False,12
INT-021,3,intermittent,0,73.5,False,12
INT-021,4,intermittent,0,73.5,False,12
INT-021,5,intermittent,0,73.5,False,12
INT-021,6,intermittent,7,73.5,False,12
INT-021,7,intermittent,6,73.5,False,12
INT-021,8,intermittent,30,73.5,False,12
INT-021,9,intermittent,0,73.5,False,12
INT-021,10,intermittent,0,73.5,False,12
INT-021,11,intermittent,0,73.5,False,12
INT-021,12,intermittent,11,73.5,False,12
INT-021,13,intermittent,4,73.5,False,12
INT-021,14,intermittent,0,73.5,False,12
INT-021,15,intermittent,0,73.5,False,12
INT-021,16,intermittent,0,73.5,False,12
INT-021,17,intermittent,0,73.5,False,12
INT-021,18,intermittent,0,73.5,False,12
INT-021,19,intermittent,0,73.5,False,12
INT-021,20,intermittent,0,73.5,False,12
INT-021,21,intermittent,15,73.5,False,12
INT-021,22,intermittent,0,73.5,False,12
INT-021,23,intermittent,0,73.5,False,12
INT-021,24,intermittent,0,73.5,False,12
INT-021,25,intermittent,0,73.5,False,12
INT-021,26,intermittent,0,73.5,False,12
INT-021,27,intermittent,4,73.5,False,12
INT-021,28,intermittent,0,73.5,False,12
INT-021,29,intermittent,0,73.5,False,12
INT-021,30,intermittent,0,73.5,False,12
INT-021,31,intermittent,0,73.5,False,12
INT-021,32,intermittent,0,73.5,False,12
INT-021,33,intermittent,0,73.5,False,12
INT-021,34,intermittent,0,52.45,True,12
INT-021,35,intermittent,0,73.5,False,12
INT-021,36,intermittent,6,73.5,False,12
INT-021,37,intermittent,12,73.5,False,12
INT-021,38,intermittent,9,73.5,False,12
INT-021,39,intermittent,6,73.5,False,12
INT-021,40,intermittent,0,73.5,False,12
INT-021,41,intermittent,5,73.5,False,12
INT-021,42,intermittent,0,73.5,False,12
INT-021,43,intermittent,0,73.5,False,12
INT-021,44,intermittent,0,73.5,False,12
INT-021,45,intermittent,14,73.5,False,12
INT-021,46,intermittent,0,73.5,False,12
INT-021,47,intermittent,0,73.5,False,12
INT-021,48,intermittent,4,73.5,False,12
INT-021,49,intermittent,0,73.5,False,12
INT-021,50,intermittent,0,73.5,False,12
INT-021,51,intermittent,0,73.5,False,12
INT-021,52,intermittent,16,73.5,False,12
INT-021,53,intermittent,0,73.5,False,12
INT-021,54,intermittent,0,73.5,False,12
INT-021,55,intermittent,19,73.5,False,12
INT-021,56,intermittent,0,73.5,False,12
INT-021,57,intermittent,0,73.5,False,12
INT-021,58,intermittent,0,73.5,False,12
INT-021,59,intermittent,15,73.5,False,12
INT-021,60,intermittent,0,73.5,False,12
INT-021,61,intermittent,2,73.5,False,12
INT-021,62,intermittent,0,73.5,False,12
INT-021,63,intermittent,0,73.5,False,12
INT-021,64,intermittent,0,73.5,False,12
INT-021,65,intermittent,0,73.5,False,12
INT-021,66,intermittent,0,73.5,False,12
INT-021,67,intermittent,0,73.5,False,12
INT-021,68,intermittent,0,73.5,False,12
INT-021,69,intermittent,0,73.5,False,12
INT-021,70,intermittent,0,73.5,False,12
INT-021,71,intermittent,14,73.5,False,12
INT-021,72,intermittent,0,73.5,False,12
INT-021,73,intermittent,0,73.5,False,12
INT-021,74,intermittent,16,73.5,False,12
INT-021,75,intermittent,0,73.5,False,12
INT-021,76,intermittent,0,73.5,False,12
INT-021,77,intermittent,3,73.5,False,12
INT-021,78,intermittent,7,73.5,False,12
INT-021,79,intermittent,0,73.5,False,12
INT-021,80,intermittent,0,73.5,False,12
INT-021,81,intermittent,0,73.5,False,12
INT-021,82,intermittent,5,73.5,False,12
INT-021,83,intermittent,0,73.5,False,12
INT-021,84,intermittent,6,73.5,False,12
INT-021,85,intermittent,0,73.5,False,12
INT-021,86,intermittent,0,73.5,False,12
INT-021,87,intermittent,0,73.5,False,12
INT-021,88,intermittent,0,73.5,False,12
INT-021,89,intermittent,0,73.5,False,12
INT-021,90,intermittent,8,73.5,False,12
INT-021,91,intermittent,0,73.5,False,12
INT-021,92,intermittent,0,73.5,False,12
INT-021,93,intermittent,0,73.5,False,12
INT-021,94,intermittent,0,73.5,False,12
INT-021,95,intermittent,13,73.5,False,12
INT-021,96,intermittent,0,73.5,False,12
INT-021,97,intermittent,5,73.5,False,12
INT-021,98,intermittent,13,73.5,False,12
INT-021,99,intermittent,7,73.5,False,12
INT-021,100,intermittent,0,73.5,False,12
INT-021,101,intermittent,3,73.5,False,12
INT-021,102,intermittent,0,73.5,False,12
INT-021,103,intermittent,0,73.5,False,12
INT-022,0,intermittent,3,48.06,False,8
INT-022,1,intermittent,0,48.06,False,8
INT-022,2,intermittent,4,48.06,False,8
INT-022,3,intermittent,0,48.06,False,8
INT-022,4,intermittent,6,48.06,False,8
INT-022,5,intermittent,0,48.06,False,8
INT-022,6,intermittent,0,48.06,False,8
INT-022,7,intermittent,2,48.06,False,8
INT-022,8,intermittent,2,48.06,False,8
INT-022,9,intermittent,0,48.06,False,8
INT-022,10,intermittent,0,48.06,False,8
INT-022,11,intermittent,2,48.06,False,8
INT-022,12,intermittent,0,48.06,False,8
INT-022,13,intermittent,0,48.06,False,8
INT-022,14,intermittent,0,48.06,False,8
INT-022,15,intermittent,0,48.06,False,8
INT-022,16,intermittent,5,48.06,False,8
INT-022,17,intermittent,6,48.06,False,8
INT-022,18,intermittent,0,48.06,False,8
INT-022,19,intermittent,0,48.06,False,8
INT-022,20,intermittent,0,48.06,False,8
INT-022,21,intermittent,0,48.06,False,8
INT-022,22,intermittent,0,48.06,False,8
INT-022,23,intermittent,0,48.06,False,8
INT-022,24,intermittent,8,48.06,False,8
INT-022,25,intermittent,0,48.06,False,8
INT-022,26,intermittent,0,48.06,False,8
INT-022,27,intermittent,3,48.06,False,8
INT-022,28,intermittent,0,48.06,False,8
INT-022,29,intermittent,4,48.06,False,8
INT-022,30,intermittent,0,48.06,False,8
INT-022,31,intermittent,7,48.06,False,8
INT-022,32,intermittent,0,48.06,False,8
INT-022,33,intermittent,0,48.06,False,8
INT-022,34,intermittent,0,48.06,False,8
INT-022,35,intermittent,0,48.06,False,8
INT-022,36,intermittent,4,48.06,False,8
INT-022,37,intermittent,4,48.06,False,8
INT-022,38,intermittent,1,48.06,False,8
INT-022,39,intermittent,0,48.06,False,8
INT-022,40,intermittent,0,48.06,False,8
INT-022,41,intermittent,0,48.06,False,8
INT-022,42,intermittent,2,48.06,False,8
INT-022,43,intermittent,0,48.06,False,8
INT-022,44,intermittent,0,48.06,False,8
INT-022,45,intermittent,0,48.06,False,8
INT-022,46,intermittent,0,48.06,False,8
INT-022,47,intermittent,0,48.06,False,8
INT-022,48,intermittent,6,48.06,False,8
INT-022,49,intermittent,0,48.06,False,8
INT-022,50,intermittent,4,48.06,False,8
INT-022,51,intermittent,1,48.06,False,8
INT-022,52,intermittent,0,48.06,False,8
INT-022,53,intermittent,0,48.06,False,8
INT-022,54,intermittent,0,48.06,False,8
INT-022,55,intermittent,0,48.06,False,8
INT-022,56,intermittent,0,48.06,False,8
INT-022,57,intermittent,0,48.06,False,8
INT-022,58,intermittent,0,48.06,False,8
INT-022,59,intermittent,0,48.06,False,8
INT-022,60,intermittent,0,48.06,False,8
INT-022,61,intermittent,0,48.06,False,8
INT-022,62,intermittent,0,48.06,False,8
INT-022,63,intermittent,0,48.06,False,8
INT-022,64,intermittent,0,48.06,False,8
INT-022,65,intermittent,0,48.06,False,8
INT-022,66,intermittent,0,48.06,False,8
INT-022,67,intermittent,0,48.06,False,8
INT-022,68,intermittent,0,48.06,False,8
INT-022,69,intermittent,0,48.06,False,8
INT-022,70,intermittent,0,48.06,False,8
INT-022,71,intermittent,0,48.06,False,8
INT-022,72,intermittent,0,37.79,True,8
INT-022,73,intermittent,0,48.06,False,8
INT-022,74,intermittent,0,48.06,False,8
INT-022,75,intermittent,0,37.79,True,8
INT-022,76,intermittent,2,48.06,False,8
INT-022,77,intermittent,2,48.06,False,8
INT-022,78,intermittent,1,48.06,False,8
INT-022,79,intermittent,5,48.06,False,8
INT-022,80,intermittent,0,48.06,False,8
INT-022,81,intermittent,0,48.06,False,8
INT-022,82,intermittent,5,48.06,False,8
INT-022,83,intermittent,0,48.06,False,8
INT-022,84,intermittent,0,48.06,False,8
INT-022,85,intermittent,0,48.06,False,8
INT-022,86,intermittent,3,48.06,False,8
INT-022,87,intermittent,0,48.06,False,8
INT-022,88,intermittent,0,48.06,False,8
INT-022,89,intermittent,0,48.06,False,8
INT-022,90,intermittent,5,48.06,False,8
INT-022,91,intermittent,0,48.06,False,8
INT-022,92,intermittent,2,48.06,False,8
INT-022,93,intermittent,0,48.06,False,8
INT-022,94,intermittent,0,48.06,False,8
INT-022,95,intermittent,0,48.06,False,8
INT-022,96,intermittent,0,48.06,False,8
INT-022,97,intermittent,0,48.06,False,8
INT-022,98,intermittent,0,37.79,True,8
INT-022,99,intermittent,0,48.06,False,8
INT-022,100,intermittent,0,48.06,False,8
INT-022,101,intermittent,0,48.06,False,8
INT-022,102,intermittent,0,48.06,False,8
INT-022,103,intermittent,0,48.06,False,8
INT-023,0,intermittent,0,52.16,False,9
INT-023,1,intermittent,8,36.71,True,9
INT-023,2,intermittent,14,36.71,True,9
INT-023,3,intermittent,0,52.16,False,9
INT-023,4,intermittent,2,52.16,False,9
INT-023,5,intermittent,0,52.16,False,9
INT-023,6,intermittent,0,52.16,False,9
INT-023,7,intermittent,0,52.16,False,9
INT-023,8,intermittent,3,52.16,False,9
INT-023,9,intermittent,0,52.16,False,9
INT-023,10,intermittent,0,52.16,False,9
INT-023,11,intermittent,0,52.16,False,9
INT-023,12,intermittent,0,52.16,False,9
INT-023,13,intermittent,0,52.16,False,9
INT-023,14,intermittent,0,52.16,False,9
INT-023,15,intermittent,0,52.16,False,9
INT-023,16,intermittent,0,52.16,False,9
INT-023,17,intermittent,0,52.16,False,9
INT-023,18,intermittent,0,52.16,False,9
INT-023,19,intermittent,15,52.16,False,9
INT-023,20,intermittent,0,52.16,False,9
INT-023,21,intermittent,0,52.16,False,9
INT-023,22,intermittent,0,52.16,False,9
INT-023,23,intermittent,7,52.16,False,9
INT-023,24,intermittent,0,52.16,False,9
INT-023,25,intermittent,0,52.16,False,9
INT-023,26,intermittent,0,52.16,False,9
INT-023,27,intermittent,0,52.16,False,9
INT-023,28,intermittent,0,52.16,False,9
INT-023,29,intermittent,4,52.16,False,9
INT-023,30,intermittent,0,52.16,False,9
INT-023,31,intermittent,0,52.16,False,9
INT-023,32,intermittent,1,52.16,False,9
INT-023,33,intermittent,0,52.16,False,9
INT-023,34,intermittent,0,52.16,False,9
INT-023,35,intermittent,0,52.16,False,9
INT-023,36,intermittent,0,52.16,False,9
INT-023,37,intermittent,0,52.16,False,9
INT-023,38,intermittent,32,36.71,True,9
INT-023,39,intermittent,0,52.16,False,9
INT-023,40,intermittent,6,52.16,False,9
INT-023,41,intermittent,15,52.16,False,9
INT-023,42,intermittent,0,52.16,False,9
INT-023,43,intermittent,0,52.16,False,9
INT-023,44,intermittent,0,52.16,False,9
INT-023,45,intermittent,0,52.16,False,9
INT-023,46,intermittent,6,52.16,False,9
INT-023,47,intermittent,0,52.16,False,9
INT-023,48,intermittent,20,52.16,False,9
INT-023,49,intermittent,0,52.16,False,9
INT-023,50,intermittent,0,52.16,False,9
INT-023,51,intermittent,0,52.16,False,9
INT-023,52,intermittent,0,52.16,False,9
INT-023,53,intermittent,0,52.16,False,9
INT-023,54,intermittent,1,52.16,False,9
INT-023,55,intermittent,7,52.16,False,9
INT-023,56,intermittent,0,52.16,False,9
INT-023,57,intermittent,0,52.16,False,9
INT-023,58,intermittent,0,52.16,False,9
INT-023,59,intermittent,0,52.16,False,9
INT-023,60,intermittent,0,52.16,False,9
INT-023,61,intermittent,0,52.16,False,9
INT-023,62,intermittent,0,52.16,False,9
INT-023,63,intermittent,5,52.16,False,9
INT-023,64,intermittent,4,52.16,False,9
INT-023,65,intermittent,0,52.16,False,9
INT-023,66,intermittent,0,52.16,False,9
INT-023,67,intermittent,0,52.16,False,9
INT-023,68,intermittent,0,52.16,False,9
INT-023,69,intermittent,0,52.16,False,9
INT-023,70,intermittent,24,52.16,False,9
INT-023,71,intermittent,0,52.16,False,9
INT-023,72,intermittent,0,52.16,False,9
INT-023,73,intermittent,0,52.16,False,9
INT-023,74,intermittent,0,52.16,False,9
INT-023,75,intermittent,0,52.16,False,9
INT-023,76,intermittent,2,52.16,False,9
INT-023,77,intermittent,0,52.16,False,9
INT-023,78,intermittent,0,52.16,False,9
INT-023,79,intermittent,0,36.71,True,9
INT-023,80,intermittent,7,52.16,False,9
INT-023,81,intermittent,0,52.16,False,9
INT-023,82,intermittent,10,52.16,False,9
INT-023,83,intermittent,0,52.16,False,9
INT-023,84,intermittent,5,52.16,False,9
INT-023,85,intermittent,0,52.16,False,9
INT-023,86,intermittent,4,52.16,False,9
INT-023,87,intermittent,0,52.16,False,9
INT-023,88,intermittent,0,52.16,False,9
INT-023,89,intermittent,0,52.16,False,9
INT-023,90,intermittent,19,36.71,True,9
INT-023,91,intermittent,0,52.16,False,9
INT-023,92,intermittent,0,52.16,False,9
INT-023,93,intermittent,0,52.16,False,9
INT-023,94,intermittent,0,52.16,False,9
INT-023,95,intermittent,0,52.16,False,9
INT-023,96,intermittent,0,52.16,False,9
INT-023,97,intermittent,0,52.16,False,9
INT-023,98,intermittent,0,52.16,False,9
INT-023,99,intermittent,0,52.16,False,9
INT-023,100,intermittent,0,52.16,False,9
INT-023,101,intermittent,0,52.16,False,9
INT-023,102,intermittent,0,52.16,False,9
INT-023,103,intermittent,0,52.16,False,9
INT-024,0,intermittent,0,21.23,True,12
INT-024,1,intermittent,7,26.92,False,12
INT-024,2,intermittent,0,26.92,False,12
INT-024,3,intermittent,0,26.92,False,12
INT-024,4,intermittent,0,26.92,False,12
INT-024,5,intermittent,0,26.92,False,12
INT-024,6,intermittent,0,26.92,False,12
INT-024,7,intermittent,0,26.92,False,12
INT-024,8,intermittent,0,26.92,False,12
INT-024,9,intermittent,0,26.92,False,12
INT-024,10,intermittent,0,26.92,False,12
INT-024,11,intermittent,0,26.92,False,12
INT-024,12,intermittent,0,26.92,False,12
INT-024,13,intermittent,0,26.92,False,12
INT-024,14,intermittent,0,26.92,False,12
INT-024,15,intermittent,0,26.92,False,12
INT-024,16,intermittent,0,26.92,False,12
INT-024,17,intermittent,0,26.92,False,12
INT-024,18,intermittent,0,26.92,False,12
INT-024,19,intermittent,0,26.92,False,12
INT-024,20,intermittent,0,26.92,False,12
INT-024,21,intermittent,0,21.23,True,12
INT-024,22,intermittent,0,26.92,False,12
INT-024,23,intermittent,0,26.92,False,12
INT-024,24,intermittent,0,26.92,False,12
INT-024,25,intermittent,0,26.92,False,12
INT-024,26,intermittent,0,26.92,False,12
INT-024,27,intermittent,0,26.92,False,12
INT-024,28,intermittent,0,21.23,True,12
INT-024,29,intermittent,0,26.92,False,12
INT-024,30,intermittent,0,26.92,False,12
INT-024,31,intermittent,4,26.92,False,12
INT-024,32,intermittent,11,26.92,False,12
INT-024,33,intermittent,3,26.92,False,12
INT-024,34,intermittent,0,26.92,False,12
INT-024,35,intermittent,0,26.92,False,12
INT-024,36,intermittent,0,26.92,False,12
INT-024,37,intermittent,0,26.92,False,12
INT-024,38,intermittent,0,26.92,False,12
INT-024,39,intermittent,0,26.92,False,12
INT-024,40,intermittent,8,26.92,False,12
INT-024,41,intermittent,0,26.92,False,12
INT-024,42,intermittent,0,26.92,False,12
INT-024,43,intermittent,0,26.92,False,12
INT-024,44,intermittent,0,26.92,False,12
INT-024,45,intermittent,1,26.92,False,12
INT-024,46,intermittent,2,26.92,False,12
INT-024,47,intermittent,0,26.92,False,12
INT-024,48,intermittent,0,26.92,False,12
INT-024,49,intermittent,0,26.92,False,12
INT-024,50,intermittent,0,26.92,False,12
INT-024,51,intermittent,0,26.92,False,12
INT-024,52,intermittent,4,26.92,False,12
INT-024,53,intermittent,0,26.92,False,12
INT-024,54,intermittent,0,26.92,False,12
INT-024,55,intermittent,0,26.92,False,12
INT-024,56,intermittent,4,26.92,False,12
INT-024,57,intermittent,0,26.92,False,12
INT-024,58,intermittent,4,26.92,False,12
INT-024,59,intermittent,0,26.92,False,12
INT-024,60,intermittent,0,26.92,False,12
INT-024,61,intermittent,4,26.92,False,12
INT-024,62,intermittent,0,26.92,False,12
INT-024,63,intermittent,0,26.92,False,12
INT-024,64,intermittent,0,26.92,False,12
INT-024,65,intermittent,2,26.92,False,12
INT-024,66,intermittent,0,26.92,False,12
INT-024,67,intermittent,0,26.92,False,12
INT-024,68,intermittent,2,26.92,False,12
INT-024,69,intermittent,3,26.92,False,12
INT-024,70,intermittent,0,26.92,False,12
INT-024,71,intermittent,0,26.92,False,12
INT-024,72,intermittent,3,26.92,False,12
INT-024,73,intermittent,0,26.92,False,12
INT-024,74,intermittent,0,21.23,True,12
INT-024,75,intermittent,0,26.92,False,12
INT-024,76,intermittent,0,26.92,False,12
INT-024,77,intermittent,0,26.92,False,12
INT-024,78,intermittent,0,21.23,True,12
INT-024,79,intermittent,0,26.92,False,12
INT-024,80,intermittent,0,26.92,False,12
INT-024,81,intermittent,0,21.23,True,12
INT-024,82,intermittent,0,26.92,False,12
INT-024,83,intermittent,0,21.23,True,12
INT-024,84,intermittent,0,26.92,False,12
INT-024,85,intermittent,0,26.92,False,12
INT-024,86,intermittent,6,26.92,False,12
INT-024,87,intermittent,13,26.92,False,12
INT-024,88,intermittent,3,26.92,False,12
INT-024,89,intermittent,7,26.92,False,12
INT-024,90,intermittent,0,26.92,False,12
INT-024,91,intermittent,0,26.92,False,12
INT-024,92,intermittent,0,26.92,False,12
INT-024,93,intermittent,0,26.92,False,12
INT-024,94,intermittent,0,26.92,False,12
INT-024,95,intermittent,0,26.92,False,12
INT-024,96,intermittent,0,21.23,True,12
INT-024,97,intermittent,0,26.92,False,12
INT-024,98,intermittent,0,26.92,False,12
INT-024,99,intermittent,7,26.92,False,12
INT-024,100,intermittent,0,26.92,False,12
INT-024,101,intermittent,0,26.92,False,12
INT-024,102,intermittent,0,26.92,False,12
INT-024,103,intermittent,9,26.92,False,12
INT-025,0,intermittent,2,74.87,False,10
INT-025,1,intermittent,0,74.87,False,10
INT-025,2,intermittent,0,74.87,False,10
INT-025,3,intermittent,0,74.87,False,10
INT-025,4,intermittent,0,74.87,False,10
INT-025,5,intermittent,0,74.87,False,10
INT-025,6,intermittent,0,74.87,False,10
INT-025,7,intermittent,2,74.87,False,10
INT-025,8,intermittent,0,74.87,False,10
INT-025,9,intermittent,0,74.87,False,10
INT-025,10,intermittent,0,74.87,False,10
INT-025,11,intermittent,0,74.87,False,10
INT-025,12,intermittent,1,74.87,False,10
INT-025,13,intermittent,0,74.87,False,10
INT-025,14,intermittent,0,74.87,False,10
INT-025,15,intermittent,0,74.87,False,10
INT-025,16,intermittent,13,74.87,False,10
INT-025,17,intermittent,0,74.87,False,10
INT-025,18,intermittent,0,74.87,False,10
INT-025,19,intermittent,0,74.87,False,10
INT-025,20,intermittent,0,74.87,False,10
INT-025,21,intermittent,6,74.87,False,10
INT-025,22,intermittent,21,54.56,True,10
INT-025,23,intermittent,0,74.87,False,10
INT-025,24,intermittent,0,74.87,False,10
INT-025,25,intermittent,18,74.87,False,10
INT-025,26,intermittent,0,74.87,False,10
INT-025,27,intermittent,0,74.87,False,10
INT-025,28,intermittent,0,74.87,False,10
INT-025,29,intermittent,0,74.87,False,10
INT-025,30,intermittent,0,74.87,False,10
INT-025,31,intermittent,0,74.87,False,10
INT-025,32,intermittent,0,74.87,False,10
INT-025,33,intermittent,0,74.87,False,10
INT-025,34,intermittent,2,74.87,False,10
INT-025,35,intermittent,0,74.87,False,10
INT-025,36,intermittent,0,74.87,False,10
INT-025,37,intermittent,0,74.87,False,10
INT-025,38,intermittent,0,74.87,False,10
INT-025,39,intermittent,0,74.87,False,10
INT-025,40,intermittent,0,74.87,False,10
INT-025,41,intermittent,10,74.87,False,10
INT-025,42,intermittent,8,74.87,False,10
INT-025,43,intermittent,0,74.87,False,10
INT-025,44,intermittent,0,74.87,False,10
INT-025,45,intermittent,0,74.87,False,10
INT-025,46,intermittent,0,74.87,False,10
INT-025,47,intermittent,3,74.87,False,10
INT-025,48,intermittent,0,74.87,False,10
INT-025,49,intermittent,0,74.87,False,10
INT-025,50,intermittent,0,74.87,False,10
INT-025,51,intermittent,0,54.56,True,10
INT-025,52,intermittent,8,74.87,False,10
INT-025,53,intermittent,0,74.87,False,10
INT-025,54,intermittent,0,74.87,False,10
INT-025,55,intermittent,2,74.87,False,10
INT-025,56,intermittent,11,74.87,False,10
INT-025,57,intermittent,6,74.87,False,10
INT-025,58,intermittent,7,74.87,False,10
INT-025,59,intermittent,0,74.87,False,10
INT-025,60,intermittent,35,54.56,True,10
INT-025,61,intermittent,1,74.87,False,10
INT-025,62,intermittent,0,74.87,False,10
INT-025,63,intermittent,11,74.87,False,10
INT-025,64,intermittent,0,74.87,False,10
INT-025,65,intermittent,0,74.87,False,10
INT-025,66,intermittent,13,74.87,False,10
INT-025,67,intermittent,0,74.87,False,10
INT-025,68,intermittent,0,74.87,False,10
INT-025,69,intermittent,20,74.87,False,10
INT-025,70,intermittent,0,74.87,False,10
INT-025,71,intermittent,14,74.87,False,10
INT-025,72,intermittent,0,74.87,False,10
INT-025,73,intermittent,0,74.87,False,10
INT-025,74,intermittent,12,74.87,False,10
INT-025,75,intermittent,0,74.87,False,10
INT-025,76,intermittent,0,54.56,True,10
INT-025,77,intermittent,12,54.56,True,10
INT-025,78,intermittent,0,74.87,False,10
INT-025,79,intermittent,0,74.87,False,10
INT-025,80,intermittent,7,74.87,False,10
INT-025,81,intermittent,0,74.87,False,10
INT-025,82,intermittent,17,74.87,False,10
INT-025,83,intermittent,0,74.87,False,10
INT-025,84,intermittent,0,74.87,False,10
INT-025,85,intermittent,0,74.87,False,10
INT-025,86,intermittent,0,74.87,False,10
INT-025,87,intermittent,0,74.87,False,10
INT-025,88,intermittent,3,74.87,False,10
INT-025,89,intermittent,2,74.87,False,10
INT-025,90,intermittent,0,74.87,False,10
INT-025,91,intermittent,0,74.87,False,10
INT-025,92,intermittent,13,74.87,False,10
INT-025,93,intermittent,0,74.87,False,10
INT-025,94,intermittent,0,74.87,False,10
INT-025,95,intermittent,0,74.87,False,10
INT-025,96,intermittent,5,74.87,False,10
INT-025,97,intermittent,0,74.87,False,10
INT-025,98,intermittent,2,74.87,False,10
INT-025,99,intermittent,0,74.87,False,10
INT-025,100,intermittent,0,74.87,False,10
INT-025,101,intermittent,2,74.87,False,10
INT-025,102,intermittent,12,74.87,False,10
INT-025,103,intermittent,0,74.87,False,10
INT-026,0,intermittent,0,62.77,False,11
INT-026,1,intermittent,24,62.77,False,11
INT-026,2,intermittent,0,62.77,False,11
INT-026,3,intermittent,0,62.77,False,11
INT-026,4,intermittent,8,62.77,False,11
INT-026,5,intermittent,0,62.77,False,11
INT-026,6,intermittent,0,62.77,False,11
INT-026,7,intermittent,0,62.77,False,11
INT-026,8,intermittent,0,62.77,False,11
INT-026,9,intermittent,0,62.77,False,11
INT-026,10,intermittent,0,62.77,False,11
INT-026,11,intermittent,0,62.77,False,11
INT-026,12,intermittent,0,62.77,False,11
INT-026,13,intermittent,0,62.77,False,11
INT-026,14,intermittent,0,47.58,True,11
INT-026,15,intermittent,0,62.77,False,11
INT-026,16,intermittent,0,62.77,False,11
INT-026,17,intermittent,0,47.58,True,11
INT-026,18,intermittent,1,62.77,False,11
INT-026,19,intermittent,0,62.77,False,11
INT-026,20,intermittent,0,62.77,False,11
INT-026,21,intermittent,0,62.77,False,11
INT-026,22,intermittent,0,62.77,False,11
INT-026,23,intermittent,0,62.77,False,11
INT-026,24,intermittent,0,62.77,False,11
INT-026,25,intermittent,0,62.77,False,11
INT-026,26,intermittent,0,62.77,False,11
INT-026,27,intermittent,11,62.77,False,11
INT-026,28,intermittent,0,62.77,False,11
INT-026,29,intermittent,0,62.77,False,11
INT-026,30,intermittent,0,62.77,False,11
INT-026,31,intermittent,0,47.58,True,11
INT-026,32,intermittent,0,62.77,False,11
INT-026,33,intermittent,0,62.77,False,11
INT-026,34,intermittent,0,62.77,False,11
INT-026,35,intermittent,0,62.77,False,11
INT-026,36,intermittent,0,62.77,False,11
INT-026,37,intermittent,7,62.77,False,11
INT-026,38,intermittent,0,62.77,False,11
INT-026,39,intermittent,0,62.77,False,11
INT-026,40,intermittent,0,62.77,False,11
INT-026,41,intermittent,0,62.77,False,11
INT-026,42,intermittent,0,62.77,False,11
INT-026,43,intermittent,0,62.77,False,11
INT-026,44,intermittent,0,47.58,True,11
INT-026,45,intermittent,0,62.77,False,11
INT-026,46,intermittent,0,62.77,False,11
INT-026,47,intermittent,0,62.77,False,11
INT-026,48,intermittent,0,62.77,False,11
INT-026,49,intermittent,0,62.77,False,11
INT-026,50,intermittent,0,62.77,False,11
INT-026,51,intermittent,0,62.77,False,11
INT-026,52,intermittent,0,47.58,True,11
INT-026,53,intermittent,12,62.77,False,11
INT-026,54,intermittent,0,47.58,True,11
INT-026,55,intermittent,9,62.77,False,11
INT-026,56,intermittent,0,62.77,False,11
INT-026,57,intermittent,0,62.77,False,11
INT-026,58,intermittent,0,62.77,False,11
INT-026,59,intermittent,0,62.77,False,11
INT-026,60,intermittent,0,62.77,False,11
INT-026,61,intermittent,0,62.77,False,11
INT-026,62,intermittent,0,62.77,False,11
INT-026,63,intermittent,0,62.77,False,11
INT-026,64,intermittent,0,62.77,False,11
INT-026,65,intermittent,4,62.77,False,11
INT-026,66,intermittent,0,62.77,False,11
INT-026,67,intermittent,3,62.77,False,11
INT-026,68,intermittent,0,62.77,False,11
INT-026,69,intermittent,0,62.77,False,11
INT-026,70,intermittent,0,62.77,False,11
INT-026,71,intermittent,10,62.77,False,11
INT-026,72,intermittent,0,62.77,False,11
INT-026,73,intermittent,0,62.77,False,11
INT-026,74,intermittent,0,62.77,False,11
INT-026,75,intermittent,0,62.77,False,11
INT-026,76,intermittent,0,62.77,False,11
INT-026,77,intermittent,0,62.77,False,11
INT-026,78,intermittent,0,62.77,False,11
INT-026,79,intermittent,0,62.77,False,11
INT-026,80,intermittent,2,62.77,False,11
INT-026,81,intermittent,0,47.58,True,11
INT-026,82,intermittent,0,62.77,False,11
INT-026,83,intermittent,7,62.77,False,11
INT-026,84,intermittent,14,62.77,False,11
INT-026,85,intermittent,0,62.77,False,11
INT-026,86,intermittent,0,62.77,False,11
INT-026,87,intermittent,0,62.77,False,11
INT-026,88,intermittent,0,62.77,False,11
INT-026,89,intermittent,12,62.77,False,11
INT-026,90,intermittent,13,62.77,False,11
INT-026,91,intermittent,0,62.77,False,11
INT-026,92,intermittent,0,62.77,False,11
INT-026,93,intermittent,0,62.77,False,11
INT-026,94,intermittent,0,62.77,False,11
INT-026,95,intermittent,0,62.77,False,11
INT-026,96,intermittent,6,62.77,False,11
INT-026,97,intermittent,0,62.77,False,11
INT-026,98,intermittent,0,62.77,False,11
INT-026,99,intermittent,0,62.77,False,11
INT-026,100,intermittent,10,62.77,False,11
INT-026,101,intermittent,0,62.77,False,11
INT-026,102,intermittent,5,62.77,False,11
INT-026,103,intermittent,0,62.77,False,11
INT-027,0,intermittent,0,70.42,False,12
INT-027,1,intermittent,17,70.42,False,12
INT-027,2,intermittent,0,70.42,False,12
INT-027,3,intermittent,0,70.42,False,12
INT-027,4,intermittent,0,70.42,False,12
INT-027,5,intermittent,6,70.42,False,12
INT-027,6,intermittent,0,70.42,False,12
INT-027,7,intermittent,0,70.42,False,12
INT-027,8,intermittent,0,70.42,False,12
INT-027,9,intermittent,0,70.42,False,12
INT-027,10,intermittent,0,70.42,False,12
INT-027,11,intermittent,3,70.42,False,12
INT-027,12,intermittent,3,70.42,False,12
INT-027,13,intermittent,0,70.42,False,12
INT-027,14,intermittent,0,70.42,False,12
INT-027,15,intermittent,0,70.42,False,12
INT-027,16,intermittent,0,70.42,False,12
INT-027,17,intermittent,0,57.03,True,12
INT-027,18,intermittent,0,70.42,False,12
INT-027,19,intermittent,4,70.42,False,12
INT-027,20,intermittent,0,70.42,False,12
INT-027,21,intermittent,0,70.42,False,12
INT-027,22,intermittent,11,70.42,False,12
INT-027,23,intermittent,15,70.42,False,12
INT-027,24,intermittent,0,70.42,False,12
INT-027,25,intermittent,0,70.42,False,12
INT-027,26,intermittent,0,70.42,False,12
INT-027,27,intermittent,0,70.42,False,12
INT-027,28,intermittent,0,70.42,False,12
INT-027,29,intermittent,0,70.42,False,12
INT-027,30,intermittent,21,70.42,False,12
INT-027,31,intermittent,0,70.42,False,12
INT-027,32,intermittent,21,70.42,False,12
INT-027,33,intermittent,0,70.42,False,12
INT-027,34,intermittent,6,70.42,False,12
INT-027,35,intermittent,0,70.42,False,12
INT-027,36,intermittent,16,70.42,False,12
INT-027,37,intermittent,0,70.42,False,12
INT-027,38,intermittent,0,70.42,False,12
INT-027,39,intermittent,3,70.42,False,12
INT-027,40,intermittent,0,70.42,False,12
INT-027,41,intermittent,0,70.42,False,12
INT-027,42,intermittent,0,70.42,False,12
INT-027,43,intermittent,0,70.42,False,12
INT-027,44,intermittent,0,70.42,False,12
INT-027,45,intermittent,0,70.42,False,12
INT-027,46,intermittent,0,70.42,False,12
INT-027,47,intermittent,0,70.42,False,12
INT-027,48,intermittent,7,70.42,False,12
INT-027,49,intermittent,0,70.42,False,12
INT-027,50,intermittent,0,70.42,False,12
INT-027,51,intermittent,0,57.03,True,12
INT-027,52,intermittent,0,70.42,False,12
INT-027,53,intermittent,7,70.42,False,12
INT-027,54,intermittent,0,70.42,False,12
INT-027,55,intermittent,0,70.42,False,12
INT-027,56,intermittent,0,70.42,False,12
INT-027,57,intermittent,4,70.42,False,12
INT-027,58,intermittent,0,70.42,False,12
INT-027,59,intermittent,0,70.42,False,12
INT-027,60,intermittent,0,70.42,False,12
INT-027,61,intermittent,2,70.42,False,12
INT-027,62,intermittent,0,70.42,False,12
INT-027,63,intermittent,0,70.42,False,12
INT-027,64,intermittent,0,70.42,False,12
INT-027,65,intermittent,0,70.42,False,12
INT-027,66,intermittent,0,70.42,False,12
INT-027,67,intermittent,0,70.42,False,12
INT-027,68,intermittent,5,70.42,False,12
INT-027,69,intermittent,0,70.42,False,12
INT-027,70,intermittent,0,70.42,False,12
INT-027,71,intermittent,0,70.42,False,12
INT-027,72,intermittent,0,70.42,False,12
INT-027,73,intermittent,0,70.42,False,12
INT-027,74,intermittent,0,57.03,True,12
INT-027,75,intermittent,2,70.42,False,12
INT-027,76,intermittent,0,70.42,False,12
INT-027,77,intermittent,0,70.42,False,12
INT-027,78,intermittent,0,70.42,False,12
INT-027,79,intermittent,0,70.42,False,12
INT-027,80,intermittent,0,70.42,False,12
INT-027,81,intermittent,0,70.42,False,12
INT-027,82,intermittent,0,70.42,False,12
INT-027,83,intermittent,0,70.42,False,12
INT-027,84,intermittent,0,70.42,False,12
INT-027,85,intermittent,0,70.42,False,12
INT-027,86,intermittent,3,70.42,False,12
INT-027,87,intermittent,0,70.42,False,12
INT-027,88,intermittent,0,57.03,True,12
INT-027,89,intermittent,0,70.42,False,12
INT-027,90,intermittent,5,70.42,False,12
INT-027,91,intermittent,5,70.42,False,12
INT-027,92,intermittent,0,70.42,False,12
INT-027,93,intermittent,0,70.42,False,12
INT-027,94,intermittent,0,70.42,False,12
INT-027,95,intermittent,0,70.42,False,12
INT-027,96,intermittent,0,70.42,False,12
INT-027,97,intermittent,0,70.42,False,12
INT-027,98,intermittent,0,70.42,False,12
INT-027,99,intermittent,0,70.42,False,12
INT-027,100,intermittent,13,70.42,False,12
INT-027,101,intermittent,9,70.42,False,12
INT-027,102,intermittent,0,70.42,False,12
INT-027,103,intermittent,0,70.42,False,12
INT-028,0,intermittent,0,42.38,False,6
INT-028,1,intermittent,0,42.38,False,6
INT-028,2,intermittent,0,42.38,False,6
INT-028,3,intermittent,0,42.38,False,6
INT-028,4,intermittent,15,42.38,False,6
INT-028,5,intermittent,0,42.38,False,6
INT-028,6,intermittent,0,42.38,False,6
INT-028,7,intermittent,0,42.38,False,6
INT-028,8,intermittent,0,42.38,False,6
INT-028,9,intermittent,7,42.38,False,6
INT-028,10,intermittent,0,34.49,True,6
INT-028,11,intermittent,0,42.38,False,6
INT-028,12,intermittent,0,42.38,False,6
INT-028,13,intermittent,0,42.38,False,6
INT-028,14,intermittent,0,42.38,False,6
INT-028,15,intermittent,8,42.38,False,6
INT-028,16,intermittent,0,42.38,False,6
INT-028,17,intermittent,0,42.38,False,6
INT-028,18,intermittent,0,42.38,False,6
INT-028,19,intermittent,1,42.38,False,6
INT-028,20,intermittent,0,42.38,False,6
INT-028,21,intermittent,0,42.38,False,6
INT-028,22,intermittent,8,42.38,False,6
INT-028,23,intermittent,0,42.38,False,6
INT-028,24,intermittent,0,42.38,False,6
INT-028,25,intermittent,0,42.38,False,6
INT-028,26,intermittent,0,34.49,True,6
INT-028,27,intermittent,0,42.38,False,6
INT-028,28,intermittent,0,42.38,False,6
INT-028,29,intermittent,0,42.38,False,6
INT-028,30,intermittent,0,42.38,False,6
INT-028,31,intermittent,0,42.38,False,6
INT-028,32,intermittent,0,42.38,False,6
INT-028,33,intermittent,0,42.38,False,6
INT-028,34,intermittent,0,34.49,True,6
INT-028,35,intermittent,0,42.38,False,6
INT-028,36,intermittent,21,42.38,False,6
INT-028,37,intermittent,0,42.38,False,6
INT-028,38,intermittent,0,42.38,False,6
INT-028,39,intermittent,0,42.38,False,6
INT-028,40,intermittent,0,42.38,False,6
INT-028,41,intermittent,0,42.38,False,6
INT-028,42,intermittent,32,34.49,True,6
INT-028,43,intermittent,0,42.38,False,6
INT-028,44,intermittent,0,42.38,False,6
INT-028,45,intermittent,0,42.38,False,6
INT-028,46,intermittent,0,42.38,False,6
INT-028,47,intermittent,0,42.38,False,6
INT-028,48,intermittent,0,42.38,False,6
INT-028,49,intermittent,0,42.38,False,6
INT-028,50,intermittent,0,42.38,False,6
INT-028,51,intermittent,9,42.38,False,6
INT-028,52,intermittent,0,42.38,False,6
INT-028,53,intermittent,0,42.38,False,6
INT-028,54,intermittent,0,42.38,False,6
INT-028,55,intermittent,0,42.38,False,6
INT-028,56,intermittent,0,42.38,False,6
INT-028,57,intermittent,0,42.38,False,6
INT-028,58,intermittent,0,42.38,False,6
INT-028,59,intermittent,0,42.38,False,6
INT-028,60,intermittent,6,42.38,False,6
INT-028,61,intermittent,0,42.38,False,6
INT-028,62,intermittent,0,42.38,False,6
INT-028,63,intermittent,0,42.38,False,6
INT-028,64,intermittent,0,42.38,False,6
INT-028,65,intermittent,0,42.38,False,6
INT-028,66,intermittent,0,42.38,False,6
INT-028,67,intermittent,0,42.38,False,6
INT-028,68,intermittent,0,42.38,False,6
INT-028,69,intermittent,0,42.38,False,6
INT-028,70,intermittent,0,42.38,False,6
INT-028,71,intermittent,0,42.38,False,6
INT-028,72,intermittent,6,42.38,False,6
INT-028,73,intermittent,5,42.38,False,6
INT-028,74,intermittent,0,42.38,False,6
INT-028,75,intermittent,7,42.38,False,6
INT-028,76,intermittent,0,42.38,False,6
INT-028,77,intermittent,0,42.38,False,6
INT-028,78,intermittent,0,42.38,False,6
INT-028,79,intermittent,0,42.38,False,6
INT-028,80,intermittent,14,42.38,False,6
INT-028,81,intermittent,0,42.38,False,6
INT-028,82,intermittent,0,42.38,False,6
INT-028,83,intermittent,0,42.38,False,6
INT-028,84,intermittent,24,42.38,False,6
INT-028,85,intermittent,0,42.38,False,6
INT-028,86,intermittent,0,42.38,False,6
INT-028,87,intermittent,0,42.38,False,6
INT-028,88,intermittent,0,42.38,False,6
INT-028,89,intermittent,0,42.38,False,6
INT-028,90,intermittent,0,42.38,False,6
INT-028,91,intermittent,0,42.38,False,6
INT-028,92,intermittent,0,42.38,False,6
INT-028,93,intermittent,0,42.38,False,6
INT-028,94,intermittent,0,42.38,False,6
INT-028,95,intermittent,0,42.38,False,6
INT-028,96,intermittent,0,42.38,False,6
INT-028,97,intermittent,0,42.38,False,6
INT-028,98,intermittent,8,42.38,False,6
INT-028,99,intermittent,4,42.38,False,6
INT-028,100,intermittent,0,42.38,False,6
INT-028,101,intermittent,0,42.38,False,6
INT-028,102,intermittent,0,42.38,False,6
INT-028,103,intermittent,0,42.38,False,6
INT-029,0,intermittent,6,43.39,False,12
INT-029,1,intermittent,0,43.39,False,12
INT-029,2,intermittent,0,43.39,False,12
INT-029,3,intermittent,0,43.39,False,12
INT-029,4,intermittent,0,43.39,False,12
INT-029,5,intermittent,0,43.39,False,12
INT-029,6,intermittent,0,43.39,False,12
INT-029,7,intermittent,0,43.39,False,12
INT-029,8,intermittent,0,43.39,False,12
INT-029,9,intermittent,5,43.39,False,12
INT-029,10,intermittent,0,35.69,True,12
INT-029,11,intermittent,0,43.39,False,12
INT-029,12,intermittent,0,35.69,True,12
INT-029,13,intermittent,0,43.39,False,12
INT-029,14,intermittent,0,35.69,True,12
INT-029,15,intermittent,0,43.39,False,12
INT-029,16,intermittent,0,43.39,False,12
INT-029,17,intermittent,0,43.39,False,12
INT-029,18,intermittent,0,43.39,False,12
INT-029,19,intermittent,0,35.69,True,12
INT-029,20,intermittent,0,43.39,False,12
INT-029,21,intermittent,0,43.39,False,12
INT-029,22,intermittent,5,43.39,False,12
INT-029,23,intermittent,0,43.39,False,12
INT-029,24,intermittent,0,43.39,False,12
INT-029,25,intermittent,18,35.69,True,12
INT-029,26,intermittent,0,43.39,False,12
INT-029,27,intermittent,0,43.39,False,12
INT-029,28,intermittent,0,43.39,False,12
INT-029,29,intermittent,0,43.39,False,12
INT-029,30,intermittent,0,35.69,True,12
INT-029,31,intermittent,0,43.39,False,12
INT-029,32,intermittent,0,43.39,False,12
INT-029,33,intermittent,0,35.69,True,12
INT-029,34,intermittent,0,43.39,False,12
INT-029,35,intermittent,0,43.39,False,12
INT-029,36,intermittent,6,43.39,False,12
INT-029,37,intermittent,0,43.39,False,12
INT-029,38,intermittent,0,43.39,False,12
INT-029,39,intermittent,0,43.39,False,12
INT-029,40,intermittent,0,43.39,False,12
INT-029,41,intermittent,0,43.39,False,12
INT-029,42,intermittent,21,43.39,False,12
INT-029,43,intermittent,0,43.39,False,12
INT-029,44,intermittent,2,43.39,False,12
INT-029,45,intermittent,3,43.39,False,12
INT-029,46,intermittent,4,43.39,False,12
INT-029,47,intermittent,0,43.39,False,12
INT-029,48,intermittent,0,43.39,False,12
INT-029,49,intermittent,7,43.39,False,12
INT-029,50,intermittent,0,43.39,False,12
INT-029,51,intermittent,15,43.39,False,12
INT-029,52,intermittent,0,43.39,False,12
INT-029,53,intermittent,17,43.39,False,12
INT-029,54,intermittent,0,43.39,False,12
INT-029,55,intermittent,3,43.39,False,12
INT-029,56,intermittent,0,43.39,False,12
INT-029,57,intermittent,17,43.39,False,12
INT-029,58,intermittent,14,43.39,False,12
INT-029,59,intermittent,0,43.39,False,12
INT-029,60,intermittent,0,35.69,True,12
INT-029,61,intermittent,4,43.39,False,12
INT-029,62,intermittent,0,43.39,False,12
INT-029,63,intermittent,0,43.39,False,12
INT-029,64,intermittent,0,43.39,False,12
INT-029,65,intermittent,0,43.39,False,12
INT-029,66,intermittent,0,43.39,False,12
INT-029,67,intermittent,0,43.39,False,12
INT-029,68,intermittent,0,43.39,False,12
INT-029,69,intermittent,0,43.39,False,12
INT-029,70,intermittent,0,43.39,False,12
INT-029,71,intermittent,0,43.39,False,12
INT-029,72,intermittent,3,43.39,False,12
INT-029,73,intermittent,0,43.39,False,12
INT-029,74,intermittent,0,43.39,False,12
INT-029,75,intermittent,0,43.39,False,12
INT-029,76,intermittent,3,43.39,False,12
INT-029,77,intermittent,0,43.39,False,12
INT-029,78,intermittent,0,43.39,False,12
INT-029,79,intermittent,5,43.39,False,12
INT-029,80,intermittent,0,43.39,False,12
INT-029,81,intermittent,0,43.39,False,12
INT-029,82,intermittent,0,43.39,False,12
INT-029,83,intermittent,19,43.39,False,12
INT-029,84,intermittent,0,43.39,False,12
INT-029,85,intermittent,0,43.39,False,12
INT-029,86,intermittent,0,43.39,False,12
INT-029,87,intermittent,0,43.39,False,12
INT-029,88,intermittent,0,43.39,False,12
INT-029,89,intermittent,0,43.39,False,12
INT-029,90,intermittent,0,43.39,False,12
INT-029,91,intermittent,0,43.39,False,12
INT-029,92,intermittent,2,43.39,False,12
INT-029,93,intermittent,7,43.39,False,12
INT-029,94,intermittent,3,43.39,False,12
INT-029,95,intermittent,5,35.69,True,12
INT-029,96,intermittent,0,43.39,False,12
INT-029,97,intermittent,0,43.39,False,12
INT-029,98,intermittent,14,43.39,False,12
INT-029,99,intermittent,0,43.39,False,12
INT-029,100,intermittent,0,43.39,False,12
INT-029,101,intermittent,0,43.39,False,12
INT-029,102,intermittent,6,35.69,True,12
INT-029,103,intermittent,0,43.39,False,12
INT-030,0,intermittent,4,39.84,False,9
INT-030,1,intermittent,0,39.84,False,9
INT-030,2,intermittent,0,39.84,False,9
INT-030,3,intermittent,0,39.84,False,9
INT-030,4,intermittent,3,39.84,False,9
INT-030,5,intermittent,5,39.84,False,9
INT-030,6,intermittent,0,39.84,False,9
INT-030,7,intermittent,3,39.84,False,9
INT-030,8,intermittent,0,39.84,False,9
INT-030,9,intermittent,0,39.84,False,9
INT-030,10,intermittent,0,39.84,False,9
INT-030,11,intermittent,0,39.84,False,9
INT-030,12,intermittent,5,39.84,False,9
INT-030,13,intermittent,0,39.84,False,9
INT-030,14,intermittent,4,39.84,False,9
INT-030,15,intermittent,2,39.84,False,9
INT-030,16,intermittent,0,39.84,False,9
INT-030,17,intermittent,0,39.84,False,9
INT-030,18,intermittent,0,39.84,False,9
INT-030,19,intermittent,0,39.84,False,9
INT-030,20,intermittent,0,39.84,False,9
INT-030,21,intermittent,0,39.84,False,9
INT-030,22,intermittent,0,39.84,False,9
INT-030,23,intermittent,0,39.84,False,9
INT-030,24,intermittent,3,39.84,False,9
INT-030,25,intermittent,0,39.84,False,9
INT-030,26,intermittent,0,32.3,True,9
INT-030,27,intermittent,0,39.84,False,9
INT-030,28,intermittent,3,39.84,False,9
INT-030,29,intermittent,2,39.84,False,9
INT-030,30,intermittent,0,39.84,False,9
INT-030,31,intermittent,0,39.84,False,9
INT-030,32,intermittent,0,39.84,False,9
INT-030,33,intermittent,4,39.84,False,9
INT-030,34,intermittent,3,39.84,False,9
INT-030,35,intermittent,0,39.84,False,9
INT-030,36,intermittent,1,39.84,False,9
INT-030,37,intermittent,0,39.84,False,9
INT-030,38,intermittent,0,39.84,False,9
INT-030,39,intermittent,0,39.84,False,9
INT-030,40,intermittent,6,39.84,False,9
INT-030,41,intermittent,2,39.84,False,9
INT-030,42,intermittent,0,39.84,False,9
INT-030,43,intermittent,1,39.84,False,9
INT-030,44,intermittent,0,39.84,False,9
INT-030,45,intermittent,0,39.84,False,9
INT-030,46,intermittent,0,39.84,False,9
INT-030,47,intermittent,0,39.84,False,9
INT-030,48,intermittent,0,39.84,False,9
INT-030,49,intermittent,0,39.84,False,9
INT-030,50,intermittent,3,39.84,False,9
INT-030,51,intermittent,4,39.84,False,9
INT-030,52,intermittent,0,39.84,False,9
INT-030,53,intermittent,0,39.84,False,9
INT-030,54,intermittent,0,39.84,False,9
INT-030,55,intermittent,2,39.84,False,9
INT-030,56,intermittent,0,39.84,False,9
INT-030,57,intermittent,0,39.84,False,9
INT-030,58,intermittent,4,39.84,False,9
INT-030,59,intermittent,3,39.84,False,9
INT-030,60,intermittent,0,39.84,False,9
INT-030,61,intermittent,0,39.84,False,9
INT-030,62,intermittent,0,39.84,False,9
INT-030,63,intermittent,0,39.84,False,9
INT-030,64,intermittent,0,39.84,False,9
INT-030,65,intermittent,0,39.84,False,9
INT-030,66,intermittent,0,39.84,False,9
INT-030,67,intermittent,0,39.84,False,9
INT-030,68,intermittent,0,39.84,False,9
INT-030,69,intermittent,2,39.84,False,9
INT-030,70,intermittent,0,39.84,False,9
INT-030,71,intermittent,0,39.84,False,9
INT-030,72,intermittent,0,39.84,False,9
INT-030,73,intermittent,0,39.84,False,9
INT-030,74,intermittent,0,39.84,False,9
INT-030,75,intermittent,0,39.84,False,9
INT-030,76,intermittent,0,39.84,False,9
INT-030,77,intermittent,5,39.84,False,9
INT-030,78,intermittent,0,39.84,False,9
INT-030,79,intermittent,0,39.84,False,9
INT-030,80,intermittent,0,39.84,False,9
INT-030,81,intermittent,5,39.84,False,9
INT-030,82,intermittent,0,39.84,False,9
INT-030,83,intermittent,1,39.84,False,9
INT-030,84,intermittent,1,39.84,False,9
INT-030,85,intermittent,0,39.84,False,9
INT-030,86,intermittent,3,39.84,False,9
INT-030,87,intermittent,0,39.84,False,9
INT-030,88,intermittent,2,39.84,False,9
INT-030,89,intermittent,2,39.84,False,9
INT-030,90,intermittent,0,39.84,False,9
INT-030,91,intermittent,0,39.84,False,9
INT-030,92,intermittent,0,39.84,False,9
INT-030,93,intermittent,0,39.84,False,9
INT-030,94,intermittent,0,39.84,False,9
INT-030,95,intermittent,0,39.84,False,9
INT-030,96,intermittent,0,39.84,False,9
INT-030,97,intermittent,0,39.84,False,9
INT-030,98,intermittent,1,39.84,False,9
INT-030,99,intermittent,0,39.84,False,9
INT-030,100,intermittent,3,39.84,False,9
INT-030,101,intermittent,2,39.84,False,9
INT-030,102,intermittent,0,39.84,False,9
INT-030,103,intermittent,0,39.84,False,9
INT-031,0,intermittent,0,58.14,False,7
INT-031,1,intermittent,0,58.14,False,7
INT-031,2,intermittent,4,58.14,False,7
INT-031,3,intermittent,0,58.14,False,7
INT-031,4,intermittent,0,58.14,False,7
INT-031,5,intermittent,0,58.14,False,7
INT-031,6,intermittent,0,58.14,False,7
INT-031,7,intermittent,21,45.98,True,7
INT-031,8,intermittent,2,58.14,False,7
INT-031,9,intermittent,7,58.14,False,7
INT-031,10,intermittent,8,58.14,False,7
INT-031,11,intermittent,0,45.98,True,7
INT-031,12,intermittent,0,58.14,False,7
INT-031,13,intermittent,0,58.14,False,7
INT-031,14,intermittent,0,58.14,False,7
INT-031,15,intermittent,0,58.14,False,7
INT-031,16,intermittent,0,58.14,False,7
INT-031,17,intermittent,0,58.14,False,7
INT-031,18,intermittent,0,58.14,False,7
INT-031,19,intermittent,0,58.14,False,7
INT-031,20,intermittent,0,58.14,False,7
INT-031,21,intermittent,0,58.14,False,7
INT-031,22,intermittent,0,58.14,False,7
INT-031,23,intermittent,0,58.14,False,7
INT-031,24,intermittent,17,58.14,False,7
INT-031,25,intermittent,0,58.14,False,7
INT-031,26,intermittent,0,58.14,False,7
INT-031,27,intermittent,0,58.14,False,7
INT-031,28,intermittent,2,58.14,False,7
INT-031,29,intermittent,0,58.14,False,7
INT-031,30,intermittent,0,58.14,False,7
INT-031,31,intermittent,0,58.14,False,7
INT-031,32,intermittent,0,58.14,False,7
INT-031,33,intermittent,5,58.14,False,7
INT-031,34,intermittent,0,58.14,False,7
INT-031,35,intermittent,5,58.14,False,7
INT-031,36,intermittent,0,58.14,False,7
INT-031,37,intermittent,0,58.14,False,7
INT-031,38,intermittent,4,58.14,False,7
INT-031,39,intermittent,7,45.98,True,7
INT-031,40,intermittent,0,58.14,False,7
INT-031,41,intermittent,0,58.14,False,7
INT-031,42,intermittent,0,58.14,False,7
INT-031,43,intermittent,0,58.14,False,7
INT-031,44,intermittent,0,58.14,False,7
INT-031,45,intermittent,0,58.14,False,7
INT-031,46,intermittent,0,58.14,False,7
INT-031,47,intermittent,0,58.14,False,7
INT-031,48,intermittent,0,58.14,False,7
INT-031,49,intermittent,0,58.14,False,7
INT-031,50,intermittent,0,58.14,False,7
INT-031,51,intermittent,0,58.14,False,7
INT-031,52,intermittent,0,45.98,True,7
INT-031,53,intermittent,0,58.14,False,7
INT-031,54,intermittent,0,58.14,False,7
INT-031,55,intermittent,0,58.14,False,7
INT-031,56,intermittent,0,58.14,False,7
INT-031,57,intermittent,0,58.14,False,7
INT-031,58,intermittent,3,58.14,False,7
INT-031,59,intermittent,6,58.14,False,7
INT-031,60,intermittent,0,58.14,False,7
INT-031,61,intermittent,0,58.14,False,7
INT-031,62,intermittent,0,58.14,False,7
INT-031,63,intermittent,0,58.14,False,7
INT-031,64,intermittent,0,58.14,False,7
INT-031,65,intermittent,0,58.14,False,7
INT-031,66,intermittent,0,58.14,False,7
INT-031,67,intermittent,0,58.14,False,7
INT-031,68,intermittent,0,58.14,False,7
INT-031,69,intermittent,0,58.14,False,7
INT-031,70,intermittent,0,58.14,False,7
INT-031,71,intermittent,0,58.14,False,7
INT-031,72,intermittent,0,58.14,False,7
INT-031,73,intermittent,0,58.14,False,7
INT-031,74,intermittent,0,58.14,False,7
INT-031,75,intermittent,0,58.14,False,7
INT-031,76,intermittent,9,58.14,False,7
INT-031,77,intermittent,0,58.14,False,7
INT-031,78,intermittent,0,58.14,False,7
INT-031,79,intermittent,0,58.14,False,7
INT-031,80,intermittent,0,58.14,False,7
INT-031,81,intermittent,8,58.14,False,7
INT-031,82,intermittent,0,58.14,False,7
INT-031,83,intermittent,7,58.14,False,7
INT-031,84,intermittent,0,58.14,False,7
INT-031,85,intermittent,0,58.14,False,7
INT-031,86,intermittent,15,58.14,False,7
INT-031,87,intermittent,0,58.14,False,7
INT-031,88,intermittent,0,58.14,False,7
INT-031,89,intermittent,2,58.14,False,7
INT-031,90,intermittent,0,58.14,False,7
INT-031,91,intermittent,0,58.14,False,7
INT-031,92,intermittent,0,58.14,False,7
INT-031,93,intermittent,0,58.14,False,7
INT-031,94,intermittent,0,58.14,False,7
INT-031,95,intermittent,0,58.14,False,7
INT-031,96,intermittent,0,58.14,False,7
INT-031,97,intermittent,0,58.14,False,7
INT-031,98,intermittent,0,58.14,False,7
INT-031,99,intermittent,0,58.14,False,7
INT-031,100,intermittent,0,58.14,False,7
INT-031,101,intermittent,0,58.14,False,7
INT-031,102,intermittent,0,58.14,False,7
INT-031,103,intermittent,0,58.14,False,7
INT-032,0,intermittent,0,62.23,False,9
INT-032,1,intermittent,0,62.23,False,9
INT-032,2,intermittent,0,62.23,False,9
INT-032,3,intermittent,0,62.23,False,9
INT-032,4,intermittent,0,62.23,False,9
INT-032,5,intermittent,0,62.23,False,9
INT-032,6,intermittent,0,62.23,False,9
INT-032,7,intermittent,0,62.23,False,9
INT-032,8,intermittent,0,62.23,False,9
INT-032,9,intermittent,0,62.23,False,9
INT-032,10,intermittent,0,62.23,False,9
INT-032,11,intermittent,5,62.23,False,9
INT-032,12,intermittent,2,62.23,False,9
INT-032,13,intermittent,0,62.23,False,9
INT-032,14,intermittent,0,62.23,False,9
INT-032,15,intermittent,0,62.23,False,9
INT-032,16,intermittent,0,62.23,False,9
INT-032,17,intermittent,0,62.23,False,9
INT-032,18,intermittent,0,62.23,False,9
INT-032,19,intermittent,0,62.23,False,9
INT-032,20,intermittent,0,62.23,False,9
INT-032,21,intermittent,12,62.23,False,9
INT-032,22,intermittent,9,62.23,False,9
INT-032,23,intermittent,0,62.23,False,9
INT-032,24,intermittent,0,62.23,False,9
INT-032,25,intermittent,0,62.23,False,9
INT-032,26,intermittent,0,62.23,False,9
INT-032,27,intermittent,0,62.23,False,9
INT-032,28,intermittent,0,62.23,False,9
INT-032,29,intermittent,0,62.23,False,9
INT-032,30,intermittent,0,62.23,False,9
INT-032,31,intermittent,0,62.23,False,9
INT-032,32,intermittent,0,62.23,False,9
INT-032,33,intermittent,0,62.23,False,9
INT-032,34,intermittent,0,62.23,False,9
INT-032,35,intermittent,0,62.23,False,9
INT-032,36,intermittent,2,62.23,False,9
INT-032,37,intermittent,17,62.23,False,9
INT-032,38,intermittent,0,62.23,False,9
INT-032,39,intermittent,0,62.23,False,9
INT-032,40,intermittent,0,62.23,False,9
INT-032,41,intermittent,0,62.23,False,9
INT-032,42,intermittent,0,62.23,False,9
INT-032,43,intermittent,0,62.23,False,9
INT-032,44,intermittent,0,62.23,False,9
INT-032,45,intermittent,0,62.23,False,9
INT-032,46,intermittent,0,62.23,False,9
INT-032,47,intermittent,0,62.23,False,9
INT-032,48,intermittent,0,62.23,False,9
INT-032,49,intermittent,0,62.23,False,9
INT-032,50,intermittent,0,62.23,False,9
INT-032,51,intermittent,0,62.23,False,9
INT-032,52,intermittent,0,62.23,False,9
INT-032,53,intermittent,0,62.23,False,9
INT-032,54,intermittent,0,62.23,False,9
INT-032,55,intermittent,0,62.23,False,9
INT-032,56,intermittent,0,62.23,False,9
INT-032,57,intermittent,0,62.23,False,9
INT-032,58,intermittent,0,62.23,False,9
INT-032,59,intermittent,0,62.23,False,9
INT-032,60,intermittent,0,62.23,False,9
INT-032,61,intermittent,8,62.23,False,9
INT-032,62,intermittent,0,62.23,False,9
INT-032,63,intermittent,1,62.23,False,9
INT-032,64,intermittent,0,62.23,False,9
INT-032,65,intermittent,3,62.23,False,9
INT-032,66,intermittent,0,62.23,False,9
INT-032,67,intermittent,0,62.23,False,9
INT-032,68,intermittent,0,62.23,False,9
INT-032,69,intermittent,0,62.23,False,9
INT-032,70,intermittent,0,62.23,False,9
INT-032,71,intermittent,3,62.23,False,9
INT-032,72,intermittent,0,62.23,False,9
INT-032,73,intermittent,0,62.23,False,9
INT-032,74,intermittent,10,62.23,False,9
INT-032,75,intermittent,0,62.23,False,9
INT-032,76,intermittent,0,62.23,False,9
INT-032,77,intermittent,0,62.23,False,9
INT-032,78,intermittent,0,62.23,False,9
INT-032,79,intermittent,0,62.23,False,9
INT-032,80,intermittent,0,62.23,False,9
INT-032,81,intermittent,5,62.23,False,9
INT-032,82,intermittent,0,62.23,False,9
INT-032,83,intermittent,0,62.23,False,9
INT-032,84,intermittent,0,62.23,False,9
INT-032,85,intermittent,0,62.23,False,9
INT-032,86,intermittent,0,62.23,False,9
INT-032,87,intermittent,0,62.23,False,9
INT-032,88,intermittent,0,62.23,False,9
INT-032,89,intermittent,0,62.23,False,9
INT-032,90,intermittent,0,62.23,False,9
INT-032,91,intermittent,11,62.23,False,9
INT-032,92,intermittent,0,62.23,False,9
INT-032,93,intermittent,0,62.23,False,9
INT-032,94,intermittent,0,62.23,False,9
INT-032,95,intermittent,0,62.23,False,9
INT-032,96,intermittent,0,62.23,False,9
INT-032,97,intermittent,0,62.23,False,9
INT-032,98,intermittent,0,62.23,False,9
INT-032,99,intermittent,4,62.23,False,9
INT-032,100,intermittent,0,62.23,False,9
INT-032,101,intermittent,0,62.23,False,9
INT-032,102,intermittent,0,62.23,False,9
INT-032,103,intermittent,0,62.23,False,9
INT-033,0,intermittent,0,78.18,False,6
INT-033,1,intermittent,0,78.18,False,6
INT-033,2,intermittent,0,78.18,False,6
INT-033,3,intermittent,0,63.19,True,6
INT-033,4,intermittent,0,78.18,False,6
INT-033,5,intermittent,0,63.19,True,6
INT-033,6,intermittent,2,78.18,False,6
INT-033,7,intermittent,0,78.18,False,6
INT-033,8,intermittent,0,78.18,False,6
INT-033,9,intermittent,0,78.18,False,6
INT-033,10,intermittent,0,78.18,False,6
INT-033,11,intermittent,0,78.18,False,6
INT-033,12,intermittent,0,78.18,False,6
INT-033,13,intermittent,3,78.18,False,6
INT-033,14,intermittent,0,63.19,True,6
INT-033,15,intermittent,0,78.18,False,6
INT-033,16,intermittent,0,78.18,False,6
INT-033,17,intermittent,14,78.18,False,6
INT-033,18,intermittent,0,78.18,False,6
INT-033,19,intermittent,0,78.18,False,6
INT-033,20,intermittent,0,78.18,False,6
INT-033,21,intermittent,0,78.18,False,6
INT-033,22,intermittent,0,78.18,False,6
INT-033,23,intermittent,13,63.19,True,6
INT-033,24,intermittent,0,78.18,False,6
INT-033,25,intermittent,8,78.18,False,6
INT-033,26,intermittent,0,78.18,False,6
INT-033,27,intermittent,0,78.18,False,6
INT-033,28,intermittent,0,78.18,False,6
INT-033,29,intermittent,0,78.18,False,6
INT-033,30,intermittent,0,78.18,False,6
INT-033,31,intermittent,0,78.18,False,6
INT-033,32,intermittent,0,78.18,False,6
INT-033,33,intermittent,0,63.19,True,6
INT-033,34,intermittent,0,78.18,False,6
INT-033,35,intermittent,0,78.18,False,6
INT-033,36,intermittent,10,78.18,False,6
INT-033,37,intermittent,0,78.18,False,6
INT-033,38,intermittent,5,78.18,False,6
INT-033,39,intermittent,0,78.18,False,6
INT-033,40,intermittent,0,63.19,True,6
INT-033,41,intermittent,2,78.18,False,6
INT-033,42,intermittent,11,78.18,False,6
INT-033,43,intermittent,0,78.18,False,6
INT-033,44,intermittent,0,78.18,False,6
INT-033,45,intermittent,0,78.18,False,6
INT-033,46,intermittent,0,78.18,False,6
INT-033,47,intermittent,8,78.18,False,6
INT-033,48,intermittent,0,78.18,False,6
INT-033,49,intermittent,0,78.18,False,6
INT-033,50,intermittent,0,78.18,False,6
INT-033,51,intermittent,0,78.18,False,6
INT-033,52,intermittent,5,78.18,False,6
INT-033,53,intermittent,0,78.18,False,6
INT-033,54,intermittent,0,78.18,False,6
INT-033,55,intermittent,16,78.18,False,6
INT-033,56,intermittent,0,78.18,False,6
INT-033,57,intermittent,0,78.18,False,6
INT-033,58,intermittent,14,78.18,False,6
INT-033,59,intermittent,7,78.18,False,6
INT-033,60,intermittent,0,78.18,False,6
INT-033,61,intermittent,0,78.18,False,6
INT-033,62,intermittent,0,78.18,False,6
INT-033,63,intermittent,0,78.18,False,6
INT-033,64,intermittent,0,78.18,False,6
INT-033,65,intermittent,2,78.18,False,6
INT-033,66,intermittent,0,78.18,False,6
INT-033,67,intermittent,0,78.18,False,6
INT-033,68,intermittent,0,78.18,False,6
INT-033,69,intermittent,0,63.19,True,6
INT-033,70,intermittent,11,78.18,False,6
INT-033,71,intermittent,4,78.18,False,6
INT-033,72,intermittent,0,78.18,False,6
INT-033,73,intermittent,0,63.19,True,6
INT-033,74,intermittent,0,78.18,False,6
INT-033,75,intermittent,0,78.18,False,6
INT-033,76,intermittent,0,78.18,False,6
INT-033,77,intermittent,0,78.18,False,6
INT-033,78,intermittent,0,78.18,False,6
INT-033,79,intermittent,0,78.18,False,6
INT-033,80,intermittent,0,78.18,False,6
INT-033,81,intermittent,0,78.18,False,6
INT-033,82,intermittent,0,78.18,False,6
INT-033,83,intermittent,0,78.18,False,6
INT-033,84,intermittent,0,78.18,False,6
INT-033,85,intermittent,0,78.18,False,6
INT-033,86,intermittent,0,78.18,False,6
INT-033,87,intermittent,5,78.18,False,6
INT-033,88,intermittent,14,78.18,False,6
INT-033,89,intermittent,0,78.18,False,6
INT-033,90,intermittent,0,78.18,False,6
INT-033,91,intermittent,0,78.18,False,6
INT-033,92,intermittent,9,78.18,False,6
INT-033,93,intermittent,0,78.18,False,6
INT-033,94,intermittent,10,78.18,False,6
INT-033,95,intermittent,0,63.19,True,6
INT-033,96,intermittent,0,78.18,False,6
INT-033,97,intermittent,0,78.18,False,6
INT-033,98,intermittent,0,78.18,False,6
INT-033,99,intermittent,7,78.18,False,6
INT-033,100,intermittent,0,63.19,True,6
INT-033,101,intermittent,0,78.18,False,6
INT-033,102,intermittent,0,78.18,False,6
INT-033,103,intermittent,3,78.18,False,6
INT-034,0,intermittent,5,74.2,False,9
INT-034,1,intermittent,0,74.2,False,9
INT-034,2,intermittent,0,74.2,False,9
INT-034,3,intermittent,0,74.2,False,9
INT-034,4,intermittent,0,74.2,False,9
INT-034,5,intermittent,0,74.2,False,9
INT-034,6,intermittent,0,74.2,False,9
INT-034,7,intermittent,6,74.2,False,9
INT-034,8,intermittent,0,57.4,True,9
INT-034,9,intermittent,0,74.2,False,9
INT-034,10,intermittent,0,74.2,False,9
INT-034,11,intermittent,0,74.2,False,9
INT-034,12,intermittent,0,74.2,False,9
INT-034,13,intermittent,0,74.2,False,9
INT-034,14,intermittent,0,74.2,False,9
INT-034,15,intermittent,0,74.2,False,9
INT-034,16,intermittent,0,74.2,False,9
INT-034,17,intermittent,0,74.2,False,9
INT-034,18,intermittent,10,74.2,False,9
INT-034,19,intermittent,0,74.2,False,9
INT-034,20,intermittent,5,74.2,False,9
INT-034,21,intermittent,0,74.2,False,9
INT-034,22,intermittent,0,74.2,False,9
INT-034,23,intermittent,0,74.2,False,9
INT-034,24,intermittent,0,74.2,False,9
INT-034,25,intermittent,0,74.2,False,9
INT-034,26,intermittent,0,74.2,False,9
INT-034,27,intermittent,0,74.2,False,9
INT-034,28,intermittent,0,74.2,False,9
INT-034,29,intermittent,0,74.2,False,9
INT-034,30,intermittent,0,74.2,False,9
INT-034,31,intermittent,0,74.2,False,9
INT-034,32,intermittent,0,57.4,True,9
INT-034,33,intermittent,0,74.2,False,9
INT-034,34,intermittent,0,74.2,False,9
INT-034,35,intermittent,8,74.2,False,9
INT-034,36,intermittent,11,74.2,False,9
INT-034,37,intermittent,0,74.2,False,9
INT-034,38,intermittent,0,74.2,False,9
INT-034,39,intermittent,5,74.2,False,9
INT-034,40,intermittent,5,74.2,False,9
INT-034,41,intermittent,0,74.2,False,9
INT-034,42,intermittent,0,74.2,False,9
INT-034,43,intermittent,5,74.2,False,9
INT-034,44,intermittent,0,74.2,False,9
INT-034,45,intermittent,0,74.2,False,9
INT-034,46,intermittent,0,74.2,False,9
INT-034,47,intermittent,0,74.2,False,9
INT-034,48,intermittent,0,74.2,False,9
INT-034,49,intermittent,0,74.2,False,9
INT-034,50,intermittent,0,74.2,False,9
INT-034,51,intermittent,1,74.2,False,9
INT-034,52,intermittent,0,74.2,False,9
INT-034,53,intermittent,0,74.2,False,9
INT-034,54,intermittent,2,74.2,False,9
INT-034,55,intermittent,0,74.2,False,9
INT-034,56,intermittent,0,74.2,False,9
INT-034,57,intermittent,2,74.2,False,9
INT-034,58,intermittent,0,74.2,False,9
INT-034,59,intermittent,0,57.4,True,9
INT-034,60,intermittent,10,74.2,False,9
INT-034,61,intermittent,0,74.2,False,9
INT-034,62,intermittent,0,74.2,False,9
INT-034,63,intermittent,0,74.2,False,9
INT-034,64,intermittent,0,74.2,False,9
INT-034,65,intermittent,0,74.2,False,9
INT-034,66,intermittent,0,74.2,False,9
INT-034,67,intermittent,2,74.2,False,9
INT-034,68,intermittent,0,57.4,True,9
INT-034,69,intermittent,0,74.2,False,9
INT-034,70,intermittent,0,74.2,False,9
INT-034,71,intermittent,0,74.2,False,9
INT-034,72,intermittent,0,74.2,False,9
INT-034,73,intermittent,0,74.2,False,9
INT-034,74,intermittent,0,74.2,False,9
INT-034,75,intermittent,0,74.2,False,9
INT-034,76,intermittent,0,74.2,False,9
INT-034,77,intermittent,0,74.2,False,9
INT-034,78,intermittent,0,74.2,False,9
INT-034,79,intermittent,0,74.2,False,9
INT-034,80,intermittent,3,74.2,False,9
INT-034,81,intermittent,2,74.2,False,9
INT-034,82,intermittent,0,74.2,False,9
INT-034,83,intermittent,0,74.2,False,9
INT-034,84,intermittent,0,74.2,False,9
INT-034,85,intermittent,2,74.2,False,9
INT-034,86,intermittent,0,74.2,False,9
INT-034,87,intermittent,0,74.2,False,9
INT-034,88,intermittent,0,74.2,False,9
INT-034,89,intermittent,0,74.2,False,9
INT-034,90,intermittent,4,74.2,False,9
INT-034,91,intermittent,0,74.2,False,9
INT-034,92,intermittent,0,74.2,False,9
INT-034,93,intermittent,0,74.2,False,9
INT-034,94,intermittent,0,74.2,False,9
INT-034,95,intermittent,3,74.2,False,9
INT-034,96,intermittent,1,74.2,False,9
INT-034,97,intermittent,0,74.2,False,9
INT-034,98,intermittent,0,74.2,False,9
INT-034,99,intermittent,0,57.4,True,9
INT-034,100,intermittent,0,74.2,False,9
INT-034,101,intermittent,0,74.2,False,9
INT-034,102,intermittent,0,74.2,False,9
INT-034,103,intermittent,0,74.2,False,9
INT-035,0,intermittent,10,45.4,False,12
INT-035,1,intermittent,0,45.4,False,12
INT-035,2,intermittent,9,45.4,False,12
INT-035,3,intermittent,0,45.4,False,12
INT-035,4,intermittent,3,45.4,False,12
INT-035,5,intermittent,0,45.4,False,12
INT-035,6,intermittent,0,45.4,False,12
INT-035,7,intermittent,0,45.4,False,12
INT-035,8,intermittent,0,45.4,False,12
INT-035,9,intermittent,0,45.4,False,12
INT-035,10,intermittent,0,45.4,False,12
INT-035,11,intermittent,0,45.4,False,12
INT-035,12,intermittent,0,45.4,False,12
INT-035,13,intermittent,18,45.4,False,12
INT-035,14,intermittent,9,45.4,False,12
INT-035,15,intermittent,0,45.4,False,12
INT-035,16,intermittent,0,45.4,False,12
INT-035,17,intermittent,0,45.4,False,12
INT-035,18,intermittent,0,45.4,False,12
INT-035,19,intermittent,0,45.4,False,12
INT-035,20,intermittent,0,45.4,False,12
INT-035,21,intermittent,0,34.7,True,12
INT-035,22,intermittent,0,45.4,False,12
INT-035,23,intermittent,0,45.4,False,12
INT-035,24,intermittent,0,45.4,False,12
INT-035,25,intermittent,0,34.7,True,12
INT-035,26,intermittent,18,45.4,False,12
INT-035,27,intermittent,0,45.4,False,12
INT-035,28,intermittent,17,45.4,False,12
INT-035,29,intermittent,0,45.4,False,12
INT-035,30,intermittent,0,45.4,False,12
INT-035,31,intermittent,0,45.4,False,12
INT-035,32,intermittent,0,45.4,False,12
INT-035,33,intermittent,4,45.4,False,12
INT-035,34,intermittent,0,45.4,False,12
INT-035,35,intermittent,6,45.4,False,12
INT-035,36,intermittent,0,45.4,False,12
INT-035,37,intermittent,4,45.4,False,12
INT-035,38,intermittent,0,45.4,False,12
INT-035,39,intermittent,0,45.4,False,12
INT-035,40,intermittent,0,34.7,True,12
INT-035,41,intermittent,15,45.4,False,12
INT-035,42,intermittent,13,45.4,False,12
INT-035,43,intermittent,0,45.4,False,12
INT-035,44,intermittent,10,45.4,False,12
INT-035,45,intermittent,0,45.4,False,12
INT-035,46,intermittent,0,45.4,False,12
INT-035,47,intermittent,0,45.4,False,12
INT-035,48,intermittent,0,45.4,False,12
INT-035,49,intermittent,0,45.4,False,12
INT-035,50,intermittent,0,45.4,False,12
INT-035,51,intermittent,3,45.4,False,12
INT-035,52,intermittent,0,34.7,True,12
INT-035,53,intermittent,0,45.4,False,12
INT-035,54,intermittent,0,45.4,False,12
INT-035,55,intermittent,0,45.4,False,12
INT-035,56,intermittent,0,45.4,False,12
INT-035,57,intermittent,0,34.7,True,12
INT-035,58,intermittent,0,45.4,False,12
INT-035,59,intermittent,1,45.4,False,12
INT-035,60,intermittent,11,45.4,False,12
INT-035,61,intermittent,0,45.4,False,12
INT-035,62,intermittent,0,45.4,False,12
INT-035,63,intermittent,23,34.7,True,12
INT-035,64,intermittent,0,45.4,False,12
INT-035,65,intermittent,0,45.4,False,12
INT-035,66,intermittent,11,45.4,False,12
INT-035,67,intermittent,0,45.4,False,12
INT-035,68,intermittent,0,45.4,False,12
INT-035,69,intermittent,27,45.4,False,12
INT-035,70,intermittent,6,45.4,False,12
INT-035,71,intermittent,0,45.4,False,12
INT-035,72,intermittent,2,45.4,False,12
INT-035,73,intermittent,0,45.4,False,12
INT-035,74,intermittent,0,45.4,False,12
INT-035,75,intermittent,0,45.4,False,12
INT-035,76,intermittent,0,45.4,False,12
INT-035,77,intermittent,0,45.4,False,12
INT-035,78,intermittent,0,45.4,False,12
INT-035,79,intermittent,16,45.4,False,12
INT-035,80,intermittent,0,45.4,False,12
INT-035,81,intermittent,3,45.4,False,12
INT-035,82,intermittent,6,45.4,False,12
INT-035,83,intermittent,0,45.4,False,12
INT-035,84,intermittent,19,45.4,False,12
INT-035,85,intermittent,0,45.4,False,12
INT-035,86,intermittent,0,45.4,False,12
INT-035,87,intermittent,0,45.4,False,12
INT-035,88,intermittent,0,45.4,False,12
INT-035,89,intermittent,22,34.7,True,12
INT-035,90,intermittent,0,45.4,False,12
INT-035,91,intermittent,0,45.4,False,12
INT-035,92,intermittent,0,45.4,False,12
INT-035,93,intermittent,0,45.4,False,12
INT-035,94,intermittent,0,45.4,False,12
INT-035,95,intermittent,0,45.4,False,12
INT-035,96,intermittent,5,45.4,False,12
INT-035,97,intermittent,17,45.4,False,12
INT-035,98,intermittent,0,45.4,False,12
INT-035,99,intermittent,0,45.4,False,12
INT-035,100,intermittent,0,45.4,False,12
INT-035,101,intermittent,14,45.4,False,12
INT-035,102,intermittent,0,45.4,False,12
INT-035,103,intermittent,0,45.4,False,12
INT-036,0,intermittent,0,74.68,False,10
INT-036,1,intermittent,0,74.68,False,10
INT-036,2,intermittent,0,74.68,False,10
INT-036,3,intermittent,0,74.68,False,10
INT-036,4,intermittent,0,74.68,False,10
INT-036,5,intermittent,0,74.68,False,10
INT-036,6,intermittent,0,74.68,False,10
INT-036,7,intermittent,0,74.68,False,10
INT-036,8,intermittent,0,74.68,False,10
INT-036,9,intermittent,0,74.68,False,10
INT-036,10,intermittent,0,74.68,False,10
INT-036,11,intermittent,0,74.68,False,10
INT-036,12,intermittent,21,74.68,False,10
INT-036,13,intermittent,0,74.68,False,10
INT-036,14,intermittent,0,74.68,False,10
INT-036,15,intermittent,8,74.68,False,10
INT-036,16,intermittent,13,62.82,True,10
INT-036,17,intermittent,0,74.68,False,10
INT-036,18,intermittent,0,74.68,False,10
INT-036,19,intermittent,8,74.68,False,10
INT-036,20,intermittent,0,74.68,False,10
INT-036,21,intermittent,0,74.68,False,10
INT-036,22,intermittent,0,74.68,False,10
INT-036,23,intermittent,3,74.68,False,10
INT-036,24,intermittent,0,74.68,False,10
INT-036,25,intermittent,0,74.68,False,10
INT-036,26,intermittent,0,74.68,False,10
INT-036,27,intermittent,0,74.68,False,10
INT-036,28,intermittent,19,74.68,False,10
INT-036,29,intermittent,0,74.68,False,10
INT-036,30,intermittent,0,74.68,False,10
INT-036,31,intermittent,5,74.68,False,10
INT-036,32,intermittent,18,74.68,False,10
INT-036,33,intermittent,0,74.68,False,10
INT-036,34,intermittent,0,74.68,False,10
INT-036,35,intermittent,0,74.68,False,10
INT-036,36,intermittent,0,74.68,False,10
INT-036,37,intermittent,2,74.68,False,10
INT-036,38,intermittent,0,74.68,False,10
INT-036,39,intermittent,0,74.68,False,10
INT-036,40,intermittent,0,74.68,False,10
INT-036,41,intermittent,2,74.68,False,10
INT-036,42,intermittent,0,74.68,False,10
INT-036,43,intermittent,1,74.68,False,10
INT-036,44,intermittent,0,74.68,False,10
INT-036,45,intermittent,0,62.82,True,10
INT-036,46,intermittent,0,74.68,False,10
INT-036,47,intermittent,0,74.68,False,10
INT-036,48,intermittent,0,74.68,False,10
INT-036,49,intermittent,0,74.68,False,10
INT-036,50,intermittent,0,74.68,False,10
INT-036,51,intermittent,0,74.68,False,10
INT-036,52,intermittent,12,74.68,False,10
INT-036,53,intermittent,5,74.68,False,10
INT-036,54,intermittent,5,74.68,False,10
INT-036,55,intermittent,0,74.68,False,10
INT-036,56,intermittent,0,74.68,False,10
INT-036,57,intermittent,18,74.68,False,10
INT-036,58,intermittent,0,62.82,True,10
INT-036,59,intermittent,0,74.68,False,10
INT-036,60,intermittent,0,74.68,False,10
INT-036,61,intermittent,6,74.68,False,10
INT-036,62,intermittent,0,74.68,False,10
INT-036,63,intermittent,0,74.68,False,10
INT-036,64,intermittent,0,74.68,False,10
INT-036,65,intermittent,0,74.68,False,10
INT-036,66,intermittent,0,74.68,False,10
INT-036,67,intermittent,0,74.68,False,10
INT-036,68,intermittent,0,74.68,False,10
INT-036,69,intermittent,0,62.82,True,10
INT-036,70,intermittent,0,74.68,False,10
INT-036,71,intermittent,0,74.68,False,10
INT-036,72,intermittent,0,74.68,False,10
INT-036,73,intermittent,12,74.68,False,10
INT-036,74,intermittent,17,74.68,False,10
INT-036,75,intermittent,0,74.68,False,10
INT-036,76,intermittent,0,74.68,False,10
INT-036,77,intermittent,0,74.68,False,10
INT-036,78,intermittent,0,74.68,False,10
INT-036,79,intermittent,0,74.68,False,10
INT-036,80,intermittent,0,74.68,False,10
INT-036,81,intermittent,10,74.68,False,10
INT-036,82,intermittent,12,74.68,False,10
INT-036,83,intermittent,0,74.68,False,10
INT-036,84,intermittent,0,74.68,False,10
INT-036,85,intermittent,0,74.68,False,10
INT-036,86,intermittent,0,74.68,False,10
INT-036,87,intermittent,0,74.68,False,10
INT-036,88,intermittent,0,74.68,False,10
INT-036,89,intermittent,5,74.68,False,10
INT-036,90,intermittent,0,74.68,False,10
INT-036,91,intermittent,0,74.68,False,10
INT-036,92,intermittent,0,74.68,False,10
INT-036,93,intermittent,0,74.68,False,10
INT-036,94,intermittent,4,74.68,False,10
INT-036,95,intermittent,9,74.68,False,10
INT-036,96,intermittent,0,74.68,False,10
INT-036,97,intermittent,0,74.68,False,10
INT-036,98,intermittent,28,74.68,False,10
INT-036,99,intermittent,10,74.68,False,10
INT-036,100,intermittent,0,74.68,False,10
INT-036,101,intermittent,0,74.68,False,10
INT-036,102,intermittent,18,74.68,False,10
INT-036,103,intermittent,0,62.82,True,10
INT-037,0,intermittent,0,71.08,False,12
INT-037,1,intermittent,0,71.08,False,12
INT-037,2,intermittent,0,71.08,False,12
INT-037,3,intermittent,0,71.08,False,12
INT-037,4,intermittent,0,71.08,False,12
INT-037,5,intermittent,0,71.08,False,12
INT-037,6,intermittent,0,71.08,False,12
INT-037,7,intermittent,0,71.08,False,12
INT-037,8,intermittent,0,71.08,False,12
INT-037,9,intermittent,0,71.08,False,12
INT-037,10,intermittent,0,71.08,False,12
INT-037,11,intermittent,0,71.08,False,12
INT-037,12,intermittent,0,71.08,False,12
INT-037,13,intermittent,4,71.08,False,12
INT-037,14,intermittent,0,71.08,False,12
INT-037,15,intermittent,13,71.08,False,12
INT-037,16,intermittent,0,71.08,False,12
INT-037,17,intermittent,0,71.08,False,12
INT-037,18,intermittent,6,71.08,False,12
INT-037,19,intermittent,0,71.08,False,12
INT-037,20,intermittent,0,71.08,False,12
INT-037,21,intermittent,4,71.08,False,12
INT-037,22,intermittent,0,71.08,False,12
INT-037,23,intermittent,0,71.08,False,12
INT-037,24,intermittent,0,71.08,False,12
INT-037,25,intermittent,0,71.08,False,12
INT-037,26,intermittent,0,71.08,False,12
INT-037,27,intermittent,0,71.08,False,12
INT-037,28,intermittent,0,71.08,False,12
INT-037,29,intermittent,12,71.08,False,12
INT-037,30,intermittent,0,71.08,False,12
INT-037,31,intermittent,0,71.08,False,12
INT-037,32,intermittent,12,71.08,False,12
INT-037,33,intermittent,6,71.08,False,12
INT-037,34,intermittent,0,71.08,False,12
INT-037,35,intermittent,0,71.08,False,12
INT-037,36,intermittent,2,71.08,False,12
INT-037,37,intermittent,0,71.08,False,12
INT-037,38,intermittent,0,71.08,False,12
INT-037,39,intermittent,0,71.08,False,12
INT-037,40,intermittent,0,71.08,False,12
INT-037,41,intermittent,0,71.08,False,12
INT-037,42,intermittent,6,71.08,False,12
INT-037,43,intermittent,0,71.08,False,12
INT-037,44,intermittent,0,71.08,False,12
INT-037,45,intermittent,0,71.08,False,12
INT-037,46,intermittent,0,71.08,False,12
INT-037,47,intermittent,0,71.08,False,12
INT-037,48,intermittent,0,71.08,False,12
INT-037,49,intermittent,0,54.34,True,12
INT-037,50,intermittent,5,71.08,False,12
INT-037,51,intermittent,0,71.08,False,12
INT-037,52,intermittent,0,71.08,False,12
INT-037,53,intermittent,6,71.08,False,12
INT-037,54,intermittent,0,71.08,False,12
INT-037,55,intermittent,0,54.34,True,12
INT-037,56,intermittent,5,71.08,False,12
INT-037,57,intermittent,0,71.08,False,12
INT-037,58,intermittent,0,71.08,False,12
INT-037,59,intermittent,0,54.34,True,12
INT-037,60,intermittent,0,71.08,False,12
INT-037,61,intermittent,9,71.08,False,12
INT-037,62,intermittent,0,71.08,False,12
INT-037,63,intermittent,0,71.08,False,12
INT-037,64,intermittent,0,71.08,False,12
INT-037,65,intermittent,0,71.08,False,12
INT-037,66,intermittent,0,71.08,False,12
INT-037,67,intermittent,0,71.08,False,12
INT-037,68,intermittent,5,71.08,False,12
INT-037,69,intermittent,0,71.08,False,12
INT-037,70,intermittent,0,71.08,False,12
INT-037,71,intermittent,0,71.08,False,12
INT-037,72,intermittent,0,71.08,False,12
INT-037,73,intermittent,0,71.08,False,12
INT-037,74,intermittent,0,71.08,False,12
INT-037,75,intermittent,4,71.08,False,12
INT-037,76,intermittent,0,71.08,False,12
INT-037,77,intermittent,0,54.34,True,12
INT-037,78,intermittent,10,71.08,False,12
INT-037,79,intermittent,11,71.08,False,12
INT-037,80,intermittent,0,71.08,False,12
INT-037,81,intermittent,0,71.08,False,12
INT-037,82,intermittent,0,71.08,False,12
INT-037,83,intermittent,0,71.08,False,12
INT-037,84,intermittent,0,71.08,False,12
INT-037,85,intermittent,1,71.08,False,12
INT-037,86,intermittent,0,71.08,False,12
INT-037,87,intermittent,6,71.08,False,12
INT-037,88,intermittent,0,71.08,False,12
INT-037,89,intermittent,0,71.08,False,12
INT-037,90,intermittent,0,71.08,False,12
INT-037,91,intermittent,0,71.08,False,12
INT-037,92,intermittent,0,71.08,False,12
INT-037,93,intermittent,2,71.08,False,12
INT-037,94,intermittent,0,71.08,False,12
INT-037,95,intermittent,0,71.08,False,12
INT-037,96,intermittent,0,71.08,False,12
INT-037,97,intermittent,0,71.08,False,12
INT-037,98,intermittent,0,71.08,False,12
INT-037,99,intermittent,6,71.08,False,12
INT-037,100,intermittent,0,71.08,False,12
INT-037,101,intermittent,0,71.08,False,12
INT-037,102,intermittent,0,71.08,False,12
INT-037,103,intermittent,0,71.08,False,12
INT-038,0,intermittent,0,63.3,False,6
INT-038,1,intermittent,12,63.3,False,6
INT-038,2,intermittent,0,63.3,False,6
INT-038,3,intermittent,13,63.3,False,6
INT-038,4,intermittent,2,63.3,False,6
INT-038,5,intermittent,0,63.3,False,6
INT-038,6,intermittent,0,63.3,False,6
INT-038,7,intermittent,0,63.3,False,6
INT-038,8,intermittent,0,63.3,False,6
INT-038,9,intermittent,0,63.3,False,6
INT-038,10,intermittent,0,63.3,False,6
INT-038,11,intermittent,0,63.3,False,6
INT-038,12,intermittent,6,63.3,False,6
INT-038,13,intermittent,10,63.3,False,6
INT-038,14,intermittent,10,51.0,True,6
INT-038,15,intermittent,0,63.3,False,6
INT-038,16,intermittent,0,63.3,False,6
INT-038,17,intermittent,0,63.3,False,6
INT-038,18,intermittent,0,63.3,False,6
INT-038,19,intermittent,0,63.3,False,6
INT-038,20,intermittent,24,63.3,False,6
INT-038,21,intermittent,0,63.3,False,6
INT-038,22,intermittent,7,63.3,False,6
INT-038,23,intermittent,0,63.3,False,6
INT-038,24,intermittent,0,63.3,False,6
INT-038,25,intermittent,0,63.3,False,6
INT-038,26,intermittent,0,63.3,False,6
INT-038,27,intermittent,0,63.3,False,6
INT-038,28,intermittent,0,63.3,False,6
INT-038,29,intermittent,0,63.3,False,6
INT-038,30,intermittent,14,63.3,False,6
INT-038,31,intermittent,0,63.3,False,6
INT-038,32,intermittent,11,63.3,False,6
INT-038,33,intermittent,0,63.3,False,6
INT-038,34,intermittent,0,63.3,False,6
INT-038,35,intermittent,0,63.3,False,6
INT-038,36,intermittent,0,63.3,False,6
INT-038,37,intermittent,0,63.3,False,6
INT-038,38,intermittent,0,63.3,False,6
INT-038,39,intermittent,0,63.3,False,6
INT-038,40,intermittent,15,63.3,False,6
INT-038,41,intermittent,0,63.3,False,6
INT-038,42,intermittent,11,63.3,False,6
INT-038,43,intermittent,9,63.3,False,6
INT-038,44,intermittent,0,63.3,False,6
INT-038,45,intermittent,0,63.3,False,6
INT-038,46,intermittent,0,63.3,False,6
INT-038,47,intermittent,0,63.3,False,6
INT-038,48,intermittent,24,63.3,False,6
INT-038,49,intermittent,0,63.3,False,6
INT-038,50,intermittent,16,63.3,False,6
INT-038,51,intermittent,6,63.3,False,6
INT-038,52,intermittent,0,63.3,False,6
INT-038,53,intermittent,17,63.3,False,6
INT-038,54,intermittent,0,63.3,False,6
INT-038,55,intermittent,0,63.3,False,6
INT-038,56,intermittent,0,63.3,False,6
INT-038,57,intermittent,0,63.3,False,6
INT-038,58,intermittent,0,63.3,False,6
INT-038,59,intermittent,0,63.3,False,6
INT-038,60,intermittent,24,51.0,True,6
INT-038,61,intermittent,0,63.3,False,6
INT-038,62,intermittent,0,63.3,False,6
INT-038,63,intermittent,0,63.3,False,6
INT-038,64,intermittent,0,63.3,False,6
INT-038,65,intermittent,0,63.3,False,6
INT-038,66,intermittent,0,63.3,False,6
INT-038,67,intermittent,0,63.3,False,6
INT-038,68,intermittent,0,63.3,False,6
INT-038,69,intermittent,18,63.3,False,6
INT-038,70,intermittent,0,63.3,False,6
INT-038,71,intermittent,0,63.3,False,6
INT-038,72,intermittent,0,63.3,False,6
INT-038,73,intermittent,0,63.3,False,6
INT-038,74,intermittent,0,63.3,False,6
INT-038,75,intermittent,0,63.3,False,6
INT-038,76,intermittent,9,63.3,False,6
INT-038,77,intermittent,0,63.3,False,6
INT-038,78,intermittent,0,63.3,False,6
INT-038,79,intermittent,15,63.3,False,6
INT-038,80,intermittent,0,63.3,False,6
INT-038,81,intermittent,0,63.3,False,6
INT-038,82,intermittent,0,63.3,False,6
INT-038,83,intermittent,0,63.3,False,6
INT-038,84,intermittent,10,63.3,False,6
INT-038,85,intermittent,0,63.3,False,6
INT-038,86,intermittent,0,63.3,False,6
INT-038,87,intermittent,12,63.3,False,6
INT-038,88,intermittent,0,63.3,False,6
INT-038,89,intermittent,0,63.3,False,6
INT-038,90,intermittent,12,63.3,False,6
INT-038,91,intermittent,0,63.3,False,6
INT-038,92,intermittent,0,63.3,False,6
INT-038,93,intermittent,0,63.3,False,6
INT-038,94,intermittent,0,63.3,False,6
INT-038,95,intermittent,0,63.3,False,6
INT-038,96,intermittent,0,63.3,False,6
INT-038,97,intermittent,0,63.3,False,6
INT-038,98,intermittent,0,63.3,False,6
INT-038,99,intermittent,0,63.3,False,6
INT-038,100,intermittent,0,63.3,False,6
INT-038,101,intermittent,0,63.3,False,6
INT-038,102,intermittent,0,63.3,False,6
INT-038,103,intermittent,0,63.3,False,6
INT-039,0,intermittent,1,57.96,False,7
INT-039,1,intermittent,0,57.96,False,7
INT-039,2,intermittent,0,57.96,False,7
INT-039,3,intermittent,0,57.96,False,7
INT-039,4,intermittent,0,57.96,False,7
INT-039,5,intermittent,8,57.96,False,7
INT-039,6,intermittent,0,57.96,False,7
INT-039,7,intermittent,0,57.96,False,7
INT-039,8,intermittent,7,57.96,False,7
INT-039,9,intermittent,2,57.96,False,7
INT-039,10,intermittent,0,57.96,False,7
INT-039,11,intermittent,0,57.96,False,7
INT-039,12,intermittent,0,57.96,False,7
INT-039,13,intermittent,0,57.96,False,7
INT-039,14,intermittent,0,57.96,False,7
INT-039,15,intermittent,19,57.96,False,7
INT-039,16,intermittent,0,57.96,False,7
INT-039,17,intermittent,0,57.96,False,7
INT-039,18,intermittent,0,57.96,False,7
INT-039,19,intermittent,0,57.96,False,7
INT-039,20,intermittent,0,57.96,False,7
INT-039,21,intermittent,0,57.96,False,7
INT-039,22,intermittent,5,57.96,False,7
INT-039,23,intermittent,0,57.96,False,7
INT-039,24,intermittent,6,57.96,False,7
INT-039,25,intermittent,0,57.96,False,7
INT-039,26,intermittent,0,57.96,False,7
INT-039,27,intermittent,0,57.96,False,7
INT-039,28,intermittent,0,57.96,False,7
INT-039,29,intermittent,3,57.96,False,7
INT-039,30,intermittent,0,57.96,False,7
INT-039,31,intermittent,0,57.96,False,7
INT-039,32,intermittent,0,47.24,True,7
INT-039,33,intermittent,0,57.96,False,7
INT-039,34,intermittent,0,57.96,False,7
INT-039,35,intermittent,0,57.96,False,7
INT-039,36,intermittent,0,57.96,False,7
INT-039,37,intermittent,0,57.96,False,7
INT-039,38,intermittent,9,57.96,False,7
INT-039,39,intermittent,5,57.96,False,7
INT-039,40,intermittent,0,57.96,False,7
INT-039,41,intermittent,0,57.96,False,7
INT-039,42,intermittent,19,57.96,False,7
INT-039,43,intermittent,0,57.96,False,7
INT-039,44,intermittent,0,57.96,False,7
INT-039,45,intermittent,19,57.96,False,7
INT-039,46,intermittent,0,57.96,False,7
INT-039,47,intermittent,0,57.96,False,7
INT-039,48,intermittent,0,57.96,False,7
INT-039,49,intermittent,6,57.96,False,7
INT-039,50,intermittent,0,57.96,False,7
INT-039,51,intermittent,1,57.96,False,7
INT-039,52,intermittent,0,57.96,False,7
INT-039,53,intermittent,0,57.96,False,7
INT-039,54,intermittent,0,57.96,False,7
INT-039,55,intermittent,11,57.96,False,7
INT-039,56,intermittent,0,57.96,False,7
INT-039,57,intermittent,5,57.96,False,7
INT-039,58,intermittent,0,57.96,False,7
INT-039,59,intermittent,0,47.24,True,7
INT-039,60,intermittent,0,57.96,False,7
INT-039,61,intermittent,2,57.96,False,7
INT-039,62,intermittent,0,57.96,False,7
INT-039,63,intermittent,0,57.96,False,7
INT-039,64,intermittent,0,57.96,False,7
INT-039,65,intermittent,0,57.96,False,7
INT-039,66,intermittent,0,57.96,False,7
INT-039,67,intermittent,5,57.96,False,7
INT-039,68,intermittent,0,57.96,False,7
INT-039,69,intermittent,0,57.96,False,7
INT-039,70,intermittent,4,57.96,False,7
INT-039,71,intermittent,29,47.24,True,7
INT-039,72,intermittent,0,57.96,False,7
INT-039,73,intermittent,0,57.96,False,7
INT-039,74,intermittent,0,57.96,False,7
INT-039,75,intermittent,5,57.96,False,7
INT-039,76,intermittent,4,57.96,False,7
INT-039,77,intermittent,0,57.96,False,7
INT-039,78,intermittent,0,47.24,True,7
INT-039,79,intermittent,0,57.96,False,7
INT-039,80,intermittent,0,57.96,False,7
INT-039,81,intermittent,7,57.96,False,7
INT-039,82,intermittent,4,57.96,False,7
INT-039,83,intermittent,0,47.24,True,7
INT-039,84,intermittent,0,57.96,False,7
INT-039,85,intermittent,0,57.96,False,7
INT-039,86,intermittent,0,57.96,False,7
INT-039,87,intermittent,0,57.96,False,7
INT-039,88,intermittent,0,57.96,False,7
INT-039,89,intermittent,0,57.96,False,7
INT-039,90,intermittent,0,57.96,False,7
INT-039,91,intermittent,0,57.96,False,7
INT-039,92,intermittent,0,57.96,False,7
INT-039,93,intermittent,0,57.96,False,7
INT-039,94,intermittent,0,57.96,False,7
INT-039,95,intermittent,0,57.96,False,7
INT-039,96,intermittent,0,57.96,False,7
INT-039,97,intermittent,0,57.96,False,7
INT-039,98,intermittent,0,57.96,False,7
INT-039,99,intermittent,0,57.96,False,7
INT-039,100,intermittent,0,57.96,False,7
INT-039,101,intermittent,0,57.96,False,7
INT-039,102,intermittent,0,57.96,False,7
INT-039,103,intermittent,0,57.96,False,7
INT-040,0,intermittent,0,41.44,False,8
INT-040,1,intermittent,0,41.44,False,8
INT-040,2,intermittent,22,41.44,False,8
INT-040,3,intermittent,0,41.44,False,8
INT-040,4,intermittent,0,41.44,False,8
INT-040,5,intermittent,9,41.44,False,8
INT-040,6,intermittent,0,41.44,False,8
INT-040,7,intermittent,0,41.44,False,8
INT-040,8,intermittent,0,41.44,False,8
INT-040,9,intermittent,0,41.44,False,8
INT-040,10,intermittent,0,41.44,False,8
INT-040,11,intermittent,0,41.44,False,8
INT-040,12,intermittent,0,41.44,False,8
INT-040,13,intermittent,10,41.44,False,8
INT-040,14,intermittent,13,41.44,False,8
INT-040,15,intermittent,0,41.44,False,8
INT-040,16,intermittent,0,41.44,False,8
INT-040,17,intermittent,0,41.44,False,8
INT-040,18,intermittent,0,41.44,False,8
INT-040,19,intermittent,0,41.44,False,8
INT-040,20,intermittent,7,41.44,False,8
INT-040,21,intermittent,4,41.44,False,8
INT-040,22,intermittent,0,41.44,False,8
INT-040,23,intermittent,0,41.44,False,8
INT-040,24,intermittent,0,41.44,False,8
INT-040,25,intermittent,3,41.44,False,8
INT-040,26,intermittent,0,41.44,False,8
INT-040,27,intermittent,0,41.44,False,8
INT-040,28,intermittent,0,41.44,False,8
INT-040,29,intermittent,14,41.44,False,8
INT-040,30,intermittent,0,41.44,False,8
INT-040,31,intermittent,8,41.44,False,8
INT-040,32,intermittent,0,41.44,False,8
INT-040,33,intermittent,17,41.44,False,8
INT-040,34,intermittent,2,41.44,False,8
INT-040,35,intermittent,0,41.44,False,8
INT-040,36,intermittent,0,41.44,False,8
INT-040,37,intermittent,0,41.44,False,8
INT-040,38,intermittent,0,41.44,False,8
INT-040,39,intermittent,3,41.44,False,8
INT-040,40,intermittent,7,41.44,False,8
INT-040,41,intermittent,0,41.44,False,8
INT-040,42,intermittent,0,41.44,False,8
INT-040,43,intermittent,0,41.44,False,8
INT-040,44,intermittent,0,41.44,False,8
INT-040,45,intermittent,0,41.44,False,8
INT-040,46,intermittent,0,41.44,False,8
INT-040,47,intermittent,0,41.44,False,8
INT-040,48,intermittent,0,41.44,False,8
INT-040,49,intermittent,19,41.44,False,8
INT-040,50,intermittent,3,41.44,False,8
INT-040,51,intermittent,0,41.44,False,8
INT-040,52,intermittent,7,41.44,False,8
INT-040,53,intermittent,0,41.44,False,8
INT-040,54,intermittent,4,41.44,False,8
INT-040,55,intermittent,3,41.44,False,8
INT-040,56,intermittent,0,41.44,False,8
INT-040,57,intermittent,0,41.44,False,8
INT-040,58,intermittent,24,34.82,True,8
INT-040,59,intermittent,0,41.44,False,8
INT-040,60,intermittent,0,41.44,False,8
INT-040,61,intermittent,8,41.44,False,8
INT-040,62,intermittent,10,41.44,False,8
INT-040,63,intermittent,0,41.44,False,8
INT-040,64,intermittent,0,41.44,False,8
INT-040,65,intermittent,0,41.44,False,8
INT-040,66,intermittent,0,41.44,False,8
INT-040,67,intermittent,0,41.44,False,8
INT-040,68,intermittent,0,41.44,False,8
INT-040,69,intermittent,0,41.44,False,8
INT-040,70,intermittent,0,41.44,False,8
INT-040,71,intermittent,0,41.44,False,8
INT-040,72,intermittent,0,41.44,False,8
INT-040,73,intermittent,0,41.44,False,8
INT-040,74,intermittent,9,41.44,False,8
INT-040,75,intermittent,0,41.44,False,8
INT-040,76,intermittent,7,41.44,False,8
INT-040,77,intermittent,0,41.44,False,8
INT-040,78,intermittent,0,41.44,False,8
INT-040,79,intermittent,0,41.44,False,8
INT-040,80,intermittent,0,41.44,False,8
INT-040,81,intermittent,0,41.44,False,8
INT-040,82,intermittent,0,41.44,False,8
INT-040,83,intermittent,0,41.44,False,8
INT-040,84,intermittent,9,41.44,False,8
INT-040,85,intermittent,0,41.44,False,8
INT-040,86,intermittent,0,41.44,False,8
INT-040,87,intermittent,0,41.44,False,8
INT-040,88,intermittent,9,41.44,False,8
INT-040,89,intermittent,0,41.44,False,8
INT-040,90,intermittent,0,41.44,False,8
INT-040,91,intermittent,0,41.44,False,8
INT-040,92,intermittent,0,41.44,False,8
INT-040,93,intermittent,0,41.44,False,8
INT-040,94,intermittent,0,41.44,False,8
INT-040,95,intermittent,0,41.44,False,8
INT-040,96,intermittent,14,41.44,False,8
INT-040,97,intermittent,0,41.44,False,8
INT-040,98,intermittent,0,41.44,False,8
INT-040,99,intermittent,0,41.44,False,8
INT-040,100,intermittent,0,41.44,False,8
INT-040,101,intermittent,0,41.44,False,8
INT-040,102,intermittent,3,41.44,False,8
INT-040,103,intermittent,0,41.44,False,8
PROMO-001,0,promotion_driven,37,23.2,False,6
PROMO-001,1,promotion_driven,35,23.2,False,6
PROMO-001,2,promotion_driven,39,23.2,False,6
PROMO-001,3,promotion_driven,32,23.2,False,6
PROMO-001,4,promotion_driven,37,23.2,False,6
PROMO-001,5,promotion_driven,123,15.24,True,6
PROMO-001,6,promotion_driven,32,23.2,False,6
PROMO-001,7,promotion_driven,38,23.2,False,6
PROMO-001,8,promotion_driven,33,23.2,False,6
PROMO-001,9,promotion_driven,37,23.2,False,6
PROMO-001,10,promotion_driven,76,15.24,True,6
PROMO-001,11,promotion_driven,32,23.2,False,6
PROMO-001,12,promotion_driven,24,23.2,False,6
PROMO-001,13,promotion_driven,29,23.2,False,6
PROMO-001,14,promotion_driven,31,23.2,False,6
PROMO-001,15,promotion_driven,86,15.24,True,6
PROMO-001,16,promotion_driven,37,23.2,False,6
PROMO-001,17,promotion_driven,17,23.2,False,6
PROMO-001,18,promotion_driven,29,23.2,False,6
PROMO-001,19,promotion_driven,22,23.2,False,6
PROMO-001,20,promotion_driven,23,23.2,False,6
PROMO-001,21,promotion_driven,24,23.2,False,6
PROMO-001,22,promotion_driven,21,23.2,False,6
PROMO-001,23,promotion_driven,115,15.24,True,6
PROMO-001,24,promotion_driven,19,23.2,False,6
PROMO-001,25,promotion_driven,31,23.2,False,6
PROMO-001,26,promotion_driven,32,23.2,False,6
PROMO-001,27,promotion_driven,21,23.2,False,6
PROMO-001,28,promotion_driven,17,23.2,False,6
PROMO-001,29,promotion_driven,22,23.2,False,6
PROMO-001,30,promotion_driven,28,23.2,False,6
PROMO-001,31,promotion_driven,28,23.2,False,6
PROMO-001,32,promotion_driven,93,15.24,True,6
PROMO-001,33,promotion_driven,15,23.2,False,6
PROMO-001,34,promotion_driven,26,23.2,False,6
PROMO-001,35,promotion_driven,26,23.2,False,6
PROMO-001,36,promotion_driven,19,23.2,False,6
PROMO-001,37,promotion_driven,36,23.2,False,6
PROMO-001,38,promotion_driven,29,23.2,False,6
PROMO-001,39,promotion_driven,34,23.2,False,6
PROMO-001,40,promotion_driven,98,15.24,True,6
PROMO-001,41,promotion_driven,28,23.2,False,6
PROMO-001,42,promotion_driven,38,23.2,False,6
PROMO-001,43,promotion_driven,23,23.2,False,6
PROMO-001,44,promotion_driven,35,23.2,False,6
PROMO-001,45,promotion_driven,31,23.2,False,6
PROMO-001,46,promotion_driven,105,15.24,True,6
PROMO-001,47,promotion_driven,41,23.2,False,6
PROMO-001,48,promotion_driven,28,23.2,False,6
PROMO-001,49,promotion_driven,100,15.24,True,6
PROMO-001,50,promotion_driven,37,23.2,False,6
PROMO-001,51,promotion_driven,54,23.2,False,6
PROMO-001,52,promotion_driven,97,15.24,True,6
PROMO-001,53,promotion_driven,32,23.2,False,6
PROMO-001,54,promotion_driven,42,23.2,False,6
PROMO-001,55,promotion_driven,34,23.2,False,6
PROMO-001,56,promotion_driven,37,23.2,False,6
PROMO-001,57,promotion_driven,109,15.24,True,6
PROMO-001,58,promotion_driven,42,23.2,False,6
PROMO-001,59,promotion_driven,108,15.24,True,6
PROMO-001,60,promotion_driven,32,23.2,False,6
PROMO-001,61,promotion_driven,34,23.2,False,6
PROMO-001,62,promotion_driven,20,23.2,False,6
PROMO-001,63,promotion_driven,26,23.2,False,6
PROMO-001,64,promotion_driven,45,23.2,False,6
PROMO-001,65,promotion_driven,32,23.2,False,6
PROMO-001,66,promotion_driven,35,23.2,False,6
PROMO-001,67,promotion_driven,129,15.24,True,6
PROMO-001,68,promotion_driven,33,23.2,False,6
PROMO-001,69,promotion_driven,32,23.2,False,6
PROMO-001,70,promotion_driven,92,15.24,True,6
PROMO-001,71,promotion_driven,24,23.2,False,6
PROMO-001,72,promotion_driven,24,23.2,False,6
PROMO-001,73,promotion_driven,21,23.2,False,6
PROMO-001,74,promotion_driven,27,23.2,False,6
PROMO-001,75,promotion_driven,24,23.2,False,6
PROMO-001,76,promotion_driven,35,23.2,False,6
PROMO-001,77,promotion_driven,26,23.2,False,6
PROMO-001,78,promotion_driven,63,15.24,True,6
PROMO-001,79,promotion_driven,23,23.2,False,6
PROMO-001,80,promotion_driven,23,23.2,False,6
PROMO-001,81,promotion_driven,101,15.24,True,6
PROMO-001,82,promotion_driven,24,23.2,False,6
PROMO-001,83,promotion_driven,20,23.2,False,6
PROMO-001,84,promotion_driven,27,23.2,False,6
PROMO-001,85,promotion_driven,23,23.2,False,6
PROMO-001,86,promotion_driven,27,23.2,False,6
PROMO-001,87,promotion_driven,119,15.24,True,6
PROMO-001,88,promotion_driven,38,23.2,False,6
PROMO-001,89,promotion_driven,46,23.2,False,6
PROMO-001,90,promotion_driven,16,23.2,False,6
PROMO-001,91,promotion_driven,31,23.2,False,6
PROMO-001,92,promotion_driven,26,23.2,False,6
PROMO-001,93,promotion_driven,26,23.2,False,6
PROMO-001,94,promotion_driven,41,23.2,False,6
PROMO-001,95,promotion_driven,34,23.2,False,6
PROMO-001,96,promotion_driven,33,23.2,False,6
PROMO-001,97,promotion_driven,44,23.2,False,6
PROMO-001,98,promotion_driven,26,23.2,False,6
PROMO-001,99,promotion_driven,25,23.2,False,6
PROMO-001,100,promotion_driven,42,23.2,False,6
PROMO-001,101,promotion_driven,44,23.2,False,6
PROMO-001,102,promotion_driven,43,23.2,False,6
PROMO-001,103,promotion_driven,113,15.24,True,6
PROMO-002,0,promotion_driven,6,18.14,False,5
PROMO-002,1,promotion_driven,10,18.14,False,5
PROMO-002,2,promotion_driven,17,18.14,False,5
PROMO-002,3,promotion_driven,15,18.14,False,5
PROMO-002,4,promotion_driven,38,13.06,True,5
PROMO-002,5,promotion_driven,17,18.14,False,5
PROMO-002,6,promotion_driven,10,18.14,False,5
PROMO-002,7,promotion_driven,9,18.14,False,5
PROMO-002,8,promotion_driven,18,18.14,False,5
PROMO-002,9,promotion_driven,17,18.14,False,5
PROMO-002,10,promotion_driven,86,13.06,True,5
PROMO-002,11,promotion_driven,15,18.14,False,5
PROMO-002,12,promotion_driven,39,13.06,True,5
PROMO-002,13,promotion_driven,18,18.14,False,5
PROMO-002,14,promotion_driven,78,13.06,True,5
PROMO-002,15,promotion_driven,7,18.14,False,5
PROMO-002,16,promotion_driven,21,18.14,False,5
PROMO-002,17,promotion_driven,26,18.14,False,5
PROMO-002,18,promotion_driven,16,18.14,False,5
PROMO-002,19,promotion_driven,19,18.14,False,5
PROMO-002,20,promotion_driven,23,13.06,True,5
PROMO-002,21,promotion_driven,32,18.14,False,5
PROMO-002,22,promotion_driven,56,13.06,True,5
PROMO-002,23,promotion_driven,12,18.14,False,5
PROMO-002,24,promotion_driven,19,18.14,False,5
PROMO-002,25,promotion_driven,18,18.14,False,5
PROMO-002,26,promotion_driven,10,18.14,False,5
PROMO-002,27,promotion_driven,17,18.14,False,5
PROMO-002,28,promotion_driven,17,18.14,False,5
PROMO-002,29,promotion_driven,14,18.14,False,5
PROMO-002,30,promotion_driven,9,18.14,False,5
PROMO-002,31,promotion_driven,18,18.14,False,5
PROMO-002,32,promotion_driven,17,18.14,False,5
PROMO-002,33,promotion_driven,23,18.14,False,5
PROMO-002,34,promotion_driven,11,18.14,False,5
PROMO-002,35,promotion_driven,8,18.14,False,5
PROMO-002,36,promotion_driven,31,13.06,True,5
PROMO-002,37,promotion_driven,23,18.14,False,5
PROMO-002,38,promotion_driven,10,18.14,False,5
PROMO-002,39,promotion_driven,12,18.14,False,5
PROMO-002,40,promotion_driven,16,18.14,False,5
PROMO-002,41,promotion_driven,10,18.14,False,5
PROMO-002,42,promotion_driven,33,13.06,True,5
PROMO-002,43,promotion_driven,19,18.14,False,5
PROMO-002,44,promotion_driven,12,18.14,False,5
PROMO-002,45,promotion_driven,65,13.06,True,5
PROMO-002,46,promotion_driven,43,13.06,True,5
PROMO-002,47,promotion_driven,16,18.14,False,5
PROMO-002,48,promotion_driven,17,18.14,False,5
PROMO-002,49,promotion_driven,10,18.14,False,5
PROMO-002,50,promotion_driven,16,18.14,False,5
PROMO-002,51,promotion_driven,10,18.14,False,5
PROMO-002,52,promotion_driven,21,18.14,False,5
PROMO-002,53,promotion_driven,16,18.14,False,5
PROMO-002,54,promotion_driven,11,18.14,False,5
PROMO-002,55,promotion_driven,11,18.14,False,5
PROMO-002,56,promotion_driven,14,18.14,False,5
PROMO-002,57,promotion_driven,12,18.14,False,5
PROMO-002,58,promotion_driven,28,18.14,False,5
PROMO-002,59,promotion_driven,9,18.14,False,5
PROMO-002,60,promotion_driven,17,18.14,False,5
PROMO-002,61,promotion_driven,24,18.14,False,5
PROMO-002,62,promotion_driven,22,18.14,False,5
PROMO-002,63,promotion_driven,24,18.14,False,5
PROMO-002,64,promotion_driven,48,13.06,True,5
PROMO-002,65,promotion_driven,86,13.06,True,5
PROMO-002,66,promotion_driven,19,18.14,False,5
PROMO-002,67,promotion_driven,12,18.14,False,5
PROMO-002,68,promotion_driven,12,18.14,False,5
PROMO-002,69,promotion_driven,22,18.14,False,5
PROMO-002,70,promotion_driven,21,18.14,False,5
PROMO-002,71,promotion_driven,13,18.14,False,5
PROMO-002,72,promotion_driven,14,18.14,False,5
PROMO-002,73,promotion_driven,13,18.14,False,5
PROMO-002,74,promotion_driven,33,13.06,True,5
PROMO-002,75,promotion_driven,25,18.14,False,5
PROMO-002,76,promotion_driven,17,18.14,False,5
PROMO-002,77,promotion_driven,14,18.14,False,5
PROMO-002,78,promotion_driven,18,18.14,False,5
PROMO-002,79,promotion_driven,27,18.14,False,5
PROMO-002,80,promotion_driven,28,18.14,False,5
PROMO-002,81,promotion_driven,23,18.14,False,5
PROMO-002,82,promotion_driven,12,18.14,False,5
PROMO-002,83,promotion_driven,5,18.14,False,5
PROMO-002,84,promotion_driven,70,13.06,True,5
PROMO-002,85,promotion_driven,44,13.06,True,5
PROMO-002,86,promotion_driven,14,18.14,False,5
PROMO-002,87,promotion_driven,7,18.14,False,5
PROMO-002,88,promotion_driven,59,13.06,True,5
PROMO-002,89,promotion_driven,9,18.14,False,5
PROMO-002,90,promotion_driven,15,18.14,False,5
PROMO-002,91,promotion_driven,18,18.14,False,5
PROMO-002,92,promotion_driven,26,18.14,False,5
PROMO-002,93,promotion_driven,22,18.14,False,5
PROMO-002,94,promotion_driven,17,18.14,False,5
PROMO-002,95,promotion_driven,14,18.14,False,5
PROMO-002,96,promotion_driven,25,13.06,True,5
PROMO-002,97,promotion_driven,15,18.14,False,5
PROMO-002,98,promotion_driven,33,13.06,True,5
PROMO-002,99,promotion_driven,36,13.06,True,5
PROMO-002,100,promotion_driven,16,18.14,False,5
PROMO-002,101,promotion_driven,46,13.06,True,5
PROMO-002,102,promotion_driven,56,13.06,True,5
PROMO-002,103,promotion_driven,11,18.14,False,5
PROMO-003,0,promotion_driven,32,15.35,False,5
PROMO-003,1,promotion_driven,30,15.35,False,5
PROMO-003,2,promotion_driven,18,15.35,False,5
PROMO-003,3,promotion_driven,32,15.35,False,5
PROMO-003,4,promotion_driven,149,11.26,True,5
PROMO-003,5,promotion_driven,41,15.35,False,5
PROMO-003,6,promotion_driven,40,15.35,False,5
PROMO-003,7,promotion_driven,41,15.35,False,5
PROMO-003,8,promotion_driven,20,15.35,False,5
PROMO-003,9,promotion_driven,56,15.35,False,5
PROMO-003,10,promotion_driven,34,15.35,False,5
PROMO-003,11,promotion_driven,233,11.26,True,5
PROMO-003,12,promotion_driven,40,15.35,False,5
PROMO-003,13,promotion_driven,229,11.26,True,5
PROMO-003,14,promotion_driven,187,11.26,True,5
PROMO-003,15,promotion_driven,37,15.35,False,5
PROMO-003,16,promotion_driven,32,15.35,False,5
PROMO-003,17,promotion_driven,23,15.35,False,5
PROMO-003,18,promotion_driven,54,15.35,False,5
PROMO-003,19,promotion_driven,52,15.35,False,5
PROMO-003,20,promotion_driven,55,15.35,False,5
PROMO-003,21,promotion_driven,250,11.26,True,5
PROMO-003,22,promotion_driven,45,15.35,False,5
PROMO-003,23,promotion_driven,13,15.35,False,5
PROMO-003,24,promotion_driven,45,15.35,False,5
PROMO-003,25,promotion_driven,26,15.35,False,5
PROMO-003,26,promotion_driven,30,15.35,False,5
PROMO-003,27,promotion_driven,46,15.35,False,5
PROMO-003,28,promotion_driven,126,11.26,True,5
PROMO-003,29,promotion_driven,41,15.35,False,5
PROMO-003,30,promotion_driven,27,15.35,False,5
PROMO-003,31,promotion_driven,14,15.35,False,5
PROMO-003,32,promotion_driven,175,11.26,True,5
PROMO-003,33,promotion_driven,10,15.35,False,5
PROMO-003,34,promotion_driven,121,11.26,True,5
PROMO-003,35,promotion_driven,24,15.35,False,5
PROMO-003,36,promotion_driven,18,15.35,False,5
PROMO-003,37,promotion_driven,96,11.26,True,5
PROMO-003,38,promotion_driven,152,11.26,True,5
PROMO-003,39,promotion_driven,20,15.35,False,5
PROMO-003,40,promotion_driven,128,11.26,True,5
PROMO-003,41,promotion_driven,97,11.26,True,5
PROMO-003,42,promotion_driven,23,15.35,False,5
PROMO-003,43,promotion_driven,29,15.35,False,5
PROMO-003,44,promotion_driven,83,11.26,True,5
PROMO-003,45,promotion_driven,43,15.35,False,5
PROMO-003,46,promotion_driven,32,15.35,False,5
PROMO-003,47,promotion_driven,33,15.35,False,5
PROMO-003,48,promotion_driven,153,11.26,True,5
PROMO-003,49,promotion_driven,15,15.35,False,5
PROMO-003,50,promotion_driven,42,15.35,False,5
PROMO-003,51,promotion_driven,24,15.35,False,5
PROMO-003,52,promotion_driven,31,15.35,False,5
PROMO-003,53,promotion_driven,107,11.26,True,5
PROMO-003,54,promotion_driven,35,15.35,False,5
PROMO-003,55,promotion_driven,28,15.35,False,5
PROMO-003,56,promotion_driven,153,11.26,True,5
PROMO-003,57,promotion_driven,50,15.35,False,5
PROMO-003,58,promotion_driven,42,15.35,False,5
PROMO-003,59,promotion_driven,27,15.35,False,5
PROMO-003,60,promotion_driven,21,15.35,False,5
PROMO-003,61,promotion_driven,18,15.35,False,5
PROMO-003,62,promotion_driven,22,15.35,False,5
PROMO-003,63,promotion_driven,199,11.26,True,5
PROMO-003,64,promotion_driven,35,15.35,False,5
PROMO-003,65,promotion_driven,23,15.35,False,5
PROMO-003,66,promotion_driven,159,11.26,True,5
PROMO-003,67,promotion_driven,35,15.35,False,5
PROMO-003,68,promotion_driven,29,15.35,False,5
PROMO-003,69,promotion_driven,39,15.35,False,5
PROMO-003,70,promotion_driven,39,15.35,False,5
PROMO-003,71,promotion_driven,45,15.35,False,5
PROMO-003,72,promotion_driven,42,15.35,False,5
PROMO-003,73,promotion_driven,58,15.35,False,5
PROMO-003,74,promotion_driven,27,15.35,False,5
PROMO-003,75,promotion_driven,37,15.35,False,5
PROMO-003,76,promotion_driven,20,15.35,False,5
PROMO-003,77,promotion_driven,60,15.35,False,5
PROMO-003,78,promotion_driven,46,15.35,False,5
PROMO-003,79,promotion_driven,38,15.35,False,5
PROMO-003,80,promotion_driven,36,15.35,False,5
PROMO-003,81,promotion_driven,32,15.35,False,5
PROMO-003,82,promotion_driven,37,15.35,False,5
PROMO-003,83,promotion_driven,41,15.35,False,5
PROMO-003,84,promotion_driven,18,15.35,False,5
PROMO-003,85,promotion_driven,22,15.35,False,5
PROMO-003,86,promotion_driven,23,15.35,False,5
PROMO-003,87,promotion_driven,104,11.26,True,5
PROMO-003,88,promotion_driven,149,11.26,True,5
PROMO-003,89,promotion_driven,25,15.35,False,5
PROMO-003,90,promotion_driven,35,15.35,False,5
PROMO-003,91,promotion_driven,102,11.26,True,5
PROMO-003,92,promotion_driven,29,15.35,False,5
PROMO-003,93,promotion_driven,37,15.35,False,5
PROMO-003,94,promotion_driven,24,15.35,False,5
PROMO-003,95,promotion_driven,111,11.26,True,5
PROMO-003,96,promotion_driven,110,11.26,True,5
PROMO-003,97,promotion_driven,26,15.35,False,5
PROMO-003,98,promotion_driven,187,11.26,True,5
PROMO-003,99,promotion_driven,170,11.26,True,5
PROMO-003,100,promotion_driven,30,15.35,False,5
PROMO-003,101,promotion_driven,29,15.35,False,5
PROMO-003,102,promotion_driven,32,15.35,False,5
PROMO-003,103,promotion_driven,32,15.35,False,5
PROMO-004,0,promotion_driven,27,26.47,False,4
PROMO-004,1,promotion_driven,38,26.47,False,4
PROMO-004,2,promotion_driven,31,26.47,False,4
PROMO-004,3,promotion_driven,86,19.39,True,4
PROMO-004,4,promotion_driven,80,19.39,True,4
PROMO-004,5,promotion_driven,33,26.47,False,4
PROMO-004,6,promotion_driven,46,26.47,False,4
PROMO-004,7,promotion_driven,68,19.39,True,4
PROMO-004,8,promotion_driven,40,26.47,False,4
PROMO-004,9,promotion_driven,29,26.47,False,4
PROMO-004,10,promotion_driven,37,26.47,False,4
PROMO-004,11,promotion_driven,21,26.47,False,4
PROMO-004,12,promotion_driven,26,26.47,False,4
PROMO-004,13,promotion_driven,27,26.47,False,4
PROMO-004,14,promotion_driven,79,19.39,True,4
PROMO-004,15,promotion_driven,23,26.47,False,4
PROMO-004,16,promotion_driven,19,26.47,False,4
PROMO-004,17,promotion_driven,17,26.47,False,4
PROMO-004,18,promotion_driven,25,26.47,False,4
PROMO-004,19,promotion_driven,21,26.47,False,4
PROMO-004,20,promotion_driven,23,26.47,False,4
PROMO-004,21,promotion_driven,26,26.47,False,4
PROMO-004,22,promotion_driven,25,26.47,False,4
PROMO-004,23,promotion_driven,25,26.47,False,4
PROMO-004,24,promotion_driven,26,26.47,False,4
PROMO-004,25,promotion_driven,28,26.47,False,4
PROMO-004,26,promotion_driven,27,26.47,False,4
PROMO-004,27,promotion_driven,20,26.47,False,4
PROMO-004,28,promotion_driven,26,26.47,False,4
PROMO-004,29,promotion_driven,26,26.47,False,4
PROMO-004,30,promotion_driven,25,26.47,False,4
PROMO-004,31,promotion_driven,27,26.47,False,4
PROMO-004,32,promotion_driven,21,26.47,False,4
PROMO-004,33,promotion_driven,82,19.39,True,4
PROMO-004,34,promotion_driven,20,26.47,False,4
PROMO-004,35,promotion_driven,19,26.47,False,4
PROMO-004,36,promotion_driven,25,26.47,False,4
PROMO-004,37,promotion_driven,23,26.47,False,4
PROMO-004,38,promotion_driven,29,26.47,False,4
PROMO-004,39,promotion_driven,38,26.47,False,4
PROMO-004,40,promotion_driven,27,26.47,False,4
PROMO-004,41,promotion_driven,117,19.39,True,4
PROMO-004,42,promotion_driven,22,26.47,False,4
PROMO-004,43,promotion_driven,24,26.47,False,4
PROMO-004,44,promotion_driven,74,19.39,True,4
PROMO-004,45,promotion_driven,98,19.39,True,4
PROMO-004,46,promotion_driven,16,26.47,False,4
PROMO-004,47,promotion_driven,38,26.47,False,4
PROMO-004,48,promotion_driven,45,26.47,False,4
PROMO-004,49,promotion_driven,127,19.39,True,4
PROMO-004,50,promotion_driven,43,26.47,False,4
PROMO-004,51,promotion_driven,51,26.47,False,4
PROMO-004,52,promotion_driven,96,19.39,True,4
PROMO-004,53,promotion_driven,24,26.47,False,4
PROMO-004,54,promotion_driven,31,26.47,False,4
PROMO-004,55,promotion_driven,98,19.39,True,4
PROMO-004,56,promotion_driven,22,26.47,False,4
PROMO-004,57,promotion_driven,107,19.39,True,4
PROMO-004,58,promotion_driven,31,26.47,False,4
PROMO-004,59,promotion_driven,60,19.39,True,4
PROMO-004,60,promotion_driven,22,26.47,False,4
PROMO-004,61,promotion_driven,16,26.47,False,4
PROMO-004,62,promotion_driven,24,26.47,False,4
PROMO-004,63,promotion_driven,27,26.47,False,4
PROMO-004,64,promotion_driven,77,19.39,True,4
PROMO-004,65,promotion_driven,43,26.47,False,4
PROMO-004,66,promotion_driven,32,26.47,False,4
PROMO-004,67,promotion_driven,27,26.47,False,4
PROMO-004,68,promotion_driven,29,26.47,False,4
PROMO-004,69,promotion_driven,67,19.39,True,4
PROMO-004,70,promotion_driven,23,26.47,False,4
PROMO-004,71,promotion_driven,14,26.47,False,4
PROMO-004,72,promotion_driven,29,26.47,False,4
PROMO-004,73,promotion_driven,78,19.39,True,4
PROMO-004,74,promotion_driven,32,26.47,False,4
PROMO-004,75,promotion_driven,21,26.47,False,4
PROMO-004,76,promotion_driven,23,26.47,False,4
PROMO-004,77,promotion_driven,23,26.47,False,4
PROMO-004,78,promotion_driven,64,19.39,True,4
PROMO-004,79,promotion_driven,28,26.47,False,4
PROMO-004,80,promotion_driven,33,26.47,False,4
PROMO-004,81,promotion_driven,22,26.47,False,4
PROMO-004,82,promotion_driven,23,26.47,False,4
PROMO-004,83,promotion_driven,40,26.47,False,4
PROMO-004,84,promotion_driven,38,26.47,False,4
PROMO-004,85,promotion_driven,33,26.47,False,4
PROMO-004,86,promotion_driven,26,26.47,False,4
PROMO-004,87,promotion_driven,16,26.47,False,4
PROMO-004,88,promotion_driven,25,26.47,False,4
PROMO-004,89,promotion_driven,37,26.47,False,4
PROMO-004,90,promotion_driven,19,26.47,False,4
PROMO-004,91,promotion_driven,30,26.47,False,4
PROMO-004,92,promotion_driven,36,26.47,False,4
PROMO-004,93,promotion_driven,26,26.47,False,4
PROMO-004,94,promotion_driven,82,19.39,True,4
PROMO-004,95,promotion_driven,108,19.39,True,4
PROMO-004,96,promotion_driven,39,26.47,False,4
PROMO-004,97,promotion_driven,34,26.47,False,4
PROMO-004,98,promotion_driven,30,26.47,False,4
PROMO-004,99,promotion_driven,38,26.47,False,4
PROMO-004,100,promotion_driven,35,26.47,False,4
PROMO-004,101,promotion_driven,41,26.47,False,4
PROMO-004,102,promotion_driven,23,26.47,False,4
PROMO-004,103,promotion_driven,112,19.39,True,4
PROMO-005,0,promotion_driven,29,27.57,False,6
PROMO-005,1,promotion_driven,40,27.57,False,6
PROMO-005,2,promotion_driven,100,20.12,True,6
PROMO-005,3,promotion_driven,38,27.57,False,6
PROMO-005,4,promotion_driven,20,27.57,False,6
PROMO-005,5,promotion_driven,20,27.57,False,6
PROMO-005,6,promotion_driven,61,27.57,False,6
PROMO-005,7,promotion_driven,121,20.12,True,6
PROMO-005,8,promotion_driven,62,27.57,False,6
PROMO-005,9,promotion_driven,14,27.57,False,6
PROMO-005,10,promotion_driven,12,27.57,False,6
PROMO-005,11,promotion_driven,54,27.57,False,6
PROMO-005,12,promotion_driven,57,27.57,False,6
PROMO-005,13,promotion_driven,43,27.57,False,6
PROMO-005,14,promotion_driven,34,27.57,False,6
PROMO-005,15,promotion_driven,40,27.57,False,6
PROMO-005,16,promotion_driven,28,27.57,False,6
PROMO-005,17,promotion_driven,36,27.57,False,6
PROMO-005,18,promotion_driven,28,27.57,False,6
PROMO-005,19,promotion_driven,42,27.57,False,6
PROMO-005,20,promotion_driven,34,27.57,False,6
PROMO-005,21,promotion_driven,456,20.12,True,6
PROMO-005,22,promotion_driven,23,27.57,False,6
PROMO-005,23,promotion_driven,232,20.12,True,6
PROMO-005,24,promotion_driven,55,27.57,False,6
PROMO-005,25,promotion_driven,50,27.57,False,6
PROMO-005,26,promotion_driven,40,27.57,False,6
PROMO-005,27,promotion_driven,307,20.12,True,6
PROMO-005,28,promotion_driven,27,27.57,False,6
PROMO-005,29,promotion_driven,36,27.57,False,6
PROMO-005,30,promotion_driven,41,27.57,False,6
PROMO-005,31,promotion_driven,178,20.12,True,6
PROMO-005,32,promotion_driven,41,27.57,False,6
PROMO-005,33,promotion_driven,42,27.57,False,6
PROMO-005,34,promotion_driven,131,20.12,True,6
PROMO-005,35,promotion_driven,28,27.57,False,6
PROMO-005,36,promotion_driven,18,27.57,False,6
PROMO-005,37,promotion_driven,171,20.12,True,6
PROMO-005,38,promotion_driven,9,27.57,False,6
PROMO-005,39,promotion_driven,39,27.57,False,6
PROMO-005,40,promotion_driven,34,27.57,False,6
PROMO-005,41,promotion_driven,123,20.12,True,6
PROMO-005,42,promotion_driven,74,20.12,True,6
PROMO-005,43,promotion_driven,26,27.57,False,6
PROMO-005,44,promotion_driven,22,27.57,False,6
PROMO-005,45,promotion_driven,32,27.57,False,6
PROMO-005,46,promotion_driven,23,27.57,False,6
PROMO-005,47,promotion_driven,16,27.57,False,6
PROMO-005,48,promotion_driven,40,27.57,False,6
PROMO-005,49,promotion_driven,77,20.12,True,6
PROMO-005,50,promotion_driven,185,20.12,True,6
PROMO-005,51,promotion_driven,29,27.57,False,6
PROMO-005,52,promotion_driven,28,27.57,False,6
PROMO-005,53,promotion_driven,19,27.57,False,6
PROMO-005,54,promotion_driven,24,27.57,False,6
PROMO-005,55,promotion_driven,22,27.57,False,6
PROMO-005,56,promotion_driven,23,27.57,False,6
PROMO-005,57,promotion_driven,20,27.57,False,6
PROMO-005,58,promotion_driven,43,27.57,False,6
PROMO-005,59,promotion_driven,33,27.57,False,6
PROMO-005,60,promotion_driven,16,27.57,False,6
PROMO-005,61,promotion_driven,254,20.12,True,6
PROMO-005,62,promotion_driven,59,27.57,False,6
PROMO-005,63,promotion_driven,160,20.12,True,6
PROMO-005,64,promotion_driven,35,27.57,False,6
PROMO-005,65,promotion_driven,141,20.12,True,6
PROMO-005,66,promotion_driven,198,20.12,True,6
PROMO-005,67,promotion_driven,61,27.57,False,6
PROMO-005,68,promotion_driven,25,27.57,False,6
PROMO-005,69,promotion_driven,65,27.57,False,6
PROMO-005,70,promotion_driven,33,27.57,False,6
PROMO-005,71,promotion_driven,53,27.57,False,6
PROMO-005,72,promotion_driven,53,27.57,False,6
PROMO-005,73,promotion_driven,33,27.57,False,6
PROMO-005,74,promotion_driven,41,27.57,False,6
PROMO-005,75,promotion_driven,23,27.57,False,6
PROMO-005,76,promotion_driven,70,20.12,True,6
PROMO-005,77,promotion_driven,32,27.57,False,6
PROMO-005,78,promotion_driven,47,27.57,False,6
PROMO-005,79,promotion_driven,29,27.57,False,6
PROMO-005,80,promotion_driven,27,27.57,False,6
PROMO-005,81,promotion_driven,35,27.57,False,6
PROMO-005,82,promotion_driven,31,27.57,False,6
PROMO-005,83,promotion_driven,40,27.57,False,6
PROMO-005,84,promotion_driven,35,27.57,False,6
PROMO-005,85,promotion_driven,93,20.12,True,6
PROMO-005,86,promotion_driven,189,20.12,True,6
PROMO-005,87,promotion_driven,23,27.57,False,6
PROMO-005,88,promotion_driven,34,27.57,False,6
PROMO-005,89,promotion_driven,17,27.57,False,6
PROMO-005,90,promotion_driven,30,27.57,False,6
PROMO-005,91,promotion_driven,31,27.57,False,6
PROMO-005,92,promotion_driven,17,27.57,False,6
PROMO-005,93,promotion_driven,183,20.12,True,6
PROMO-005,94,promotion_driven,94,20.12,True,6
PROMO-005,95,promotion_driven,26,27.57,False,6
PROMO-005,96,promotion_driven,26,27.57,False,6
PROMO-005,97,promotion_driven,20,27.57,False,6
PROMO-005,98,promotion_driven,13,27.57,False,6
PROMO-005,99,promotion_driven,20,27.57,False,6
PROMO-005,100,promotion_driven,22,27.57,False,6
PROMO-005,101,promotion_driven,36,27.57,False,6
PROMO-005,102,promotion_driven,30,27.57,False,6
PROMO-005,103,promotion_driven,29,27.57,False,6
PROMO-006,0,promotion_driven,117,9.45,True,6
PROMO-006,1,promotion_driven,35,12.1,False,6
PROMO-006,2,promotion_driven,49,12.1,False,6
PROMO-006,3,promotion_driven,46,12.1,False,6
PROMO-006,4,promotion_driven,30,12.1,False,6
PROMO-006,5,promotion_driven,30,12.1,False,6
PROMO-006,6,promotion_driven,84,9.45,True,6
PROMO-006,7,promotion_driven,27,12.1,False,6
PROMO-006,8,promotion_driven,24,12.1,False,6
PROMO-006,9,promotion_driven,26,12.1,False,6
PROMO-006,10,promotion_driven,30,12.1,False,6
PROMO-006,11,promotion_driven,119,9.45,True,6
PROMO-006,12,promotion_driven,37,12.1,False,6
PROMO-006,13,promotion_driven,14,12.1,False,6
PROMO-006,14,promotion_driven,89,9.45,True,6
PROMO-006,15,promotion_driven,22,12.1,False,6
PROMO-006,16,promotion_driven,37,12.1,False,6
PROMO-006,17,promotion_driven,34,12.1,False,6
PROMO-006,18,promotion_driven,21,12.1,False,6
PROMO-006,19,promotion_driven,20,12.1,False,6
PROMO-006,20,promotion_driven,27,12.1,False,6
PROMO-006,21,promotion_driven,35,12.1,False,6
PROMO-006,22,promotion_driven,95,9.45,True,6
PROMO-006,23,promotion_driven,20,12.1,False,6
PROMO-006,24,promotion_driven,34,12.1,False,6
PROMO-006,25,promotion_driven,92,9.45,True,6
PROMO-006,26,promotion_driven,39,12.1,False,6
PROMO-006,27,promotion_driven,83,9.45,True,6
PROMO-006,28,promotion_driven,91,9.45,True,6
PROMO-006,29,promotion_driven,34,12.1,False,6
PROMO-006,30,promotion_driven,114,9.45,True,6
PROMO-006,31,promotion_driven,32,12.1,False,6
PROMO-006,32,promotion_driven,40,12.1,False,6
PROMO-006,33,promotion_driven,37,12.1,False,6
PROMO-006,34,promotion_driven,24,12.1,False,6
PROMO-006,35,promotion_driven,88,9.45,True,6
PROMO-006,36,promotion_driven,48,12.1,False,6
PROMO-006,37,promotion_driven,93,9.45,True,6
PROMO-006,38,promotion_driven,46,12.1,False,6
PROMO-006,39,promotion_driven,40,12.1,False,6
PROMO-006,40,promotion_driven,33,12.1,False,6
PROMO-006,41,promotion_driven,31,12.1,False,6
PROMO-006,42,promotion_driven,56,12.1,False,6
PROMO-006,43,promotion_driven,40,12.1,False,6
PROMO-006,44,promotion_driven,38,12.1,False,6
PROMO-006,45,promotion_driven,47,12.1,False,6
PROMO-006,46,promotion_driven,24,12.1,False,6
PROMO-006,47,promotion_driven,24,12.1,False,6
PROMO-006,48,promotion_driven,36,12.1,False,6
PROMO-006,49,promotion_driven,31,12.1,False,6
PROMO-006,50,promotion_driven,113,9.45,True,6
PROMO-006,51,promotion_driven,131,9.45,True,6
PROMO-006,52,promotion_driven,36,12.1,False,6
PROMO-006,53,promotion_driven,38,12.1,False,6
PROMO-006,54,promotion_driven,30,12.1,False,6
PROMO-006,55,promotion_driven,71,9.45,True,6
PROMO-006,56,promotion_driven,23,12.1,False,6
PROMO-006,57,promotion_driven,95,9.45,True,6
PROMO-006,58,promotion_driven,24,12.1,False,6
PROMO-006,59,promotion_driven,120,9.45,True,6
PROMO-006,60,promotion_driven,32,12.1,False,6
PROMO-006,61,promotion_driven,26,12.1,False,6
PROMO-006,62,promotion_driven,17,12.1,False,6
PROMO-006,63,promotion_driven,22,12.1,False,6
PROMO-006,64,promotion_driven,24,12.1,False,6
PROMO-006,65,promotion_driven,28,12.1,False,6
PROMO-006,66,promotion_driven,30,12.1,False,6
PROMO-006,67,promotion_driven,29,12.1,False,6
PROMO-006,68,promotion_driven,27,12.1,False,6
PROMO-006,69,promotion_driven,29,12.1,False,6
PROMO-006,70,promotion_driven,31,12.1,False,6
PROMO-006,71,promotion_driven,35,12.1,False,6
PROMO-006,72,promotion_driven,19,12.1,False,6
PROMO-006,73,promotion_driven,24,12.1,False,6
PROMO-006,74,promotion_driven,94,9.45,True,6
PROMO-006,75,promotion_driven,36,12.1,False,6
PROMO-006,76,promotion_driven,28,12.1,False,6
PROMO-006,77,promotion_driven,89,9.45,True,6
PROMO-006,78,promotion_driven,41,12.1,False,6
PROMO-006,79,promotion_driven,44,12.1,False,6
PROMO-006,80,promotion_driven,35,12.1,False,6
PROMO-006,81,promotion_driven,40,12.1,False,6
PROMO-006,82,promotion_driven,47,12.1,False,6
PROMO-006,83,promotion_driven,35,12.1,False,6
PROMO-006,84,promotion_driven,73,9.45,True,6
PROMO-006,85,promotion_driven,34,12.1,False,6
PROMO-006,86,promotion_driven,41,12.1,False,6
PROMO-006,87,promotion_driven,180,9.45,True,6
PROMO-006,88,promotion_driven,32,12.1,False,6
PROMO-006,89,promotion_driven,137,9.45,True,6
PROMO-006,90,promotion_driven,42,12.1,False,6
PROMO-006,91,promotion_driven,49,12.1,False,6
PROMO-006,92,promotion_driven,105,9.45,True,6
PROMO-006,93,promotion_driven,43,12.1,False,6
PROMO-006,94,promotion_driven,40,12.1,False,6
PROMO-006,95,promotion_driven,42,12.1,False,6
PROMO-006,96,promotion_driven,104,9.45,True,6
PROMO-006,97,promotion_driven,164,9.45,True,6
PROMO-006,98,promotion_driven,133,9.45,True,6
PROMO-006,99,promotion_driven,37,12.1,False,6
PROMO-006,100,promotion_driven,42,12.1,False,6
PROMO-006,101,promotion_driven,41,12.1,False,6
PROMO-006,102,promotion_driven,37,12.1,False,6
PROMO-006,103,promotion_driven,26,12.1,False,6
PROMO-007,0,promotion_driven,33,27.8,False,5
PROMO-007,1,promotion_driven,34,27.8,False,5
PROMO-007,2,promotion_driven,17,27.8,False,5
PROMO-007,3,promotion_driven,32,27.8,False,5
PROMO-007,4,promotion_driven,32,27.8,False,5
PROMO-007,5,promotion_driven,96,21.65,True,5
PROMO-007,6,promotion_driven,25,27.8,False,5
PROMO-007,7,promotion_driven,41,27.8,False,5
PROMO-007,8,promotion_driven,46,27.8,False,5
PROMO-007,9,promotion_driven,157,21.65,True,5
PROMO-007,10,promotion_driven,27,27.8,False,5
PROMO-007,11,promotion_driven,30,27.8,False,5
PROMO-007,12,promotion_driven,38,27.8,False,5
PROMO-007,13,promotion_driven,41,27.8,False,5
PROMO-007,14,promotion_driven,30,27.8,False,5
PROMO-007,15,promotion_driven,24,27.8,False,5
PROMO-007,16,promotion_driven,34,27.8,False,5
PROMO-007,17,promotion_driven,119,21.65,True,5
PROMO-007,18,promotion_driven,33,27.8,False,5
PROMO-007,19,promotion_driven,28,27.8,False,5
PROMO-007,20,promotion_driven,26,27.8,False,5
PROMO-007,21,promotion_driven,30,27.8,False,5
PROMO-007,22,promotion_driven,28,27.8,False,5
PROMO-007,23,promotion_driven,34,27.8,False,5
PROMO-007,24,promotion_driven,30,27.8,False,5
PROMO-007,25,promotion_driven,45,27.8,False,5
PROMO-007,26,promotion_driven,27,27.8,False,5
PROMO-007,27,promotion_driven,32,27.8,False,5
PROMO-007,28,promotion_driven,130,21.65,True,5
PROMO-007,29,promotion_driven,140,21.65,True,5
PROMO-007,30,promotion_driven,18,27.8,False,5
PROMO-007,31,promotion_driven,108,21.65,True,5
PROMO-007,32,promotion_driven,30,27.8,False,5
PROMO-007,33,promotion_driven,30,27.8,False,5
PROMO-007,34,promotion_driven,23,27.8,False,5
PROMO-007,35,promotion_driven,84,21.65,True,5
PROMO-007,36,promotion_driven,105,21.65,True,5
PROMO-007,37,promotion_driven,76,21.65,True,5
PROMO-007,38,promotion_driven,29,27.8,False,5
PROMO-007,39,promotion_driven,21,27.8,False,5
PROMO-007,40,promotion_driven,36,27.8,False,5
PROMO-007,41,promotion_driven,32,27.8,False,5
PROMO-007,42,promotion_driven,25,27.8,False,5
PROMO-007,43,promotion_driven,25,27.8,False,5
PROMO-007,44,promotion_driven,24,27.8,False,5
PROMO-007,45,promotion_driven,39,27.8,False,5
PROMO-007,46,promotion_driven,39,27.8,False,5
PROMO-007,47,promotion_driven,24,27.8,False,5
PROMO-007,48,promotion_driven,84,21.65,True,5
PROMO-007,49,promotion_driven,34,27.8,False,5
PROMO-007,50,promotion_driven,28,27.8,False,5
PROMO-007,51,promotion_driven,33,27.8,False,5
PROMO-007,52,promotion_driven,26,27.8,False,5
PROMO-007,53,promotion_driven,23,27.8,False,5
PROMO-007,54,promotion_driven,29,27.8,False,5
PROMO-007,55,promotion_driven,114,21.65,True,5
PROMO-007,56,promotion_driven,91,21.65,True,5
PROMO-007,57,promotion_driven,30,27.8,False,5
PROMO-007,58,promotion_driven,27,27.8,False,5
PROMO-007,59,promotion_driven,91,21.65,True,5
PROMO-007,60,promotion_driven,43,27.8,False,5
PROMO-007,61,promotion_driven,26,27.8,False,5
PROMO-007,62,promotion_driven,34,27.8,False,5
PROMO-007,63,promotion_driven,37,27.8,False,5
PROMO-007,64,promotion_driven,34,27.8,False,5
PROMO-007,65,promotion_driven,26,27.8,False,5
PROMO-007,66,promotion_driven,33,27.8,False,5
PROMO-007,67,promotion_driven,93,21.65,True,5
PROMO-007,68,promotion_driven,29,27.8,False,5
PROMO-007,69,promotion_driven,86,21.65,True,5
PROMO-007,70,promotion_driven,42,27.8,False,5
PROMO-007,71,promotion_driven,38,27.8,False,5
PROMO-007,72,promotion_driven,25,27.8,False,5
PROMO-007,73,promotion_driven,101,21.65,True,5
PROMO-007,74,promotion_driven,97,21.65,True,5
PROMO-007,75,promotion_driven,34,27.8,False,5
PROMO-007,76,promotion_driven,42,27.8,False,5
PROMO-007,77,promotion_driven,32,27.8,False,5
PROMO-007,78,promotion_driven,79,21.65,True,5
PROMO-007,79,promotion_driven,145,21.65,True,5
PROMO-007,80,promotion_driven,70,21.65,True,5
PROMO-007,81,promotion_driven,101,21.65,True,5
PROMO-007,82,promotion_driven,33,27.8,False,5
PROMO-007,83,promotion_driven,35,27.8,False,5
PROMO-007,84,promotion_driven,82,21.65,True,5
PROMO-007,85,promotion_driven,14,27.8,False,5
PROMO-007,86,promotion_driven,34,27.8,False,5
PROMO-007,87,promotion_driven,28,27.8,False,5
PROMO-007,88,promotion_driven,35,27.8,False,5
PROMO-007,89,promotion_driven,28,27.8,False,5
PROMO-007,90,promotion_driven,50,27.8,False,5
PROMO-007,91,promotion_driven,27,27.8,False,5
PROMO-007,92,promotion_driven,22,27.8,False,5
PROMO-007,93,promotion_driven,22,27.8,False,5
PROMO-007,94,promotion_driven,30,27.8,False,5
PROMO-007,95,promotion_driven,34,27.8,False,5
PROMO-007,96,promotion_driven,36,27.8,False,5
PROMO-007,97,promotion_driven,22,27.8,False,5
PROMO-007,98,promotion_driven,29,27.8,False,5
PROMO-007,99,promotion_driven,31,27.8,False,5
PROMO-007,100,promotion_driven,22,27.8,False,5
PROMO-007,101,promotion_driven,89,21.65,True,5
PROMO-007,102,promotion_driven,21,27.8,False,5
PROMO-007,103,promotion_driven,38,27.8,False,5
PROMO-008,0,promotion_driven,45,22.43,False,5
PROMO-008,1,promotion_driven,19,22.43,False,5
PROMO-008,2,promotion_driven,40,22.43,False,5
PROMO-008,3,promotion_driven,39,22.43,False,5
PROMO-008,4,promotion_driven,32,22.43,False,5
PROMO-008,5,promotion_driven,19,22.43,False,5
PROMO-008,6,promotion_driven,37,22.43,False,5
PROMO-008,7,promotion_driven,32,22.43,False,5
PROMO-008,8,promotion_driven,109,16.31,True,5
PROMO-008,9,promotion_driven,38,22.43,False,5
PROMO-008,10,promotion_driven,13,22.43,False,5
PROMO-008,11,promotion_driven,112,16.31,True,5
PROMO-008,12,promotion_driven,45,22.43,False,5
PROMO-008,13,promotion_driven,66,22.43,False,5
PROMO-008,14,promotion_driven,59,22.43,False,5
PROMO-008,15,promotion_driven,29,22.43,False,5
PROMO-008,16,promotion_driven,50,22.43,False,5
PROMO-008,17,promotion_driven,25,22.43,False,5
PROMO-008,18,promotion_driven,29,22.43,False,5
PROMO-008,19,promotion_driven,25,22.43,False,5
PROMO-008,20,promotion_driven,37,22.43,False,5
PROMO-008,21,promotion_driven,36,22.43,False,5
PROMO-008,22,promotion_driven,77,16.31,True,5
PROMO-008,23,promotion_driven,20,22.43,False,5
PROMO-008,24,promotion_driven,70,16.31,True,5
PROMO-008,25,promotion_driven,14,22.43,False,5
PROMO-008,26,promotion_driven,28,22.43,False,5
PROMO-008,27,promotion_driven,24,22.43,False,5
PROMO-008,28,promotion_driven,106,16.31,True,5
PROMO-008,29,promotion_driven,25,22.43,False,5
PROMO-008,30,promotion_driven,95,16.31,True,5
PROMO-008,31,promotion_driven,32,22.43,False,5
PROMO-008,32,promotion_driven,39,22.43,False,5
PROMO-008,33,promotion_driven,97,16.31,True,5
PROMO-008,34,promotion_driven,21,22.43,False,5
PROMO-008,35,promotion_driven,19,22.43,False,5
PROMO-008,36,promotion_driven,107,16.31,True,5
PROMO-008,37,promotion_driven,34,22.43,False,5
PROMO-008,38,promotion_driven,25,22.43,False,5
PROMO-008,39,promotion_driven,40,22.43,False,5
PROMO-008,40,promotion_driven,99,16.31,True,5
PROMO-008,41,promotion_driven,23,22.43,False,5
PROMO-008,42,promotion_driven,25,22.43,False,5
PROMO-008,43,promotion_driven,39,22.43,False,5
PROMO-008,44,promotion_driven,48,22.43,False,5
PROMO-008,45,promotion_driven,70,16.31,True,5
PROMO-008,46,promotion_driven,42,22.43,False,5
PROMO-008,47,promotion_driven,16,22.43,False,5
PROMO-008,48,promotion_driven,40,22.43,False,5
PROMO-008,49,promotion_driven,42,22.43,False,5
PROMO-008,50,promotion_driven,33,22.43,False,5
PROMO-008,51,promotion_driven,32,22.43,False,5
PROMO-008,52,promotion_driven,48,22.43,False,5
PROMO-008,53,promotion_driven,118,16.31,True,5
PROMO-008,54,promotion_driven,23,22.43,False,5
PROMO-008,55,promotion_driven,53,22.43,False,5
PROMO-008,56,promotion_driven,39,22.43,False,5
PROMO-008,57,promotion_driven,53,22.43,False,5
PROMO-008,58,promotion_driven,37,22.43,False,5
PROMO-008,59,promotion_driven,34,22.43,False,5
PROMO-008,60,promotion_driven,54,22.43,False,5
PROMO-008,61,promotion_driven,47,22.43,False,5
PROMO-008,62,promotion_driven,37,22.43,False,5
PROMO-008,63,promotion_driven,36,22.43,False,5
PROMO-008,64,promotion_driven,38,22.43,False,5
PROMO-008,65,promotion_driven,41,22.43,False,5
PROMO-008,66,promotion_driven,33,22.43,False,5
PROMO-008,67,promotion_driven,35,22.43,False,5
PROMO-008,68,promotion_driven,39,22.43,False,5
PROMO-008,69,promotion_driven,25,22.43,False,5
PROMO-008,70,promotion_driven,113,16.31,True,5
PROMO-008,71,promotion_driven,137,16.31,True,5
PROMO-008,72,promotion_driven,39,22.43,False,5
PROMO-008,73,promotion_driven,106,16.31,True,5
PROMO-008,74,promotion_driven,92,16.31,True,5
PROMO-008,75,promotion_driven,25,22.43,False,5
PROMO-008,76,promotion_driven,42,22.43,False,5
PROMO-008,77,promotion_driven,28,22.43,False,5
PROMO-008,78,promotion_driven,31,22.43,False,5
PROMO-008,79,promotion_driven,73,16.31,True,5
PROMO-008,80,promotion_driven,20,22.43,False,5
PROMO-008,81,promotion_driven,41,22.43,False,5
PROMO-008,82,promotion_driven,26,22.43,False,5
PROMO-008,83,promotion_driven,29,22.43,False,5
PROMO-008,84,promotion_driven,21,22.43,False,5
PROMO-008,85,promotion_driven,26,22.43,False,5
PROMO-008,86,promotion_driven,126,16.31,True,5
PROMO-008,87,promotion_driven,77,16.31,True,5
PROMO-008,88,promotion_driven,54,16.31,True,5
PROMO-008,89,promotion_driven,41,22.43,False,5
PROMO-008,90,promotion_driven,34,22.43,False,5
PROMO-008,91,promotion_driven,41,22.43,False,5
PROMO-008,92,promotion_driven,89,16.31,True,5
PROMO-008,93,promotion_driven,31,22.43,False,5
PROMO-008,94,promotion_driven,36,22.43,False,5
PROMO-008,95,promotion_driven,45,22.43,False,5
PROMO-008,96,promotion_driven,22,22.43,False,5
PROMO-008,97,promotion_driven,105,16.31,True,5
PROMO-008,98,promotion_driven,37,22.43,False,5
PROMO-008,99,promotion_driven,89,16.31,True,5
PROMO-008,100,promotion_driven,211,16.31,True,5
PROMO-008,101,promotion_driven,54,22.43,False,5
PROMO-008,102,promotion_driven,116,16.31,True,5
PROMO-008,103,promotion_driven,37,22.43,False,5
PROMO-009,0,promotion_driven,34,29.98,False,4
PROMO-009,1,promotion_driven,41,29.98,False,4
PROMO-009,2,promotion_driven,25,29.98,False,4
PROMO-009,3,promotion_driven,26,29.98,False,4
PROMO-009,4,promotion_driven,47,29.98,False,4
PROMO-009,5,promotion_driven,46,29.98,False,4
PROMO-009,6,promotion_driven,55,29.98,False,4
PROMO-009,7,promotion_driven,37,29.98,False,4
PROMO-009,8,promotion_driven,43,29.98,False,4
PROMO-009,9,promotion_driven,37,29.98,False,4
PROMO-009,10,promotion_driven,57,29.98,False,4
PROMO-009,11,promotion_driven,19,29.98,False,4
PROMO-009,12,promotion_driven,123,22.47,True,4
PROMO-009,13,promotion_driven,28,29.98,False,4
PROMO-009,14,promotion_driven,31,29.98,False,4
PROMO-009,15,promotion_driven,31,29.98,False,4
PROMO-009,16,promotion_driven,41,29.98,False,4
PROMO-009,17,promotion_driven,36,29.98,False,4
PROMO-009,18,promotion_driven,22,29.98,False,4
PROMO-009,19,promotion_driven,43,29.98,False,4
PROMO-009,20,promotion_driven,24,29.98,False,4
PROMO-009,21,promotion_driven,26,29.98,False,4
PROMO-009,22,promotion_driven,20,29.98,False,4
PROMO-009,23,promotion_driven,14,29.98,False,4
PROMO-009,24,promotion_driven,25,29.98,False,4
PROMO-009,25,promotion_driven,12,29.98,False,4
PROMO-009,26,promotion_driven,34,29.98,False,4
PROMO-009,27,promotion_driven,20,29.98,False,4
PROMO-009,28,promotion_driven,15,29.98,False,4
PROMO-009,29,promotion_driven,8,29.98,False,4
PROMO-009,30,promotion_driven,17,29.98,False,4
PROMO-009,31,promotion_driven,23,29.98,False,4
PROMO-009,32,promotion_driven,28,29.98,False,4
PROMO-009,33,promotion_driven,64,22.47,True,4
PROMO-009,34,promotion_driven,98,22.47,True,4
PROMO-009,35,promotion_driven,20,29.98,False,4
PROMO-009,36,promotion_driven,104,22.47,True,4
PROMO-009,37,promotion_driven,134,22.47,True,4
PROMO-009,38,promotion_driven,28,29.98,False,4
PROMO-009,39,promotion_driven,14,29.98,False,4
PROMO-009,40,promotion_driven,23,29.98,False,4
PROMO-009,41,promotion_driven,154,22.47,True,4
PROMO-009,42,promotion_driven,106,22.47,True,4
PROMO-009,43,promotion_driven,29,29.98,False,4
PROMO-009,44,promotion_driven,13,29.98,False,4
PROMO-009,45,promotion_driven,102,22.47,True,4
PROMO-009,46,promotion_driven,13,29.98,False,4
PROMO-009,47,promotion_driven,15,29.98,False,4
PROMO-009,48,promotion_driven,19,29.98,False,4
PROMO-009,49,promotion_driven,29,29.98,False,4
PROMO-009,50,promotion_driven,20,29.98,False,4
PROMO-009,51,promotion_driven,29,29.98,False,4
PROMO-009,52,promotion_driven,51,29.98,False,4
PROMO-009,53,promotion_driven,29,29.98,False,4
PROMO-009,54,promotion_driven,19,29.98,False,4
PROMO-009,55,promotion_driven,19,29.98,False,4
PROMO-009,56,promotion_driven,40,29.98,False,4
PROMO-009,57,promotion_driven,38,29.98,False,4
PROMO-009,58,promotion_driven,30,29.98,False,4
PROMO-009,59,promotion_driven,25,29.98,False,4
PROMO-009,60,promotion_driven,31,29.98,False,4
PROMO-009,61,promotion_driven,39,29.98,False,4
PROMO-009,62,promotion_driven,12,29.98,False,4
PROMO-009,63,promotion_driven,39,29.98,False,4
PROMO-009,64,promotion_driven,35,29.98,False,4
PROMO-009,65,promotion_driven,45,29.98,False,4
PROMO-009,66,promotion_driven,54,29.98,False,4
PROMO-009,67,promotion_driven,44,29.98,False,4
PROMO-009,68,promotion_driven,39,29.98,False,4
PROMO-009,69,promotion_driven,37,29.98,False,4
PROMO-009,70,promotion_driven,41,29.98,False,4
PROMO-009,71,promotion_driven,22,29.98,False,4
PROMO-009,72,promotion_driven,22,29.98,False,4
PROMO-009,73,promotion_driven,39,29.98,False,4
PROMO-009,74,promotion_driven,28,29.98,False,4
PROMO-009,75,promotion_driven,26,29.98,False,4
PROMO-009,76,promotion_driven,21,29.98,False,4
PROMO-009,77,promotion_driven,127,22.47,True,4
PROMO-009,78,promotion_driven,38,29.98,False,4
PROMO-009,79,promotion_driven,6,29.98,False,4
PROMO-009,80,promotion_driven,23,29.98,False,4
PROMO-009,81,promotion_driven,12,29.98,False,4
PROMO-009,82,promotion_driven,113,22.47,True,4
PROMO-009,83,promotion_driven,24,29.98,False,4
PROMO-009,84,promotion_driven,122,22.47,True,4
PROMO-009,85,promotion_driven,19,29.98,False,4
PROMO-009,86,promotion_driven,26,29.98,False,4
PROMO-009,87,promotion_driven,20,29.98,False,4
PROMO-009,88,promotion_driven,17,29.98,False,4
PROMO-009,89,promotion_driven,27,29.98,False,4
PROMO-009,90,promotion_driven,172,22.47,True,4
PROMO-009,91,promotion_driven,21,29.98,False,4
PROMO-009,92,promotion_driven,86,22.47,True,4
PROMO-009,93,promotion_driven,157,22.47,True,4
PROMO-009,94,promotion_driven,20,29.98,False,4
PROMO-009,95,promotion_driven,17,29.98,False,4
PROMO-009,96,promotion_driven,37,29.98,False,4
PROMO-009,97,promotion_driven,35,29.98,False,4
PROMO-009,98,promotion_driven,40,29.98,False,4
PROMO-009,99,promotion_driven,27,29.98,False,4
PROMO-009,100,promotion_driven,42,29.98,False,4
PROMO-009,101,promotion_driven,27,29.98,False,4
PROMO-009,102,promotion_driven,207,22.47,True,4
PROMO-009,103,promotion_driven,15,29.98,False,4
PROMO-010,0,promotion_driven,20,25.64,False,5
PROMO-010,1,promotion_driven,15,25.64,False,5
PROMO-010,2,promotion_driven,60,17.58,True,5
PROMO-010,3,promotion_driven,34,25.64,False,5
PROMO-010,4,promotion_driven,118,17.58,True,5
PROMO-010,5,promotion_driven,29,25.64,False,5
PROMO-010,6,promotion_driven,36,25.64,False,5
PROMO-010,7,promotion_driven,43,25.64,False,5
PROMO-010,8,promotion_driven,121,17.58,True,5
PROMO-010,9,promotion_driven,32,25.64,False,5
PROMO-010,10,promotion_driven,64,25.64,False,5
PROMO-010,11,promotion_driven,37,25.64,False,5
PROMO-010,12,promotion_driven,170,17.58,True,5
PROMO-010,13,promotion_driven,65,17.58,True,5
PROMO-010,14,promotion_driven,24,25.64,False,5
PROMO-010,15,promotion_driven,25,25.64,False,5
PROMO-010,16,promotion_driven,26,25.64,False,5
PROMO-010,17,promotion_driven,75,25.64,False,5
PROMO-010,18,promotion_driven,44,25.64,False,5
PROMO-010,19,promotion_driven,26,25.64,False,5
PROMO-010,20,promotion_driven,9,25.64,False,5
PROMO-010,21,promotion_driven,14,25.64,False,5
PROMO-010,22,promotion_driven,27,25.64,False,5
PROMO-010,23,promotion_driven,31,25.64,False,5
PROMO-010,24,promotion_driven,25,25.64,False,5
PROMO-010,25,promotion_driven,116,17.58,True,5
PROMO-010,26,promotion_driven,46,25.64,False,5
PROMO-010,27,promotion_driven,17,25.64,False,5
PROMO-010,28,promotion_driven,15,25.64,False,5
PROMO-010,29,promotion_driven,24,25.64,False,5
PROMO-010,30,promotion_driven,20,25.64,False,5
PROMO-010,31,promotion_driven,98,17.58,True,5
PROMO-010,32,promotion_driven,139,17.58,True,5
PROMO-010,33,promotion_driven,21,25.64,False,5
PROMO-010,34,promotion_driven,122,17.58,True,5
PROMO-010,35,promotion_driven,25,25.64,False,5
PROMO-010,36,promotion_driven,31,25.64,False,5
PROMO-010,37,promotion_driven,105,17.58,True,5
PROMO-010,38,promotion_driven,88,17.58,True,5
PROMO-010,39,promotion_driven,25,25.64,False,5
PROMO-010,40,promotion_driven,98,17.58,True,5
PROMO-010,41,promotion_driven,20,25.64,False,5
PROMO-010,42,promotion_driven,17,25.64,False,5
PROMO-010,43,promotion_driven,27,25.64,False,5
PROMO-010,44,promotion_driven,30,25.64,False,5
PROMO-010,45,promotion_driven,104,17.58,True,5
PROMO-010,46,promotion_driven,12,25.64,False,5
PROMO-010,47,promotion_driven,22,25.64,False,5
PROMO-010,48,promotion_driven,11,25.64,False,5
PROMO-010,49,promotion_driven,24,25.64,False,5
PROMO-010,50,promotion_driven,20,25.64,False,5
PROMO-010,51,promotion_driven,45,25.64,False,5
PROMO-010,52,promotion_driven,44,25.64,False,5
PROMO-010,53,promotion_driven,40,25.64,False,5
PROMO-010,54,promotion_driven,18,25.64,False,5
PROMO-010,55,promotion_driven,22,25.64,False,5
PROMO-010,56,promotion_driven,24,25.64,False,5
PROMO-010,57,promotion_driven,28,25.64,False,5
PROMO-010,58,promotion_driven,160,17.58,True,5
PROMO-010,59,promotion_driven,20,25.64,False,5
PROMO-010,60,promotion_driven,39,25.64,False,5
PROMO-010,61,promotion_driven,23,25.64,False,5
PROMO-010,62,promotion_driven,37,25.64,False,5
PROMO-010,63,promotion_driven,26,25.64,False,5
PROMO-010,64,promotion_driven,37,25.64,False,5
PROMO-010,65,promotion_driven,29,25.64,False,5
PROMO-010,66,promotion_driven,130,17.58,True,5
PROMO-010,67,promotion_driven,39,25.64,False,5
PROMO-010,68,promotion_driven,22,25.64,False,5
PROMO-010,69,promotion_driven,31,25.64,False,5
PROMO-010,70,promotion_driven,40,25.64,False,5
PROMO-010,71,promotion_driven,48,25.64,False,5
PROMO-010,72,promotion_driven,96,17.58,True,5
PROMO-010,73,promotion_driven,12,25.64,False,5
PROMO-010,74,promotion_driven,90,17.58,True,5
PROMO-010,75,promotion_driven,133,17.58,True,5
PROMO-010,76,promotion_driven,66,25.64,False,5
PROMO-010,77,promotion_driven,26,25.64,False,5
PROMO-010,78,promotion_driven,69,17.58,True,5
PROMO-010,79,promotion_driven,21,25.64,False,5
PROMO-010,80,promotion_driven,42,25.64,False,5
PROMO-010,81,promotion_driven,32,25.64,False,5
PROMO-010,82,promotion_driven,26,25.64,False,5
PROMO-010,83,promotion_driven,52,17.58,True,5
PROMO-010,84,promotion_driven,19,25.64,False,5
PROMO-010,85,promotion_driven,21,25.64,False,5
PROMO-010,86,promotion_driven,26,25.64,False,5
PROMO-010,87,promotion_driven,17,25.64,False,5
PROMO-010,88,promotion_driven,20,25.64,False,5
PROMO-010,89,promotion_driven,92,17.58,True,5
PROMO-010,90,promotion_driven,93,17.58,True,5
PROMO-010,91,promotion_driven,19,25.64,False,5
PROMO-010,92,promotion_driven,21,25.64,False,5
PROMO-010,93,promotion_driven,17,25.64,False,5
PROMO-010,94,promotion_driven,74,17.58,True,5
PROMO-010,95,promotion_driven,156,17.58,True,5
PROMO-010,96,promotion_driven,27,25.64,False,5
PROMO-010,97,promotion_driven,28,25.64,False,5
PROMO-010,98,promotion_driven,17,25.64,False,5
PROMO-010,99,promotion_driven,21,25.64,False,5
PROMO-010,100,promotion_driven,12,25.64,False,5
PROMO-010,101,promotion_driven,19,25.64,False,5
PROMO-010,102,promotion_driven,28,25.64,False,5
PROMO-010,103,promotion_driven,24,25.64,False,5
PROMO-011,0,promotion_driven,38,10.17,False,6
PROMO-011,1,promotion_driven,26,10.17,False,6
PROMO-011,2,promotion_driven,25,10.17,False,6
PROMO-011,3,promotion_driven,24,10.17,False,6
PROMO-011,4,promotion_driven,25,10.17,False,6
PROMO-011,5,promotion_driven,31,10.17,False,6
PROMO-011,6,promotion_driven,21,10.17,False,6
PROMO-011,7,promotion_driven,25,10.17,False,6
PROMO-011,8,promotion_driven,16,10.17,False,6
PROMO-011,9,promotion_driven,25,10.17,False,6
PROMO-011,10,promotion_driven,36,10.17,False,6
PROMO-011,11,promotion_driven,32,10.17,False,6
PROMO-011,12,promotion_driven,131,6.8,True,6
PROMO-011,13,promotion_driven,61,6.8,True,6
PROMO-011,14,promotion_driven,23,10.17,False,6
PROMO-011,15,promotion_driven,123,6.8,True,6
PROMO-011,16,promotion_driven,31,10.17,False,6
PROMO-011,17,promotion_driven,23,10.17,False,6
PROMO-011,18,promotion_driven,28,10.17,False,6
PROMO-011,19,promotion_driven,27,10.17,False,6
PROMO-011,20,promotion_driven,28,10.17,False,6
PROMO-011,21,promotion_driven,22,10.17,False,6
PROMO-011,22,promotion_driven,20,10.17,False,6
PROMO-011,23,promotion_driven,21,10.17,False,6
PROMO-011,24,promotion_driven,13,10.17,False,6
PROMO-011,25,promotion_driven,31,10.17,False,6
PROMO-011,26,promotion_driven,69,6.8,True,6
PROMO-011,27,promotion_driven,23,10.17,False,6
PROMO-011,28,promotion_driven,23,10.17,False,6
PROMO-011,29,promotion_driven,22,10.17,False,6
PROMO-011,30,promotion_driven,16,10.17,False,6
PROMO-011,31,promotion_driven,12,10.17,False,6
PROMO-011,32,promotion_driven,19,10.17,False,6
PROMO-011,33,promotion_driven,22,10.17,False,6
PROMO-011,34,promotion_driven,15,10.17,False,6
PROMO-011,35,promotion_driven,28,10.17,False,6
PROMO-011,36,promotion_driven,25,10.17,False,6
PROMO-011,37,promotion_driven,21,10.17,False,6
PROMO-011,38,promotion_driven,21,10.17,False,6
PROMO-011,39,promotion_driven,55,6.8,True,6
PROMO-011,40,promotion_driven,129,6.8,True,6
PROMO-011,41,promotion_driven,122,6.8,True,6
PROMO-011,42,promotion_driven,36,10.17,False,6
PROMO-011,43,promotion_driven,16,10.17,False,6
PROMO-011,44,promotion_driven,26,10.17,False,6
PROMO-011,45,promotion_driven,126,6.8,True,6
PROMO-011,46,promotion_driven,17,10.17,False,6
PROMO-011,47,promotion_driven,23,10.17,False,6
PROMO-011,48,promotion_driven,151,6.8,True,6
PROMO-011,49,promotion_driven,26,10.17,False,6
PROMO-011,50,promotion_driven,22,10.17,False,6
PROMO-011,51,promotion_driven,136,6.8,True,6
PROMO-011,52,promotion_driven,18,10.17,False,6
PROMO-011,53,promotion_driven,121,6.8,True,6
PROMO-011,54,promotion_driven,26,10.17,False,6
PROMO-011,55,promotion_driven,20,10.17,False,6
PROMO-011,56,promotion_driven,17,10.17,False,6
PROMO-011,57,promotion_driven,27,10.17,False,6
PROMO-011,58,promotion_driven,15,10.17,False,6
PROMO-011,59,promotion_driven,21,10.17,False,6
PROMO-011,60,promotion_driven,36,10.17,False,6
PROMO-011,61,promotion_driven,33,10.17,False,6
PROMO-011,62,promotion_driven,19,10.17,False,6
PROMO-011,63,promotion_driven,19,10.17,False,6
PROMO-011,64,promotion_driven,22,10.17,False,6
PROMO-011,65,promotion_driven,30,10.17,False,6
PROMO-011,66,promotion_driven,26,10.17,False,6
PROMO-011,67,promotion_driven,115,6.8,True,6
PROMO-011,68,promotion_driven,18,10.17,False,6
PROMO-011,69,promotion_driven,28,10.17,False,6
PROMO-011,70,promotion_driven,24,10.17,False,6
PROMO-011,71,promotion_driven,16,10.17,False,6
PROMO-011,72,promotion_driven,23,10.17,False,6
PROMO-011,73,promotion_driven,19,10.17,False,6
PROMO-011,74,promotion_driven,26,10.17,False,6
PROMO-011,75,promotion_driven,63,6.8,True,6
PROMO-011,76,promotion_driven,100,6.8,True,6
PROMO-011,77,promotion_driven,29,10.17,False,6
PROMO-011,78,promotion_driven,20,10.17,False,6
PROMO-011,79,promotion_driven,21,10.17,False,6
PROMO-011,80,promotion_driven,80,6.8,True,6
PROMO-011,81,promotion_driven,23,10.17,False,6
PROMO-011,82,promotion_driven,102,6.8,True,6
PROMO-011,83,promotion_driven,15,10.17,False,6
PROMO-011,84,promotion_driven,13,10.17,False,6
PROMO-011,85,promotion_driven,22,10.17,False,6
PROMO-011,86,promotion_driven,23,10.17,False,6
PROMO-011,87,promotion_driven,23,10.17,False,6
PROMO-011,88,promotion_driven,18,10.17,False,6
PROMO-011,89,promotion_driven,17,10.17,False,6
PROMO-011,90,promotion_driven,13,10.17,False,6
PROMO-011,91,promotion_driven,24,10.17,False,6
PROMO-011,92,promotion_driven,22,10.17,False,6
PROMO-011,93,promotion_driven,11,10.17,False,6
PROMO-011,94,promotion_driven,27,10.17,False,6
PROMO-011,95,promotion_driven,19,10.17,False,6
PROMO-011,96,promotion_driven,29,10.17,False,6
PROMO-011,97,promotion_driven,34,10.17,False,6
PROMO-011,98,promotion_driven,16,10.17,False,6
PROMO-011,99,promotion_driven,166,6.8,True,6
PROMO-011,100,promotion_driven,35,10.17,False,6
PROMO-011,101,promotion_driven,19,10.17,False,6
PROMO-011,102,promotion_driven,31,10.17,False,6
PROMO-011,103,promotion_driven,21,10.17,False,6
PROMO-012,0,promotion_driven,36,25.33,False,4
PROMO-012,1,promotion_driven,37,25.33,False,4
PROMO-012,2,promotion_driven,20,25.33,False,4
PROMO-012,3,promotion_driven,48,25.33,False,4
PROMO-012,4,promotion_driven,29,25.33,False,4
PROMO-012,5,promotion_driven,39,25.33,False,4
PROMO-012,6,promotion_driven,24,25.33,False,4
PROMO-012,7,promotion_driven,33,25.33,False,4
PROMO-012,8,promotion_driven,27,25.33,False,4
PROMO-012,9,promotion_driven,26,25.33,False,4
PROMO-012,10,promotion_driven,67,25.33,False,4
PROMO-012,11,promotion_driven,60,25.33,False,4
PROMO-012,12,promotion_driven,31,25.33,False,4
PROMO-012,13,promotion_driven,29,25.33,False,4
PROMO-012,14,promotion_driven,31,25.33,False,4
PROMO-012,15,promotion_driven,23,25.33,False,4
PROMO-012,16,promotion_driven,126,18.55,True,4
PROMO-012,17,promotion_driven,14,25.33,False,4
PROMO-012,18,promotion_driven,36,25.33,False,4
PROMO-012,19,promotion_driven,139,18.55,True,4
PROMO-012,20,promotion_driven,48,25.33,False,4
PROMO-012,21,promotion_driven,55,25.33,False,4
PROMO-012,22,promotion_driven,37,25.33,False,4
PROMO-012,23,promotion_driven,34,25.33,False,4
PROMO-012,24,promotion_driven,13,25.33,False,4
PROMO-012,25,promotion_driven,26,25.33,False,4
PROMO-012,26,promotion_driven,21,25.33,False,4
PROMO-012,27,promotion_driven,46,25.33,False,4
PROMO-012,28,promotion_driven,24,25.33,False,4
PROMO-012,29,promotion_driven,22,25.33,False,4
PROMO-012,30,promotion_driven,26,25.33,False,4
PROMO-012,31,promotion_driven,22,25.33,False,4
PROMO-012,32,promotion_driven,21,25.33,False,4
PROMO-012,33,promotion_driven,26,25.33,False,4
PROMO-012,34,promotion_driven,79,18.55,True,4
PROMO-012,35,promotion_driven,133,18.55,True,4
PROMO-012,36,promotion_driven,75,25.33,False,4
PROMO-012,37,promotion_driven,74,18.55,True,4
PROMO-012,38,promotion_driven,35,25.33,False,4
PROMO-012,39,promotion_driven,32,25.33,False,4
PROMO-012,40,promotion_driven,39,25.33,False,4
PROMO-012,41,promotion_driven,121,18.55,True,4
PROMO-012,42,promotion_driven,33,25.33,False,4
PROMO-012,43,promotion_driven,32,25.33,False,4
PROMO-012,44,promotion_driven,43,25.33,False,4
PROMO-012,45,promotion_driven,147,18.55,True,4
PROMO-012,46,promotion_driven,35,25.33,False,4
PROMO-012,47,promotion_driven,21,25.33,False,4
PROMO-012,48,promotion_driven,15,25.33,False,4
PROMO-012,49,promotion_driven,166,18.55,True,4
PROMO-012,50,promotion_driven,21,25.33,False,4
PROMO-012,51,promotion_driven,288,18.55,True,4
PROMO-012,52,promotion_driven,165,18.55,True,4
PROMO-012,53,promotion_driven,38,25.33,False,4
PROMO-012,54,promotion_driven,128,18.55,True,4
PROMO-012,55,promotion_driven,45,25.33,False,4
PROMO-012,56,promotion_driven,22,25.33,False,4
PROMO-012,57,promotion_driven,33,25.33,False,4
PROMO-012,58,promotion_driven,35,25.33,False,4
PROMO-012,59,promotion_driven,222,18.55,True,4
PROMO-012,60,promotion_driven,28,25.33,False,4
PROMO-012,61,promotion_driven,38,25.33,False,4
PROMO-012,62,promotion_driven,132,18.55,True,4
PROMO-012,63,promotion_driven,38,25.33,False,4
PROMO-012,64,promotion_driven,179,18.55,True,4
PROMO-012,65,promotion_driven,29,25.33,False,4
PROMO-012,66,promotion_driven,24,25.33,False,4
PROMO-012,67,promotion_driven,119,18.55,True,4
PROMO-012,68,promotion_driven,33,25.33,False,4
PROMO-012,69,promotion_driven,16,25.33,False,4
PROMO-012,70,promotion_driven,42,25.33,False,4
PROMO-012,71,promotion_driven,25,25.33,False,4
PROMO-012,72,promotion_driven,22,25.33,False,4
PROMO-012,73,promotion_driven,127,18.55,True,4
PROMO-012,74,promotion_driven,25,25.33,False,4
PROMO-012,75,promotion_driven,19,25.33,False,4
PROMO-012,76,promotion_driven,23,25.33,False,4
PROMO-012,77,promotion_driven,18,25.33,False,4
PROMO-012,78,promotion_driven,30,25.33,False,4
PROMO-012,79,promotion_driven,29,25.33,False,4
PROMO-012,80,promotion_driven,23,25.33,False,4
PROMO-012,81,promotion_driven,28,25.33,False,4
PROMO-012,82,promotion_driven,13,25.33,False,4
PROMO-012,83,promotion_driven,17,25.33,False,4
PROMO-012,84,promotion_driven,26,25.33,False,4
PROMO-012,85,promotion_driven,30,25.33,False,4
PROMO-012,86,promotion_driven,30,25.33,False,4
PROMO-012,87,promotion_driven,172,18.55,True,4
PROMO-012,88,promotion_driven,33,25.33,False,4
PROMO-012,89,promotion_driven,42,25.33,False,4
PROMO-012,90,promotion_driven,154,18.55,True,4
PROMO-012,91,promotion_driven,17,25.33,False,4
PROMO-012,92,promotion_driven,124,18.55,True,4
PROMO-012,93,promotion_driven,32,25.33,False,4
PROMO-012,94,promotion_driven,27,25.33,False,4
PROMO-012,95,promotion_driven,38,25.33,False,4
PROMO-012,96,promotion_driven,150,18.55,True,4
PROMO-012,97,promotion_driven,25,25.33,False,4
PROMO-012,98,promotion_driven,16,25.33,False,4
PROMO-012,99,promotion_driven,100,18.55,True,4
PROMO-012,100,promotion_driven,21,25.33,False,4
PROMO-012,101,promotion_driven,20,25.33,False,4
PROMO-012,102,promotion_driven,43,25.33,False,4
PROMO-012,103,promotion_driven,69,25.33,False,4
PROMO-013,0,promotion_driven,31,15.58,False,6
PROMO-013,1,promotion_driven,17,15.58,False,6
PROMO-013,2,promotion_driven,106,12.18,True,6
PROMO-013,3,promotion_driven,27,15.58,False,6
PROMO-013,4,promotion_driven,19,15.58,False,6
PROMO-013,5,promotion_driven,17,15.58,False,6
PROMO-013,6,promotion_driven,14,15.58,False,6
PROMO-013,7,promotion_driven,19,15.58,False,6
PROMO-013,8,promotion_driven,95,12.18,True,6
PROMO-013,9,promotion_driven,134,12.18,True,6
PROMO-013,10,promotion_driven,19,15.58,False,6
PROMO-013,11,promotion_driven,29,15.58,False,6
PROMO-013,12,promotion_driven,20,15.58,False,6
PROMO-013,13,promotion_driven,16,15.58,False,6
PROMO-013,14,promotion_driven,118,12.18,True,6
PROMO-013,15,promotion_driven,30,15.58,False,6
PROMO-013,16,promotion_driven,18,15.58,False,6
PROMO-013,17,promotion_driven,27,15.58,False,6
PROMO-013,18,promotion_driven,17,15.58,False,6
PROMO-013,19,promotion_driven,24,15.58,False,6
PROMO-013,20,promotion_driven,17,15.58,False,6
PROMO-013,21,promotion_driven,19,15.58,False,6
PROMO-013,22,promotion_driven,21,15.58,False,6
PROMO-013,23,promotion_driven,64,12.18,True,6
PROMO-013,24,promotion_driven,15,15.58,False,6
PROMO-013,25,promotion_driven,18,15.58,False,6
PROMO-013,26,promotion_driven,10,15.58,False,6
PROMO-013,27,promotion_driven,19,15.58,False,6
PROMO-013,28,promotion_driven,17,15.58,False,6
PROMO-013,29,promotion_driven,22,15.58,False,6
PROMO-013,30,promotion_driven,11,15.58,False,6
PROMO-013,31,promotion_driven,15,15.58,False,6
PROMO-013,32,promotion_driven,18,15.58,False,6
PROMO-013,33,promotion_driven,86,12.18,True,6
PROMO-013,34,promotion_driven,13,15.58,False,6
PROMO-013,35,promotion_driven,16,15.58,False,6
PROMO-013,36,promotion_driven,11,15.58,False,6
PROMO-013,37,promotion_driven,16,15.58,False,6
PROMO-013,38,promotion_driven,16,15.58,False,6
PROMO-013,39,promotion_driven,12,15.58,False,6
PROMO-013,40,promotion_driven,11,15.58,False,6
PROMO-013,41,promotion_driven,18,15.58,False,6
PROMO-013,42,promotion_driven,11,15.58,False,6
PROMO-013,43,promotion_driven,34,12.18,True,6
PROMO-013,44,promotion_driven,31,15.58,False,6
PROMO-013,45,promotion_driven,26,15.58,False,6
PROMO-013,46,promotion_driven,24,15.58,False,6
PROMO-013,47,promotion_driven,23,15.58,False,6
PROMO-013,48,promotion_driven,15,15.58,False,6
PROMO-013,49,promotion_driven,19,15.58,False,6
PROMO-013,50,promotion_driven,12,15.58,False,6
PROMO-013,51,promotion_driven,15,15.58,False,6
PROMO-013,52,promotion_driven,101,12.18,True,6
PROMO-013,53,promotion_driven,87,12.18,True,6
PROMO-013,54,promotion_driven,19,15.58,False,6
PROMO-013,55,promotion_driven,32,15.58,False,6
PROMO-013,56,promotion_driven,29,15.58,False,6
PROMO-013,57,promotion_driven,157,12.18,True,6
PROMO-013,58,promotion_driven,20,15.58,False,6
PROMO-013,59,promotion_driven,25,15.58,False,6
PROMO-013,60,promotion_driven,19,15.58,False,6
PROMO-013,61,promotion_driven,137,12.18,True,6
PROMO-013,62,promotion_driven,87,12.18,True,6
PROMO-013,63,promotion_driven,18,15.58,False,6
PROMO-013,64,promotion_driven,19,15.58,False,6
PROMO-013,65,promotion_driven,20,15.58,False,6
PROMO-013,66,promotion_driven,20,15.58,False,6
PROMO-013,67,promotion_driven,35,15.58,False,6
PROMO-013,68,promotion_driven,30,15.58,False,6
PROMO-013,69,promotion_driven,18,15.58,False,6
PROMO-013,70,promotion_driven,27,15.58,False,6
PROMO-013,71,promotion_driven,31,15.58,False,6
PROMO-013,72,promotion_driven,18,15.58,False,6
PROMO-013,73,promotion_driven,21,15.58,False,6
PROMO-013,74,promotion_driven,23,15.58,False,6
PROMO-013,75,promotion_driven,21,15.58,False,6
PROMO-013,76,promotion_driven,18,15.58,False,6
PROMO-013,77,promotion_driven,105,12.18,True,6
PROMO-013,78,promotion_driven,16,15.58,False,6
PROMO-013,79,promotion_driven,26,12.18,True,6
PROMO-013,80,promotion_driven,11,15.58,False,6
PROMO-013,81,promotion_driven,14,15.58,False,6
PROMO-013,82,promotion_driven,15,15.58,False,6
PROMO-013,83,promotion_driven,54,12.18,True,6
PROMO-013,84,promotion_driven,18,15.58,False,6
PROMO-013,85,promotion_driven,19,15.58,False,6
PROMO-013,86,promotion_driven,18,15.58,False,6
PROMO-013,87,promotion_driven,9,15.58,False,6
PROMO-013,88,promotion_driven,23,15.58,False,6
PROMO-013,89,promotion_driven,21,15.58,False,6
PROMO-013,90,promotion_driven,18,15.58,False,6
PROMO-013,91,promotion_driven,7,15.58,False,6
PROMO-013,92,promotion_driven,21,15.58,False,6
PROMO-013,93,promotion_driven,16,15.58,False,6
PROMO-013,94,promotion_driven,17,15.58,False,6
PROMO-013,95,promotion_driven,16,15.58,False,6
PROMO-013,96,promotion_driven,15,15.58,False,6
PROMO-013,97,promotion_driven,77,12.18,True,6
PROMO-013,98,promotion_driven,19,15.58,False,6
PROMO-013,99,promotion_driven,24,15.58,False,6
PROMO-013,100,promotion_driven,15,15.58,False,6
PROMO-013,101,promotion_driven,107,12.18,True,6
PROMO-013,102,promotion_driven,35,15.58,False,6
PROMO-013,103,promotion_driven,21,15.58,False,6
PROMO-014,0,promotion_driven,144,14.62,True,5
PROMO-014,1,promotion_driven,52,20.48,False,5
PROMO-014,2,promotion_driven,39,20.48,False,5
PROMO-014,3,promotion_driven,27,20.48,False,5
PROMO-014,4,promotion_driven,201,14.62,True,5
PROMO-014,5,promotion_driven,48,20.48,False,5
PROMO-014,6,promotion_driven,45,20.48,False,5
PROMO-014,7,promotion_driven,22,20.48,False,5
PROMO-014,8,promotion_driven,55,20.48,False,5
PROMO-014,9,promotion_driven,24,20.48,False,5
PROMO-014,10,promotion_driven,44,20.48,False,5
PROMO-014,11,promotion_driven,119,14.62,True,5
PROMO-014,12,promotion_driven,15,20.48,False,5
PROMO-014,13,promotion_driven,28,20.48,False,5
PROMO-014,14,promotion_driven,27,20.48,False,5
PROMO-014,15,promotion_driven,34,20.48,False,5
PROMO-014,16,promotion_driven,95,14.62,True,5
PROMO-014,17,promotion_driven,20,20.48,False,5
PROMO-014,18,promotion_driven,114,14.62,True,5
PROMO-014,19,promotion_driven,28,20.48,False,5
PROMO-014,20,promotion_driven,112,14.62,True,5
PROMO-014,21,promotion_driven,45,14.62,True,5
PROMO-014,22,promotion_driven,23,20.48,False,5
PROMO-014,23,promotion_driven,21,20.48,False,5
PROMO-014,24,promotion_driven,21,20.48,False,5
PROMO-014,25,promotion_driven,15,20.48,False,5
PROMO-014,26,promotion_driven,37,20.48,False,5
PROMO-014,27,promotion_driven,20,20.48,False,5
PROMO-014,28,promotion_driven,95,14.62,True,5
PROMO-014,29,promotion_driven,27,20.48,False,5
PROMO-014,30,promotion_driven,20,20.48,False,5
PROMO-014,31,promotion_driven,17,20.48,False,5
PROMO-014,32,promotion_driven,14,20.48,False,5
PROMO-014,33,promotion_driven,28,20.48,False,5
PROMO-014,34,promotion_driven,30,20.48,False,5
PROMO-014,35,promotion_driven,17,20.48,False,5
PROMO-014,36,promotion_driven,22,20.48,False,5
PROMO-014,37,promotion_driven,32,20.48,False,5
PROMO-014,38,promotion_driven,39,20.48,False,5
PROMO-014,39,promotion_driven,180,14.62,True,5
PROMO-014,40,promotion_driven,186,14.62,True,5
PROMO-014,41,promotion_driven,28,20.48,False,5
PROMO-014,42,promotion_driven,39,20.48,False,5
PROMO-014,43,promotion_driven,39,20.48,False,5
PROMO-014,44,promotion_driven,141,14.62,True,5
PROMO-014,45,promotion_driven,49,20.48,False,5
PROMO-014,46,promotion_driven,32,20.48,False,5
PROMO-014,47,promotion_driven,50,20.48,False,5
PROMO-014,48,promotion_driven,37,20.48,False,5
PROMO-014,49,promotion_driven,42,20.48,False,5
PROMO-014,50,promotion_driven,20,20.48,False,5
PROMO-014,51,promotion_driven,56,20.48,False,5
PROMO-014,52,promotion_driven,219,14.62,True,5
PROMO-014,53,promotion_driven,24,20.48,False,5
PROMO-014,54,promotion_driven,216,14.62,True,5
PROMO-014,55,promotion_driven,183,14.62,True,5
PROMO-014,56,promotion_driven,176,14.62,True,5
PROMO-014,57,promotion_driven,58,20.48,False,5
PROMO-014,58,promotion_driven,98,14.62,True,5
PROMO-014,59,promotion_driven,148,14.62,True,5
PROMO-014,60,promotion_driven,23,20.48,False,5
PROMO-014,61,promotion_driven,164,14.62,True,5
PROMO-014,62,promotion_driven,29,20.48,False,5
PROMO-014,63,promotion_driven,22,20.48,False,5
PROMO-014,64,promotion_driven,114,14.62,True,5
PROMO-014,65,promotion_driven,25,20.48,False,5
PROMO-014,66,promotion_driven,26,20.48,False,5
PROMO-014,67,promotion_driven,65,20.48,False,5
PROMO-014,68,promotion_driven,26,20.48,False,5
PROMO-014,69,promotion_driven,46,20.48,False,5
PROMO-014,70,promotion_driven,27,20.48,False,5
PROMO-014,71,promotion_driven,30,20.48,False,5
PROMO-014,72,promotion_driven,16,20.48,False,5
PROMO-014,73,promotion_driven,15,20.48,False,5
PROMO-014,74,promotion_driven,28,20.48,False,5
PROMO-014,75,promotion_driven,14,20.48,False,5
PROMO-014,76,promotion_driven,21,20.48,False,5
PROMO-014,77,promotion_driven,17,20.48,False,5
PROMO-014,78,promotion_driven,42,20.48,False,5
PROMO-014,79,promotion_driven,30,20.48,False,5
PROMO-014,80,promotion_driven,31,20.48,False,5
PROMO-014,81,promotion_driven,37,20.48,False,5
PROMO-014,82,promotion_driven,124,14.62,True,5
PROMO-014,83,promotion_driven,58,14.62,True,5
PROMO-014,84,promotion_driven,93,14.62,True,5
PROMO-014,85,promotion_driven,46,20.48,False,5
PROMO-014,86,promotion_driven,34,20.48,False,5
PROMO-014,87,promotion_driven,34,20.48,False,5
PROMO-014,88,promotion_driven,149,14.62,True,5
PROMO-014,89,promotion_driven,20,20.48,False,5
PROMO-014,90,promotion_driven,26,20.48,False,5
PROMO-014,91,promotion_driven,32,20.48,False,5
PROMO-014,92,promotion_driven,25,20.48,False,5
PROMO-014,93,promotion_driven,31,20.48,False,5
PROMO-014,94,promotion_driven,62,20.48,False,5
PROMO-014,95,promotion_driven,28,20.48,False,5
PROMO-014,96,promotion_driven,41,20.48,False,5
PROMO-014,97,promotion_driven,35,20.48,False,5
PROMO-014,98,promotion_driven,51,20.48,False,5
PROMO-014,99,promotion_driven,56,20.48,False,5
PROMO-014,100,promotion_driven,38,20.48,False,5
PROMO-014,101,promotion_driven,215,14.62,True,5
PROMO-014,102,promotion_driven,30,20.48,False,5
PROMO-014,103,promotion_driven,123,14.62,True,5
PROMO-015,0,promotion_driven,169,18.16,True,5
PROMO-015,1,promotion_driven,123,18.16,True,5
PROMO-015,2,promotion_driven,32,24.76,False,5
PROMO-015,3,promotion_driven,73,18.16,True,5
PROMO-015,4,promotion_driven,27,24.76,False,5
PROMO-015,5,promotion_driven,44,24.76,False,5
PROMO-015,6,promotion_driven,51,24.76,False,5
PROMO-015,7,promotion_driven,30,24.76,False,5
PROMO-015,8,promotion_driven,28,24.76,False,5
PROMO-015,9,promotion_driven,22,24.76,False,5
PROMO-015,10,promotion_driven,31,24.76,False,5
PROMO-015,11,promotion_driven,108,18.16,True,5
PROMO-015,12,promotion_driven,79,18.16,True,5
PROMO-015,13,promotion_driven,30,24.76,False,5
PROMO-015,14,promotion_driven,33,24.76,False,5
PROMO-015,15,promotion_driven,23,24.76,False,5
PROMO-015,16,promotion_driven,21,24.76,False,5
PROMO-015,17,promotion_driven,19,24.76,False,5
PROMO-015,18,promotion_driven,29,24.76,False,5
PROMO-015,19,promotion_driven,24,24.76,False,5
PROMO-015,20,promotion_driven,33,24.76,False,5
PROMO-015,21,promotion_driven,14,24.76,False,5
PROMO-015,22,promotion_driven,23,24.76,False,5
PROMO-015,23,promotion_driven,77,18.16,True,5
PROMO-015,24,promotion_driven,18,24.76,False,5
PROMO-015,25,promotion_driven,65,18.16,True,5
PROMO-015,26,promotion_driven,19,24.76,False,5
PROMO-015,27,promotion_driven,12,24.76,False,5
PROMO-015,28,promotion_driven,18,24.76,False,5
PROMO-015,29,promotion_driven,21,24.76,False,5
PROMO-015,30,promotion_driven,26,24.76,False,5
PROMO-015,31,promotion_driven,17,24.76,False,5
PROMO-015,32,promotion_driven,29,24.76,False,5
PROMO-015,33,promotion_driven,30,24.76,False,5
PROMO-015,34,promotion_driven,17,24.76,False,5
PROMO-015,35,promotion_driven,107,18.16,True,5
PROMO-015,36,promotion_driven,29,24.76,False,5
PROMO-015,37,promotion_driven,25,24.76,False,5
PROMO-015,38,promotion_driven,35,24.76,False,5
PROMO-015,39,promotion_driven,42,24.76,False,5
PROMO-015,40,promotion_driven,106,18.16,True,5
PROMO-015,41,promotion_driven,26,24.76,False,5
PROMO-015,42,promotion_driven,32,24.76,False,5
PROMO-015,43,promotion_driven,22,24.76,False,5
PROMO-015,44,promotion_driven,41,24.76,False,5
PROMO-015,45,promotion_driven,29,24.76,False,5
PROMO-015,46,promotion_driven,149,18.16,True,5
PROMO-015,47,promotion_driven,29,24.76,False,5
PROMO-015,48,promotion_driven,47,24.76,False,5
PROMO-015,49,promotion_driven,105,18.16,True,5
PROMO-015,50,promotion_driven,34,24.76,False,5
PROMO-015,51,promotion_driven,42,24.76,False,5
PROMO-015,52,promotion_driven,161,18.16,True,5
PROMO-015,53,promotion_driven,181,18.16,True,5
PROMO-015,54,promotion_driven,32,24.76,False,5
PROMO-015,55,promotion_driven,24,24.76,False,5
PROMO-015,56,promotion_driven,44,24.76,False,5
PROMO-015,57,promotion_driven,40,24.76,False,5
PROMO-015,58,promotion_driven,34,24.76,False,5
PROMO-015,59,promotion_driven,16,24.76,False,5
PROMO-015,60,promotion_driven,46,24.76,False,5
PROMO-015,61,promotion_driven,113,18.16,True,5
PROMO-015,62,promotion_driven,42,24.76,False,5
PROMO-015,63,promotion_driven,79,18.16,True,5
PROMO-015,64,promotion_driven,39,24.76,False,5
PROMO-015,65,promotion_driven,16,24.76,False,5
PROMO-015,66,promotion_driven,103,18.16,True,5
PROMO-015,67,promotion_driven,32,24.76,False,5
PROMO-015,68,promotion_driven,31,24.76,False,5
PROMO-015,69,promotion_driven,21,24.76,False,5
PROMO-015,70,promotion_driven,24,24.76,False,5
PROMO-015,71,promotion_driven,62,18.16,True,5
PROMO-015,72,promotion_driven,93,18.16,True,5
PROMO-015,73,promotion_driven,14,24.76,False,5
PROMO-015,74,promotion_driven,24,24.76,False,5
PROMO-015,75,promotion_driven,17,24.76,False,5
PROMO-015,76,promotion_driven,89,18.16,True,5
PROMO-015,77,promotion_driven,103,18.16,True,5
PROMO-015,78,promotion_driven,21,24.76,False,5
PROMO-015,79,promotion_driven,23,24.76,False,5
PROMO-015,80,promotion_driven,71,18.16,True,5
PROMO-015,81,promotion_driven,20,24.76,False,5
PROMO-015,82,promotion_driven,38,24.76,False,5
PROMO-015,83,promotion_driven,20,24.76,False,5
PROMO-015,84,promotion_driven,20,24.76,False,5
PROMO-015,85,promotion_driven,38,24.76,False,5
PROMO-015,86,promotion_driven,19,24.76,False,5
PROMO-015,87,promotion_driven,22,24.76,False,5
PROMO-015,88,promotion_driven,112,18.16,True,5
PROMO-015,89,promotion_driven,11,24.76,False,5
PROMO-015,90,promotion_driven,23,24.76,False,5
PROMO-015,91,promotion_driven,34,24.76,False,5
PROMO-015,92,promotion_driven,27,24.76,False,5
PROMO-015,93,promotion_driven,29,24.76,False,5
PROMO-015,94,promotion_driven,27,24.76,False,5
PROMO-015,95,promotion_driven,177,18.16,True,5
PROMO-015,96,promotion_driven,19,24.76,False,5
PROMO-015,97,promotion_driven,178,18.16,True,5
PROMO-015,98,promotion_driven,23,24.76,False,5
PROMO-015,99,promotion_driven,45,24.76,False,5
PROMO-015,100,promotion_driven,146,18.16,True,5
PROMO-015,101,promotion_driven,27,24.76,False,5
PROMO-015,102,promotion_driven,28,24.76,False,5
PROMO-015,103,promotion_driven,142,18.16,True,5
PROMO-016,0,promotion_driven,54,14.09,False,5
PROMO-016,1,promotion_driven,21,14.09,False,5
PROMO-016,2,promotion_driven,44,14.09,False,5
PROMO-016,3,promotion_driven,46,14.09,False,5
PROMO-016,4,promotion_driven,151,10.49,True,5
PROMO-016,5,promotion_driven,23,14.09,False,5
PROMO-016,6,promotion_driven,156,10.49,True,5
PROMO-016,7,promotion_driven,36,14.09,False,5
PROMO-016,8,promotion_driven,46,14.09,False,5
PROMO-016,9,promotion_driven,29,14.09,False,5
PROMO-016,10,promotion_driven,26,14.09,False,5
PROMO-016,11,promotion_driven,196,10.49,True,5
PROMO-016,12,promotion_driven,210,10.49,True,5
PROMO-016,13,promotion_driven,43,14.09,False,5
PROMO-016,14,promotion_driven,57,14.09,False,5
PROMO-016,15,promotion_driven,47,14.09,False,5
PROMO-016,16,promotion_driven,40,14.09,False,5
PROMO-016,17,promotion_driven,44,14.09,False,5
PROMO-016,18,promotion_driven,196,10.49,True,5
PROMO-016,19,promotion_driven,205,10.49,True,5
PROMO-016,20,promotion_driven,54,14.09,False,5
PROMO-016,21,promotion_driven,37,14.09,False,5
PROMO-016,22,promotion_driven,27,14.09,False,5
PROMO-016,23,promotion_driven,33,14.09,False,5
PROMO-016,24,promotion_driven,49,14.09,False,5
PROMO-016,25,promotion_driven,73,10.49,True,5
PROMO-016,26,promotion_driven,34,14.09,False,5
PROMO-016,27,promotion_driven,25,14.09,False,5
PROMO-016,28,promotion_driven,34,14.09,False,5
PROMO-016,29,promotion_driven,173,10.49,True,5
PROMO-016,30,promotion_driven,38,14.09,False,5
PROMO-016,31,promotion_driven,22,14.09,False,5
PROMO-016,32,promotion_driven,34,14.09,False,5
PROMO-016,33,promotion_driven,21,14.09,False,5
PROMO-016,34,promotion_driven,40,14.09,False,5
PROMO-016,35,promotion_driven,20,14.09,False,5
PROMO-016,36,promotion_driven,113,10.49,True,5
PROMO-016,37,promotion_driven,51,14.09,False,5
PROMO-016,38,promotion_driven,34,14.09,False,5
PROMO-016,39,promotion_driven,31,14.09,False,5
PROMO-016,40,promotion_driven,12,14.09,False,5
PROMO-016,41,promotion_driven,25,14.09,False,5
PROMO-016,42,promotion_driven,30,14.09,False,5
PROMO-016,43,promotion_driven,44,14.09,False,5
PROMO-016,44,promotion_driven,17,14.09,False,5
PROMO-016,45,promotion_driven,41,14.09,False,5
PROMO-016,46,promotion_driven,39,14.09,False,5
PROMO-016,47,promotion_driven,145,10.49,True,5
PROMO-016,48,promotion_driven,39,14.09,False,5
PROMO-016,49,promotion_driven,18,14.09,False,5
PROMO-016,50,promotion_driven,60,14.09,False,5
PROMO-016,51,promotion_driven,37,14.09,False,5
PROMO-016,52,promotion_driven,45,14.09,False,5
PROMO-016,53,promotion_driven,67,10.49,True,5
PROMO-016,54,promotion_driven,20,14.09,False,5
PROMO-016,55,promotion_driven,44,14.09,False,5
PROMO-016,56,promotion_driven,33,14.09,False,5
PROMO-016,57,promotion_driven,46,14.09,False,5
PROMO-016,58,promotion_driven,31,14.09,False,5
PROMO-016,59,promotion_driven,21,14.09,False,5
PROMO-016,60,promotion_driven,38,14.09,False,5
PROMO-016,61,promotion_driven,118,10.49,True,5
PROMO-016,62,promotion_driven,29,14.09,False,5
PROMO-016,63,promotion_driven,23,14.09,False,5
PROMO-016,64,promotion_driven,34,14.09,False,5
PROMO-016,65,promotion_driven,52,14.09,False,5
PROMO-016,66,promotion_driven,53,14.09,False,5
PROMO-016,67,promotion_driven,37,14.09,False,5
PROMO-016,68,promotion_driven,26,14.09,False,5
PROMO-016,69,promotion_driven,22,14.09,False,5
PROMO-016,70,promotion_driven,27,14.09,False,5
PROMO-016,71,promotion_driven,37,14.09,False,5
PROMO-016,72,promotion_driven,20,14.09,False,5
PROMO-016,73,promotion_driven,55,14.09,False,5
PROMO-016,74,promotion_driven,29,14.09,False,5
PROMO-016,75,promotion_driven,89,10.49,True,5
PROMO-016,76,promotion_driven,155,10.49,True,5
PROMO-016,77,promotion_driven,34,14.09,False,5
PROMO-016,78,promotion_driven,73,10.49,True,5
PROMO-016,79,promotion_driven,175,10.49,True,5
PROMO-016,80,promotion_driven,28,14.09,False,5
PROMO-016,81,promotion_driven,23,14.09,False,5
PROMO-016,82,promotion_driven,31,10.49,True,5
PROMO-016,83,promotion_driven,33,14.09,False,5
PROMO-016,84,promotion_driven,22,14.09,False,5
PROMO-016,85,promotion_driven,28,14.09,False,5
PROMO-016,86,promotion_driven,85,10.49,True,5
PROMO-016,87,promotion_driven,44,14.09,False,5
PROMO-016,88,promotion_driven,36,14.09,False,5
PROMO-016,89,promotion_driven,25,14.09,False,5
PROMO-016,90,promotion_driven,32,14.09,False,5
PROMO-016,91,promotion_driven,15,14.09,False,5
PROMO-016,92,promotion_driven,25,14.09,False,5
PROMO-016,93,promotion_driven,17,14.09,False,5
PROMO-016,94,promotion_driven,23,14.09,False,5
PROMO-016,95,promotion_driven,36,14.09,False,5
PROMO-016,96,promotion_driven,26,14.09,False,5
PROMO-016,97,promotion_driven,142,10.49,True,5
PROMO-016,98,promotion_driven,26,14.09,False,5
PROMO-016,99,promotion_driven,17,14.09,False,5
PROMO-016,100,promotion_driven,26,14.09,False,5
PROMO-016,101,promotion_driven,143,10.49,True,5
PROMO-016,102,promotion_driven,35,14.09,False,5
PROMO-016,103,promotion_driven,33,14.09,False,5
PROMO-017,0,promotion_driven,36,15.58,False,6
PROMO-017,1,promotion_driven,28,15.58,False,6
PROMO-017,2,promotion_driven,49,15.58,False,6
PROMO-017,3,promotion_driven,42,15.58,False,6
PROMO-017,4,promotion_driven,134,10.29,True,6
PROMO-017,5,promotion_driven,43,15.58,False,6
PROMO-017,6,promotion_driven,43,15.58,False,6
PROMO-017,7,promotion_driven,39,15.58,False,6
PROMO-017,8,promotion_driven,28,15.58,False,6
PROMO-017,9,promotion_driven,45,15.58,False,6
PROMO-017,10,promotion_driven,31,15.58,False,6
PROMO-017,11,promotion_driven,135,10.29,True,6
PROMO-017,12,promotion_driven,21,15.58,False,6
PROMO-017,13,promotion_driven,37,15.58,False,6
PROMO-017,14,promotion_driven,31,15.58,False,6
PROMO-017,15,promotion_driven,32,15.58,False,6
PROMO-017,16,promotion_driven,39,15.58,False,6
PROMO-017,17,promotion_driven,28,15.58,False,6
PROMO-017,18,promotion_driven,29,15.58,False,6
PROMO-017,19,promotion_driven,14,15.58,False,6
PROMO-017,20,promotion_driven,25,15.58,False,6
PROMO-017,21,promotion_driven,26,15.58,False,6
PROMO-017,22,promotion_driven,15,15.58,False,6
PROMO-017,23,promotion_driven,76,10.29,True,6
PROMO-017,24,promotion_driven,19,15.58,False,6
PROMO-017,25,promotion_driven,20,15.58,False,6
PROMO-017,26,promotion_driven,26,15.58,False,6
PROMO-017,27,promotion_driven,36,15.58,False,6
PROMO-017,28,promotion_driven,26,15.58,False,6
PROMO-017,29,promotion_driven,30,15.58,False,6
PROMO-017,30,promotion_driven,29,15.58,False,6
PROMO-017,31,promotion_driven,27,15.58,False,6
PROMO-017,32,promotion_driven,22,15.58,False,6
PROMO-017,33,promotion_driven,24,15.58,False,6
PROMO-017,34,promotion_driven,28,15.58,False,6
PROMO-017,35,promotion_driven,18,15.58,False,6
PROMO-017,36,promotion_driven,43,15.58,False,6
PROMO-017,37,promotion_driven,30,15.58,False,6
PROMO-017,38,promotion_driven,40,15.58,False,6
PROMO-017,39,promotion_driven,15,15.58,False,6
PROMO-017,40,promotion_driven,48,15.58,False,6
PROMO-017,41,promotion_driven,183,10.29,True,6
PROMO-017,42,promotion_driven,34,15.58,False,6
PROMO-017,43,promotion_driven,34,15.58,False,6
PROMO-017,44,promotion_driven,49,15.58,False,6
PROMO-017,45,promotion_driven,57,15.58,False,6
PROMO-017,46,promotion_driven,189,10.29,True,6
PROMO-017,47,promotion_driven,47,15.58,False,6
PROMO-017,48,promotion_driven,38,15.58,False,6
PROMO-017,49,promotion_driven,42,15.58,False,6
PROMO-017,50,promotion_driven,172,10.29,True,6
PROMO-017,51,promotion_driven,33,15.58,False,6
PROMO-017,52,promotion_driven,32,15.58,False,6
PROMO-017,53,promotion_driven,52,15.58,False,6
PROMO-017,54,promotion_driven,28,15.58,False,6
PROMO-017,55,promotion_driven,47,15.58,False,6
PROMO-017,56,promotion_driven,46,15.58,False,6
PROMO-017,57,promotion_driven,37,15.58,False,6
PROMO-017,58,promotion_driven,168,10.29,True,6
PROMO-017,59,promotion_driven,52,15.58,False,6
PROMO-017,60,promotion_driven,226,10.29,True,6
PROMO-017,61,promotion_driven,36,15.58,False,6
PROMO-017,62,promotion_driven,128,10.29,True,6
PROMO-017,63,promotion_driven,25,15.58,False,6
PROMO-017,64,promotion_driven,37,15.58,False,6
PROMO-017,65,promotion_driven,34,15.58,False,6
PROMO-017,66,promotion_driven,33,15.58,False,6
PROMO-017,67,promotion_driven,35,15.58,False,6
PROMO-017,68,promotion_driven,42,15.58,False,6
PROMO-017,69,promotion_driven,34,15.58,False,6
PROMO-017,70,promotion_driven,109,10.29,True,6
PROMO-017,71,promotion_driven,32,15.58,False,6
PROMO-017,72,promotion_driven,170,10.29,True,6
PROMO-017,73,promotion_driven,39,15.58,False,6
PROMO-017,74,promotion_driven,42,15.58,False,6
PROMO-017,75,promotion_driven,128,10.29,True,6
PROMO-017,76,promotion_driven,143,10.29,True,6
PROMO-017,77,promotion_driven,30,15.58,False,6
PROMO-017,78,promotion_driven,134,10.29,True,6
PROMO-017,79,promotion_driven,115,10.29,True,6
PROMO-017,80,promotion_driven,26,15.58,False,6
PROMO-017,81,promotion_driven,99,10.29,True,6
PROMO-017,82,promotion_driven,21,15.58,False,6
PROMO-017,83,promotion_driven,29,15.58,False,6
PROMO-017,84,promotion_driven,37,15.58,False,6
PROMO-017,85,promotion_driven,27,15.58,False,6
PROMO-017,86,promotion_driven,197,10.29,True,6
PROMO-017,87,promotion_driven,28,15.58,False,6
PROMO-017,88,promotion_driven,170,10.29,True,6
PROMO-017,89,promotion_driven,31,15.58,False,6
PROMO-017,90,promotion_driven,32,15.58,False,6
PROMO-017,91,promotion_driven,24,15.58,False,6
PROMO-017,92,promotion_driven,56,15.58,False,6
PROMO-017,93,promotion_driven,45,15.58,False,6
PROMO-017,94,promotion_driven,50,15.58,False,6
PROMO-017,95,promotion_driven,33,15.58,False,6
PROMO-017,96,promotion_driven,27,15.58,False,6
PROMO-017,97,promotion_driven,36,15.58,False,6
PROMO-017,98,promotion_driven,49,15.58,False,6
PROMO-017,99,promotion_driven,54,15.58,False,6
PROMO-017,100,promotion_driven,52,15.58,False,6
PROMO-017,101,promotion_driven,59,15.58,False,6
PROMO-017,102,promotion_driven,55,15.58,False,6
PROMO-017,103,promotion_driven,37,15.58,False,6
PROMO-018,0,promotion_driven,35,20.94,False,5
PROMO-018,1,promotion_driven,28,20.94,False,5
PROMO-018,2,promotion_driven,31,20.94,False,5
PROMO-018,3,promotion_driven,13,20.94,False,5
PROMO-018,4,promotion_driven,89,15.46,True,5
PROMO-018,5,promotion_driven,105,15.46,True,5
PROMO-018,6,promotion_driven,27,20.94,False,5
PROMO-018,7,promotion_driven,22,20.94,False,5
PROMO-018,8,promotion_driven,24,20.94,False,5
PROMO-018,9,promotion_driven,30,20.94,False,5
PROMO-018,10,promotion_driven,15,20.94,False,5
PROMO-018,11,promotion_driven,17,20.94,False,5
PROMO-018,12,promotion_driven,26,20.94,False,5
PROMO-018,13,promotion_driven,19,20.94,False,5
PROMO-018,14,promotion_driven,20,20.94,False,5
PROMO-018,15,promotion_driven,18,20.94,False,5
PROMO-018,16,promotion_driven,21,20.94,False,5
PROMO-018,17,promotion_driven,13,20.94,False,5
PROMO-018,18,promotion_driven,29,20.94,False,5
PROMO-018,19,promotion_driven,18,20.94,False,5
PROMO-018,20,promotion_driven,27,20.94,False,5
PROMO-018,21,promotion_driven,58,15.46,True,5
PROMO-018,22,promotion_driven,34,20.94,False,5
PROMO-018,23,promotion_driven,28,20.94,False,5
PROMO-018,24,promotion_driven,15,20.94,False,5
PROMO-018,25,promotion_driven,82,15.46,True,5
PROMO-018,26,promotion_driven,26,20.94,False,5
PROMO-018,27,promotion_driven,39,20.94,False,5
PROMO-018,28,promotion_driven,37,20.94,False,5
PROMO-018,29,promotion_driven,15,20.94,False,5
PROMO-018,30,promotion_driven,15,20.94,False,5
PROMO-018,31,promotion_driven,17,20.94,False,5
PROMO-018,32,promotion_driven,41,20.94,False,5
PROMO-018,33,promotion_driven,49,20.94,False,5
PROMO-018,34,promotion_driven,44,20.94,False,5
PROMO-018,35,promotion_driven,68,20.94,False,5
PROMO-018,36,promotion_driven,17,20.94,False,5
PROMO-018,37,promotion_driven,32,20.94,False,5
PROMO-018,38,promotion_driven,29,20.94,False,5
PROMO-018,39,promotion_driven,179,15.46,True,5
PROMO-018,40,promotion_driven,33,20.94,False,5
PROMO-018,41,promotion_driven,38,20.94,False,5
PROMO-018,42,promotion_driven,19,20.94,False,5
PROMO-018,43,promotion_driven,27,20.94,False,5
PROMO-018,44,promotion_driven,37,20.94,False,5
PROMO-018,45,promotion_driven,27,20.94,False,5
PROMO-018,46,promotion_driven,36,20.94,False,5
PROMO-018,47,promotion_driven,39,20.94,False,5
PROMO-018,48,promotion_driven,124,15.46,True,5
PROMO-018,49,promotion_driven,148,15.46,True,5
PROMO-018,50,promotion_driven,28,20.94,False,5
PROMO-018,51,promotion_driven,23,20.94,False,5
PROMO-018,52,promotion_driven,29,20.94,False,5
PROMO-018,53,promotion_driven,95,15.46,True,5
PROMO-018,54,promotion_driven,24,20.94,False,5
PROMO-018,55,promotion_driven,37,20.94,False,5
PROMO-018,56,promotion_driven,83,15.46,True,5
PROMO-018,57,promotion_driven,29,20.94,False,5
PROMO-018,58,promotion_driven,21,20.94,False,5
PROMO-018,59,promotion_driven,13,20.94,False,5
PROMO-018,60,promotion_driven,20,20.94,False,5
PROMO-018,61,promotion_driven,29,20.94,False,5
PROMO-018,62,promotion_driven,29,20.94,False,5
PROMO-018,63,promotion_driven,94,15.46,True,5
PROMO-018,64,promotion_driven,12,20.94,False,5
PROMO-018,65,promotion_driven,98,15.46,True,5
PROMO-018,66,promotion_driven,20,20.94,False,5
PROMO-018,67,promotion_driven,22,20.94,False,5
PROMO-018,68,promotion_driven,12,20.94,False,5
PROMO-018,69,promotion_driven,18,20.94,False,5
PROMO-018,70,promotion_driven,28,20.94,False,5
PROMO-018,71,promotion_driven,31,20.94,False,5
PROMO-018,72,promotion_driven,18,20.94,False,5
PROMO-018,73,promotion_driven,21,20.94,False,5
PROMO-018,74,promotion_driven,63,15.46,True,5
PROMO-018,75,promotion_driven,26,20.94,False,5
PROMO-018,76,promotion_driven,25,20.94,False,5
PROMO-018,77,promotion_driven,129,15.46,True,5
PROMO-018,78,promotion_driven,22,20.94,False,5
PROMO-018,79,promotion_driven,30,20.94,False,5
PROMO-018,80,promotion_driven,22,20.94,False,5
PROMO-018,81,promotion_driven,91,15.46,True,5
PROMO-018,82,promotion_driven,38,20.94,False,5
PROMO-018,83,promotion_driven,21,20.94,False,5
PROMO-018,84,promotion_driven,23,20.94,False,5
PROMO-018,85,promotion_driven,28,20.94,False,5
PROMO-018,86,promotion_driven,119,15.46,True,5
PROMO-018,87,promotion_driven,44,20.94,False,5
PROMO-018,88,promotion_driven,44,20.94,False,5
PROMO-018,89,promotion_driven,30,20.94,False,5
PROMO-018,90,promotion_driven,15,20.94,False,5
PROMO-018,91,promotion_driven,85,15.46,True,5
PROMO-018,92,promotion_driven,51,20.94,False,5
PROMO-018,93,promotion_driven,50,20.94,False,5
PROMO-018,94,promotion_driven,52,20.94,False,5
PROMO-018,95,promotion_driven,40,20.94,False,5
PROMO-018,96,promotion_driven,46,20.94,False,5
PROMO-018,97,promotion_driven,38,20.94,False,5
PROMO-018,98,promotion_driven,40,20.94,False,5
PROMO-018,99,promotion_driven,21,20.94,False,5
PROMO-018,100,promotion_driven,37,20.94,False,5
PROMO-018,101,promotion_driven,45,20.94,False,5
PROMO-018,102,promotion_driven,40,20.94,False,5
PROMO-018,103,promotion_driven,143,15.46,True,5
PROMO-019,0,promotion_driven,146,9.33,True,6
PROMO-019,1,promotion_driven,31,12.85,False,6
PROMO-019,2,promotion_driven,18,12.85,False,6
PROMO-019,3,promotion_driven,26,12.85,False,6
PROMO-019,4,promotion_driven,131,9.33,True,6
PROMO-019,5,promotion_driven,32,12.85,False,6
PROMO-019,6,promotion_driven,23,12.85,False,6
PROMO-019,7,promotion_driven,10,12.85,False,6
PROMO-019,8,promotion_driven,53,9.33,True,6
PROMO-019,9,promotion_driven,16,12.85,False,6
PROMO-019,10,promotion_driven,33,12.85,False,6
PROMO-019,11,promotion_driven,25,12.85,False,6
PROMO-019,12,promotion_driven,22,12.85,False,6
PROMO-019,13,promotion_driven,19,12.85,False,6
PROMO-019,14,promotion_driven,29,12.85,False,6
PROMO-019,15,promotion_driven,23,12.85,False,6
PROMO-019,16,promotion_driven,39,12.85,False,6
PROMO-019,17,promotion_driven,41,12.85,False,6
PROMO-019,18,promotion_driven,26,12.85,False,6
PROMO-019,19,promotion_driven,25,12.85,False,6
PROMO-019,20,promotion_driven,26,12.85,False,6
PROMO-019,21,promotion_driven,42,12.85,False,6
PROMO-019,22,promotion_driven,21,12.85,False,6
PROMO-019,23,promotion_driven,22,12.85,False,6
PROMO-019,24,promotion_driven,29,12.85,False,6
PROMO-019,25,promotion_driven,43,12.85,False,6
PROMO-019,26,promotion_driven,26,12.85,False,6
PROMO-019,27,promotion_driven,31,12.85,False,6
PROMO-019,28,promotion_driven,26,12.85,False,6
PROMO-019,29,promotion_driven,47,12.85,False,6
PROMO-019,30,promotion_driven,34,12.85,False,6
PROMO-019,31,promotion_driven,201,9.33,True,6
PROMO-019,32,promotion_driven,31,12.85,False,6
PROMO-019,33,promotion_driven,37,12.85,False,6
PROMO-019,34,promotion_driven,29,12.85,False,6
PROMO-019,35,promotion_driven,52,12.85,False,6
PROMO-019,36,promotion_driven,40,12.85,False,6
PROMO-019,37,promotion_driven,35,12.85,False,6
PROMO-019,38,promotion_driven,34,12.85,False,6
PROMO-019,39,promotion_driven,49,12.85,False,6
PROMO-019,40,promotion_driven,26,12.85,False,6
PROMO-019,41,promotion_driven,31,12.85,False,6
PROMO-019,42,promotion_driven,198,9.33,True,6
PROMO-019,43,promotion_driven,41,12.85,False,6
PROMO-019,44,promotion_driven,42,12.85,False,6
PROMO-019,45,promotion_driven,30,12.85,False,6
PROMO-019,46,promotion_driven,49,12.85,False,6
PROMO-019,47,promotion_driven,26,12.85,False,6
PROMO-019,48,promotion_driven,37,12.85,False,6
PROMO-019,49,promotion_driven,40,12.85,False,6
PROMO-019,50,promotion_driven,41,12.85,False,6
PROMO-019,51,promotion_driven,38,12.85,False,6
PROMO-019,52,promotion_driven,23,12.85,False,6
PROMO-019,53,promotion_driven,25,12.85,False,6
PROMO-019,54,promotion_driven,21,12.85,False,6
PROMO-019,55,promotion_driven,24,12.85,False,6
PROMO-019,56,promotion_driven,31,12.85,False,6
PROMO-019,57,promotion_driven,26,12.85,False,6
PROMO-019,58,promotion_driven,42,12.85,False,6
PROMO-019,59,promotion_driven,22,12.85,False,6
PROMO-019,60,promotion_driven,45,12.85,False,6
PROMO-019,61,promotion_driven,32,12.85,False,6
PROMO-019,62,promotion_driven,120,9.33,True,6
PROMO-019,63,promotion_driven,37,12.85,False,6
PROMO-019,64,promotion_driven,19,12.85,False,6
PROMO-019,65,promotion_driven,137,9.33,True,6
PROMO-019,66,promotion_driven,39,12.85,False,6
PROMO-019,67,promotion_driven,44,12.85,False,6
PROMO-019,68,promotion_driven,30,12.85,False,6
PROMO-019,69,promotion_driven,52,12.85,False,6
PROMO-019,70,promotion_driven,139,9.33,True,6
PROMO-019,71,promotion_driven,40,12.85,False,6
PROMO-019,72,promotion_driven,27,12.85,False,6
PROMO-019,73,promotion_driven,23,12.85,False,6
PROMO-019,74,promotion_driven,46,12.85,False,6
PROMO-019,75,promotion_driven,40,12.85,False,6
PROMO-019,76,promotion_driven,56,12.85,False,6
PROMO-019,77,promotion_driven,35,12.85,False,6
PROMO-019,78,promotion_driven,38,12.85,False,6
PROMO-019,79,promotion_driven,47,12.85,False,6
PROMO-019,80,promotion_driven,205,9.33,True,6
PROMO-019,81,promotion_driven,41,12.85,False,6
PROMO-019,82,promotion_driven,59,12.85,False,6
PROMO-019,83,promotion_driven,31,12.85,False,6
PROMO-019,84,promotion_driven,48,12.85,False,6
PROMO-019,85,promotion_driven,95,9.33,True,6
PROMO-019,86,promotion_driven,49,12.85,False,6
PROMO-019,87,promotion_driven,59,12.85,False,6
PROMO-019,88,promotion_driven,35,12.85,False,6
PROMO-019,89,promotion_driven,148,9.33,True,6
PROMO-019,90,promotion_driven,32,12.85,False,6
PROMO-019,91,promotion_driven,66,12.85,False,6
PROMO-019,92,promotion_driven,57,12.85,False,6
PROMO-019,93,promotion_driven,43,12.85,False,6
PROMO-019,94,promotion_driven,40,12.85,False,6
PROMO-019,95,promotion_driven,32,12.85,False,6
PROMO-019,96,promotion_driven,39,12.85,False,6
PROMO-019,97,promotion_driven,184,9.33,True,6
PROMO-019,98,promotion_driven,42,12.85,False,6
PROMO-019,99,promotion_driven,27,12.85,False,6
PROMO-019,100,promotion_driven,26,12.85,False,6
PROMO-019,101,promotion_driven,51,12.85,False,6
PROMO-019,102,promotion_driven,36,12.85,False,6
PROMO-019,103,promotion_driven,40,12.85,False,6
PROMO-020,0,promotion_driven,128,9.81,True,5
PROMO-020,1,promotion_driven,21,14.3,False,5
PROMO-020,2,promotion_driven,31,14.3,False,5
PROMO-020,3,promotion_driven,31,14.3,False,5
PROMO-020,4,promotion_driven,34,14.3,False,5
PROMO-020,5,promotion_driven,27,14.3,False,5
PROMO-020,6,promotion_driven,12,14.3,False,5
PROMO-020,7,promotion_driven,36,14.3,False,5
PROMO-020,8,promotion_driven,18,14.3,False,5
PROMO-020,9,promotion_driven,19,14.3,False,5
PROMO-020,10,promotion_driven,38,14.3,False,5
PROMO-020,11,promotion_driven,24,14.3,False,5
PROMO-020,12,promotion_driven,25,14.3,False,5
PROMO-020,13,promotion_driven,22,14.3,False,5
PROMO-020,14,promotion_driven,18,14.3,False,5
PROMO-020,15,promotion_driven,29,14.3,False,5
PROMO-020,16,promotion_driven,97,9.81,True,5
PROMO-020,17,promotion_driven,22,14.3,False,5
PROMO-020,18,promotion_driven,20,14.3,False,5
PROMO-020,19,promotion_driven,16,14.3,False,5
PROMO-020,20,promotion_driven,14,14.3,False,5
PROMO-020,21,promotion_driven,15,14.3,False,5
PROMO-020,22,promotion_driven,13,14.3,False,5
PROMO-020,23,promotion_driven,33,14.3,False,5
PROMO-020,24,promotion_driven,32,14.3,False,5
PROMO-020,25,promotion_driven,77,9.81,True,5
PROMO-020,26,promotion_driven,29,14.3,False,5
PROMO-020,27,promotion_driven,17,14.3,False,5
PROMO-020,28,promotion_driven,174,9.81,True,5
PROMO-020,29,promotion_driven,12,14.3,False,5
PROMO-020,30,promotion_driven,19,14.3,False,5
PROMO-020,31,promotion_driven,20,14.3,False,5
PROMO-020,32,promotion_driven,107,9.81,True,5
PROMO-020,33,promotion_driven,31,14.3,False,5
PROMO-020,34,promotion_driven,23,14.3,False,5
PROMO-020,35,promotion_driven,31,14.3,False,5
PROMO-020,36,promotion_driven,21,14.3,False,5
PROMO-020,37,promotion_driven,45,14.3,False,5
PROMO-020,38,promotion_driven,28,14.3,False,5
PROMO-020,39,promotion_driven,155,9.81,True,5
PROMO-020,40,promotion_driven,14,14.3,False,5
PROMO-020,41,promotion_driven,24,14.3,False,5
PROMO-020,42,promotion_driven,39,14.3,False,5
PROMO-020,43,promotion_driven,31,14.3,False,5
PROMO-020,44,promotion_driven,21,14.3,False,5
PROMO-020,45,promotion_driven,33,14.3,False,5
PROMO-020,46,promotion_driven,38,14.3,False,5
PROMO-020,47,promotion_driven,42,14.3,False,5
PROMO-020,48,promotion_driven,30,14.3,False,5
PROMO-020,49,promotion_driven,50,14.3,False,5
PROMO-020,50,promotion_driven,36,14.3,False,5
PROMO-020,51,promotion_driven,25,14.3,False,5
PROMO-020,52,promotion_driven,22,14.3,False,5
PROMO-020,53,promotion_driven,53,14.3,False,5
PROMO-020,54,promotion_driven,27,14.3,False,5
PROMO-020,55,promotion_driven,25,14.3,False,5
PROMO-020,56,promotion_driven,34,14.3,False,5
PROMO-020,57,promotion_driven,27,14.3,False,5
PROMO-020,58,promotion_driven,35,14.3,False,5
PROMO-020,59,promotion_driven,107,9.81,True,5
PROMO-020,60,promotion_driven,25,14.3,False,5
PROMO-020,61,promotion_driven,13,14.3,False,5
PROMO-020,62,promotion_driven,161,9.81,True,5
PROMO-020,63,promotion_driven,102,9.81,True,5
PROMO-020,64,promotion_driven,14,14.3,False,5
PROMO-020,65,promotion_driven,22,14.3,False,5
PROMO-020,66,promotion_driven,14,14.3,False,5
PROMO-020,67,promotion_driven,117,9.81,True,5
PROMO-020,68,promotion_driven,35,14.3,False,5
PROMO-020,69,promotion_driven,102,9.81,True,5
PROMO-020,70,promotion_driven,21,14.3,False,5
PROMO-020,71,promotion_driven,145,9.81,True,5
PROMO-020,72,promotion_driven,25,14.3,False,5
PROMO-020,73,promotion_driven,28,14.3,False,5
PROMO-020,74,promotion_driven,181,9.81,True,5
PROMO-020,75,promotion_driven,15,14.3,False,5
PROMO-020,76,promotion_driven,27,14.3,False,5
PROMO-020,77,promotion_driven,153,9.81,True,5
PROMO-020,78,promotion_driven,12,14.3,False,5
PROMO-020,79,promotion_driven,78,9.81,True,5
PROMO-020,80,promotion_driven,28,14.3,False,5
PROMO-020,81,promotion_driven,74,9.81,True,5
PROMO-020,82,promotion_driven,12,14.3,False,5
PROMO-020,83,promotion_driven,12,14.3,False,5
PROMO-020,84,promotion_driven,39,14.3,False,5
PROMO-020,85,promotion_driven,28,14.3,False,5
PROMO-020,86,promotion_driven,52,14.3,False,5
PROMO-020,87,promotion_driven,31,14.3,False,5
PROMO-020,88,promotion_driven,40,14.3,False,5
PROMO-020,89,promotion_driven,37,14.3,False,5
PROMO-020,90,promotion_driven,26,14.3,False,5
PROMO-020,91,promotion_driven,22,14.3,False,5
PROMO-020,92,promotion_driven,140,9.81,True,5
PROMO-020,93,promotion_driven,31,14.3,False,5
PROMO-020,94,promotion_driven,45,14.3,False,5
PROMO-020,95,promotion_driven,122,9.81,True,5
PROMO-020,96,promotion_driven,89,9.81,True,5
PROMO-020,97,promotion_driven,41,14.3,False,5
PROMO-020,98,promotion_driven,64,14.3,False,5
PROMO-020,99,promotion_driven,20,14.3,False,5
PROMO-020,100,promotion_driven,39,14.3,False,5
PROMO-020,101,promotion_driven,140,9.81,True,5
PROMO-020,102,promotion_driven,49,14.3,False,5
PROMO-020,103,promotion_driven,17,14.3,False,5
PROMO-021,0,promotion_driven,24,10.68,False,4
PROMO-021,1,promotion_driven,17,10.68,False,4
PROMO-021,2,promotion_driven,132,7.04,True,4
PROMO-021,3,promotion_driven,24,10.68,False,4
PROMO-021,4,promotion_driven,97,7.04,True,4
PROMO-021,5,promotion_driven,22,10.68,False,4
PROMO-021,6,promotion_driven,17,10.68,False,4
PROMO-021,7,promotion_driven,61,7.04,True,4
PROMO-021,8,promotion_driven,80,7.04,True,4
PROMO-021,9,promotion_driven,19,10.68,False,4
PROMO-021,10,promotion_driven,20,10.68,False,4
PROMO-021,11,promotion_driven,81,7.04,True,4
PROMO-021,12,promotion_driven,34,10.68,False,4
PROMO-021,13,promotion_driven,27,10.68,False,4
PROMO-021,14,promotion_driven,17,10.68,False,4
PROMO-021,15,promotion_driven,63,7.04,True,4
PROMO-021,16,promotion_driven,24,10.68,False,4
PROMO-021,17,promotion_driven,56,7.04,True,4
PROMO-021,18,promotion_driven,21,10.68,False,4
PROMO-021,19,promotion_driven,15,10.68,False,4
PROMO-021,20,promotion_driven,30,10.68,False,4
PROMO-021,21,promotion_driven,25,10.68,False,4
PROMO-021,22,promotion_driven,22,10.68,False,4
PROMO-021,23,promotion_driven,17,10.68,False,4
PROMO-021,24,promotion_driven,34,10.68,False,4
PROMO-021,25,promotion_driven,21,10.68,False,4
PROMO-021,26,promotion_driven,92,7.04,True,4
PROMO-021,27,promotion_driven,23,10.68,False,4
PROMO-021,28,promotion_driven,90,7.04,True,4
PROMO-021,29,promotion_driven,27,10.68,False,4
PROMO-021,30,promotion_driven,28,10.68,False,4
PROMO-021,31,promotion_driven,31,10.68,False,4
PROMO-021,32,promotion_driven,93,7.04,True,4
PROMO-021,33,promotion_driven,36,10.68,False,4
PROMO-021,34,promotion_driven,23,10.68,False,4
PROMO-021,35,promotion_driven,64,7.04,True,4
PROMO-021,36,promotion_driven,13,10.68,False,4
PROMO-021,37,promotion_driven,34,10.68,False,4
PROMO-021,38,promotion_driven,29,10.68,False,4
PROMO-021,39,promotion_driven,28,10.68,False,4
PROMO-021,40,promotion_driven,21,10.68,False,4
PROMO-021,41,promotion_driven,27,10.68,False,4
PROMO-021,42,promotion_driven,24,10.68,False,4
PROMO-021,43,promotion_driven,26,10.68,False,4
PROMO-021,44,promotion_driven,32,10.68,False,4
PROMO-021,45,promotion_driven,32,10.68,False,4
PROMO-021,46,promotion_driven,25,10.68,False,4
PROMO-021,47,promotion_driven,25,10.68,False,4
PROMO-021,48,promotion_driven,28,10.68,False,4
PROMO-021,49,promotion_driven,33,10.68,False,4
PROMO-021,50,promotion_driven,25,10.68,False,4
PROMO-021,51,promotion_driven,23,10.68,False,4
PROMO-021,52,promotion_driven,98,7.04,True,4
PROMO-021,53,promotion_driven,26,10.68,False,4
PROMO-021,54,promotion_driven,17,10.68,False,4
PROMO-021,55,promotion_driven,26,10.68,False,4
PROMO-021,56,promotion_driven,17,10.68,False,4
PROMO-021,57,promotion_driven,16,10.68,False,4
PROMO-021,58,promotion_driven,79,7.04,True,4
PROMO-021,59,promotion_driven,83,7.04,True,4
PROMO-021,60,promotion_driven,76,7.04,True,4
PROMO-021,61,promotion_driven,17,10.68,False,4
PROMO-021,62,promotion_driven,19,10.68,False,4
PROMO-021,63,promotion_driven,60,7.04,True,4
PROMO-021,64,promotion_driven,79,7.04,True,4
PROMO-021,65,promotion_driven,94,7.04,True,4
PROMO-021,66,promotion_driven,61,7.04,True,4
PROMO-021,67,promotion_driven,31,10.68,False,4
PROMO-021,68,promotion_driven,22,10.68,False,4
PROMO-021,69,promotion_driven,16,10.68,False,4
PROMO-021,70,promotion_driven,23,10.68,False,4
PROMO-021,71,promotion_driven,17,10.68,False,4
PROMO-021,72,promotion_driven,20,10.68,False,4
PROMO-021,73,promotion_driven,15,10.68,False,4
PROMO-021,74,promotion_driven,36,10.68,False,4
PROMO-021,75,promotion_driven,24,10.68,False,4
PROMO-021,76,promotion_driven,61,7.04,True,4
PROMO-021,77,promotion_driven,21,10.68,False,4
PROMO-021,78,promotion_driven,19,10.68,False,4
PROMO-021,79,promotion_driven,21,10.68,False,4
PROMO-021,80,promotion_driven,13,10.68,False,4
PROMO-021,81,promotion_driven,21,10.68,False,4
PROMO-021,82,promotion_driven,22,10.68,False,4
PROMO-021,83,promotion_driven,23,10.68,False,4
PROMO-021,84,promotion_driven,49,7.04,True,4
PROMO-021,85,promotion_driven,33,10.68,False,4
PROMO-021,86,promotion_driven,25,10.68,False,4
PROMO-021,87,promotion_driven,36,10.68,False,4
PROMO-021,88,promotion_driven,17,10.68,False,4
PROMO-021,89,promotion_driven,21,10.68,False,4
PROMO-021,90,promotion_driven,27,10.68,False,4
PROMO-021,91,promotion_driven,22,10.68,False,4
PROMO-021,92,promotion_driven,20,10.68,False,4
PROMO-021,93,promotion_driven,22,10.68,False,4
PROMO-021,94,promotion_driven,20,10.68,False,4
PROMO-021,95,promotion_driven,112,7.04,True,4
PROMO-021,96,promotion_driven,114,7.04,True,4
PROMO-021,97,promotion_driven,39,10.68,False,4
PROMO-021,98,promotion_driven,24,10.68,False,4
PROMO-021,99,promotion_driven,116,7.04,True,4
PROMO-021,100,promotion_driven,33,10.68,False,4
PROMO-021,101,promotion_driven,75,7.04,True,4
PROMO-021,102,promotion_driven,22,10.68,False,4
PROMO-021,103,promotion_driven,28,10.68,False,4
PROMO-022,0,promotion_driven,21,28.56,False,6
PROMO-022,1,promotion_driven,13,28.56,False,6
PROMO-022,2,promotion_driven,7,28.56,False,6
PROMO-022,3,promotion_driven,64,21.4,True,6
PROMO-022,4,promotion_driven,14,28.56,False,6
PROMO-022,5,promotion_driven,16,28.56,False,6
PROMO-022,6,promotion_driven,14,28.56,False,6
PROMO-022,7,promotion_driven,21,28.56,False,6
PROMO-022,8,promotion_driven,52,21.4,True,6
PROMO-022,9,promotion_driven,62,21.4,True,6
PROMO-022,10,promotion_driven,18,28.56,False,6
PROMO-022,11,promotion_driven,11,28.56,False,6
PROMO-022,12,promotion_driven,12,28.56,False,6
PROMO-022,13,promotion_driven,69,21.4,True,6
PROMO-022,14,promotion_driven,12,28.56,False,6
PROMO-022,15,promotion_driven,10,28.56,False,6
PROMO-022,16,promotion_driven,17,28.56,False,6
PROMO-022,17,promotion_driven,14,28.56,False,6
PROMO-022,18,promotion_driven,20,28.56,False,6
PROMO-022,19,promotion_driven,20,28.56,False,6
PROMO-022,20,promotion_driven,100,21.4,True,6
PROMO-022,21,promotion_driven,14,28.56,False,6
PROMO-022,22,promotion_driven,49,21.4,True,6
PROMO-022,23,promotion_driven,23,28.56,False,6
PROMO-022,24,promotion_driven,13,28.56,False,6
PROMO-022,25,promotion_driven,22,28.56,False,6
PROMO-022,26,promotion_driven,21,28.56,False,6
PROMO-022,27,promotion_driven,17,28.56,False,6
PROMO-022,28,promotion_driven,15,28.56,False,6
PROMO-022,29,promotion_driven,14,28.56,False,6
PROMO-022,30,promotion_driven,14,28.56,False,6
PROMO-022,31,promotion_driven,24,28.56,False,6
PROMO-022,32,promotion_driven,110,21.4,True,6
PROMO-022,33,promotion_driven,74,21.4,True,6
PROMO-022,34,promotion_driven,18,28.56,False,6
PROMO-022,35,promotion_driven,20,28.56,False,6
PROMO-022,36,promotion_driven,23,28.56,False,6
PROMO-022,37,promotion_driven,22,28.56,False,6
PROMO-022,38,promotion_driven,16,28.56,False,6
PROMO-022,39,promotion_driven,19,28.56,False,6
PROMO-022,40,promotion_driven,17,28.56,False,6
PROMO-022,41,promotion_driven,13,28.56,False,6
PROMO-022,42,promotion_driven,14,28.56,False,6
PROMO-022,43,promotion_driven,15,28.56,False,6
PROMO-022,44,promotion_driven,19,28.56,False,6
PROMO-022,45,promotion_driven,14,28.56,False,6
PROMO-022,46,promotion_driven,19,28.56,False,6
PROMO-022,47,promotion_driven,16,28.56,False,6
PROMO-022,48,promotion_driven,14,28.56,False,6
PROMO-022,49,promotion_driven,21,28.56,False,6
PROMO-022,50,promotion_driven,8,28.56,False,6
PROMO-022,51,promotion_driven,47,21.4,True,6
PROMO-022,52,promotion_driven,14,28.56,False,6
PROMO-022,53,promotion_driven,66,21.4,True,6
PROMO-022,54,promotion_driven,13,28.56,False,6
PROMO-022,55,promotion_driven,16,28.56,False,6
PROMO-022,56,promotion_driven,64,21.4,True,6
PROMO-022,57,promotion_driven,15,28.56,False,6
PROMO-022,58,promotion_driven,63,21.4,True,6
PROMO-022,59,promotion_driven,61,21.4,True,6
PROMO-022,60,promotion_driven,59,21.4,True,6
PROMO-022,61,promotion_driven,19,28.56,False,6
PROMO-022,62,promotion_driven,20,28.56,False,6
PROMO-022,63,promotion_driven,12,28.56,False,6
PROMO-022,64,promotion_driven,16,28.56,False,6
PROMO-022,65,promotion_driven,15,28.56,False,6
PROMO-022,66,promotion_driven,15,28.56,False,6
PROMO-022,67,promotion_driven,15,28.56,False,6
PROMO-022,68,promotion_driven,15,28.56,False,6
PROMO-022,69,promotion_driven,21,28.56,False,6
PROMO-022,70,promotion_driven,79,21.4,True,6
PROMO-022,71,promotion_driven,13,28.56,False,6
PROMO-022,72,promotion_driven,15,28.56,False,6
PROMO-022,73,promotion_driven,17,28.56,False,6
PROMO-022,74,promotion_driven,81,21.4,True,6
PROMO-022,75,promotion_driven,72,21.4,True,6
PROMO-022,76,promotion_driven,15,28.56,False,6
PROMO-022,77,promotion_driven,19,28.56,False,6
PROMO-022,78,promotion_driven,110,21.4,True,6
PROMO-022,79,promotion_driven,15,28.56,False,6
PROMO-022,80,promotion_driven,92,21.4,True,6
PROMO-022,81,promotion_driven,19,28.56,False,6
PROMO-022,82,promotion_driven,25,28.56,False,6
PROMO-022,83,promotion_driven,16,28.56,False,6
PROMO-022,84,promotion_driven,15,28.56,False,6
PROMO-022,85,promotion_driven,26,28.56,False,6
PROMO-022,86,promotion_driven,18,28.56,False,6
PROMO-022,87,promotion_driven,15,28.56,False,6
PROMO-022,88,promotion_driven,24,28.56,False,6
PROMO-022,89,promotion_driven,17,28.56,False,6
PROMO-022,90,promotion_driven,19,28.56,False,6
PROMO-022,91,promotion_driven,23,28.56,False,6
PROMO-022,92,promotion_driven,20,28.56,False,6
PROMO-022,93,promotion_driven,19,28.56,False,6
PROMO-022,94,promotion_driven,19,28.56,False,6
PROMO-022,95,promotion_driven,15,28.56,False,6
PROMO-022,96,promotion_driven,68,21.4,True,6
PROMO-022,97,promotion_driven,18,28.56,False,6
PROMO-022,98,promotion_driven,18,28.56,False,6
PROMO-022,99,promotion_driven,25,28.56,False,6
PROMO-022,100,promotion_driven,17,28.56,False,6
PROMO-022,101,promotion_driven,15,28.56,False,6
PROMO-022,102,promotion_driven,15,28.56,False,6
PROMO-022,103,promotion_driven,16,28.56,False,6
PROMO-023,0,promotion_driven,13,19.66,False,6
PROMO-023,1,promotion_driven,22,19.66,False,6
PROMO-023,2,promotion_driven,15,19.66,False,6
PROMO-023,3,promotion_driven,13,19.66,False,6
PROMO-023,4,promotion_driven,15,19.66,False,6
PROMO-023,5,promotion_driven,90,15.1,True,6
PROMO-023,6,promotion_driven,49,15.1,True,6
PROMO-023,7,promotion_driven,64,15.1,True,6
PROMO-023,8,promotion_driven,17,19.66,False,6
PROMO-023,9,promotion_driven,17,19.66,False,6
PROMO-023,10,promotion_driven,10,19.66,False,6
PROMO-023,11,promotion_driven,92,15.1,True,6
PROMO-023,12,promotion_driven,14,19.66,False,6
PROMO-023,13,promotion_driven,65,15.1,True,6
PROMO-023,14,promotion_driven,7,19.66,False,6
PROMO-023,15,promotion_driven,16,19.66,False,6
PROMO-023,16,promotion_driven,18,19.66,False,6
PROMO-023,17,promotion_driven,51,15.1,True,6
PROMO-023,18,promotion_driven,20,19.66,False,6
PROMO-023,19,promotion_driven,13,19.66,False,6
PROMO-023,20,promotion_driven,63,15.1,True,6
PROMO-023,21,promotion_driven,18,19.66,False,6
PROMO-023,22,promotion_driven,22,19.66,False,6
PROMO-023,23,promotion_driven,18,19.66,False,6
PROMO-023,24,promotion_driven,75,15.1,True,6
PROMO-023,25,promotion_driven,21,19.66,False,6
PROMO-023,26,promotion_driven,23,19.66,False,6
PROMO-023,27,promotion_driven,14,19.66,False,6
PROMO-023,28,promotion_driven,68,15.1,True,6
PROMO-023,29,promotion_driven,12,19.66,False,6
PROMO-023,30,promotion_driven,19,19.66,False,6
PROMO-023,31,promotion_driven,107,15.1,True,6
PROMO-023,32,promotion_driven,20,19.66,False,6
PROMO-023,33,promotion_driven,24,19.66,False,6
PROMO-023,34,promotion_driven,30,19.66,False,6
PROMO-023,35,promotion_driven,76,15.1,True,6
PROMO-023,36,promotion_driven,18,19.66,False,6
PROMO-023,37,promotion_driven,22,19.66,False,6
PROMO-023,38,promotion_driven,16,19.66,False,6
PROMO-023,39,promotion_driven,11,19.66,False,6
PROMO-023,40,promotion_driven,74,15.1,True,6
PROMO-023,41,promotion_driven,15,19.66,False,6
PROMO-023,42,promotion_driven,22,19.66,False,6
PROMO-023,43,promotion_driven,52,15.1,True,6
PROMO-023,44,promotion_driven,15,19.66,False,6
PROMO-023,45,promotion_driven,6,19.66,False,6
PROMO-023,46,promotion_driven,16,19.66,False,6
PROMO-023,47,promotion_driven,51,15.1,True,6
PROMO-023,48,promotion_driven,63,15.1,True,6
PROMO-023,49,promotion_driven,20,19.66,False,6
PROMO-023,50,promotion_driven,17,19.66,False,6
PROMO-023,51,promotion_driven,8,19.66,False,6
PROMO-023,52,promotion_driven,53,15.1,True,6
PROMO-023,53,promotion_driven,18,19.66,False,6
PROMO-023,54,promotion_driven,8,19.66,False,6
PROMO-023,55,promotion_driven,19,19.66,False,6
PROMO-023,56,promotion_driven,13,19.66,False,6
PROMO-023,57,promotion_driven,13,19.66,False,6
PROMO-023,58,promotion_driven,15,19.66,False,6
PROMO-023,59,promotion_driven,12,19.66,False,6
PROMO-023,60,promotion_driven,78,15.1,True,6
PROMO-023,61,promotion_driven,47,15.1,True,6
PROMO-023,62,promotion_driven,14,19.66,False,6
PROMO-023,63,promotion_driven,23,19.66,False,6
PROMO-023,64,promotion_driven,18,19.66,False,6
PROMO-023,65,promotion_driven,16,19.66,False,6
PROMO-023,66,promotion_driven,18,19.66,False,6
PROMO-023,67,promotion_driven,19,19.66,False,6
PROMO-023,68,promotion_driven,22,19.66,False,6
PROMO-023,69,promotion_driven,15,19.66,False,6
PROMO-023,70,promotion_driven,19,19.66,False,6
PROMO-023,71,promotion_driven,66,15.1,True,6
PROMO-023,72,promotion_driven,21,19.66,False,6
PROMO-023,73,promotion_driven,17,19.66,False,6
PROMO-023,74,promotion_driven,20,19.66,False,6
PROMO-023,75,promotion_driven,20,19.66,False,6
PROMO-023,76,promotion_driven,23,19.66,False,6
PROMO-023,77,promotion_driven,15,19.66,False,6
PROMO-023,78,promotion_driven,71,15.1,True,6
PROMO-023,79,promotion_driven,17,19.66,False,6
PROMO-023,80,promotion_driven,26,19.66,False,6
PROMO-023,81,promotion_driven,90,15.1,True,6
PROMO-023,82,promotion_driven,12,19.66,False,6
PROMO-023,83,promotion_driven,23,19.66,False,6
PROMO-023,84,promotion_driven,12,19.66,False,6
PROMO-023,85,promotion_driven,23,19.66,False,6
PROMO-023,86,promotion_driven,27,19.66,False,6
PROMO-023,87,promotion_driven,75,15.1,True,6
PROMO-023,88,promotion_driven,19,19.66,False,6
PROMO-023,89,promotion_driven,24,19.66,False,6
PROMO-023,90,promotion_driven,27,19.66,False,6
PROMO-023,91,promotion_driven,62,15.1,True,6
PROMO-023,92,promotion_driven,14,19.66,False,6
PROMO-023,93,promotion_driven,10,19.66,False,6
PROMO-023,94,promotion_driven,16,19.66,False,6
PROMO-023,95,promotion_driven,81,15.1,True,6
PROMO-023,96,promotion_driven,14,19.66,False,6
PROMO-023,97,promotion_driven,54,15.1,True,6
PROMO-023,98,promotion_driven,67,15.1,True,6
PROMO-023,99,promotion_driven,17,19.66,False,6
PROMO-023,100,promotion_driven,19,19.66,False,6
PROMO-023,101,promotion_driven,28,19.66,False,6
PROMO-023,102,promotion_driven,14,19.66,False,6
PROMO-023,103,promotion_driven,56,15.1,True,6
PROMO-024,0,promotion_driven,22,28.82,False,6
PROMO-024,1,promotion_driven,27,28.82,False,6
PROMO-024,2,promotion_driven,24,28.82,False,6
PROMO-024,3,promotion_driven,24,28.82,False,6
PROMO-024,4,promotion_driven,32,28.82,False,6
PROMO-024,5,promotion_driven,8,28.82,False,6
PROMO-024,6,promotion_driven,19,28.82,False,6
PROMO-024,7,promotion_driven,26,28.82,False,6
PROMO-024,8,promotion_driven,17,28.82,False,6
PROMO-024,9,promotion_driven,23,28.82,False,6
PROMO-024,10,promotion_driven,11,28.82,False,6
PROMO-024,11,promotion_driven,19,28.82,False,6
PROMO-024,12,promotion_driven,28,28.82,False,6
PROMO-024,13,promotion_driven,30,28.82,False,6
PROMO-024,14,promotion_driven,29,28.82,False,6
PROMO-024,15,promotion_driven,41,21.4,True,6
PROMO-024,16,promotion_driven,25,28.82,False,6
PROMO-024,17,promotion_driven,26,28.82,False,6
PROMO-024,18,promotion_driven,21,28.82,False,6
PROMO-024,19,promotion_driven,13,28.82,False,6
PROMO-024,20,promotion_driven,10,28.82,False,6
PROMO-024,21,promotion_driven,22,28.82,False,6
PROMO-024,22,promotion_driven,16,28.82,False,6
PROMO-024,23,promotion_driven,51,21.4,True,6
PROMO-024,24,promotion_driven,19,28.82,False,6
PROMO-024,25,promotion_driven,8,28.82,False,6
PROMO-024,26,promotion_driven,10,28.82,False,6
PROMO-024,27,promotion_driven,68,21.4,True,6
PROMO-024,28,promotion_driven,9,28.82,False,6
PROMO-024,29,promotion_driven,21,28.82,False,6
PROMO-024,30,promotion_driven,12,28.82,False,6
PROMO-024,31,promotion_driven,43,21.4,True,6
PROMO-024,32,promotion_driven,24,28.82,False,6
PROMO-024,33,promotion_driven,12,28.82,False,6
PROMO-024,34,promotion_driven,53,21.4,True,6
PROMO-024,35,promotion_driven,14,28.82,False,6
PROMO-024,36,promotion_driven,19,28.82,False,6
PROMO-024,37,promotion_driven,16,28.82,False,6
PROMO-024,38,promotion_driven,21,28.82,False,6
PROMO-024,39,promotion_driven,45,21.4,True,6
PROMO-024,40,promotion_driven,16,28.82,False,6
PROMO-024,41,promotion_driven,53,21.4,True,6
PROMO-024,42,promotion_driven,24,28.82,False,6
PROMO-024,43,promotion_driven,15,28.82,False,6
PROMO-024,44,promotion_driven,27,28.82,False,6
PROMO-024,45,promotion_driven,33,28.82,False,6
PROMO-024,46,promotion_driven,26,28.82,False,6
PROMO-024,47,promotion_driven,15,28.82,False,6
PROMO-024,48,promotion_driven,15,28.82,False,6
PROMO-024,49,promotion_driven,17,28.82,False,6
PROMO-024,50,promotion_driven,90,21.4,True,6
PROMO-024,51,promotion_driven,31,28.82,False,6
PROMO-024,52,promotion_driven,25,28.82,False,6
PROMO-024,53,promotion_driven,24,28.82,False,6
PROMO-024,54,promotion_driven,23,28.82,False,6
PROMO-024,55,promotion_driven,56,21.4,True,6
PROMO-024,56,promotion_driven,24,28.82,False,6
PROMO-024,57,promotion_driven,16,28.82,False,6
PROMO-024,58,promotion_driven,19,28.82,False,6
PROMO-024,59,promotion_driven,21,28.82,False,6
PROMO-024,60,promotion_driven,28,28.82,False,6
PROMO-024,61,promotion_driven,26,28.82,False,6
PROMO-024,62,promotion_driven,25,28.82,False,6
PROMO-024,63,promotion_driven,11,28.82,False,6
PROMO-024,64,promotion_driven,21,28.82,False,6
PROMO-024,65,promotion_driven,49,21.4,True,6
PROMO-024,66,promotion_driven,38,21.4,True,6
PROMO-024,67,promotion_driven,36,28.82,False,6
PROMO-024,68,promotion_driven,17,28.82,False,6
PROMO-024,69,promotion_driven,20,28.82,False,6
PROMO-024,70,promotion_driven,20,28.82,False,6
PROMO-024,71,promotion_driven,29,28.82,False,6
PROMO-024,72,promotion_driven,17,28.82,False,6
PROMO-024,73,promotion_driven,57,21.4,True,6
PROMO-024,74,promotion_driven,63,21.4,True,6
PROMO-024,75,promotion_driven,62,21.4,True,6
PROMO-024,76,promotion_driven,26,28.82,False,6
PROMO-024,77,promotion_driven,15,28.82,False,6
PROMO-024,78,promotion_driven,18,28.82,False,6
PROMO-024,79,promotion_driven,20,28.82,False,6
PROMO-024,80,promotion_driven,13,28.82,False,6
PROMO-024,81,promotion_driven,20,28.82,False,6
PROMO-024,82,promotion_driven,20,28.82,False,6
PROMO-024,83,promotion_driven,16,28.82,False,6
PROMO-024,84,promotion_driven,23,28.82,False,6
PROMO-024,85,promotion_driven,27,28.82,False,6
PROMO-024,86,promotion_driven,26,28.82,False,6
PROMO-024,87,promotion_driven,31,28.82,False,6
PROMO-024,88,promotion_driven,18,28.82,False,6
PROMO-024,89,promotion_driven,14,28.82,False,6
PROMO-024,90,promotion_driven,46,21.4,True,6
PROMO-024,91,promotion_driven,8,28.82,False,6
PROMO-024,92,promotion_driven,20,28.82,False,6
PROMO-024,93,promotion_driven,34,21.4,True,6
PROMO-024,94,promotion_driven,17,28.82,False,6
PROMO-024,95,promotion_driven,18,28.82,False,6
PROMO-024,96,promotion_driven,17,28.82,False,6
PROMO-024,97,promotion_driven,34,28.82,False,6
PROMO-024,98,promotion_driven,19,28.82,False,6
PROMO-024,99,promotion_driven,21,28.82,False,6
PROMO-024,100,promotion_driven,41,21.4,True,6
PROMO-024,101,promotion_driven,15,28.82,False,6
PROMO-024,102,promotion_driven,30,28.82,False,6
PROMO-024,103,promotion_driven,24,28.82,False,6
PROMO-025,0,promotion_driven,23,28.0,False,4
PROMO-025,1,promotion_driven,38,28.0,False,4
PROMO-025,2,promotion_driven,31,28.0,False,4
PROMO-025,3,promotion_driven,101,20.66,True,4
PROMO-025,4,promotion_driven,45,28.0,False,4
PROMO-025,5,promotion_driven,177,20.66,True,4
PROMO-025,6,promotion_driven,34,28.0,False,4
PROMO-025,7,promotion_driven,182,20.66,True,4
PROMO-025,8,promotion_driven,40,28.0,False,4
PROMO-025,9,promotion_driven,50,28.0,False,4
PROMO-025,10,promotion_driven,33,28.0,False,4
PROMO-025,11,promotion_driven,101,20.66,True,4
PROMO-025,12,promotion_driven,37,28.0,False,4
PROMO-025,13,promotion_driven,20,28.0,False,4
PROMO-025,14,promotion_driven,35,28.0,False,4
PROMO-025,15,promotion_driven,36,28.0,False,4
PROMO-025,16,promotion_driven,24,28.0,False,4
PROMO-025,17,promotion_driven,44,28.0,False,4
PROMO-025,18,promotion_driven,25,28.0,False,4
PROMO-025,19,promotion_driven,23,28.0,False,4
PROMO-025,20,promotion_driven,173,20.66,True,4
PROMO-025,21,promotion_driven,102,20.66,True,4
PROMO-025,22,promotion_driven,121,20.66,True,4
PROMO-025,23,promotion_driven,25,28.0,False,4
PROMO-025,24,promotion_driven,34,28.0,False,4
PROMO-025,25,promotion_driven,39,28.0,False,4
PROMO-025,26,promotion_driven,24,28.0,False,4
PROMO-025,27,promotion_driven,42,28.0,False,4
PROMO-025,28,promotion_driven,26,28.0,False,4
PROMO-025,29,promotion_driven,37,28.0,False,4
PROMO-025,30,promotion_driven,26,28.0,False,4
PROMO-025,31,promotion_driven,105,20.66,True,4
PROMO-025,32,promotion_driven,28,28.0,False,4
PROMO-025,33,promotion_driven,21,28.0,False,4
PROMO-025,34,promotion_driven,30,28.0,False,4
PROMO-025,35,promotion_driven,34,28.0,False,4
PROMO-025,36,promotion_driven,37,28.0,False,4
PROMO-025,37,promotion_driven,32,28.0,False,4
PROMO-025,38,promotion_driven,33,28.0,False,4
PROMO-025,39,promotion_driven,107,20.66,True,4
PROMO-025,40,promotion_driven,45,28.0,False,4
PROMO-025,41,promotion_driven,30,28.0,False,4
PROMO-025,42,promotion_driven,32,28.0,False,4
PROMO-025,43,promotion_driven,39,28.0,False,4
PROMO-025,44,promotion_driven,31,28.0,False,4
PROMO-025,45,promotion_driven,39,28.0,False,4
PROMO-025,46,promotion_driven,203,20.66,True,4
PROMO-025,47,promotion_driven,41,28.0,False,4
PROMO-025,48,promotion_driven,140,20.66,True,4
PROMO-025,49,promotion_driven,45,28.0,False,4
PROMO-025,50,promotion_driven,35,28.0,False,4
PROMO-025,51,promotion_driven,43,28.0,False,4
PROMO-025,52,promotion_driven,36,28.0,False,4
PROMO-025,53,promotion_driven,36,28.0,False,4
PROMO-025,54,promotion_driven,23,28.0,False,4
PROMO-025,55,promotion_driven,45,28.0,False,4
PROMO-025,56,promotion_driven,40,28.0,False,4
PROMO-025,57,promotion_driven,49,28.0,False,4
PROMO-025,58,promotion_driven,175,20.66,True,4
PROMO-025,59,promotion_driven,24,28.0,False,4
PROMO-025,60,promotion_driven,44,28.0,False,4
PROMO-025,61,promotion_driven,49,28.0,False,4
PROMO-025,62,promotion_driven,37,28.0,False,4
PROMO-025,63,promotion_driven,211,20.66,True,4
PROMO-025,64,promotion_driven,28,28.0,False,4
PROMO-025,65,promotion_driven,43,28.0,False,4
PROMO-025,66,promotion_driven,35,28.0,False,4
PROMO-025,67,promotion_driven,36,28.0,False,4
PROMO-025,68,promotion_driven,20,28.0,False,4
PROMO-025,69,promotion_driven,27,28.0,False,4
PROMO-025,70,promotion_driven,32,28.0,False,4
PROMO-025,71,promotion_driven,29,28.0,False,4
PROMO-025,72,promotion_driven,27,28.0,False,4
PROMO-025,73,promotion_driven,157,20.66,True,4
PROMO-025,74,promotion_driven,28,28.0,False,4
PROMO-025,75,promotion_driven,26,28.0,False,4
PROMO-025,76,promotion_driven,36,28.0,False,4
PROMO-025,77,promotion_driven,40,28.0,False,4
PROMO-025,78,promotion_driven,27,28.0,False,4
PROMO-025,79,promotion_driven,23,28.0,False,4
PROMO-025,80,promotion_driven,27,28.0,False,4
PROMO-025,81,promotion_driven,34,28.0,False,4
PROMO-025,82,promotion_driven,25,28.0,False,4
PROMO-025,83,promotion_driven,24,28.0,False,4
PROMO-025,84,promotion_driven,26,28.0,False,4
PROMO-025,85,promotion_driven,35,28.0,False,4
PROMO-025,86,promotion_driven,27,28.0,False,4
PROMO-025,87,promotion_driven,20,28.0,False,4
PROMO-025,88,promotion_driven,121,20.66,True,4
PROMO-025,89,promotion_driven,25,28.0,False,4
PROMO-025,90,promotion_driven,21,28.0,False,4
PROMO-025,91,promotion_driven,34,28.0,False,4
PROMO-025,92,promotion_driven,27,28.0,False,4
PROMO-025,93,promotion_driven,136,20.66,True,4
PROMO-025,94,promotion_driven,42,28.0,False,4
PROMO-025,95,promotion_driven,32,28.0,False,4
PROMO-025,96,promotion_driven,32,28.0,False,4
PROMO-025,97,promotion_driven,36,28.0,False,4
PROMO-025,98,promotion_driven,166,20.66,True,4
PROMO-025,99,promotion_driven,37,28.0,False,4
PROMO-025,100,promotion_driven,31,28.0,False,4
PROMO-025,101,promotion_driven,36,28.0,False,4
PROMO-025,102,promotion_driven,35,28.0,False,4
PROMO-025,103,promotion_driven,50,28.0,False,4
PROMO-026,0,promotion_driven,17,18.52,False,4
PROMO-026,1,promotion_driven,85,14.03,True,4
PROMO-026,2,promotion_driven,191,14.03,True,4
PROMO-026,3,promotion_driven,17,18.52,False,4
PROMO-026,4,promotion_driven,23,18.52,False,4
PROMO-026,5,promotion_driven,20,18.52,False,4
PROMO-026,6,promotion_driven,24,18.52,False,4
PROMO-026,7,promotion_driven,26,18.52,False,4
PROMO-026,8,promotion_driven,21,18.52,False,4
PROMO-026,9,promotion_driven,22,18.52,False,4
PROMO-026,10,promotion_driven,16,18.52,False,4
PROMO-026,11,promotion_driven,24,18.52,False,4
PROMO-026,12,promotion_driven,27,18.52,False,4
PROMO-026,13,promotion_driven,92,14.03,True,4
PROMO-026,14,promotion_driven,27,18.52,False,4
PROMO-026,15,promotion_driven,99,14.03,True,4
PROMO-026,16,promotion_driven,78,14.03,True,4
PROMO-026,17,promotion_driven,14,18.52,False,4
PROMO-026,18,promotion_driven,30,18.52,False,4
PROMO-026,19,promotion_driven,101,14.03,True,4
PROMO-026,20,promotion_driven,24,18.52,False,4
PROMO-026,21,promotion_driven,18,18.52,False,4
PROMO-026,22,promotion_driven,20,18.52,False,4
PROMO-026,23,promotion_driven,19,18.52,False,4
PROMO-026,24,promotion_driven,15,18.52,False,4
PROMO-026,25,promotion_driven,23,18.52,False,4
PROMO-026,26,promotion_driven,21,18.52,False,4
PROMO-026,27,promotion_driven,22,18.52,False,4
PROMO-026,28,promotion_driven,24,18.52,False,4
PROMO-026,29,promotion_driven,29,18.52,False,4
PROMO-026,30,promotion_driven,19,18.52,False,4
PROMO-026,31,promotion_driven,66,14.03,True,4
PROMO-026,32,promotion_driven,114,14.03,True,4
PROMO-026,33,promotion_driven,25,18.52,False,4
PROMO-026,34,promotion_driven,18,18.52,False,4
PROMO-026,35,promotion_driven,15,18.52,False,4
PROMO-026,36,promotion_driven,18,18.52,False,4
PROMO-026,37,promotion_driven,21,18.52,False,4
PROMO-026,38,promotion_driven,22,18.52,False,4
PROMO-026,39,promotion_driven,12,18.52,False,4
PROMO-026,40,promotion_driven,22,18.52,False,4
PROMO-026,41,promotion_driven,19,18.52,False,4
PROMO-026,42,promotion_driven,12,18.52,False,4
PROMO-026,43,promotion_driven,20,18.52,False,4
PROMO-026,44,promotion_driven,20,18.52,False,4
PROMO-026,45,promotion_driven,96,14.03,True,4
PROMO-026,46,promotion_driven,58,14.03,True,4
PROMO-026,47,promotion_driven,89,14.03,True,4
PROMO-026,48,promotion_driven,20,18.52,False,4
PROMO-026,49,promotion_driven,17,18.52,False,4
PROMO-026,50,promotion_driven,19,18.52,False,4
PROMO-026,51,promotion_driven,137,14.03,True,4
PROMO-026,52,promotion_driven,22,18.52,False,4
PROMO-026,53,promotion_driven,19,18.52,False,4
PROMO-026,54,promotion_driven,18,18.52,False,4
PROMO-026,55,promotion_driven,15,18.52,False,4
PROMO-026,56,promotion_driven,21,18.52,False,4
PROMO-026,57,promotion_driven,106,14.03,True,4
PROMO-026,58,promotion_driven,94,14.03,True,4
PROMO-026,59,promotion_driven,18,18.52,False,4
PROMO-026,60,promotion_driven,34,18.52,False,4
PROMO-026,61,promotion_driven,31,18.52,False,4
PROMO-026,62,promotion_driven,27,18.52,False,4
PROMO-026,63,promotion_driven,19,18.52,False,4
PROMO-026,64,promotion_driven,23,18.52,False,4
PROMO-026,65,promotion_driven,19,18.52,False,4
PROMO-026,66,promotion_driven,26,18.52,False,4
PROMO-026,67,promotion_driven,38,18.52,False,4
PROMO-026,68,promotion_driven,100,14.03,True,4
PROMO-026,69,promotion_driven,20,18.52,False,4
PROMO-026,70,promotion_driven,20,18.52,False,4
PROMO-026,71,promotion_driven,16,18.52,False,4
PROMO-026,72,promotion_driven,90,14.03,True,4
PROMO-026,73,promotion_driven,25,18.52,False,4
PROMO-026,74,promotion_driven,25,18.52,False,4
PROMO-026,75,promotion_driven,22,18.52,False,4
PROMO-026,76,promotion_driven,22,18.52,False,4
PROMO-026,77,promotion_driven,25,18.52,False,4
PROMO-026,78,promotion_driven,22,18.52,False,4
PROMO-026,79,promotion_driven,19,18.52,False,4
PROMO-026,80,promotion_driven,17,18.52,False,4
PROMO-026,81,promotion_driven,118,14.03,True,4
PROMO-026,82,promotion_driven,131,14.03,True,4
PROMO-026,83,promotion_driven,11,18.52,False,4
PROMO-026,84,promotion_driven,28,18.52,False,4
PROMO-026,85,promotion_driven,22,18.52,False,4
PROMO-026,86,promotion_driven,99,14.03,True,4
PROMO-026,87,promotion_driven,28,18.52,False,4
PROMO-026,88,promotion_driven,30,18.52,False,4
PROMO-026,89,promotion_driven,18,18.52,False,4
PROMO-026,90,promotion_driven,104,14.03,True,4
PROMO-026,91,promotion_driven,94,14.03,True,4
PROMO-026,92,promotion_driven,25,18.52,False,4
PROMO-026,93,promotion_driven,22,18.52,False,4
PROMO-026,94,promotion_driven,30,18.52,False,4
PROMO-026,95,promotion_driven,24,18.52,False,4
PROMO-026,96,promotion_driven,14,18.52,False,4
PROMO-026,97,promotion_driven,21,18.52,False,4
PROMO-026,98,promotion_driven,12,18.52,False,4
PROMO-026,99,promotion_driven,20,18.52,False,4
PROMO-026,100,promotion_driven,19,18.52,False,4
PROMO-026,101,promotion_driven,15,18.52,False,4
PROMO-026,102,promotion_driven,17,18.52,False,4
PROMO-026,103,promotion_driven,27,18.52,False,4
PROMO-027,0,promotion_driven,38,27.89,False,4
PROMO-027,1,promotion_driven,32,27.89,False,4
PROMO-027,2,promotion_driven,30,27.89,False,4
PROMO-027,3,promotion_driven,122,18.34,True,4
PROMO-027,4,promotion_driven,15,27.89,False,4
PROMO-027,5,promotion_driven,39,27.89,False,4
PROMO-027,6,promotion_driven,27,27.89,False,4
PROMO-027,7,promotion_driven,29,27.89,False,4
PROMO-027,8,promotion_driven,115,18.34,True,4
PROMO-027,9,promotion_driven,26,27.89,False,4
PROMO-027,10,promotion_driven,23,27.89,False,4
PROMO-027,11,promotion_driven,40,27.89,False,4
PROMO-027,12,promotion_driven,29,27.89,False,4
PROMO-027,13,promotion_driven,40,27.89,False,4
PROMO-027,14,promotion_driven,28,27.89,False,4
PROMO-027,15,promotion_driven,53,27.89,False,4
PROMO-027,16,promotion_driven,121,18.34,True,4
PROMO-027,17,promotion_driven,22,27.89,False,4
PROMO-027,18,promotion_driven,215,18.34,True,4
PROMO-027,19,promotion_driven,29,27.89,False,4
PROMO-027,20,promotion_driven,42,27.89,False,4
PROMO-027,21,promotion_driven,42,27.89,False,4
PROMO-027,22,promotion_driven,210,18.34,True,4
PROMO-027,23,promotion_driven,40,27.89,False,4
PROMO-027,24,promotion_driven,43,27.89,False,4
PROMO-027,25,promotion_driven,29,27.89,False,4
PROMO-027,26,promotion_driven,34,27.89,False,4
PROMO-027,27,promotion_driven,268,18.34,True,4
PROMO-027,28,promotion_driven,322,18.34,True,4
PROMO-027,29,promotion_driven,189,18.34,True,4
PROMO-027,30,promotion_driven,112,18.34,True,4
PROMO-027,31,promotion_driven,42,27.89,False,4
PROMO-027,32,promotion_driven,46,27.89,False,4
PROMO-027,33,promotion_driven,53,27.89,False,4
PROMO-027,34,promotion_driven,31,27.89,False,4
PROMO-027,35,promotion_driven,200,18.34,True,4
PROMO-027,36,promotion_driven,38,27.89,False,4
PROMO-027,37,promotion_driven,121,18.34,True,4
PROMO-027,38,promotion_driven,47,27.89,False,4
PROMO-027,39,promotion_driven,72,27.89,False,4
PROMO-027,40,promotion_driven,63,27.89,False,4
PROMO-027,41,promotion_driven,29,27.89,False,4
PROMO-027,42,promotion_driven,48,27.89,False,4
PROMO-027,43,promotion_driven,29,27.89,False,4
PROMO-027,44,promotion_driven,39,27.89,False,4
PROMO-027,45,promotion_driven,36,27.89,False,4
PROMO-027,46,promotion_driven,63,27.89,False,4
PROMO-027,47,promotion_driven,38,27.89,False,4
PROMO-027,48,promotion_driven,27,27.89,False,4
PROMO-027,49,promotion_driven,94,18.34,True,4
PROMO-027,50,promotion_driven,41,27.89,False,4
PROMO-027,51,promotion_driven,22,27.89,False,4
PROMO-027,52,promotion_driven,44,27.89,False,4
PROMO-027,53,promotion_driven,231,18.34,True,4
PROMO-027,54,promotion_driven,38,27.89,False,4
PROMO-027,55,promotion_driven,29,27.89,False,4
PROMO-027,56,promotion_driven,82,18.34,True,4
PROMO-027,57,promotion_driven,189,18.34,True,4
PROMO-027,58,promotion_driven,30,27.89,False,4
PROMO-027,59,promotion_driven,38,27.89,False,4
PROMO-027,60,promotion_driven,144,18.34,True,4
PROMO-027,61,promotion_driven,137,18.34,True,4
PROMO-027,62,promotion_driven,22,27.89,False,4
PROMO-027,63,promotion_driven,126,18.34,True,4
PROMO-027,64,promotion_driven,22,27.89,False,4
PROMO-027,65,promotion_driven,119,18.34,True,4
PROMO-027,66,promotion_driven,36,27.89,False,4
PROMO-027,67,promotion_driven,19,27.89,False,4
PROMO-027,68,promotion_driven,135,18.34,True,4
PROMO-027,69,promotion_driven,26,27.89,False,4
PROMO-027,70,promotion_driven,43,27.89,False,4
PROMO-027,71,promotion_driven,41,27.89,False,4
PROMO-027,72,promotion_driven,90,18.34,True,4
PROMO-027,73,promotion_driven,142,18.34,True,4
PROMO-027,74,promotion_driven,40,27.89,False,4
PROMO-027,75,promotion_driven,42,27.89,False,4
PROMO-027,76,promotion_driven,35,27.89,False,4
PROMO-027,77,promotion_driven,33,27.89,False,4
PROMO-027,78,promotion_driven,122,18.34,True,4
PROMO-027,79,promotion_driven,144,18.34,True,4
PROMO-027,80,promotion_driven,38,27.89,False,4
PROMO-027,81,promotion_driven,255,18.34,True,4
PROMO-027,82,promotion_driven,43,27.89,False,4
PROMO-027,83,promotion_driven,42,27.89,False,4
PROMO-027,84,promotion_driven,28,27.89,False,4
PROMO-027,85,promotion_driven,53,27.89,False,4
PROMO-027,86,promotion_driven,181,18.34,True,4
PROMO-027,87,promotion_driven,49,27.89,False,4
PROMO-027,88,promotion_driven,27,27.89,False,4
PROMO-027,89,promotion_driven,37,27.89,False,4
PROMO-027,90,promotion_driven,53,27.89,False,4
PROMO-027,91,promotion_driven,36,27.89,False,4
PROMO-027,92,promotion_driven,186,18.34,True,4
PROMO-027,93,promotion_driven,23,27.89,False,4
PROMO-027,94,promotion_driven,293,18.34,True,4
PROMO-027,95,promotion_driven,41,27.89,False,4
PROMO-027,96,promotion_driven,31,27.89,False,4
PROMO-027,97,promotion_driven,59,27.89,False,4
PROMO-027,98,promotion_driven,49,27.89,False,4
PROMO-027,99,promotion_driven,105,18.34,True,4
PROMO-027,100,promotion_driven,41,27.89,False,4
PROMO-027,101,promotion_driven,45,27.89,False,4
PROMO-027,102,promotion_driven,42,27.89,False,4
PROMO-027,103,promotion_driven,32,27.89,False,4
PROMO-028,0,promotion_driven,20,10.55,False,4
PROMO-028,1,promotion_driven,19,10.55,False,4
PROMO-028,2,promotion_driven,21,10.55,False,4
PROMO-028,3,promotion_driven,21,10.55,False,4
PROMO-028,4,promotion_driven,18,10.55,False,4
PROMO-028,5,promotion_driven,24,10.55,False,4
PROMO-028,6,promotion_driven,22,10.55,False,4
PROMO-028,7,promotion_driven,30,10.55,False,4
PROMO-028,8,promotion_driven,30,10.55,False,4
PROMO-028,9,promotion_driven,20,10.55,False,4
PROMO-028,10,promotion_driven,21,10.55,False,4
PROMO-028,11,promotion_driven,120,7.14,True,4
PROMO-028,12,promotion_driven,112,7.14,True,4
PROMO-028,13,promotion_driven,30,10.55,False,4
PROMO-028,14,promotion_driven,66,7.14,True,4
PROMO-028,15,promotion_driven,95,7.14,True,4
PROMO-028,16,promotion_driven,25,10.55,False,4
PROMO-028,17,promotion_driven,17,10.55,False,4
PROMO-028,18,promotion_driven,30,10.55,False,4
PROMO-028,19,promotion_driven,21,10.55,False,4
PROMO-028,20,promotion_driven,21,10.55,False,4
PROMO-028,21,promotion_driven,109,7.14,True,4
PROMO-028,22,promotion_driven,26,10.55,False,4
PROMO-028,23,promotion_driven,29,10.55,False,4
PROMO-028,24,promotion_driven,94,7.14,True,4
PROMO-028,25,promotion_driven,29,10.55,False,4
PROMO-028,26,promotion_driven,21,10.55,False,4
PROMO-028,27,promotion_driven,15,10.55,False,4
PROMO-028,28,promotion_driven,21,10.55,False,4
PROMO-028,29,promotion_driven,18,10.55,False,4
PROMO-028,30,promotion_driven,98,7.14,True,4
PROMO-028,31,promotion_driven,91,7.14,True,4
PROMO-028,32,promotion_driven,25,10.55,False,4
PROMO-028,33,promotion_driven,24,10.55,False,4
PROMO-028,34,promotion_driven,17,10.55,False,4
PROMO-028,35,promotion_driven,14,10.55,False,4
PROMO-028,36,promotion_driven,15,10.55,False,4
PROMO-028,37,promotion_driven,66,7.14,True,4
PROMO-028,38,promotion_driven,16,10.55,False,4
PROMO-028,39,promotion_driven,16,10.55,False,4
PROMO-028,40,promotion_driven,24,10.55,False,4
PROMO-028,41,promotion_driven,61,7.14,True,4
PROMO-028,42,promotion_driven,17,10.55,False,4
PROMO-028,43,promotion_driven,13,10.55,False,4
PROMO-028,44,promotion_driven,19,10.55,False,4
PROMO-028,45,promotion_driven,16,10.55,False,4
PROMO-028,46,promotion_driven,18,10.55,False,4
PROMO-028,47,promotion_driven,13,10.55,False,4
PROMO-028,48,promotion_driven,65,7.14,True,4
PROMO-028,49,promotion_driven,16,10.55,False,4
PROMO-028,50,promotion_driven,11,10.55,False,4
PROMO-028,51,promotion_driven,84,7.14,True,4
PROMO-028,52,promotion_driven,12,10.55,False,4
PROMO-028,53,promotion_driven,12,10.55,False,4
PROMO-028,54,promotion_driven,16,10.55,False,4
PROMO-028,55,promotion_driven,22,10.55,False,4
PROMO-028,56,promotion_driven,24,10.55,False,4
PROMO-028,57,promotion_driven,22,10.55,False,4
PROMO-028,58,promotion_driven,131,7.14,True,4
PROMO-028,59,promotion_driven,157,7.14,True,4
PROMO-028,60,promotion_driven,28,10.55,False,4
PROMO-028,61,promotion_driven,30,10.55,False,4
PROMO-028,62,promotion_driven,22,10.55,False,4
PROMO-028,63,promotion_driven,23,10.55,False,4
PROMO-028,64,promotion_driven,126,7.14,True,4
PROMO-028,65,promotion_driven,25,10.55,False,4
PROMO-028,66,promotion_driven,29,10.55,False,4
PROMO-028,67,promotion_driven,131,7.14,True,4
PROMO-028,68,promotion_driven,25,10.55,False,4
PROMO-028,69,promotion_driven,101,7.14,True,4
PROMO-028,70,promotion_driven,27,10.55,False,4
PROMO-028,71,promotion_driven,28,10.55,False,4
PROMO-028,72,promotion_driven,24,10.55,False,4
PROMO-028,73,promotion_driven,19,10.55,False,4
PROMO-028,74,promotion_driven,28,10.55,False,4
PROMO-028,75,promotion_driven,27,10.55,False,4
PROMO-028,76,promotion_driven,23,10.55,False,4
PROMO-028,77,promotion_driven,29,10.55,False,4
PROMO-028,78,promotion_driven,21,10.55,False,4
PROMO-028,79,promotion_driven,29,10.55,False,4
PROMO-028,80,promotion_driven,28,10.55,False,4
PROMO-028,81,promotion_driven,19,10.55,False,4
PROMO-028,82,promotion_driven,97,7.14,True,4
PROMO-028,83,promotion_driven,17,10.55,False,4
PROMO-028,84,promotion_driven,19,10.55,False,4
PROMO-028,85,promotion_driven,19,10.55,False,4
PROMO-028,86,promotion_driven,15,10.55,False,4
PROMO-028,87,promotion_driven,16,10.55,False,4
PROMO-028,88,promotion_driven,18,10.55,False,4
PROMO-028,89,promotion_driven,75,7.14,True,4
PROMO-028,90,promotion_driven,13,10.55,False,4
PROMO-028,91,promotion_driven,23,10.55,False,4
PROMO-028,92,promotion_driven,19,10.55,False,4
PROMO-028,93,promotion_driven,20,10.55,False,4
PROMO-028,94,promotion_driven,64,7.14,True,4
PROMO-028,95,promotion_driven,18,10.55,False,4
PROMO-028,96,promotion_driven,16,10.55,False,4
PROMO-028,97,promotion_driven,17,10.55,False,4
PROMO-028,98,promotion_driven,14,10.55,False,4
PROMO-028,99,promotion_driven,18,10.55,False,4
PROMO-028,100,promotion_driven,27,10.55,False,4
PROMO-028,101,promotion_driven,26,10.55,False,4
PROMO-028,102,promotion_driven,13,10.55,False,4
PROMO-028,103,promotion_driven,33,10.55,False,4
PROMO-029,0,promotion_driven,46,13.29,False,4
PROMO-029,1,promotion_driven,38,13.29,False,4
PROMO-029,2,promotion_driven,30,13.29,False,4
PROMO-029,3,promotion_driven,43,13.29,False,4
PROMO-029,4,promotion_driven,39,13.29,False,4
PROMO-029,5,promotion_driven,46,13.29,False,4
PROMO-029,6,promotion_driven,80,8.69,True,4
PROMO-029,7,promotion_driven,43,13.29,False,4
PROMO-029,8,promotion_driven,105,8.69,True,4
PROMO-029,9,promotion_driven,36,13.29,False,4
PROMO-029,10,promotion_driven,31,13.29,False,4
PROMO-029,11,promotion_driven,29,13.29,False,4
PROMO-029,12,promotion_driven,25,13.29,False,4
PROMO-029,13,promotion_driven,76,8.69,True,4
PROMO-029,14,promotion_driven,29,13.29,False,4
PROMO-029,15,promotion_driven,43,13.29,False,4
PROMO-029,16,promotion_driven,24,13.29,False,4
PROMO-029,17,promotion_driven,101,8.69,True,4
PROMO-029,18,promotion_driven,93,8.69,True,4
PROMO-029,19,promotion_driven,36,13.29,False,4
PROMO-029,20,promotion_driven,37,13.29,False,4
PROMO-029,21,promotion_driven,34,13.29,False,4
PROMO-029,22,promotion_driven,30,13.29,False,4
PROMO-029,23,promotion_driven,31,13.29,False,4
PROMO-029,24,promotion_driven,110,8.69,True,4
PROMO-029,25,promotion_driven,30,13.29,False,4
PROMO-029,26,promotion_driven,30,13.29,False,4
PROMO-029,27,promotion_driven,31,13.29,False,4
PROMO-029,28,promotion_driven,20,13.29,False,4
PROMO-029,29,promotion_driven,24,13.29,False,4
PROMO-029,30,promotion_driven,22,13.29,False,4
PROMO-029,31,promotion_driven,33,13.29,False,4
PROMO-029,32,promotion_driven,80,8.69,True,4
PROMO-029,33,promotion_driven,70,8.69,True,4
PROMO-029,34,promotion_driven,28,13.29,False,4
PROMO-029,35,promotion_driven,68,8.69,True,4
PROMO-029,36,promotion_driven,40,13.29,False,4
PROMO-029,37,promotion_driven,22,13.29,False,4
PROMO-029,38,promotion_driven,23,13.29,False,4
PROMO-029,39,promotion_driven,26,13.29,False,4
PROMO-029,40,promotion_driven,25,13.29,False,4
PROMO-029,41,promotion_driven,91,8.69,True,4
PROMO-029,42,promotion_driven,28,13.29,False,4
PROMO-029,43,promotion_driven,28,13.29,False,4
PROMO-029,44,promotion_driven,22,13.29,False,4
PROMO-029,45,promotion_driven,32,13.29,False,4
PROMO-029,46,promotion_driven,31,13.29,False,4
PROMO-029,47,promotion_driven,27,13.29,False,4
PROMO-029,48,promotion_driven,34,13.29,False,4
PROMO-029,49,promotion_driven,37,13.29,False,4
PROMO-029,50,promotion_driven,37,13.29,False,4
PROMO-029,51,promotion_driven,31,13.29,False,4
PROMO-029,52,promotion_driven,46,13.29,False,4
PROMO-029,53,promotion_driven,41,13.29,False,4
PROMO-029,54,promotion_driven,37,13.29,False,4
PROMO-029,55,promotion_driven,117,8.69,True,4
PROMO-029,56,promotion_driven,30,13.29,False,4
PROMO-029,57,promotion_driven,120,8.69,True,4
PROMO-029,58,promotion_driven,175,8.69,True,4
PROMO-029,59,promotion_driven,141,8.69,True,4
PROMO-029,60,promotion_driven,132,8.69,True,4
PROMO-029,61,promotion_driven,122,8.69,True,4
PROMO-029,62,promotion_driven,40,13.29,False,4
PROMO-029,63,promotion_driven,105,8.69,True,4
PROMO-029,64,promotion_driven,49,13.29,False,4
PROMO-029,65,promotion_driven,50,13.29,False,4
PROMO-029,66,promotion_driven,51,13.29,False,4
PROMO-029,67,promotion_driven,87,8.69,True,4
PROMO-029,68,promotion_driven,47,13.29,False,4
PROMO-029,69,promotion_driven,76,8.69,True,4
PROMO-029,70,promotion_driven,138,8.69,True,4
PROMO-029,71,promotion_driven,37,13.29,False,4
PROMO-029,72,promotion_driven,31,13.29,False,4
PROMO-029,73,promotion_driven,41,13.29,False,4
PROMO-029,74,promotion_driven,28,13.29,False,4
PROMO-029,75,promotion_driven,47,13.29,False,4
PROMO-029,76,promotion_driven,37,13.29,False,4
PROMO-029,77,promotion_driven,29,13.29,False,4
PROMO-029,78,promotion_driven,91,8.69,True,4
PROMO-029,79,promotion_driven,28,13.29,False,4
PROMO-029,80,promotion_driven,31,13.29,False,4
PROMO-029,81,promotion_driven,32,13.29,False,4
PROMO-029,82,promotion_driven,27,13.29,False,4
PROMO-029,83,promotion_driven,21,13.29,False,4
PROMO-029,84,promotion_driven,25,13.29,False,4
PROMO-029,85,promotion_driven,26,13.29,False,4
PROMO-029,86,promotion_driven,24,13.29,False,4
PROMO-029,87,promotion_driven,103,8.69,True,4
PROMO-029,88,promotion_driven,14,13.29,False,4
PROMO-029,89,promotion_driven,17,13.29,False,4
PROMO-029,90,promotion_driven,74,8.69,True,4
PROMO-029,91,promotion_driven,29,13.29,False,4
PROMO-029,92,promotion_driven,24,13.29,False,4
PROMO-029,93,promotion_driven,27,13.29,False,4
PROMO-029,94,promotion_driven,26,13.29,False,4
PROMO-029,95,promotion_driven,21,13.29,False,4
PROMO-029,96,promotion_driven,38,13.29,False,4
PROMO-029,97,promotion_driven,30,13.29,False,4
PROMO-029,98,promotion_driven,33,13.29,False,4
PROMO-029,99,promotion_driven,82,8.69,True,4
PROMO-029,100,promotion_driven,36,13.29,False,4
PROMO-029,101,promotion_driven,43,13.29,False,4
PROMO-029,102,promotion_driven,37,13.29,False,4
PROMO-029,103,promotion_driven,150,8.69,True,4
PROMO-030,0,promotion_driven,27,12.4,False,6
PROMO-030,1,promotion_driven,25,12.4,False,6
PROMO-030,2,promotion_driven,18,12.4,False,6
PROMO-030,3,promotion_driven,26,12.4,False,6
PROMO-030,4,promotion_driven,30,12.4,False,6
PROMO-030,5,promotion_driven,27,12.4,False,6
PROMO-030,6,promotion_driven,16,12.4,False,6
PROMO-030,7,promotion_driven,21,12.4,False,6
PROMO-030,8,promotion_driven,12,12.4,False,6
PROMO-030,9,promotion_driven,31,12.4,False,6
PROMO-030,10,promotion_driven,15,12.4,False,6
PROMO-030,11,promotion_driven,23,12.4,False,6
PROMO-030,12,promotion_driven,71,8.06,True,6
PROMO-030,13,promotion_driven,94,8.06,True,6
PROMO-030,14,promotion_driven,25,12.4,False,6
PROMO-030,15,promotion_driven,29,12.4,False,6
PROMO-030,16,promotion_driven,23,12.4,False,6
PROMO-030,17,promotion_driven,98,8.06,True,6
PROMO-030,18,promotion_driven,23,12.4,False,6
PROMO-030,19,promotion_driven,18,12.4,False,6
PROMO-030,20,promotion_driven,63,8.06,True,6
PROMO-030,21,promotion_driven,17,12.4,False,6
PROMO-030,22,promotion_driven,82,8.06,True,6
PROMO-030,23,promotion_driven,96,8.06,True,6
PROMO-030,24,promotion_driven,77,8.06,True,6
PROMO-030,25,promotion_driven,75,8.06,True,6
PROMO-030,26,promotion_driven,18,12.4,False,6
PROMO-030,27,promotion_driven,17,12.4,False,6
PROMO-030,28,promotion_driven,78,8.06,True,6
PROMO-030,29,promotion_driven,15,12.4,False,6
PROMO-030,30,promotion_driven,13,12.4,False,6
PROMO-030,31,promotion_driven,19,12.4,False,6
PROMO-030,32,promotion_driven,24,12.4,False,6
PROMO-030,33,promotion_driven,26,12.4,False,6
PROMO-030,34,promotion_driven,55,8.06,True,6
PROMO-030,35,promotion_driven,24,12.4,False,6
PROMO-030,36,promotion_driven,15,12.4,False,6
PROMO-030,37,promotion_driven,12,12.4,False,6
PROMO-030,38,promotion_driven,71,8.06,True,6
PROMO-030,39,promotion_driven,28,12.4,False,6
PROMO-030,40,promotion_driven,18,12.4,False,6
PROMO-030,41,promotion_driven,22,12.4,False,6
PROMO-030,42,promotion_driven,87,8.06,True,6
PROMO-030,43,promotion_driven,23,12.4,False,6
PROMO-030,44,promotion_driven,23,12.4,False,6
PROMO-030,45,promotion_driven,22,12.4,False,6
PROMO-030,46,promotion_driven,26,12.4,False,6
PROMO-030,47,promotion_driven,22,12.4,False,6
PROMO-030,48,promotion_driven,15,12.4,False,6
PROMO-030,49,promotion_driven,18,12.4,False,6
PROMO-030,50,promotion_driven,33,12.4,False,6
PROMO-030,51,promotion_driven,70,8.06,True,6
PROMO-030,52,promotion_driven,99,8.06,True,6
PROMO-030,53,promotion_driven,25,12.4,False,6
PROMO-030,54,promotion_driven,30,12.4,False,6
PROMO-030,55,promotion_driven,83,8.06,True,6
PROMO-030,56,promotion_driven,27,12.4,False,6
PROMO-030,57,promotion_driven,27,12.4,False,6
PROMO-030,58,promotion_driven,24,12.4,False,6
PROMO-030,59,promotion_driven,86,8.06,True,6
PROMO-030,60,promotion_driven,72,8.06,True,6
PROMO-030,61,promotion_driven,29,12.4,False,6
PROMO-030,62,promotion_driven,40,12.4,False,6
PROMO-030,63,promotion_driven,25,12.4,False,6
PROMO-030,64,promotion_driven,25,12.4,False,6
PROMO-030,65,promotion_driven,18,12.4,False,6
PROMO-030,66,promotion_driven,29,12.4,False,6
PROMO-030,67,promotion_driven,26,12.4,False,6
PROMO-030,68,promotion_driven,18,12.4,False,6
PROMO-030,69,promotion_driven,19,12.4,False,6
PROMO-030,70,promotion_driven,21,12.4,False,6
PROMO-030,71,promotion_driven,21,12.4,False,6
PROMO-030,72,promotion_driven,23,12.4,False,6
PROMO-030,73,promotion_driven,20,12.4,False,6
PROMO-030,74,promotion_driven,20,12.4,False,6
PROMO-030,75,promotion_driven,29,12.4,False,6
PROMO-030,76,promotion_driven,32,12.4,False,6
PROMO-030,77,promotion_driven,50,8.06,True,6
PROMO-030,78,promotion_driven,26,12.4,False,6
PROMO-030,79,promotion_driven,12,12.4,False,6
PROMO-030,80,promotion_driven,60,8.06,True,6
PROMO-030,81,promotion_driven,16,12.4,False,6
PROMO-030,82,promotion_driven,79,8.06,True,6
PROMO-030,83,promotion_driven,18,12.4,False,6
PROMO-030,84,promotion_driven,25,12.4,False,6
PROMO-030,85,promotion_driven,18,12.4,False,6
PROMO-030,86,promotion_driven,32,12.4,False,6
PROMO-030,87,promotion_driven,52,8.06,True,6
PROMO-030,88,promotion_driven,60,8.06,True,6
PROMO-030,89,promotion_driven,20,12.4,False,6
PROMO-030,90,promotion_driven,18,12.4,False,6
PROMO-030,91,promotion_driven,28,12.4,False,6
PROMO-030,92,promotion_driven,23,12.4,False,6
PROMO-030,93,promotion_driven,56,8.06,True,6
PROMO-030,94,promotion_driven,22,12.4,False,6
PROMO-030,95,promotion_driven,68,8.06,True,6
PROMO-030,96,promotion_driven,17,12.4,False,6
PROMO-030,97,promotion_driven,19,12.4,False,6
PROMO-030,98,promotion_driven,19,12.4,False,6
PROMO-030,99,promotion_driven,27,12.4,False,6
PROMO-030,100,promotion_driven,28,12.4,False,6
PROMO-030,101,promotion_driven,19,12.4,False,6
PROMO-030,102,promotion_driven,106,8.06,True,6
PROMO-030,103,promotion_driven,17,12.4,False,6
PROMO-031,0,promotion_driven,8,18.53,False,5
PROMO-031,1,promotion_driven,24,18.53,False,5
PROMO-031,2,promotion_driven,10,18.53,False,5
PROMO-031,3,promotion_driven,26,18.53,False,5
PROMO-031,4,promotion_driven,28,18.53,False,5
PROMO-031,5,promotion_driven,58,14.21,True,5
PROMO-031,6,promotion_driven,11,18.53,False,5
PROMO-031,7,promotion_driven,98,14.21,True,5
PROMO-031,8,promotion_driven,91,14.21,True,5
PROMO-031,9,promotion_driven,9,18.53,False,5
PROMO-031,10,promotion_driven,34,14.21,True,5
PROMO-031,11,promotion_driven,13,18.53,False,5
PROMO-031,12,promotion_driven,134,14.21,True,5
PROMO-031,13,promotion_driven,21,18.53,False,5
PROMO-031,14,promotion_driven,20,18.53,False,5
PROMO-031,15,promotion_driven,13,18.53,False,5
PROMO-031,16,promotion_driven,15,18.53,False,5
PROMO-031,17,promotion_driven,25,18.53,False,5
PROMO-031,18,promotion_driven,54,14.21,True,5
PROMO-031,19,promotion_driven,55,14.21,True,5
PROMO-031,20,promotion_driven,31,18.53,False,5
PROMO-031,21,promotion_driven,17,18.53,False,5
PROMO-031,22,promotion_driven,20,18.53,False,5
PROMO-031,23,promotion_driven,24,18.53,False,5
PROMO-031,24,promotion_driven,25,18.53,False,5
PROMO-031,25,promotion_driven,14,18.53,False,5
PROMO-031,26,promotion_driven,23,18.53,False,5
PROMO-031,27,promotion_driven,15,18.53,False,5
PROMO-031,28,promotion_driven,24,18.53,False,5
PROMO-031,29,promotion_driven,16,18.53,False,5
PROMO-031,30,promotion_driven,33,18.53,False,5
PROMO-031,31,promotion_driven,56,14.21,True,5
PROMO-031,32,promotion_driven,24,18.53,False,5
PROMO-031,33,promotion_driven,16,18.53,False,5
PROMO-031,34,promotion_driven,21,18.53,False,5
PROMO-031,35,promotion_driven,38,18.53,False,5
PROMO-031,36,promotion_driven,105,14.21,True,5
PROMO-031,37,promotion_driven,14,18.53,False,5
PROMO-031,38,promotion_driven,94,14.21,True,5
PROMO-031,39,promotion_driven,18,18.53,False,5
PROMO-031,40,promotion_driven,23,18.53,False,5
PROMO-031,41,promotion_driven,22,18.53,False,5
PROMO-031,42,promotion_driven,17,18.53,False,5
PROMO-031,43,promotion_driven,72,14.21,True,5
PROMO-031,44,promotion_driven,14,18.53,False,5
PROMO-031,45,promotion_driven,14,18.53,False,5
PROMO-031,46,promotion_driven,24,18.53,False,5
PROMO-031,47,promotion_driven,11,18.53,False,5
PROMO-031,48,promotion_driven,115,14.21,True,5
PROMO-031,49,promotion_driven,22,18.53,False,5
PROMO-031,50,promotion_driven,36,14.21,True,5
PROMO-031,51,promotion_driven,18,18.53,False,5
PROMO-031,52,promotion_driven,18,18.53,False,5
PROMO-031,53,promotion_driven,10,18.53,False,5
PROMO-031,54,promotion_driven,30,18.53,False,5
PROMO-031,55,promotion_driven,17,18.53,False,5
PROMO-031,56,promotion_driven,104,14.21,True,5
PROMO-031,57,promotion_driven,14,18.53,False,5
PROMO-031,58,promotion_driven,20,18.53,False,5
PROMO-031,59,promotion_driven,27,18.53,False,5
PROMO-031,60,promotion_driven,77,14.21,True,5
PROMO-031,61,promotion_driven,20,18.53,False,5
PROMO-031,62,promotion_driven,25,18.53,False,5
PROMO-031,63,promotion_driven,17,18.53,False,5
PROMO-031,64,promotion_driven,45,14.21,True,5
PROMO-031,65,promotion_driven,13,18.53,False,5
PROMO-031,66,promotion_driven,17,18.53,False,5
PROMO-031,67,promotion_driven,10,18.53,False,5
PROMO-031,68,promotion_driven,25,18.53,False,5
PROMO-031,69,promotion_driven,101,14.21,True,5
PROMO-031,70,promotion_driven,45,18.53,False,5
PROMO-031,71,promotion_driven,35,18.53,False,5
PROMO-031,72,promotion_driven,25,18.53,False,5
PROMO-031,73,promotion_driven,16,18.53,False,5
PROMO-031,74,promotion_driven,18,18.53,False,5
PROMO-031,75,promotion_driven,32,18.53,False,5
PROMO-031,76,promotion_driven,23,18.53,False,5
PROMO-031,77,promotion_driven,22,18.53,False,5
PROMO-031,78,promotion_driven,20,18.53,False,5
PROMO-031,79,promotion_driven,17,18.53,False,5
PROMO-031,80,promotion_driven,28,18.53,False,5
PROMO-031,81,promotion_driven,126,14.21,True,5
PROMO-031,82,promotion_driven,109,14.21,True,5
PROMO-031,83,promotion_driven,23,18.53,False,5
PROMO-031,84,promotion_driven,23,18.53,False,5
PROMO-031,85,promotion_driven,20,18.53,False,5
PROMO-031,86,promotion_driven,11,18.53,False,5
PROMO-031,87,promotion_driven,22,18.53,False,5
PROMO-031,88,promotion_driven,22,18.53,False,5
PROMO-031,89,promotion_driven,27,18.53,False,5
PROMO-031,90,promotion_driven,90,14.21,True,5
PROMO-031,91,promotion_driven,19,18.53,False,5
PROMO-031,92,promotion_driven,16,18.53,False,5
PROMO-031,93,promotion_driven,151,14.21,True,5
PROMO-031,94,promotion_driven,21,18.53,False,5
PROMO-031,95,promotion_driven,30,18.53,False,5
PROMO-031,96,promotion_driven,22,18.53,False,5
PROMO-031,97,promotion_driven,23,18.53,False,5
PROMO-031,98,promotion_driven,15,18.53,False,5
PROMO-031,99,promotion_driven,60,14.21,True,5
PROMO-031,100,promotion_driven,28,18.53,False,5
PROMO-031,101,promotion_driven,10,18.53,False,5
PROMO-031,102,promotion_driven,22,18.53,False,5
PROMO-031,103,promotion_driven,52,14.21,True,5
PROMO-032,0,promotion_driven,11,14.85,False,4
PROMO-032,1,promotion_driven,11,14.85,False,4
PROMO-032,2,promotion_driven,55,10.68,True,4
PROMO-032,3,promotion_driven,65,10.68,True,4
PROMO-032,4,promotion_driven,10,14.85,False,4
PROMO-032,5,promotion_driven,12,14.85,False,4
PROMO-032,6,promotion_driven,9,14.85,False,4
PROMO-032,7,promotion_driven,59,10.68,True,4
PROMO-032,8,promotion_driven,22,14.85,False,4
PROMO-032,9,promotion_driven,13,14.85,False,4
PROMO-032,10,promotion_driven,14,14.85,False,4
PROMO-032,11,promotion_driven,20,14.85,False,4
PROMO-032,12,promotion_driven,15,14.85,False,4
PROMO-032,13,promotion_driven,15,14.85,False,4
PROMO-032,14,promotion_driven,13,14.85,False,4
PROMO-032,15,promotion_driven,12,14.85,False,4
PROMO-032,16,promotion_driven,9,14.85,False,4
PROMO-032,17,promotion_driven,78,10.68,True,4
PROMO-032,18,promotion_driven,10,14.85,False,4
PROMO-032,19,promotion_driven,11,14.85,False,4
PROMO-032,20,promotion_driven,9,14.85,False,4
PROMO-032,21,promotion_driven,15,14.85,False,4
PROMO-032,22,promotion_driven,12,14.85,False,4
PROMO-032,23,promotion_driven,20,14.85,False,4
PROMO-032,24,promotion_driven,9,14.85,False,4
PROMO-032,25,promotion_driven,25,14.85,False,4
PROMO-032,26,promotion_driven,12,14.85,False,4
PROMO-032,27,promotion_driven,112,10.68,True,4
PROMO-032,28,promotion_driven,13,14.85,False,4
PROMO-032,29,promotion_driven,25,14.85,False,4
PROMO-032,30,promotion_driven,116,10.68,True,4
PROMO-032,31,promotion_driven,17,14.85,False,4
PROMO-032,32,promotion_driven,23,14.85,False,4
PROMO-032,33,promotion_driven,14,14.85,False,4
PROMO-032,34,promotion_driven,110,10.68,True,4
PROMO-032,35,promotion_driven,15,14.85,False,4
PROMO-032,36,promotion_driven,49,10.68,True,4
PROMO-032,37,promotion_driven,19,14.85,False,4
PROMO-032,38,promotion_driven,25,14.85,False,4
PROMO-032,39,promotion_driven,16,14.85,False,4
PROMO-032,40,promotion_driven,19,14.85,False,4
PROMO-032,41,promotion_driven,13,14.85,False,4
PROMO-032,42,promotion_driven,96,10.68,True,4
PROMO-032,43,promotion_driven,126,10.68,True,4
PROMO-032,44,promotion_driven,123,10.68,True,4
PROMO-032,45,promotion_driven,18,14.85,False,4
PROMO-032,46,promotion_driven,72,10.68,True,4
PROMO-032,47,promotion_driven,11,14.85,False,4
PROMO-032,48,promotion_driven,15,14.85,False,4
PROMO-032,49,promotion_driven,18,14.85,False,4
PROMO-032,50,promotion_driven,14,14.85,False,4
PROMO-032,51,promotion_driven,16,14.85,False,4
PROMO-032,52,promotion_driven,75,10.68,True,4
PROMO-032,53,promotion_driven,19,14.85,False,4
PROMO-032,54,promotion_driven,18,14.85,False,4
PROMO-032,55,promotion_driven,9,14.85,False,4
PROMO-032,56,promotion_driven,17,14.85,False,4
PROMO-032,57,promotion_driven,16,14.85,False,4
PROMO-032,58,promotion_driven,17,14.85,False,4
PROMO-032,59,promotion_driven,73,10.68,True,4
PROMO-032,60,promotion_driven,47,10.68,True,4
PROMO-032,61,promotion_driven,17,14.85,False,4
PROMO-032,62,promotion_driven,68,10.68,True,4
PROMO-032,63,promotion_driven,81,10.68,True,4
PROMO-032,64,promotion_driven,12,14.85,False,4
PROMO-032,65,promotion_driven,9,14.85,False,4
PROMO-032,66,promotion_driven,55,10.68,True,4
PROMO-032,67,promotion_driven,43,10.68,True,4
PROMO-032,68,promotion_driven,20,14.85,False,4
PROMO-032,69,promotion_driven,13,14.85,False,4
PROMO-032,70,promotion_driven,78,10.68,True,4
PROMO-032,71,promotion_driven,12,14.85,False,4
PROMO-032,72,promotion_driven,17,14.85,False,4
PROMO-032,73,promotion_driven,16,14.85,False,4
PROMO-032,74,promotion_driven,26,14.85,False,4
PROMO-032,75,promotion_driven,75,10.68,True,4
PROMO-032,76,promotion_driven,18,14.85,False,4
PROMO-032,77,promotion_driven,16,14.85,False,4
PROMO-032,78,promotion_driven,17,14.85,False,4
PROMO-032,79,promotion_driven,15,14.85,False,4
PROMO-032,80,promotion_driven,26,14.85,False,4
PROMO-032,81,promotion_driven,17,14.85,False,4
PROMO-032,82,promotion_driven,14,14.85,False,4
PROMO-032,83,promotion_driven,23,14.85,False,4
PROMO-032,84,promotion_driven,20,14.85,False,4
PROMO-032,85,promotion_driven,81,10.68,True,4
PROMO-032,86,promotion_driven,26,14.85,False,4
PROMO-032,87,promotion_driven,16,14.85,False,4
PROMO-032,88,promotion_driven,24,14.85,False,4
PROMO-032,89,promotion_driven,20,14.85,False,4
PROMO-032,90,promotion_driven,74,10.68,True,4
PROMO-032,91,promotion_driven,18,14.85,False,4
PROMO-032,92,promotion_driven,82,10.68,True,4
PROMO-032,93,promotion_driven,15,14.85,False,4
PROMO-032,94,promotion_driven,14,14.85,False,4
PROMO-032,95,promotion_driven,96,10.68,True,4
PROMO-032,96,promotion_driven,83,10.68,True,4
PROMO-032,97,promotion_driven,15,14.85,False,4
PROMO-032,98,promotion_driven,11,14.85,False,4
PROMO-032,99,promotion_driven,18,14.85,False,4
PROMO-032,100,promotion_driven,75,10.68,True,4
PROMO-032,101,promotion_driven,11,14.85,False,4
PROMO-032,102,promotion_driven,14,14.85,False,4
PROMO-032,103,promotion_driven,18,14.85,False,4
PROMO-033,0,promotion_driven,7,14.96,False,5
PROMO-033,1,promotion_driven,73,11.42,True,5
PROMO-033,2,promotion_driven,19,14.96,False,5
PROMO-033,3,promotion_driven,23,14.96,False,5
PROMO-033,4,promotion_driven,14,14.96,False,5
PROMO-033,5,promotion_driven,26,14.96,False,5
PROMO-033,6,promotion_driven,11,14.96,False,5
PROMO-033,7,promotion_driven,37,11.42,True,5
PROMO-033,8,promotion_driven,133,11.42,True,5
PROMO-033,9,promotion_driven,12,14.96,False,5
PROMO-033,10,promotion_driven,23,14.96,False,5
PROMO-033,11,promotion_driven,80,11.42,True,5
PROMO-033,12,promotion_driven,23,14.96,False,5
PROMO-033,13,promotion_driven,15,14.96,False,5
PROMO-033,14,promotion_driven,16,14.96,False,5
PROMO-033,15,promotion_driven,59,11.42,True,5
PROMO-033,16,promotion_driven,17,14.96,False,5
PROMO-033,17,promotion_driven,27,14.96,False,5
PROMO-033,18,promotion_driven,18,14.96,False,5
PROMO-033,19,promotion_driven,21,14.96,False,5
PROMO-033,20,promotion_driven,17,14.96,False,5
PROMO-033,21,promotion_driven,25,14.96,False,5
PROMO-033,22,promotion_driven,22,14.96,False,5
PROMO-033,23,promotion_driven,33,14.96,False,5
PROMO-033,24,promotion_driven,33,14.96,False,5
PROMO-033,25,promotion_driven,34,14.96,False,5
PROMO-033,26,promotion_driven,22,14.96,False,5
PROMO-033,27,promotion_driven,25,14.96,False,5
PROMO-033,28,promotion_driven,34,14.96,False,5
PROMO-033,29,promotion_driven,27,14.96,False,5
PROMO-033,30,promotion_driven,24,14.96,False,5
PROMO-033,31,promotion_driven,22,14.96,False,5
PROMO-033,32,promotion_driven,23,14.96,False,5
PROMO-033,33,promotion_driven,100,11.42,True,5
PROMO-033,34,promotion_driven,153,11.42,True,5
PROMO-033,35,promotion_driven,119,11.42,True,5
PROMO-033,36,promotion_driven,26,14.96,False,5
PROMO-033,37,promotion_driven,136,11.42,True,5
PROMO-033,38,promotion_driven,39,14.96,False,5
PROMO-033,39,promotion_driven,18,14.96,False,5
PROMO-033,40,promotion_driven,24,14.96,False,5
PROMO-033,41,promotion_driven,101,11.42,True,5
PROMO-033,42,promotion_driven,25,14.96,False,5
PROMO-033,43,promotion_driven,30,14.96,False,5
PROMO-033,44,promotion_driven,17,14.96,False,5
PROMO-033,45,promotion_driven,22,14.96,False,5
PROMO-033,46,promotion_driven,26,14.96,False,5
PROMO-033,47,promotion_driven,18,14.96,False,5
PROMO-033,48,promotion_driven,150,11.42,True,5
PROMO-033,49,promotion_driven,23,14.96,False,5
PROMO-033,50,promotion_driven,13,14.96,False,5
PROMO-033,51,promotion_driven,12,14.96,False,5
PROMO-033,52,promotion_driven,19,14.96,False,5
PROMO-033,53,promotion_driven,80,11.42,True,5
PROMO-033,54,promotion_driven,18,14.96,False,5
PROMO-033,55,promotion_driven,103,11.42,True,5
PROMO-033,56,promotion_driven,9,14.96,False,5
PROMO-033,57,promotion_driven,10,14.96,False,5
PROMO-033,58,promotion_driven,14,14.96,False,5
PROMO-033,59,promotion_driven,20,14.96,False,5
PROMO-033,60,promotion_driven,12,14.96,False,5
PROMO-033,61,promotion_driven,100,11.42,True,5
PROMO-033,62,promotion_driven,15,14.96,False,5
PROMO-033,63,promotion_driven,64,11.42,True,5
PROMO-033,64,promotion_driven,85,11.42,True,5
PROMO-033,65,promotion_driven,21,14.96,False,5
PROMO-033,66,promotion_driven,14,14.96,False,5
PROMO-033,67,promotion_driven,18,14.96,False,5
PROMO-033,68,promotion_driven,20,14.96,False,5
PROMO-033,69,promotion_driven,15,14.96,False,5
PROMO-033,70,promotion_driven,31,14.96,False,5
PROMO-033,71,promotion_driven,16,14.96,False,5
PROMO-033,72,promotion_driven,34,14.96,False,5
PROMO-033,73,promotion_driven,15,14.96,False,5
PROMO-033,74,promotion_driven,152,11.42,True,5
PROMO-033,75,promotion_driven,34,14.96,False,5
PROMO-033,76,promotion_driven,28,14.96,False,5
PROMO-033,77,promotion_driven,19,14.96,False,5
PROMO-033,78,promotion_driven,153,11.42,True,5
PROMO-033,79,promotion_driven,82,11.42,True,5
PROMO-033,80,promotion_driven,21,14.96,False,5
PROMO-033,81,promotion_driven,15,14.96,False,5
PROMO-033,82,promotion_driven,32,14.96,False,5
PROMO-033,83,promotion_driven,121,11.42,True,5
PROMO-033,84,promotion_driven,57,14.96,False,5
PROMO-033,85,promotion_driven,23,14.96,False,5
PROMO-033,86,promotion_driven,25,14.96,False,5
PROMO-033,87,promotion_driven,34,14.96,False,5
PROMO-033,88,promotion_driven,21,14.96,False,5
PROMO-033,89,promotion_driven,41,14.96,False,5
PROMO-033,90,promotion_driven,24,14.96,False,5
PROMO-033,91,promotion_driven,152,11.42,True,5
PROMO-033,92,promotion_driven,24,14.96,False,5
PROMO-033,93,promotion_driven,29,14.96,False,5
PROMO-033,94,promotion_driven,80,11.42,True,5
PROMO-033,95,promotion_driven,101,11.42,True,5
PROMO-033,96,promotion_driven,111,11.42,True,5
PROMO-033,97,promotion_driven,22,14.96,False,5
PROMO-033,98,promotion_driven,18,14.96,False,5
PROMO-033,99,promotion_driven,14,14.96,False,5
PROMO-033,100,promotion_driven,18,14.96,False,5
PROMO-033,101,promotion_driven,30,14.96,False,5
PROMO-033,102,promotion_driven,19,14.96,False,5
PROMO-033,103,promotion_driven,125,11.42,True,5
PROMO-034,0,promotion_driven,25,19.93,False,5
PROMO-034,1,promotion_driven,39,19.93,False,5
PROMO-034,2,promotion_driven,41,19.93,False,5
PROMO-034,3,promotion_driven,168,13.67,True,5
PROMO-034,4,promotion_driven,30,19.93,False,5
PROMO-034,5,promotion_driven,19,19.93,False,5
PROMO-034,6,promotion_driven,39,19.93,False,5
PROMO-034,7,promotion_driven,31,19.93,False,5
PROMO-034,8,promotion_driven,23,19.93,False,5
PROMO-034,9,promotion_driven,189,13.67,True,5
PROMO-034,10,promotion_driven,29,19.93,False,5
PROMO-034,11,promotion_driven,26,19.93,False,5
PROMO-034,12,promotion_driven,33,19.93,False,5
PROMO-034,13,promotion_driven,32,19.93,False,5
PROMO-034,14,promotion_driven,35,19.93,False,5
PROMO-034,15,promotion_driven,35,19.93,False,5
PROMO-034,16,promotion_driven,46,19.93,False,5
PROMO-034,17,promotion_driven,42,19.93,False,5
PROMO-034,18,promotion_driven,95,13.67,True,5
PROMO-034,19,promotion_driven,39,19.93,False,5
PROMO-034,20,promotion_driven,21,19.93,False,5
PROMO-034,21,promotion_driven,32,19.93,False,5
PROMO-034,22,promotion_driven,16,19.93,False,5
PROMO-034,23,promotion_driven,39,19.93,False,5
PROMO-034,24,promotion_driven,25,19.93,False,5
PROMO-034,25,promotion_driven,11,19.93,False,5
PROMO-034,26,promotion_driven,13,19.93,False,5
PROMO-034,27,promotion_driven,106,13.67,True,5
PROMO-034,28,promotion_driven,31,19.93,False,5
PROMO-034,29,promotion_driven,36,19.93,False,5
PROMO-034,30,promotion_driven,29,19.93,False,5
PROMO-034,31,promotion_driven,111,13.67,True,5
PROMO-034,32,promotion_driven,68,13.67,True,5
PROMO-034,33,promotion_driven,56,13.67,True,5
PROMO-034,34,promotion_driven,12,19.93,False,5
PROMO-034,35,promotion_driven,11,19.93,False,5
PROMO-034,36,promotion_driven,130,13.67,True,5
PROMO-034,37,promotion_driven,21,19.93,False,5
PROMO-034,38,promotion_driven,120,13.67,True,5
PROMO-034,39,promotion_driven,27,19.93,False,5
PROMO-034,40,promotion_driven,24,19.93,False,5
PROMO-034,41,promotion_driven,36,19.93,False,5
PROMO-034,42,promotion_driven,11,19.93,False,5
PROMO-034,43,promotion_driven,28,19.93,False,5
PROMO-034,44,promotion_driven,26,19.93,False,5
PROMO-034,45,promotion_driven,26,19.93,False,5
PROMO-034,46,promotion_driven,39,19.93,False,5
PROMO-034,47,promotion_driven,31,19.93,False,5
PROMO-034,48,promotion_driven,37,19.93,False,5
PROMO-034,49,promotion_driven,29,19.93,False,5
PROMO-034,50,promotion_driven,119,13.67,True,5
PROMO-034,51,promotion_driven,31,19.93,False,5
PROMO-034,52,promotion_driven,12,19.93,False,5
PROMO-034,53,promotion_driven,78,19.93,False,5
PROMO-034,54,promotion_driven,25,19.93,False,5
PROMO-034,55,promotion_driven,14,19.93,False,5
PROMO-034,56,promotion_driven,33,19.93,False,5
PROMO-034,57,promotion_driven,27,19.93,False,5
PROMO-034,58,promotion_driven,28,19.93,False,5
PROMO-034,59,promotion_driven,29,19.93,False,5
PROMO-034,60,promotion_driven,39,19.93,False,5
PROMO-034,61,promotion_driven,32,19.93,False,5
PROMO-034,62,promotion_driven,44,19.93,False,5
PROMO-034,63,promotion_driven,58,19.93,False,5
PROMO-034,64,promotion_driven,54,19.93,False,5
PROMO-034,65,promotion_driven,45,19.93,False,5
PROMO-034,66,promotion_driven,113,13.67,True,5
PROMO-034,67,promotion_driven,33,19.93,False,5
PROMO-034,68,promotion_driven,49,19.93,False,5
PROMO-034,69,promotion_driven,21,19.93,False,5
PROMO-034,70,promotion_driven,139,13.67,True,5
PROMO-034,71,promotion_driven,45,19.93,False,5
PROMO-034,72,promotion_driven,20,19.93,False,5
PROMO-034,73,promotion_driven,29,19.93,False,5
PROMO-034,74,promotion_driven,25,19.93,False,5
PROMO-034,75,promotion_driven,27,19.93,False,5
PROMO-034,76,promotion_driven,43,19.93,False,5
PROMO-034,77,promotion_driven,30,19.93,False,5
PROMO-034,78,promotion_driven,27,19.93,False,5
PROMO-034,79,promotion_driven,32,19.93,False,5
PROMO-034,80,promotion_driven,34,19.93,False,5
PROMO-034,81,promotion_driven,24,19.93,False,5
PROMO-034,82,promotion_driven,22,19.93,False,5
PROMO-034,83,promotion_driven,28,19.93,False,5
PROMO-034,84,promotion_driven,12,19.93,False,5
PROMO-034,85,promotion_driven,30,19.93,False,5
PROMO-034,86,promotion_driven,20,19.93,False,5
PROMO-034,87,promotion_driven,24,19.93,False,5
PROMO-034,88,promotion_driven,14,19.93,False,5
PROMO-034,89,promotion_driven,29,19.93,False,5
PROMO-034,90,promotion_driven,28,19.93,False,5
PROMO-034,91,promotion_driven,18,19.93,False,5
PROMO-034,92,promotion_driven,37,19.93,False,5
PROMO-034,93,promotion_driven,131,13.67,True,5
PROMO-034,94,promotion_driven,30,19.93,False,5
PROMO-034,95,promotion_driven,70,13.67,True,5
PROMO-034,96,promotion_driven,27,19.93,False,5
PROMO-034,97,promotion_driven,16,19.93,False,5
PROMO-034,98,promotion_driven,28,19.93,False,5
PROMO-034,99,promotion_driven,9,19.93,False,5
PROMO-034,100,promotion_driven,44,19.93,False,5
PROMO-034,101,promotion_driven,43,19.93,False,5
PROMO-034,102,promotion_driven,32,19.93,False,5
PROMO-034,103,promotion_driven,40,19.93,False,5
PROMO-035,0,promotion_driven,69,12.93,True,6
PROMO-035,1,promotion_driven,17,17.75,False,6
PROMO-035,2,promotion_driven,52,12.93,True,6
PROMO-035,3,promotion_driven,20,17.75,False,6
PROMO-035,4,promotion_driven,19,17.75,False,6
PROMO-035,5,promotion_driven,14,17.75,False,6
PROMO-035,6,promotion_driven,23,17.75,False,6
PROMO-035,7,promotion_driven,21,17.75,False,6
PROMO-035,8,promotion_driven,19,17.75,False,6
PROMO-035,9,promotion_driven,7,17.75,False,6
PROMO-035,10,promotion_driven,87,12.93,True,6
PROMO-035,11,promotion_driven,17,17.75,False,6
PROMO-035,12,promotion_driven,29,17.75,False,6
PROMO-035,13,promotion_driven,22,17.75,False,6
PROMO-035,14,promotion_driven,20,17.75,False,6
PROMO-035,15,promotion_driven,18,17.75,False,6
PROMO-035,16,promotion_driven,36,17.75,False,6
PROMO-035,17,promotion_driven,28,17.75,False,6
PROMO-035,18,promotion_driven,24,17.75,False,6
PROMO-035,19,promotion_driven,34,17.75,False,6
PROMO-035,20,promotion_driven,21,17.75,False,6
PROMO-035,21,promotion_driven,32,17.75,False,6
PROMO-035,22,promotion_driven,30,17.75,False,6
PROMO-035,23,promotion_driven,119,12.93,True,6
PROMO-035,24,promotion_driven,86,12.93,True,6
PROMO-035,25,promotion_driven,28,17.75,False,6
PROMO-035,26,promotion_driven,34,17.75,False,6
PROMO-035,27,promotion_driven,30,17.75,False,6
PROMO-035,28,promotion_driven,126,12.93,True,6
PROMO-035,29,promotion_driven,99,12.93,True,6
PROMO-035,30,promotion_driven,23,17.75,False,6
PROMO-035,31,promotion_driven,97,12.93,True,6
PROMO-035,32,promotion_driven,27,17.75,False,6
PROMO-035,33,promotion_driven,14,17.75,False,6
PROMO-035,34,promotion_driven,21,17.75,False,6
PROMO-035,35,promotion_driven,29,17.75,False,6
PROMO-035,36,promotion_driven,25,17.75,False,6
PROMO-035,37,promotion_driven,21,17.75,False,6
PROMO-035,38,promotion_driven,121,12.93,True,6
PROMO-035,39,promotion_driven,28,17.75,False,6
PROMO-035,40,promotion_driven,17,17.75,False,6
PROMO-035,41,promotion_driven,17,17.75,False,6
PROMO-035,42,promotion_driven,22,17.75,False,6
PROMO-035,43,promotion_driven,17,17.75,False,6
PROMO-035,44,promotion_driven,17,17.75,False,6
PROMO-035,45,promotion_driven,12,17.75,False,6
PROMO-035,46,promotion_driven,18,17.75,False,6
PROMO-035,47,promotion_driven,33,17.75,False,6
PROMO-035,48,promotion_driven,12,17.75,False,6
PROMO-035,49,promotion_driven,100,12.93,True,6
PROMO-035,50,promotion_driven,36,12.93,True,6
PROMO-035,51,promotion_driven,16,17.75,False,6
PROMO-035,52,promotion_driven,14,17.75,False,6
PROMO-035,53,promotion_driven,20,17.75,False,6
PROMO-035,54,promotion_driven,85,12.93,True,6
PROMO-035,55,promotion_driven,18,17.75,False,6
PROMO-035,56,promotion_driven,17,17.75,False,6
PROMO-035,57,promotion_driven,22,17.75,False,6
PROMO-035,58,promotion_driven,12,17.75,False,6
PROMO-035,59,promotion_driven,20,17.75,False,6
PROMO-035,60,promotion_driven,19,17.75,False,6
PROMO-035,61,promotion_driven,16,17.75,False,6
PROMO-035,62,promotion_driven,14,17.75,False,6
PROMO-035,63,promotion_driven,22,17.75,False,6
PROMO-035,64,promotion_driven,22,17.75,False,6
PROMO-035,65,promotion_driven,92,12.93,True,6
PROMO-035,66,promotion_driven,23,17.75,False,6
PROMO-035,67,promotion_driven,34,17.75,False,6
PROMO-035,68,promotion_driven,55,12.93,True,6
PROMO-035,69,promotion_driven,22,17.75,False,6
PROMO-035,70,promotion_driven,33,17.75,False,6
PROMO-035,71,promotion_driven,28,17.75,False,6
PROMO-035,72,promotion_driven,105,12.93,True,6
PROMO-035,73,promotion_driven,39,17.75,False,6
PROMO-035,74,promotion_driven,29,17.75,False,6
PROMO-035,75,promotion_driven,26,17.75,False,6
PROMO-035,76,promotion_driven,92,12.93,True,6
PROMO-035,77,promotion_driven,33,17.75,False,6
PROMO-035,78,promotion_driven,28,17.75,False,6
PROMO-035,79,promotion_driven,102,12.93,True,6
PROMO-035,80,promotion_driven,35,17.75,False,6
PROMO-035,81,promotion_driven,20,17.75,False,6
PROMO-035,82,promotion_driven,20,17.75,False,6
PROMO-035,83,promotion_driven,41,17.75,False,6
PROMO-035,84,promotion_driven,110,12.93,True,6
PROMO-035,85,promotion_driven,20,17.75,False,6
PROMO-035,86,promotion_driven,16,17.75,False,6
PROMO-035,87,promotion_driven,76,12.93,True,6
PROMO-035,88,promotion_driven,84,12.93,True,6
PROMO-035,89,promotion_driven,98,12.93,True,6
PROMO-035,90,promotion_driven,22,17.75,False,6
PROMO-035,91,promotion_driven,20,17.75,False,6
PROMO-035,92,promotion_driven,18,17.75,False,6
PROMO-035,93,promotion_driven,26,17.75,False,6
PROMO-035,94,promotion_driven,26,17.75,False,6
PROMO-035,95,promotion_driven,17,17.75,False,6
PROMO-035,96,promotion_driven,20,17.75,False,6
PROMO-035,97,promotion_driven,25,17.75,False,6
PROMO-035,98,promotion_driven,22,17.75,False,6
PROMO-035,99,promotion_driven,76,12.93,True,6
PROMO-035,100,promotion_driven,20,17.75,False,6
PROMO-035,101,promotion_driven,17,17.75,False,6
PROMO-035,102,promotion_driven,22,17.75,False,6
PROMO-035,103,promotion_driven,22,17.75,False,6
PROMO-036,0,promotion_driven,145,12.72,True,5
PROMO-036,1,promotion_driven,25,19.15,False,5
PROMO-036,2,promotion_driven,25,19.15,False,5
PROMO-036,3,promotion_driven,27,19.15,False,5
PROMO-036,4,promotion_driven,29,19.15,False,5
PROMO-036,5,promotion_driven,13,19.15,False,5
PROMO-036,6,promotion_driven,69,12.72,True,5
PROMO-036,7,promotion_driven,20,19.15,False,5
PROMO-036,8,promotion_driven,13,19.15,False,5
PROMO-036,9,promotion_driven,16,19.15,False,5
PROMO-036,10,promotion_driven,15,19.15,False,5
PROMO-036,11,promotion_driven,24,19.15,False,5
PROMO-036,12,promotion_driven,16,19.15,False,5
PROMO-036,13,promotion_driven,16,19.15,False,5
PROMO-036,14,promotion_driven,11,19.15,False,5
PROMO-036,15,promotion_driven,18,19.15,False,5
PROMO-036,16,promotion_driven,22,19.15,False,5
PROMO-036,17,promotion_driven,26,19.15,False,5
PROMO-036,18,promotion_driven,25,19.15,False,5
PROMO-036,19,promotion_driven,24,19.15,False,5
PROMO-036,20,promotion_driven,22,19.15,False,5
PROMO-036,21,promotion_driven,25,19.15,False,5
PROMO-036,22,promotion_driven,22,19.15,False,5
PROMO-036,23,promotion_driven,33,19.15,False,5
PROMO-036,24,promotion_driven,25,19.15,False,5
PROMO-036,25,promotion_driven,35,19.15,False,5
PROMO-036,26,promotion_driven,20,19.15,False,5
PROMO-036,27,promotion_driven,14,19.15,False,5
PROMO-036,28,promotion_driven,26,19.15,False,5
PROMO-036,29,promotion_driven,35,19.15,False,5
PROMO-036,30,promotion_driven,36,19.15,False,5
PROMO-036,31,promotion_driven,23,19.15,False,5
PROMO-036,32,promotion_driven,18,19.15,False,5
PROMO-036,33,promotion_driven,31,19.15,False,5
PROMO-036,34,promotion_driven,22,19.15,False,5
PROMO-036,35,promotion_driven,25,19.15,False,5
PROMO-036,36,promotion_driven,16,19.15,False,5
PROMO-036,37,promotion_driven,20,19.15,False,5
PROMO-036,38,promotion_driven,33,19.15,False,5
PROMO-036,39,promotion_driven,33,19.15,False,5
PROMO-036,40,promotion_driven,34,19.15,False,5
PROMO-036,41,promotion_driven,27,19.15,False,5
PROMO-036,42,promotion_driven,115,12.72,True,5
PROMO-036,43,promotion_driven,33,19.15,False,5
PROMO-036,44,promotion_driven,44,19.15,False,5
PROMO-036,45,promotion_driven,22,19.15,False,5
PROMO-036,46,promotion_driven,26,19.15,False,5
PROMO-036,47,promotion_driven,21,19.15,False,5
PROMO-036,48,promotion_driven,22,19.15,False,5
PROMO-036,49,promotion_driven,23,19.15,False,5
PROMO-036,50,promotion_driven,11,19.15,False,5
PROMO-036,51,promotion_driven,13,19.15,False,5
PROMO-036,52,promotion_driven,25,19.15,False,5
PROMO-036,53,promotion_driven,78,12.72,True,5
PROMO-036,54,promotion_driven,23,19.15,False,5
PROMO-036,55,promotion_driven,69,12.72,True,5
PROMO-036,56,promotion_driven,29,19.15,False,5
PROMO-036,57,promotion_driven,104,12.72,True,5
PROMO-036,58,promotion_driven,26,19.15,False,5
PROMO-036,59,promotion_driven,23,19.15,False,5
PROMO-036,60,promotion_driven,33,19.15,False,5
PROMO-036,61,promotion_driven,15,19.15,False,5
PROMO-036,62,promotion_driven,21,19.15,False,5
PROMO-036,63,promotion_driven,20,19.15,False,5
PROMO-036,64,promotion_driven,17,19.15,False,5
PROMO-036,65,promotion_driven,22,19.15,False,5
PROMO-036,66,promotion_driven,27,19.15,False,5
PROMO-036,67,promotion_driven,18,19.15,False,5
PROMO-036,68,promotion_driven,17,19.15,False,5
PROMO-036,69,promotion_driven,29,19.15,False,5
PROMO-036,70,promotion_driven,17,19.15,False,5
PROMO-036,71,promotion_driven,116,12.72,True,5
PROMO-036,72,promotion_driven,21,19.15,False,5
PROMO-036,73,promotion_driven,24,19.15,False,5
PROMO-036,74,promotion_driven,24,19.15,False,5
PROMO-036,75,promotion_driven,26,19.15,False,5
PROMO-036,76,promotion_driven,120,12.72,True,5
PROMO-036,77,promotion_driven,136,12.72,True,5
PROMO-036,78,promotion_driven,86,12.72,True,5
PROMO-036,79,promotion_driven,12,19.15,False,5
PROMO-036,80,promotion_driven,28,19.15,False,5
PROMO-036,81,promotion_driven,17,19.15,False,5
PROMO-036,82,promotion_driven,24,19.15,False,5
PROMO-036,83,promotion_driven,122,12.72,True,5
PROMO-036,84,promotion_driven,34,19.15,False,5
PROMO-036,85,promotion_driven,18,19.15,False,5
PROMO-036,86,promotion_driven,24,19.15,False,5
PROMO-036,87,promotion_driven,22,19.15,False,5
PROMO-036,88,promotion_driven,37,19.15,False,5
PROMO-036,89,promotion_driven,38,19.15,False,5
PROMO-036,90,promotion_driven,20,19.15,False,5
PROMO-036,91,promotion_driven,13,19.15,False,5
PROMO-036,92,promotion_driven,20,19.15,False,5
PROMO-036,93,promotion_driven,19,19.15,False,5
PROMO-036,94,promotion_driven,38,19.15,False,5
PROMO-036,95,promotion_driven,17,19.15,False,5
PROMO-036,96,promotion_driven,34,19.15,False,5
PROMO-036,97,promotion_driven,26,19.15,False,5
PROMO-036,98,promotion_driven,41,19.15,False,5
PROMO-036,99,promotion_driven,101,12.72,True,5
PROMO-036,100,promotion_driven,24,19.15,False,5
PROMO-036,101,promotion_driven,123,12.72,True,5
PROMO-036,102,promotion_driven,31,19.15,False,5
PROMO-036,103,promotion_driven,27,19.15,False,5
PROMO-037,0,promotion_driven,24,21.99,False,4
PROMO-037,1,promotion_driven,30,21.99,False,4
PROMO-037,2,promotion_driven,20,21.99,False,4
PROMO-037,3,promotion_driven,30,21.99,False,4
PROMO-037,4,promotion_driven,23,21.99,False,4
PROMO-037,5,promotion_driven,27,21.99,False,4
PROMO-037,6,promotion_driven,24,21.99,False,4
PROMO-037,7,promotion_driven,24,21.99,False,4
PROMO-037,8,promotion_driven,20,21.99,False,4
PROMO-037,9,promotion_driven,25,21.99,False,4
PROMO-037,10,promotion_driven,26,21.99,False,4
PROMO-037,11,promotion_driven,33,21.99,False,4
PROMO-037,12,promotion_driven,22,21.99,False,4
PROMO-037,13,promotion_driven,38,21.99,False,4
PROMO-037,14,promotion_driven,52,21.99,False,4
PROMO-037,15,promotion_driven,32,21.99,False,4
PROMO-037,16,promotion_driven,39,21.99,False,4
PROMO-037,17,promotion_driven,182,16.33,True,4
PROMO-037,18,promotion_driven,35,21.99,False,4
PROMO-037,19,promotion_driven,23,21.99,False,4
PROMO-037,20,promotion_driven,31,21.99,False,4
PROMO-037,21,promotion_driven,208,16.33,True,4
PROMO-037,22,promotion_driven,27,21.99,False,4
PROMO-037,23,promotion_driven,31,21.99,False,4
PROMO-037,24,promotion_driven,45,21.99,False,4
PROMO-037,25,promotion_driven,36,21.99,False,4
PROMO-037,26,promotion_driven,36,21.99,False,4
PROMO-037,27,promotion_driven,141,16.33,True,4
PROMO-037,28,promotion_driven,183,16.33,True,4
PROMO-037,29,promotion_driven,35,21.99,False,4
PROMO-037,30,promotion_driven,191,16.33,True,4
PROMO-037,31,promotion_driven,39,21.99,False,4
PROMO-037,32,promotion_driven,30,21.99,False,4
PROMO-037,33,promotion_driven,162,16.33,True,4
PROMO-037,34,promotion_driven,193,16.33,True,4
PROMO-037,35,promotion_driven,30,21.99,False,4
PROMO-037,36,promotion_driven,38,21.99,False,4
PROMO-037,37,promotion_driven,122,16.33,True,4
PROMO-037,38,promotion_driven,41,21.99,False,4
PROMO-037,39,promotion_driven,34,21.99,False,4
PROMO-037,40,promotion_driven,23,21.99,False,4
PROMO-037,41,promotion_driven,27,21.99,False,4
PROMO-037,42,promotion_driven,26,21.99,False,4
PROMO-037,43,promotion_driven,37,21.99,False,4
PROMO-037,44,promotion_driven,27,21.99,False,4
PROMO-037,45,promotion_driven,138,16.33,True,4
PROMO-037,46,promotion_driven,18,21.99,False,4
PROMO-037,47,promotion_driven,134,16.33,True,4
PROMO-037,48,promotion_driven,26,21.99,False,4
PROMO-037,49,promotion_driven,21,21.99,False,4
PROMO-037,50,promotion_driven,26,21.99,False,4
PROMO-037,51,promotion_driven,24,21.99,False,4
PROMO-037,52,promotion_driven,32,21.99,False,4
PROMO-037,53,promotion_driven,17,21.99,False,4
PROMO-037,54,promotion_driven,24,21.99,False,4
PROMO-037,55,promotion_driven,149,16.33,True,4
PROMO-037,56,promotion_driven,177,16.33,True,4
PROMO-037,57,promotion_driven,27,21.99,False,4
PROMO-037,58,promotion_driven,32,21.99,False,4
PROMO-037,59,promotion_driven,31,21.99,False,4
PROMO-037,60,promotion_driven,34,21.99,False,4
PROMO-037,61,promotion_driven,42,21.99,False,4
PROMO-037,62,promotion_driven,61,21.99,False,4
PROMO-037,63,promotion_driven,45,21.99,False,4
PROMO-037,64,promotion_driven,27,21.99,False,4
PROMO-037,65,promotion_driven,42,21.99,False,4
PROMO-037,66,promotion_driven,28,21.99,False,4
PROMO-037,67,promotion_driven,44,21.99,False,4
PROMO-037,68,promotion_driven,34,21.99,False,4
PROMO-037,69,promotion_driven,209,16.33,True,4
PROMO-037,70,promotion_driven,28,21.99,False,4
PROMO-037,71,promotion_driven,30,21.99,False,4
PROMO-037,72,promotion_driven,119,16.33,True,4
PROMO-037,73,promotion_driven,21,21.99,False,4
PROMO-037,74,promotion_driven,36,21.99,False,4
PROMO-037,75,promotion_driven,174,16.33,True,4
PROMO-037,76,promotion_driven,37,21.99,False,4
PROMO-037,77,promotion_driven,28,21.99,False,4
PROMO-037,78,promotion_driven,30,21.99,False,4
PROMO-037,79,promotion_driven,24,21.99,False,4
PROMO-037,80,promotion_driven,172,16.33,True,4
PROMO-037,81,promotion_driven,39,21.99,False,4
PROMO-037,82,promotion_driven,172,16.33,True,4
PROMO-037,83,promotion_driven,26,21.99,False,4
PROMO-037,84,promotion_driven,30,21.99,False,4
PROMO-037,85,promotion_driven,28,21.99,False,4
PROMO-037,86,promotion_driven,22,21.99,False,4
PROMO-037,87,promotion_driven,39,21.99,False,4
PROMO-037,88,promotion_driven,23,21.99,False,4
PROMO-037,89,promotion_driven,198,16.33,True,4
PROMO-037,90,promotion_driven,34,21.99,False,4
PROMO-037,91,promotion_driven,88,16.33,True,4
PROMO-037,92,promotion_driven,20,21.99,False,4
PROMO-037,93,promotion_driven,23,21.99,False,4
PROMO-037,94,promotion_driven,96,16.33,True,4
PROMO-037,95,promotion_driven,33,21.99,False,4
PROMO-037,96,promotion_driven,21,21.99,False,4
PROMO-037,97,promotion_driven,19,21.99,False,4
PROMO-037,98,promotion_driven,33,21.99,False,4
PROMO-037,99,promotion_driven,23,21.99,False,4
PROMO-037,100,promotion_driven,25,21.99,False,4
PROMO-037,101,promotion_driven,20,21.99,False,4
PROMO-037,102,promotion_driven,21,21.99,False,4
PROMO-037,103,promotion_driven,27,21.99,False,4
PROMO-038,0,promotion_driven,17,26.57,False,6
PROMO-038,1,promotion_driven,60,18.11,True,6
PROMO-038,2,promotion_driven,21,26.57,False,6
PROMO-038,3,promotion_driven,19,26.57,False,6
PROMO-038,4,promotion_driven,16,26.57,False,6
PROMO-038,5,promotion_driven,59,18.11,True,6
PROMO-038,6,promotion_driven,13,26.57,False,6
PROMO-038,7,promotion_driven,13,26.57,False,6
PROMO-038,8,promotion_driven,67,18.11,True,6
PROMO-038,9,promotion_driven,20,26.57,False,6
PROMO-038,10,promotion_driven,17,26.57,False,6
PROMO-038,11,promotion_driven,21,26.57,False,6
PROMO-038,12,promotion_driven,65,18.11,True,6
PROMO-038,13,promotion_driven,72,18.11,True,6
PROMO-038,14,promotion_driven,22,26.57,False,6
PROMO-038,15,promotion_driven,25,26.57,False,6
PROMO-038,16,promotion_driven,21,26.57,False,6
PROMO-038,17,promotion_driven,18,26.57,False,6
PROMO-038,18,promotion_driven,19,26.57,False,6
PROMO-038,19,promotion_driven,16,26.57,False,6
PROMO-038,20,promotion_driven,30,26.57,False,6
PROMO-038,21,promotion_driven,24,26.57,False,6
PROMO-038,22,promotion_driven,16,26.57,False,6
PROMO-038,23,promotion_driven,26,26.57,False,6
PROMO-038,24,promotion_driven,23,26.57,False,6
PROMO-038,25,promotion_driven,22,26.57,False,6
PROMO-038,26,promotion_driven,21,26.57,False,6
PROMO-038,27,promotion_driven,24,26.57,False,6
PROMO-038,28,promotion_driven,25,26.57,False,6
PROMO-038,29,promotion_driven,28,26.57,False,6
PROMO-038,30,promotion_driven,105,18.11,True,6
PROMO-038,31,promotion_driven,39,26.57,False,6
PROMO-038,32,promotion_driven,34,26.57,False,6
PROMO-038,33,promotion_driven,20,26.57,False,6
PROMO-038,34,promotion_driven,26,26.57,False,6
PROMO-038,35,promotion_driven,33,26.57,False,6
PROMO-038,36,promotion_driven,29,26.57,False,6
PROMO-038,37,promotion_driven,90,18.11,True,6
PROMO-038,38,promotion_driven,76,18.11,True,6
PROMO-038,39,promotion_driven,26,26.57,False,6
PROMO-038,40,promotion_driven,30,26.57,False,6
PROMO-038,41,promotion_driven,30,26.57,False,6
PROMO-038,42,promotion_driven,34,26.57,False,6
PROMO-038,43,promotion_driven,27,26.57,False,6
PROMO-038,44,promotion_driven,36,26.57,False,6
PROMO-038,45,promotion_driven,23,26.57,False,6
PROMO-038,46,promotion_driven,27,26.57,False,6
PROMO-038,47,promotion_driven,21,26.57,False,6
PROMO-038,48,promotion_driven,84,18.11,True,6
PROMO-038,49,promotion_driven,21,26.57,False,6
PROMO-038,50,promotion_driven,21,26.57,False,6
PROMO-038,51,promotion_driven,18,26.57,False,6
PROMO-038,52,promotion_driven,18,26.57,False,6
PROMO-038,53,promotion_driven,91,18.11,True,6
PROMO-038,54,promotion_driven,22,26.57,False,6
PROMO-038,55,promotion_driven,23,26.57,False,6
PROMO-038,56,promotion_driven,20,26.57,False,6
PROMO-038,57,promotion_driven,19,26.57,False,6
PROMO-038,58,promotion_driven,25,26.57,False,6
PROMO-038,59,promotion_driven,13,26.57,False,6
PROMO-038,60,promotion_driven,18,26.57,False,6
PROMO-038,61,promotion_driven,12,26.57,False,6
PROMO-038,62,promotion_driven,15,26.57,False,6
PROMO-038,63,promotion_driven,12,26.57,False,6
PROMO-038,64,promotion_driven,23,26.57,False,6
PROMO-038,65,promotion_driven,15,26.57,False,6
PROMO-038,66,promotion_driven,23,26.57,False,6
PROMO-038,67,promotion_driven,21,26.57,False,6
PROMO-038,68,promotion_driven,28,26.57,False,6
PROMO-038,69,promotion_driven,67,18.11,True,6
PROMO-038,70,promotion_driven,25,26.57,False,6
PROMO-038,71,promotion_driven,20,26.57,False,6
PROMO-038,72,promotion_driven,23,26.57,False,6
PROMO-038,73,promotion_driven,21,26.57,False,6
PROMO-038,74,promotion_driven,21,26.57,False,6
PROMO-038,75,promotion_driven,23,26.57,False,6
PROMO-038,76,promotion_driven,31,26.57,False,6
PROMO-038,77,promotion_driven,71,18.11,True,6
PROMO-038,78,promotion_driven,31,26.57,False,6
PROMO-038,79,promotion_driven,31,26.57,False,6
PROMO-038,80,promotion_driven,36,26.57,False,6
PROMO-038,81,promotion_driven,30,26.57,False,6
PROMO-038,82,promotion_driven,78,18.11,True,6
PROMO-038,83,promotion_driven,20,26.57,False,6
PROMO-038,84,promotion_driven,27,26.57,False,6
PROMO-038,85,promotion_driven,28,26.57,False,6
PROMO-038,86,promotion_driven,103,18.11,True,6
PROMO-038,87,promotion_driven,35,26.57,False,6
PROMO-038,88,promotion_driven,23,26.57,False,6
PROMO-038,89,promotion_driven,131,18.11,True,6
PROMO-038,90,promotion_driven,27,26.57,False,6
PROMO-038,91,promotion_driven,34,26.57,False,6
PROMO-038,92,promotion_driven,21,26.57,False,6
PROMO-038,93,promotion_driven,21,26.57,False,6
PROMO-038,94,promotion_driven,31,26.57,False,6
PROMO-038,95,promotion_driven,103,18.11,True,6
PROMO-038,96,promotion_driven,17,26.57,False,6
PROMO-038,97,promotion_driven,27,26.57,False,6
PROMO-038,98,promotion_driven,16,26.57,False,6
PROMO-038,99,promotion_driven,24,26.57,False,6
PROMO-038,100,promotion_driven,23,26.57,False,6
PROMO-038,101,promotion_driven,18,26.57,False,6
PROMO-038,102,promotion_driven,24,26.57,False,6
PROMO-038,103,promotion_driven,24,26.57,False,6
PROMO-039,0,promotion_driven,88,22.49,True,6
PROMO-039,1,promotion_driven,39,29.0,False,6
PROMO-039,2,promotion_driven,47,29.0,False,6
PROMO-039,3,promotion_driven,28,29.0,False,6
PROMO-039,4,promotion_driven,29,29.0,False,6
PROMO-039,5,promotion_driven,77,22.49,True,6
PROMO-039,6,promotion_driven,23,29.0,False,6
PROMO-039,7,promotion_driven,31,29.0,False,6
PROMO-039,8,promotion_driven,83,22.49,True,6
PROMO-039,9,promotion_driven,21,29.0,False,6
PROMO-039,10,promotion_driven,33,29.0,False,6
PROMO-039,11,promotion_driven,19,29.0,False,6
PROMO-039,12,promotion_driven,20,29.0,False,6
PROMO-039,13,promotion_driven,36,29.0,False,6
PROMO-039,14,promotion_driven,19,29.0,False,6
PROMO-039,15,promotion_driven,24,29.0,False,6
PROMO-039,16,promotion_driven,30,29.0,False,6
PROMO-039,17,promotion_driven,26,29.0,False,6
PROMO-039,18,promotion_driven,14,29.0,False,6
PROMO-039,19,promotion_driven,48,22.49,True,6
PROMO-039,20,promotion_driven,38,29.0,False,6
PROMO-039,21,promotion_driven,60,22.49,True,6
PROMO-039,22,promotion_driven,21,29.0,False,6
PROMO-039,23,promotion_driven,24,29.0,False,6
PROMO-039,24,promotion_driven,32,29.0,False,6
PROMO-039,25,promotion_driven,103,22.49,True,6
PROMO-039,26,promotion_driven,75,22.49,True,6
PROMO-039,27,promotion_driven,20,29.0,False,6
PROMO-039,28,promotion_driven,25,29.0,False,6
PROMO-039,29,promotion_driven,40,29.0,False,6
PROMO-039,30,promotion_driven,35,29.0,False,6
PROMO-039,31,promotion_driven,40,29.0,False,6
PROMO-039,32,promotion_driven,34,29.0,False,6
PROMO-039,33,promotion_driven,26,29.0,False,6
PROMO-039,34,promotion_driven,41,29.0,False,6
PROMO-039,35,promotion_driven,29,29.0,False,6
PROMO-039,36,promotion_driven,38,29.0,False,6
PROMO-039,37,promotion_driven,35,29.0,False,6
PROMO-039,38,promotion_driven,45,29.0,False,6
PROMO-039,39,promotion_driven,90,22.49,True,6
PROMO-039,40,promotion_driven,67,22.49,True,6
PROMO-039,41,promotion_driven,16,29.0,False,6
PROMO-039,42,promotion_driven,32,29.0,False,6
PROMO-039,43,promotion_driven,167,22.49,True,6
PROMO-039,44,promotion_driven,105,22.49,True,6
PROMO-039,45,promotion_driven,120,22.49,True,6
PROMO-039,46,promotion_driven,32,29.0,False,6
PROMO-039,47,promotion_driven,30,29.0,False,6
PROMO-039,48,promotion_driven,35,29.0,False,6
PROMO-039,49,promotion_driven,28,29.0,False,6
PROMO-039,50,promotion_driven,35,29.0,False,6
PROMO-039,51,promotion_driven,27,29.0,False,6
PROMO-039,52,promotion_driven,39,29.0,False,6
PROMO-039,53,promotion_driven,15,29.0,False,6
PROMO-039,54,promotion_driven,108,22.49,True,6
PROMO-039,55,promotion_driven,128,22.49,True,6
PROMO-039,56,promotion_driven,37,29.0,False,6
PROMO-039,57,promotion_driven,34,29.0,False,6
PROMO-039,58,promotion_driven,104,22.49,True,6
PROMO-039,59,promotion_driven,20,29.0,False,6
PROMO-039,60,promotion_driven,23,29.0,False,6
PROMO-039,61,promotion_driven,19,29.0,False,6
PROMO-039,62,promotion_driven,19,29.0,False,6
PROMO-039,63,promotion_driven,35,29.0,False,6
PROMO-039,64,promotion_driven,102,22.49,True,6
PROMO-039,65,promotion_driven,23,29.0,False,6
PROMO-039,66,promotion_driven,31,29.0,False,6
PROMO-039,67,promotion_driven,55,22.49,True,6
PROMO-039,68,promotion_driven,29,29.0,False,6
PROMO-039,69,promotion_driven,21,29.0,False,6
PROMO-039,70,promotion_driven,32,29.0,False,6
PROMO-039,71,promotion_driven,20,29.0,False,6
PROMO-039,72,promotion_driven,33,29.0,False,6
PROMO-039,73,promotion_driven,27,29.0,False,6
PROMO-039,74,promotion_driven,19,29.0,False,6
PROMO-039,75,promotion_driven,36,29.0,False,6
PROMO-039,76,promotion_driven,28,29.0,False,6
PROMO-039,77,promotion_driven,25,29.0,False,6
PROMO-039,78,promotion_driven,30,29.0,False,6
PROMO-039,79,promotion_driven,43,22.49,True,6
PROMO-039,80,promotion_driven,24,29.0,False,6
PROMO-039,81,promotion_driven,23,29.0,False,6
PROMO-039,82,promotion_driven,20,29.0,False,6
PROMO-039,83,promotion_driven,41,29.0,False,6
PROMO-039,84,promotion_driven,28,29.0,False,6
PROMO-039,85,promotion_driven,14,29.0,False,6
PROMO-039,86,promotion_driven,42,29.0,False,6
PROMO-039,87,promotion_driven,33,29.0,False,6
PROMO-039,88,promotion_driven,42,29.0,False,6
PROMO-039,89,promotion_driven,27,29.0,False,6
PROMO-039,90,promotion_driven,125,22.49,True,6
PROMO-039,91,promotion_driven,19,29.0,False,6
PROMO-039,92,promotion_driven,44,29.0,False,6
PROMO-039,93,promotion_driven,27,29.0,False,6
PROMO-039,94,promotion_driven,26,29.0,False,6
PROMO-039,95,promotion_driven,28,29.0,False,6
PROMO-039,96,promotion_driven,42,29.0,False,6
PROMO-039,97,promotion_driven,18,29.0,False,6
PROMO-039,98,promotion_driven,92,22.49,True,6
PROMO-039,99,promotion_driven,36,29.0,False,6
PROMO-039,100,promotion_driven,25,29.0,False,6
PROMO-039,101,promotion_driven,25,29.0,False,6
PROMO-039,102,promotion_driven,31,29.0,False,6
PROMO-039,103,promotion_driven,27,29.0,False,6
PROMO-040,0,promotion_driven,34,27.02,False,5
PROMO-040,1,promotion_driven,34,27.02,False,5
PROMO-040,2,promotion_driven,103,17.61,True,5
PROMO-040,3,promotion_driven,120,17.61,True,5
PROMO-040,4,promotion_driven,129,17.61,True,5
PROMO-040,5,promotion_driven,42,27.02,False,5
PROMO-040,6,promotion_driven,55,27.02,False,5
PROMO-040,7,promotion_driven,24,27.02,False,5
PROMO-040,8,promotion_driven,39,27.02,False,5
PROMO-040,9,promotion_driven,42,27.02,False,5
PROMO-040,10,promotion_driven,28,27.02,False,5
PROMO-040,11,promotion_driven,31,27.02,False,5
PROMO-040,12,promotion_driven,25,27.02,False,5
PROMO-040,13,promotion_driven,33,27.02,False,5
PROMO-040,14,promotion_driven,29,27.02,False,5
PROMO-040,15,promotion_driven,38,27.02,False,5
PROMO-040,16,promotion_driven,29,27.02,False,5
PROMO-040,17,promotion_driven,82,17.61,True,5
PROMO-040,18,promotion_driven,32,27.02,False,5
PROMO-040,19,promotion_driven,22,27.02,False,5
PROMO-040,20,promotion_driven,26,27.02,False,5
PROMO-040,21,promotion_driven,18,27.02,False,5
PROMO-040,22,promotion_driven,19,27.02,False,5
PROMO-040,23,promotion_driven,20,27.02,False,5
PROMO-040,24,promotion_driven,26,27.02,False,5
PROMO-040,25,promotion_driven,57,17.61,True,5
PROMO-040,26,promotion_driven,66,17.61,True,5
PROMO-040,27,promotion_driven,24,27.02,False,5
PROMO-040,28,promotion_driven,103,17.61,True,5
PROMO-040,29,promotion_driven,16,27.02,False,5
PROMO-040,30,promotion_driven,85,17.61,True,5
PROMO-040,31,promotion_driven,69,17.61,True,5
PROMO-040,32,promotion_driven,31,27.02,False,5
PROMO-040,33,promotion_driven,32,27.02,False,5
PROMO-040,34,promotion_driven,115,17.61,True,5
PROMO-040,35,promotion_driven,24,27.02,False,5
PROMO-040,36,promotion_driven,27,27.02,False,5
PROMO-040,37,promotion_driven,89,17.61,True,5
PROMO-040,38,promotion_driven,18,27.02,False,5
PROMO-040,39,promotion_driven,21,27.02,False,5
PROMO-040,40,promotion_driven,38,27.02,False,5
PROMO-040,41,promotion_driven,33,27.02,False,5
PROMO-040,42,promotion_driven,29,27.02,False,5
PROMO-040,43,promotion_driven,89,17.61,True,5
PROMO-040,44,promotion_driven,30,27.02,False,5
PROMO-040,45,promotion_driven,37,27.02,False,5
PROMO-040,46,promotion_driven,142,17.61,True,5
PROMO-040,47,promotion_driven,44,27.02,False,5
PROMO-040,48,promotion_driven,44,27.02,False,5
PROMO-040,49,promotion_driven,29,27.02,False,5
PROMO-040,50,promotion_driven,46,27.02,False,5
PROMO-040,51,promotion_driven,146,17.61,True,5
PROMO-040,52,promotion_driven,35,27.02,False,5
PROMO-040,53,promotion_driven,36,27.02,False,5
PROMO-040,54,promotion_driven,40,27.02,False,5
PROMO-040,55,promotion_driven,46,27.02,False,5
PROMO-040,56,promotion_driven,52,27.02,False,5
PROMO-040,57,promotion_driven,42,27.02,False,5
PROMO-040,58,promotion_driven,40,27.02,False,5
PROMO-040,59,promotion_driven,45,27.02,False,5
PROMO-040,60,promotion_driven,132,17.61,True,5
PROMO-040,61,promotion_driven,41,27.02,False,5
PROMO-040,62,promotion_driven,42,27.02,False,5
PROMO-040,63,promotion_driven,32,27.02,False,5
PROMO-040,64,promotion_driven,117,17.61,True,5
PROMO-040,65,promotion_driven,38,27.02,False,5
PROMO-040,66,promotion_driven,18,27.02,False,5
PROMO-040,67,promotion_driven,36,27.02,False,5
PROMO-040,68,promotion_driven,31,27.02,False,5
PROMO-040,69,promotion_driven,37,27.02,False,5
PROMO-040,70,promotion_driven,31,27.02,False,5
PROMO-040,71,promotion_driven,27,27.02,False,5
PROMO-040,72,promotion_driven,28,27.02,False,5
PROMO-040,73,promotion_driven,26,27.02,False,5
PROMO-040,74,promotion_driven,24,27.02,False,5
PROMO-040,75,promotion_driven,37,27.02,False,5
PROMO-040,76,promotion_driven,19,27.02,False,5
PROMO-040,77,promotion_driven,17,27.02,False,5
PROMO-040,78,promotion_driven,21,27.02,False,5
PROMO-040,79,promotion_driven,13,27.02,False,5
PROMO-040,80,promotion_driven,23,27.02,False,5
PROMO-040,81,promotion_driven,27,27.02,False,5
PROMO-040,82,promotion_driven,27,27.02,False,5
PROMO-040,83,promotion_driven,95,17.61,True,5
PROMO-040,84,promotion_driven,21,27.02,False,5
PROMO-040,85,promotion_driven,21,27.02,False,5
PROMO-040,86,promotion_driven,27,27.02,False,5
PROMO-040,87,promotion_driven,27,27.02,False,5
PROMO-040,88,promotion_driven,26,27.02,False,5
PROMO-040,89,promotion_driven,26,27.02,False,5
PROMO-040,90,promotion_driven,75,17.61,True,5
PROMO-040,91,promotion_driven,26,27.02,False,5
PROMO-040,92,promotion_driven,37,27.02,False,5
PROMO-040,93,promotion_driven,31,27.02,False,5
PROMO-040,94,promotion_driven,30,27.02,False,5
PROMO-040,95,promotion_driven,38,27.02,False,5
PROMO-040,96,promotion_driven,34,27.02,False,5
PROMO-040,97,promotion_driven,40,27.02,False,5
PROMO-040,98,promotion_driven,32,27.02,False,5
PROMO-040,99,promotion_driven,145,17.61,True,5
PROMO-040,100,promotion_driven,42,27.02,False,5
PROMO-040,101,promotion_driven,56,27.02,False,5
PROMO-040,102,promotion_driven,32,27.02,False,5
PROMO-040,103,promotion_driven,27,27.02,False,5
